/nas/rhome/sawale/thesis/experiments/../src/train.py:21: DeprecationWarning: Importing from 'sentence_transformers.models' is deprecated and will be removed in a future version. Please use 'sentence_transformers.sentence_transformer.modules' instead.
  from sentence_transformers import (
/nas/rhome/sawale/thesis/experiments/../src/train.py:27: DeprecationWarning: Importing from 'sentence_transformers.evaluation' is deprecated and will be removed in a future version. Please use 'sentence_transformers.sentence_transformer.evaluation' instead.
  from sentence_transformers.evaluation import (
/nas/rhome/sawale/thesis/experiments/../src/train.py:32: DeprecationWarning: Importing from 'sentence_transformers.losses' is deprecated and will be removed in a future version. Please use 'sentence_transformers.sentence_transformer.losses' instead.
  from sentence_transformers.losses import MultipleNegativesRankingLoss, MatryoshkaLoss
/nas/rhome/sawale/thesis/experiments/../src/train.py:38: DeprecationWarning: Importing from 'sentence_transformers.training_args' is deprecated and will be removed in a future version. Please use 'sentence_transformers.sentence_transformer.training_args' instead.
  from sentence_transformers.training_args import (
wandb: Appending key for api.wandb.ai to your netrc file: /rhome/sawale/.netrc
wandb: Currently logged in as: sajil-awale (sajil-awale-nasa-impact-uah) to https://api.wandb.ai. Use `wandb login --relogin` to force relogin
wandb: setting up run t7u3a2j3
wandb: Tracking run with wandb version 0.23.0
wandb: Run data is saved locally in /nas/rhome/sawale/thesis/experiments/wandb/run-20260510_112531-t7u3a2j3
wandb: Run `wandb offline` to turn off syncing.
wandb: Syncing run drawn-spaceship-57
wandb: ⭐️ View project at https://wandb.ai/sajil-awale-nasa-impact-uah/scale_emb_retrieval
wandb: 🚀 View run at https://wandb.ai/sajil-awale-nasa-impact-uah/scale_emb_retrieval/runs/t7u3a2j3

Loading weights:   0%|          | 0/197 [00:00<?, ?it/s]
Loading weights:   3%|▎         | 6/197 [00:00<00:06, 31.30it/s]
Loading weights:   8%|▊         | 16/197 [00:00<00:04, 44.32it/s]
Loading weights:  12%|█▏        | 23/197 [00:00<00:03, 44.08it/s]
Loading weights:  16%|█▌        | 32/197 [00:00<00:03, 53.44it/s]
Loading weights:  19%|█▉        | 38/197 [00:00<00:03, 46.22it/s]
Loading weights:  22%|██▏       | 43/197 [00:00<00:03, 42.15it/s]
Loading weights:  24%|██▍       | 48/197 [00:01<00:03, 37.94it/s]
Loading weights:  26%|██▋       | 52/197 [00:01<00:04, 36.15it/s]
Loading weights:  29%|██▉       | 57/197 [00:01<00:04, 33.07it/s]
Loading weights:  32%|███▏      | 64/197 [00:01<00:03, 34.94it/s]
Loading weights:  37%|███▋      | 72/197 [00:01<00:03, 39.57it/s]
Loading weights:  40%|███▉      | 78/197 [00:01<00:03, 38.29it/s]
Loading weights:  43%|████▎     | 85/197 [00:02<00:02, 42.16it/s]
Loading weights:  50%|████▉     | 98/197 [00:02<00:01, 60.48it/s]
Loading weights: 100%|██████████| 197/197 [00:02<00:00, 89.01it/s]
[transformers] [1mMPNetModel LOAD REPORT[0m from: microsoft/mpnet-base
Key                       | Status     | 
--------------------------+------------+-
lm_head.bias              | UNEXPECTED | 
lm_head.dense.weight      | UNEXPECTED | 
lm_head.decoder.weight    | UNEXPECTED | 
lm_head.dense.bias        | UNEXPECTED | 
lm_head.decoder.bias      | UNEXPECTED | 
lm_head.layer_norm.weight | UNEXPECTED | 
lm_head.layer_norm.bias   | UNEXPECTED | 
pooler.dense.weight       | MISSING    | 
pooler.dense.bias         | MISSING    | 

Notes:
- UNEXPECTED:	can be ignored when loading from different task/architecture; not ok if you expect identical arch.
- MISSING:	those params were newly initialized because missing from the checkpoint. Consider training on your downstream task.
/nas/rhome/sawale/thesis/experiments/../src/train.py:423: FutureWarning: The `get_word_embedding_dimension` method has been renamed to `get_embedding_dimension`.
  word_embedding_model.get_word_embedding_dimension(),
The `tokenizer_kwargs` argument was renamed and is now deprecated. Please use `processor_kwargs` instead.
The `warmup_ratio` argument is deprecated in Transformers v5+, and will also be removed from Sentence Transformers once support for Transformers v4 is dropped. Since you're using Transformers v5+, please use `warmup_steps` (as a float) to specify the warmup ratio instead.
When using DistributedDataParallel (DDP), it is recommended to set `dataloader_drop_last=True` to avoid hanging issues with an uneven last batch. Setting `dataloader_drop_last=True`.
[RANK 0] Detected kernel version 3.10.0, which is below the recommended minimum of 5.5.0; this can cause the process to hang. It is recommended to upgrade the kernel to the minimum version or higher.

Computing widget examples:   0%|          | 0/4 [00:00<?, ?example/s]
Computing widget examples:  50%|█████     | 2/4 [00:00<00:00,  4.57example/s]
Computing widget examples:  75%|███████▌  | 3/4 [00:01<00:00,  1.83example/s]
Computing widget examples: 100%|██████████| 4/4 [00:01<00:00,  2.54example/s]
                                                                             

  0%|          | 0/8189 [00:00<?, ?it/s]
  0%|          | 1/8189 [00:14<33:20:26, 14.66s/it]
  0%|          | 2/8189 [00:21<22:34:08,  9.92s/it]
  0%|          | 3/8189 [00:25<17:03:06,  7.50s/it]
  0%|          | 4/8189 [00:30<14:53:44,  6.55s/it]
  0%|          | 5/8189 [00:37<14:48:33,  6.51s/it]
  0%|          | 6/8189 [00:44<14:51:11,  6.53s/it]
  0%|          | 7/8189 [00:49<14:00:42,  6.17s/it]
  0%|          | 8/8189 [00:54<13:32:10,  5.96s/it]
  0%|          | 9/8189 [01:00<12:56:08,  5.69s/it]
  0%|          | 10/8189 [01:05<13:00:12,  5.72s/it]
  0%|          | 11/8189 [01:10<12:29:31,  5.50s/it]
  0%|          | 12/8189 [01:16<12:56:32,  5.70s/it]
  0%|          | 13/8189 [01:22<12:32:21,  5.52s/it]
  0%|          | 14/8189 [01:28<13:02:08,  5.74s/it]
  0%|          | 15/8189 [01:34<13:38:08,  6.01s/it]
  0%|          | 16/8189 [01:41<14:10:15,  6.24s/it]
  0%|          | 17/8189 [01:47<14:02:33,  6.19s/it]
  0%|          | 18/8189 [01:53<13:34:40,  5.98s/it]
  0%|          | 19/8189 [01:58<13:08:21,  5.79s/it]
  0%|          | 20/8189 [02:04<13:10:46,  5.81s/it]
  0%|          | 21/8189 [02:10<13:00:38,  5.73s/it]
  0%|          | 22/8189 [02:15<12:44:05,  5.61s/it]
  0%|          | 23/8189 [02:20<12:16:06,  5.41s/it]
  0%|          | 24/8189 [02:25<12:12:05,  5.38s/it]
  0%|          | 25/8189 [02:30<12:04:42,  5.33s/it]
  0%|          | 26/8189 [02:37<12:41:26,  5.60s/it]
  0%|          | 27/8189 [02:43<13:23:22,  5.91s/it]
  0%|          | 28/8189 [02:48<12:34:30,  5.55s/it]
  0%|          | 29/8189 [02:53<12:14:13,  5.40s/it]
  0%|          | 30/8189 [02:59<12:42:33,  5.61s/it]
  0%|          | 31/8189 [03:04<12:32:03,  5.53s/it]
  0%|          | 32/8189 [03:11<13:04:49,  5.77s/it]
  0%|          | 33/8189 [03:17<13:11:36,  5.82s/it]
  0%|          | 34/8189 [03:22<12:56:51,  5.72s/it]
  0%|          | 35/8189 [03:28<12:54:57,  5.70s/it]
  0%|          | 36/8189 [03:33<12:29:48,  5.52s/it]
  0%|          | 37/8189 [03:39<12:39:05,  5.59s/it]
  0%|          | 38/8189 [03:43<12:04:42,  5.33s/it]
  0%|          | 39/8189 [03:49<12:23:49,  5.48s/it]
  0%|          | 40/8189 [03:54<12:03:38,  5.33s/it]
  1%|          | 41/8189 [04:00<12:35:22,  5.56s/it]
  1%|          | 42/8189 [04:06<12:53:57,  5.70s/it]
  1%|          | 43/8189 [04:12<12:45:31,  5.64s/it]
  1%|          | 44/8189 [04:17<12:39:48,  5.60s/it]
  1%|          | 45/8189 [04:21<11:40:53,  5.16s/it]
  1%|          | 46/8189 [04:27<12:11:29,  5.39s/it]
  1%|          | 47/8189 [04:32<11:58:47,  5.30s/it]
  1%|          | 48/8189 [04:38<12:06:54,  5.36s/it]
  1%|          | 49/8189 [04:42<11:24:55,  5.05s/it]
  1%|          | 50/8189 [04:48<12:11:22,  5.39s/it]
  1%|          | 51/8189 [04:54<12:30:12,  5.53s/it]
  1%|          | 52/8189 [05:01<12:58:35,  5.74s/it]
  1%|          | 53/8189 [05:07<13:15:47,  5.87s/it]
  1%|          | 54/8189 [05:12<13:00:51,  5.76s/it]
  1%|          | 55/8189 [05:18<12:45:28,  5.65s/it]
  1%|          | 56/8189 [05:22<11:53:48,  5.27s/it]
  1%|          | 57/8189 [05:28<12:30:22,  5.54s/it]
  1%|          | 58/8189 [05:34<12:30:00,  5.53s/it]
  1%|          | 59/8189 [05:39<12:15:56,  5.43s/it]
  1%|          | 60/8189 [05:44<12:08:44,  5.38s/it]
  1%|          | 61/8189 [05:49<11:59:04,  5.31s/it]
  1%|          | 62/8189 [05:55<12:35:15,  5.58s/it]
  1%|          | 63/8189 [06:02<12:54:21,  5.72s/it]
  1%|          | 64/8189 [06:07<12:53:43,  5.71s/it]
  1%|          | 65/8189 [06:13<12:39:02,  5.61s/it]
  1%|          | 66/8189 [06:18<12:25:07,  5.50s/it]
  1%|          | 67/8189 [06:24<13:00:15,  5.76s/it]
  1%|          | 68/8189 [06:30<12:44:37,  5.65s/it]
  1%|          | 69/8189 [06:36<13:18:06,  5.90s/it]
  1%|          | 70/8189 [06:42<13:24:33,  5.95s/it]
  1%|          | 71/8189 [06:48<13:05:30,  5.81s/it]
  1%|          | 72/8189 [06:54<13:10:03,  5.84s/it]
  1%|          | 73/8189 [07:00<13:26:28,  5.96s/it]
  1%|          | 74/8189 [07:06<13:36:20,  6.04s/it]
  1%|          | 75/8189 [07:12<13:38:34,  6.05s/it]
  1%|          | 76/8189 [07:17<13:10:19,  5.84s/it]
  1%|          | 77/8189 [07:24<13:51:20,  6.15s/it]
  1%|          | 78/8189 [07:30<13:26:06,  5.96s/it]
  1%|          | 79/8189 [07:35<12:54:08,  5.73s/it]
  1%|          | 80/8189 [07:41<12:53:16,  5.72s/it]
  1%|          | 81/8189 [07:45<11:59:56,  5.33s/it]
  1%|          | 82/8189 [07:52<12:42:17,  5.64s/it]
  1%|          | 83/8189 [07:57<12:36:19,  5.60s/it]
  1%|          | 84/8189 [08:03<12:48:25,  5.69s/it]
  1%|          | 85/8189 [08:09<12:46:32,  5.68s/it]
  1%|          | 86/8189 [08:15<13:09:45,  5.85s/it]
  1%|          | 87/8189 [08:20<12:46:43,  5.68s/it]
  1%|          | 88/8189 [08:26<12:59:31,  5.77s/it]
  1%|          | 89/8189 [08:32<13:17:25,  5.91s/it]
  1%|          | 90/8189 [08:38<13:12:33,  5.87s/it]
  1%|          | 91/8189 [08:45<13:58:13,  6.21s/it]
  1%|          | 92/8189 [08:51<13:56:11,  6.20s/it]
  1%|          | 93/8189 [08:57<13:57:27,  6.21s/it]
  1%|          | 94/8189 [09:04<13:59:50,  6.22s/it]
  1%|          | 95/8189 [09:10<14:02:51,  6.25s/it]
  1%|          | 96/8189 [09:16<14:02:23,  6.25s/it]
  1%|          | 97/8189 [09:23<14:18:22,  6.36s/it]
  1%|          | 98/8189 [09:29<13:46:57,  6.13s/it]
  1%|          | 99/8189 [09:34<13:18:01,  5.92s/it]
  1%|          | 100/8189 [09:39<12:56:30,  5.76s/it]
  1%|          | 101/8189 [09:45<12:58:56,  5.78s/it]
  1%|          | 102/8189 [09:51<12:43:13,  5.66s/it]
  1%|▏         | 103/8189 [09:56<12:39:11,  5.63s/it]
  1%|▏         | 104/8189 [10:02<12:48:23,  5.70s/it]
  1%|▏         | 105/8189 [10:07<12:20:04,  5.49s/it]
  1%|▏         | 106/8189 [10:12<12:01:19,  5.35s/it]
  1%|▏         | 107/8189 [10:18<12:17:19,  5.47s/it]
  1%|▏         | 108/8189 [10:23<12:24:39,  5.53s/it]
  1%|▏         | 109/8189 [10:30<12:46:56,  5.70s/it]
  1%|▏         | 110/8189 [10:35<12:36:04,  5.62s/it]
  1%|▏         | 111/8189 [10:41<12:46:51,  5.70s/it]
  1%|▏         | 112/8189 [10:47<13:07:01,  5.85s/it]
  1%|▏         | 113/8189 [10:53<13:11:51,  5.88s/it]
  1%|▏         | 114/8189 [10:59<13:23:54,  5.97s/it]
  1%|▏         | 115/8189 [11:05<13:25:01,  5.98s/it]
  1%|▏         | 116/8189 [11:11<13:09:26,  5.87s/it]
  1%|▏         | 117/8189 [11:16<12:39:17,  5.64s/it]
  1%|▏         | 118/8189 [11:22<13:07:05,  5.85s/it]
  1%|▏         | 119/8189 [11:28<13:08:47,  5.86s/it]
  1%|▏         | 120/8189 [11:33<12:30:35,  5.58s/it]
  1%|▏         | 121/8189 [11:39<12:55:53,  5.77s/it]
  1%|▏         | 122/8189 [11:44<12:17:05,  5.48s/it]
  2%|▏         | 123/8189 [11:50<12:22:10,  5.52s/it]
  2%|▏         | 124/8189 [11:55<12:18:34,  5.49s/it]
  2%|▏         | 125/8189 [12:01<12:40:58,  5.66s/it]
  2%|▏         | 126/8189 [12:08<13:14:24,  5.91s/it]
  2%|▏         | 127/8189 [12:13<12:48:26,  5.72s/it]
  2%|▏         | 128/8189 [12:18<12:20:01,  5.51s/it]
  2%|▏         | 129/8189 [12:23<11:45:23,  5.25s/it]
  2%|▏         | 130/8189 [12:29<12:39:03,  5.65s/it]
  2%|▏         | 131/8189 [12:35<12:35:54,  5.63s/it]
  2%|▏         | 132/8189 [12:41<12:42:28,  5.68s/it]
  2%|▏         | 133/8189 [12:47<12:57:50,  5.79s/it]
  2%|▏         | 134/8189 [12:53<13:10:52,  5.89s/it]
  2%|▏         | 135/8189 [12:58<12:48:18,  5.72s/it]
  2%|▏         | 136/8189 [13:04<12:50:26,  5.74s/it]
  2%|▏         | 137/8189 [13:09<12:18:45,  5.50s/it]
  2%|▏         | 138/8189 [13:15<12:42:54,  5.69s/it]
  2%|▏         | 139/8189 [13:21<12:58:10,  5.80s/it]
  2%|▏         | 140/8189 [13:26<12:36:06,  5.64s/it]
  2%|▏         | 141/8189 [13:32<12:33:35,  5.62s/it]
  2%|▏         | 142/8189 [13:37<12:34:47,  5.63s/it]
  2%|▏         | 143/8189 [13:43<12:42:42,  5.69s/it]
  2%|▏         | 144/8189 [13:49<13:00:07,  5.82s/it]
  2%|▏         | 145/8189 [13:55<12:53:40,  5.77s/it]
  2%|▏         | 146/8189 [14:01<13:14:38,  5.93s/it]
  2%|▏         | 147/8189 [14:07<13:18:57,  5.96s/it]
  2%|▏         | 148/8189 [14:13<13:11:21,  5.90s/it]
  2%|▏         | 149/8189 [14:19<13:04:43,  5.86s/it]
  2%|▏         | 150/8189 [14:23<11:54:26,  5.33s/it]
  2%|▏         | 151/8189 [14:28<11:31:04,  5.16s/it]
  2%|▏         | 152/8189 [14:34<11:57:09,  5.35s/it]
  2%|▏         | 153/8189 [14:40<12:31:07,  5.61s/it]
  2%|▏         | 154/8189 [14:46<12:40:08,  5.68s/it]
  2%|▏         | 155/8189 [14:52<12:52:07,  5.77s/it]
  2%|▏         | 156/8189 [14:58<13:07:03,  5.88s/it]
  2%|▏         | 157/8189 [15:04<13:08:24,  5.89s/it]
  2%|▏         | 158/8189 [15:09<12:57:34,  5.81s/it]
  2%|▏         | 159/8189 [15:16<13:29:23,  6.05s/it]
  2%|▏         | 160/8189 [15:21<12:58:18,  5.82s/it]
  2%|▏         | 161/8189 [15:27<12:47:57,  5.74s/it]
  2%|▏         | 162/8189 [15:33<12:52:47,  5.78s/it]
  2%|▏         | 163/8189 [15:39<13:03:10,  5.85s/it]
  2%|▏         | 164/8189 [15:45<13:07:47,  5.89s/it]
  2%|▏         | 165/8189 [15:51<13:18:31,  5.97s/it]
  2%|▏         | 166/8189 [15:57<13:12:53,  5.93s/it]
  2%|▏         | 167/8189 [16:02<12:39:17,  5.68s/it]
  2%|▏         | 168/8189 [16:08<13:05:38,  5.88s/it]
  2%|▏         | 169/8189 [16:14<13:09:57,  5.91s/it]
  2%|▏         | 170/8189 [16:20<13:19:45,  5.98s/it]
  2%|▏         | 171/8189 [16:27<13:39:37,  6.13s/it]
  2%|▏         | 172/8189 [16:32<13:15:27,  5.95s/it]
  2%|▏         | 173/8189 [16:38<13:21:40,  6.00s/it]
  2%|▏         | 174/8189 [16:44<12:52:48,  5.79s/it]
  2%|▏         | 175/8189 [16:49<12:27:43,  5.60s/it]
  2%|▏         | 176/8189 [16:54<12:31:42,  5.63s/it]
  2%|▏         | 177/8189 [17:00<12:13:19,  5.49s/it]
  2%|▏         | 178/8189 [17:05<12:27:39,  5.60s/it]
  2%|▏         | 179/8189 [17:09<11:21:33,  5.11s/it]
  2%|▏         | 180/8189 [17:15<11:31:36,  5.18s/it]
  2%|▏         | 181/8189 [17:20<11:21:05,  5.10s/it]
  2%|▏         | 182/8189 [17:24<11:08:50,  5.01s/it]
  2%|▏         | 183/8189 [17:30<11:46:23,  5.29s/it]
  2%|▏         | 184/8189 [17:36<11:53:16,  5.35s/it]
  2%|▏         | 185/8189 [17:42<12:09:13,  5.47s/it]
  2%|▏         | 186/8189 [17:47<12:02:37,  5.42s/it]
  2%|▏         | 187/8189 [17:52<11:39:39,  5.25s/it]
  2%|▏         | 188/8189 [17:57<11:47:33,  5.31s/it]
  2%|▏         | 189/8189 [18:02<11:33:10,  5.20s/it]
  2%|▏         | 190/8189 [18:08<11:38:59,  5.24s/it]
  2%|▏         | 191/8189 [18:13<11:49:20,  5.32s/it]
  2%|▏         | 192/8189 [18:19<12:20:39,  5.56s/it]
  2%|▏         | 193/8189 [18:26<12:56:22,  5.83s/it]
  2%|▏         | 194/8189 [18:31<12:46:57,  5.76s/it]
  2%|▏         | 195/8189 [18:37<12:46:43,  5.75s/it]
  2%|▏         | 196/8189 [18:42<12:31:08,  5.64s/it]
  2%|▏         | 197/8189 [18:49<13:01:55,  5.87s/it]
  2%|▏         | 198/8189 [18:54<12:43:13,  5.73s/it]
  2%|▏         | 199/8189 [19:00<13:05:23,  5.90s/it]
  2%|▏         | 200/8189 [19:06<13:07:17,  5.91s/it]
  2%|▏         | 201/8189 [19:12<13:09:38,  5.93s/it]
  2%|▏         | 202/8189 [19:18<12:42:50,  5.73s/it]
  2%|▏         | 203/8189 [19:22<11:37:45,  5.24s/it]
  2%|▏         | 204/8189 [19:28<12:01:29,  5.42s/it]
  3%|▎         | 205/8189 [19:32<11:36:42,  5.24s/it]
  3%|▎         | 206/8189 [19:38<12:12:30,  5.51s/it]
  3%|▎         | 207/8189 [19:44<12:27:30,  5.62s/it]
  3%|▎         | 208/8189 [19:49<12:02:30,  5.43s/it]
  3%|▎         | 209/8189 [19:55<12:03:24,  5.44s/it]
  3%|▎         | 210/8189 [20:01<12:36:17,  5.69s/it]
  3%|▎         | 211/8189 [20:07<13:03:01,  5.89s/it]
  3%|▎         | 212/8189 [20:14<13:10:39,  5.95s/it]
  3%|▎         | 213/8189 [20:19<13:10:49,  5.95s/it]
  3%|▎         | 214/8189 [20:25<13:07:12,  5.92s/it]
  3%|▎         | 215/8189 [20:31<13:02:19,  5.89s/it]
  3%|▎         | 216/8189 [20:35<11:37:10,  5.25s/it]
  3%|▎         | 217/8189 [20:41<12:06:43,  5.47s/it]
  3%|▎         | 218/8189 [20:46<12:11:11,  5.50s/it]
  3%|▎         | 219/8189 [20:53<12:37:03,  5.70s/it]
  3%|▎         | 220/8189 [20:56<11:03:36,  5.00s/it]
  3%|▎         | 221/8189 [21:01<11:02:06,  4.99s/it]
  3%|▎         | 222/8189 [21:06<11:04:36,  5.01s/it]
  3%|▎         | 223/8189 [21:12<11:32:25,  5.22s/it]
  3%|▎         | 224/8189 [21:18<12:23:03,  5.60s/it]
  3%|▎         | 225/8189 [21:25<13:03:21,  5.90s/it]
  3%|▎         | 226/8189 [21:31<12:57:20,  5.86s/it]
  3%|▎         | 227/8189 [21:37<13:40:27,  6.18s/it]
  3%|▎         | 228/8189 [21:45<14:18:12,  6.47s/it]
  3%|▎         | 229/8189 [21:51<14:03:11,  6.36s/it]
  3%|▎         | 230/8189 [21:56<13:26:36,  6.08s/it]
  3%|▎         | 231/8189 [22:02<13:26:33,  6.08s/it]
  3%|▎         | 232/8189 [22:08<13:27:38,  6.09s/it]
  3%|▎         | 233/8189 [22:14<13:26:22,  6.08s/it]
  3%|▎         | 234/8189 [22:20<12:56:49,  5.86s/it]
  3%|▎         | 235/8189 [22:26<12:58:30,  5.87s/it]
  3%|▎         | 236/8189 [22:32<13:04:52,  5.92s/it]
  3%|▎         | 237/8189 [22:37<12:41:42,  5.75s/it]
  3%|▎         | 238/8189 [22:43<12:30:52,  5.67s/it]
  3%|▎         | 239/8189 [22:48<12:16:02,  5.56s/it]
  3%|▎         | 240/8189 [22:54<12:40:30,  5.74s/it]
  3%|▎         | 241/8189 [23:00<12:44:26,  5.77s/it]
  3%|▎         | 242/8189 [23:05<12:25:43,  5.63s/it]
  3%|▎         | 243/8189 [23:11<12:22:33,  5.61s/it]
  3%|▎         | 244/8189 [23:15<11:47:46,  5.35s/it]
  3%|▎         | 245/8189 [23:20<11:30:52,  5.22s/it]
  3%|▎         | 246/8189 [23:25<11:21:14,  5.15s/it]
  3%|▎         | 247/8189 [23:30<11:12:56,  5.08s/it]
  3%|▎         | 248/8189 [23:35<10:53:44,  4.94s/it]
  3%|▎         | 249/8189 [23:41<11:36:20,  5.26s/it]
  3%|▎         | 250/8189 [23:47<12:26:33,  5.64s/it]
  3%|▎         | 251/8189 [23:54<12:50:25,  5.82s/it]
  3%|▎         | 252/8189 [23:59<12:28:52,  5.66s/it]
  3%|▎         | 253/8189 [24:04<12:15:08,  5.56s/it]
  3%|▎         | 254/8189 [24:11<12:48:19,  5.81s/it]
  3%|▎         | 255/8189 [24:16<12:40:49,  5.75s/it]
  3%|▎         | 256/8189 [24:22<12:48:40,  5.81s/it]
  3%|▎         | 257/8189 [24:28<12:51:49,  5.84s/it]
  3%|▎         | 258/8189 [24:33<12:16:35,  5.57s/it]
  3%|▎         | 259/8189 [24:39<12:25:57,  5.64s/it]
  3%|▎         | 260/8189 [24:44<12:15:21,  5.56s/it]
  3%|▎         | 261/8189 [24:51<12:42:48,  5.77s/it]
  3%|▎         | 262/8189 [24:57<13:07:21,  5.96s/it]
  3%|▎         | 263/8189 [25:02<12:50:30,  5.83s/it]
  3%|▎         | 264/8189 [25:08<12:52:52,  5.85s/it]
  3%|▎         | 265/8189 [25:15<13:09:44,  5.98s/it]
  3%|▎         | 266/8189 [25:20<12:50:40,  5.84s/it]
  3%|▎         | 267/8189 [25:26<12:45:10,  5.80s/it]
  3%|▎         | 268/8189 [25:32<12:49:45,  5.83s/it]
  3%|▎         | 269/8189 [25:35<11:21:57,  5.17s/it]
  3%|▎         | 270/8189 [25:40<11:20:14,  5.15s/it]
  3%|▎         | 271/8189 [25:45<11:13:03,  5.10s/it]
  3%|▎         | 272/8189 [25:51<11:36:03,  5.28s/it]
  3%|▎         | 273/8189 [25:56<11:21:05,  5.16s/it]
  3%|▎         | 274/8189 [26:02<11:55:15,  5.42s/it]
  3%|▎         | 275/8189 [26:08<12:28:33,  5.68s/it]
  3%|▎         | 276/8189 [26:15<12:49:50,  5.84s/it]
  3%|▎         | 277/8189 [26:20<12:44:28,  5.80s/it]
  3%|▎         | 278/8189 [26:26<12:48:52,  5.83s/it]
  3%|▎         | 279/8189 [26:31<12:24:40,  5.65s/it]
  3%|▎         | 280/8189 [26:37<12:41:18,  5.78s/it]
  3%|▎         | 281/8189 [26:43<12:27:14,  5.67s/it]
  3%|▎         | 282/8189 [26:48<12:12:54,  5.56s/it]
  3%|▎         | 283/8189 [26:53<11:53:41,  5.42s/it]
  3%|▎         | 284/8189 [26:59<12:03:10,  5.49s/it]
  3%|▎         | 285/8189 [27:05<12:21:51,  5.63s/it]
  3%|▎         | 286/8189 [27:11<12:32:13,  5.71s/it]
  4%|▎         | 287/8189 [27:17<12:47:07,  5.82s/it]
  4%|▎         | 288/8189 [27:22<12:32:01,  5.71s/it]
  4%|▎         | 289/8189 [27:29<13:24:17,  6.11s/it]
  4%|▎         | 290/8189 [27:36<13:52:28,  6.32s/it]
  4%|▎         | 291/8189 [27:42<13:42:07,  6.25s/it]
  4%|▎         | 292/8189 [27:48<13:30:37,  6.16s/it]
  4%|▎         | 293/8189 [27:55<13:41:16,  6.24s/it]
  4%|▎         | 294/8189 [28:00<13:19:36,  6.08s/it]
  4%|▎         | 295/8189 [28:06<13:00:26,  5.93s/it]
  4%|▎         | 296/8189 [28:12<12:59:24,  5.92s/it]
  4%|▎         | 297/8189 [28:18<13:16:26,  6.06s/it]
  4%|▎         | 298/8189 [28:25<13:30:53,  6.17s/it]
  4%|▎         | 299/8189 [28:30<13:17:42,  6.07s/it]
  4%|▎         | 300/8189 [28:37<13:38:16,  6.22s/it]
  4%|▎         | 301/8189 [28:43<13:30:33,  6.17s/it]
  4%|▎         | 302/8189 [28:49<13:34:28,  6.20s/it]
  4%|▎         | 303/8189 [28:55<13:17:32,  6.07s/it]
  4%|▎         | 304/8189 [29:00<12:50:00,  5.86s/it]
  4%|▎         | 305/8189 [29:06<12:44:05,  5.82s/it]
  4%|▎         | 306/8189 [29:12<12:47:20,  5.84s/it]
  4%|▎         | 307/8189 [29:17<12:20:14,  5.63s/it]
  4%|▍         | 308/8189 [29:22<11:55:10,  5.44s/it]
  4%|▍         | 309/8189 [29:29<12:31:32,  5.72s/it]
  4%|▍         | 310/8189 [29:35<12:38:56,  5.78s/it]
  4%|▍         | 311/8189 [29:41<13:10:52,  6.02s/it]
  4%|▍         | 312/8189 [29:47<13:17:25,  6.07s/it]
  4%|▍         | 313/8189 [29:52<12:36:47,  5.77s/it]
  4%|▍         | 314/8189 [29:58<12:17:13,  5.62s/it]
  4%|▍         | 315/8189 [30:04<12:37:32,  5.77s/it]
  4%|▍         | 316/8189 [30:10<12:53:11,  5.89s/it]
  4%|▍         | 317/8189 [30:15<12:11:07,  5.57s/it]
  4%|▍         | 318/8189 [30:19<11:21:10,  5.19s/it]
  4%|▍         | 319/8189 [30:23<10:35:04,  4.84s/it]
  4%|▍         | 320/8189 [30:29<11:11:26,  5.12s/it]
  4%|▍         | 321/8189 [30:35<11:34:18,  5.29s/it]
  4%|▍         | 322/8189 [30:40<11:57:30,  5.47s/it]
  4%|▍         | 323/8189 [30:46<12:07:39,  5.55s/it]
  4%|▍         | 324/8189 [30:52<12:14:14,  5.60s/it]
  4%|▍         | 325/8189 [30:57<12:05:55,  5.54s/it]
  4%|▍         | 326/8189 [31:03<11:57:10,  5.47s/it]
  4%|▍         | 327/8189 [31:09<12:41:10,  5.81s/it]
  4%|▍         | 328/8189 [31:15<12:26:47,  5.70s/it]
  4%|▍         | 329/8189 [31:20<12:05:11,  5.54s/it]
  4%|▍         | 330/8189 [31:25<11:38:13,  5.33s/it]
  4%|▍         | 331/8189 [31:30<11:47:01,  5.40s/it]
  4%|▍         | 332/8189 [31:36<12:11:50,  5.59s/it]
  4%|▍         | 333/8189 [31:42<12:22:29,  5.67s/it]
  4%|▍         | 334/8189 [31:47<11:39:49,  5.35s/it]
  4%|▍         | 335/8189 [31:50<10:33:27,  4.84s/it]
  4%|▍         | 336/8189 [31:56<10:46:27,  4.94s/it]
  4%|▍         | 337/8189 [32:00<10:46:54,  4.94s/it]
  4%|▍         | 338/8189 [32:06<11:01:13,  5.05s/it]
  4%|▍         | 339/8189 [32:12<11:48:29,  5.42s/it]
  4%|▍         | 340/8189 [32:18<12:03:41,  5.53s/it]
  4%|▍         | 341/8189 [32:24<12:12:58,  5.60s/it]
  4%|▍         | 342/8189 [32:29<11:54:45,  5.47s/it]
  4%|▍         | 343/8189 [32:35<12:19:00,  5.65s/it]
  4%|▍         | 344/8189 [32:40<11:43:53,  5.38s/it]
  4%|▍         | 345/8189 [32:46<12:21:10,  5.67s/it]
  4%|▍         | 346/8189 [32:52<12:25:13,  5.70s/it]
  4%|▍         | 347/8189 [32:58<12:34:50,  5.78s/it]
  4%|▍         | 348/8189 [33:03<12:22:35,  5.68s/it]
  4%|▍         | 349/8189 [33:08<11:47:22,  5.41s/it]
  4%|▍         | 350/8189 [33:13<11:36:57,  5.33s/it]
  4%|▍         | 351/8189 [33:19<11:57:04,  5.49s/it]
  4%|▍         | 352/8189 [33:24<11:57:04,  5.49s/it]
  4%|▍         | 353/8189 [33:30<12:12:04,  5.61s/it]
  4%|▍         | 354/8189 [33:36<11:59:40,  5.51s/it]
  4%|▍         | 355/8189 [33:42<12:24:30,  5.70s/it]
  4%|▍         | 356/8189 [33:47<12:27:17,  5.72s/it]
  4%|▍         | 357/8189 [33:53<12:23:36,  5.70s/it]
  4%|▍         | 358/8189 [33:59<12:36:05,  5.79s/it]
  4%|▍         | 359/8189 [34:05<12:33:45,  5.78s/it]
  4%|▍         | 360/8189 [34:10<12:07:03,  5.57s/it]
  4%|▍         | 361/8189 [34:16<12:37:16,  5.80s/it]
  4%|▍         | 362/8189 [34:22<12:18:09,  5.66s/it]
  4%|▍         | 363/8189 [34:26<11:40:51,  5.37s/it]
  4%|▍         | 364/8189 [34:31<11:20:37,  5.22s/it]
  4%|▍         | 365/8189 [34:36<11:13:37,  5.17s/it]
  4%|▍         | 366/8189 [34:42<11:24:55,  5.25s/it]
  4%|▍         | 367/8189 [34:47<11:20:52,  5.22s/it]
  4%|▍         | 368/8189 [34:52<11:09:35,  5.14s/it]
  5%|▍         | 369/8189 [34:58<11:35:33,  5.34s/it]
  5%|▍         | 370/8189 [35:03<11:41:59,  5.39s/it]
  5%|▍         | 371/8189 [35:08<11:24:07,  5.25s/it]
  5%|▍         | 372/8189 [35:14<11:40:51,  5.38s/it]
  5%|▍         | 373/8189 [35:18<11:11:52,  5.16s/it]
  5%|▍         | 374/8189 [35:24<11:16:39,  5.20s/it]
  5%|▍         | 375/8189 [35:29<11:40:52,  5.38s/it]
  5%|▍         | 376/8189 [35:35<11:31:12,  5.31s/it]
  5%|▍         | 377/8189 [35:40<11:45:19,  5.42s/it]
  5%|▍         | 378/8189 [35:46<11:52:39,  5.47s/it]
  5%|▍         | 379/8189 [35:51<11:30:06,  5.30s/it]
  5%|▍         | 380/8189 [35:56<11:34:22,  5.34s/it]
  5%|▍         | 381/8189 [36:01<11:29:17,  5.30s/it]
  5%|▍         | 382/8189 [36:08<12:01:53,  5.55s/it]
  5%|▍         | 383/8189 [36:13<12:07:19,  5.59s/it]
  5%|▍         | 384/8189 [36:18<11:49:01,  5.45s/it]
  5%|▍         | 385/8189 [36:25<12:32:10,  5.78s/it]
  5%|▍         | 386/8189 [36:32<13:15:38,  6.12s/it]
  5%|▍         | 387/8189 [36:37<12:20:50,  5.70s/it]
  5%|▍         | 388/8189 [36:43<12:38:55,  5.84s/it]
  5%|▍         | 389/8189 [36:48<12:09:59,  5.62s/it]
  5%|▍         | 390/8189 [36:54<12:15:57,  5.66s/it]
  5%|▍         | 391/8189 [36:59<12:17:55,  5.68s/it]
  5%|▍         | 392/8189 [37:04<11:58:04,  5.53s/it]
  5%|▍         | 393/8189 [37:10<11:50:34,  5.47s/it]
  5%|▍         | 394/8189 [37:15<11:38:19,  5.38s/it]
  5%|▍         | 395/8189 [37:21<12:22:45,  5.72s/it]
  5%|▍         | 396/8189 [37:28<13:01:33,  6.02s/it]
  5%|▍         | 397/8189 [37:35<13:32:13,  6.25s/it]
  5%|▍         | 398/8189 [37:40<12:47:33,  5.91s/it]
  5%|▍         | 399/8189 [37:46<12:48:45,  5.92s/it]
  5%|▍         | 400/8189 [37:52<12:56:42,  5.98s/it]
  5%|▍         | 401/8189 [37:58<12:40:47,  5.86s/it]
  5%|▍         | 402/8189 [38:04<12:57:43,  5.99s/it]
  5%|▍         | 403/8189 [38:10<12:48:48,  5.92s/it]
  5%|▍         | 404/8189 [38:15<12:30:05,  5.78s/it]
  5%|▍         | 405/8189 [38:21<12:36:44,  5.83s/it]
  5%|▍         | 406/8189 [38:26<12:04:26,  5.58s/it]
  5%|▍         | 407/8189 [38:32<11:54:30,  5.51s/it]
  5%|▍         | 408/8189 [38:38<12:32:11,  5.80s/it]
  5%|▍         | 409/8189 [38:43<12:12:47,  5.65s/it]
  5%|▌         | 410/8189 [38:49<12:07:17,  5.61s/it]
  5%|▌         | 411/8189 [38:54<11:45:15,  5.44s/it]
  5%|▌         | 412/8189 [38:59<11:35:55,  5.37s/it]
  5%|▌         | 413/8189 [39:04<11:21:31,  5.26s/it]
  5%|▌         | 414/8189 [39:10<11:28:26,  5.31s/it]
  5%|▌         | 415/8189 [39:15<11:48:26,  5.47s/it]
  5%|▌         | 416/8189 [39:21<11:44:23,  5.44s/it]
  5%|▌         | 417/8189 [39:27<12:03:40,  5.59s/it]
  5%|▌         | 418/8189 [39:32<11:58:15,  5.55s/it]
  5%|▌         | 419/8189 [39:37<11:48:17,  5.47s/it]
  5%|▌         | 420/8189 [39:41<10:47:23,  5.00s/it]
  5%|▌         | 421/8189 [39:47<11:09:13,  5.17s/it]
  5%|▌         | 422/8189 [39:53<11:50:44,  5.49s/it]
  5%|▌         | 423/8189 [39:58<11:36:41,  5.38s/it]
  5%|▌         | 424/8189 [40:04<11:55:06,  5.53s/it]
  5%|▌         | 425/8189 [40:10<12:06:43,  5.62s/it]
  5%|▌         | 426/8189 [40:17<12:44:34,  5.91s/it]
  5%|▌         | 427/8189 [40:22<12:38:50,  5.87s/it]
  5%|▌         | 428/8189 [40:28<12:26:44,  5.77s/it]
  5%|▌         | 429/8189 [40:33<11:59:58,  5.57s/it]
  5%|▌         | 430/8189 [40:39<12:06:30,  5.62s/it]
  5%|▌         | 431/8189 [40:45<12:25:49,  5.77s/it]
  5%|▌         | 432/8189 [40:51<12:35:58,  5.85s/it]
  5%|▌         | 433/8189 [40:56<12:28:35,  5.79s/it]
  5%|▌         | 434/8189 [41:02<12:23:34,  5.75s/it]
  5%|▌         | 435/8189 [41:09<12:51:31,  5.97s/it]
  5%|▌         | 436/8189 [41:14<12:35:55,  5.85s/it]
  5%|▌         | 437/8189 [41:20<12:19:29,  5.72s/it]
  5%|▌         | 438/8189 [41:25<12:23:09,  5.75s/it]
  5%|▌         | 439/8189 [41:31<12:27:48,  5.79s/it]
  5%|▌         | 440/8189 [41:37<12:14:15,  5.69s/it]
  5%|▌         | 441/8189 [41:42<11:49:33,  5.49s/it]
  5%|▌         | 442/8189 [41:48<12:15:03,  5.69s/it]
  5%|▌         | 443/8189 [41:53<11:52:19,  5.52s/it]
  5%|▌         | 444/8189 [41:58<11:44:57,  5.46s/it]
  5%|▌         | 445/8189 [42:05<12:43:22,  5.91s/it]
  5%|▌         | 446/8189 [42:11<12:26:18,  5.78s/it]
  5%|▌         | 447/8189 [42:17<12:25:13,  5.78s/it]
  5%|▌         | 448/8189 [42:22<12:22:05,  5.75s/it]
  5%|▌         | 449/8189 [42:27<11:56:18,  5.55s/it]
  5%|▌         | 450/8189 [42:33<11:45:21,  5.47s/it]
  6%|▌         | 451/8189 [42:39<12:33:24,  5.84s/it]
  6%|▌         | 452/8189 [42:44<11:52:38,  5.53s/it]
  6%|▌         | 453/8189 [42:49<11:29:29,  5.35s/it]
  6%|▌         | 454/8189 [42:54<11:30:49,  5.36s/it]
  6%|▌         | 455/8189 [43:00<11:49:49,  5.51s/it]
  6%|▌         | 456/8189 [43:06<11:51:19,  5.52s/it]
  6%|▌         | 457/8189 [43:12<12:06:20,  5.64s/it]
  6%|▌         | 458/8189 [43:16<11:07:27,  5.18s/it]
  6%|▌         | 459/8189 [43:22<11:28:37,  5.35s/it]
  6%|▌         | 460/8189 [43:27<11:42:44,  5.46s/it]
  6%|▌         | 461/8189 [43:33<11:39:24,  5.43s/it]
  6%|▌         | 462/8189 [43:39<12:00:25,  5.59s/it]
  6%|▌         | 463/8189 [43:44<11:59:24,  5.59s/it]
  6%|▌         | 464/8189 [43:49<11:37:33,  5.42s/it]
  6%|▌         | 465/8189 [43:56<12:11:35,  5.68s/it]
  6%|▌         | 466/8189 [44:01<12:18:13,  5.74s/it]
  6%|▌         | 467/8189 [44:07<12:23:39,  5.78s/it]
  6%|▌         | 468/8189 [44:13<12:20:29,  5.75s/it]
  6%|▌         | 469/8189 [44:19<12:43:18,  5.93s/it]
  6%|▌         | 470/8189 [44:25<12:37:02,  5.88s/it]
  6%|▌         | 471/8189 [44:30<12:15:34,  5.72s/it]
  6%|▌         | 472/8189 [44:36<12:22:19,  5.77s/it]
  6%|▌         | 473/8189 [44:42<12:01:20,  5.61s/it]
  6%|▌         | 474/8189 [44:47<11:46:46,  5.50s/it]
  6%|▌         | 475/8189 [44:51<11:11:26,  5.22s/it]
  6%|▌         | 476/8189 [44:57<11:14:39,  5.25s/it]
  6%|▌         | 477/8189 [45:02<11:31:55,  5.38s/it]
  6%|▌         | 478/8189 [45:09<12:05:18,  5.64s/it]
  6%|▌         | 479/8189 [45:14<11:57:54,  5.59s/it]
  6%|▌         | 480/8189 [45:19<11:48:23,  5.51s/it]
  6%|▌         | 481/8189 [45:25<11:42:23,  5.47s/it]
  6%|▌         | 482/8189 [45:31<12:05:37,  5.65s/it]
  6%|▌         | 483/8189 [45:35<11:22:13,  5.31s/it]
  6%|▌         | 484/8189 [45:41<11:29:07,  5.37s/it]
  6%|▌         | 485/8189 [45:46<11:34:56,  5.41s/it]
  6%|▌         | 486/8189 [45:53<12:13:55,  5.72s/it]
  6%|▌         | 487/8189 [45:59<12:28:14,  5.83s/it]
  6%|▌         | 488/8189 [46:05<12:46:30,  5.97s/it]
  6%|▌         | 489/8189 [46:11<12:39:41,  5.92s/it]
  6%|▌         | 490/8189 [46:17<12:34:18,  5.88s/it]
  6%|▌         | 491/8189 [46:23<12:30:08,  5.85s/it]
  6%|▌         | 492/8189 [46:28<12:10:24,  5.69s/it]
  6%|▌         | 493/8189 [46:33<11:59:18,  5.61s/it]
  6%|▌         | 494/8189 [46:39<11:52:33,  5.56s/it]
  6%|▌         | 495/8189 [46:45<12:11:25,  5.70s/it]
  6%|▌         | 496/8189 [46:50<11:54:07,  5.57s/it]
  6%|▌         | 497/8189 [46:56<12:07:28,  5.67s/it]
  6%|▌         | 498/8189 [47:02<12:26:22,  5.82s/it]
  6%|▌         | 499/8189 [47:09<13:02:58,  6.11s/it]
  6%|▌         | 500/8189 [47:13<11:46:15,  5.51s/it]
  6%|▌         | 501/8189 [47:18<11:26:18,  5.36s/it]
  6%|▌         | 502/8189 [47:23<11:13:15,  5.26s/it]
  6%|▌         | 503/8189 [47:29<11:28:11,  5.37s/it]
  6%|▌         | 504/8189 [47:34<11:33:17,  5.41s/it]
  6%|▌         | 505/8189 [47:40<11:43:23,  5.49s/it]
  6%|▌         | 506/8189 [47:46<11:59:49,  5.62s/it]
  6%|▌         | 507/8189 [47:52<12:13:23,  5.73s/it]
  6%|▌         | 508/8189 [47:57<11:50:01,  5.55s/it]
  6%|▌         | 509/8189 [48:03<11:52:20,  5.57s/it]
  6%|▌         | 510/8189 [48:09<12:08:04,  5.69s/it]
  6%|▌         | 511/8189 [48:14<11:55:14,  5.59s/it]
  6%|▋         | 512/8189 [48:20<12:21:55,  5.80s/it]
  6%|▋         | 513/8189 [48:26<12:38:29,  5.93s/it]
  6%|▋         | 514/8189 [48:32<12:09:40,  5.70s/it]
  6%|▋         | 515/8189 [48:37<12:10:23,  5.71s/it]
  6%|▋         | 516/8189 [48:43<12:18:38,  5.78s/it]
  6%|▋         | 517/8189 [48:49<12:25:11,  5.83s/it]
  6%|▋         | 518/8189 [48:55<12:13:06,  5.73s/it]
  6%|▋         | 519/8189 [49:00<12:13:19,  5.74s/it]
  6%|▋         | 520/8189 [49:05<11:39:45,  5.47s/it]
  6%|▋         | 521/8189 [49:11<11:30:05,  5.40s/it]
  6%|▋         | 522/8189 [49:17<12:01:56,  5.65s/it]
  6%|▋         | 523/8189 [49:22<12:03:39,  5.66s/it]
  6%|▋         | 524/8189 [49:28<12:02:54,  5.66s/it]
  6%|▋         | 525/8189 [49:34<12:00:11,  5.64s/it]
  6%|▋         | 526/8189 [49:40<12:29:09,  5.87s/it]
  6%|▋         | 527/8189 [49:45<12:08:09,  5.70s/it]
  6%|▋         | 528/8189 [49:50<11:32:17,  5.42s/it]
  6%|▋         | 529/8189 [49:57<12:07:45,  5.70s/it]
  6%|▋         | 530/8189 [50:02<12:09:59,  5.72s/it]
  6%|▋         | 531/8189 [50:08<12:27:16,  5.85s/it]
  6%|▋         | 532/8189 [50:14<12:27:50,  5.86s/it]
  7%|▋         | 533/8189 [50:21<13:13:28,  6.22s/it]
  7%|▋         | 534/8189 [50:28<13:15:18,  6.23s/it]
  7%|▋         | 535/8189 [50:34<13:10:22,  6.20s/it]
  7%|▋         | 536/8189 [50:40<13:12:49,  6.22s/it]
  7%|▋         | 537/8189 [50:45<12:28:40,  5.87s/it]
  7%|▋         | 538/8189 [50:50<12:06:40,  5.70s/it]
  7%|▋         | 539/8189 [50:56<12:05:13,  5.69s/it]
  7%|▋         | 540/8189 [51:02<12:04:37,  5.68s/it]
  7%|▋         | 541/8189 [51:08<12:19:53,  5.80s/it]
  7%|▋         | 542/8189 [51:14<12:17:34,  5.79s/it]
  7%|▋         | 543/8189 [51:19<12:02:01,  5.67s/it]
  7%|▋         | 544/8189 [51:25<12:08:51,  5.72s/it]
  7%|▋         | 545/8189 [51:29<11:11:44,  5.27s/it]
  7%|▋         | 546/8189 [51:35<11:39:56,  5.49s/it]
  7%|▋         | 547/8189 [51:41<12:16:04,  5.78s/it]
  7%|▋         | 548/8189 [51:47<12:22:48,  5.83s/it]
  7%|▋         | 549/8189 [51:53<12:26:58,  5.87s/it]
  7%|▋         | 550/8189 [52:00<12:54:08,  6.08s/it]
  7%|▋         | 551/8189 [52:06<13:00:40,  6.13s/it]
  7%|▋         | 552/8189 [52:11<12:13:52,  5.77s/it]
  7%|▋         | 553/8189 [52:17<12:12:31,  5.76s/it]
  7%|▋         | 554/8189 [52:23<12:16:37,  5.79s/it]
  7%|▋         | 555/8189 [52:29<12:25:45,  5.86s/it]
  7%|▋         | 556/8189 [52:34<12:04:00,  5.69s/it]
  7%|▋         | 557/8189 [52:40<12:25:10,  5.86s/it]
  7%|▋         | 558/8189 [52:46<12:07:15,  5.72s/it]
  7%|▋         | 559/8189 [52:52<12:27:53,  5.88s/it]
  7%|▋         | 560/8189 [52:58<12:21:22,  5.83s/it]
  7%|▋         | 561/8189 [53:03<11:55:00,  5.62s/it]
  7%|▋         | 562/8189 [53:08<11:40:29,  5.51s/it]
  7%|▋         | 563/8189 [53:13<11:19:09,  5.34s/it]
  7%|▋         | 564/8189 [53:19<11:31:15,  5.44s/it]
  7%|▋         | 565/8189 [53:24<11:33:40,  5.46s/it]
  7%|▋         | 566/8189 [53:29<11:11:33,  5.29s/it]
  7%|▋         | 567/8189 [53:35<11:38:09,  5.50s/it]
  7%|▋         | 568/8189 [53:41<12:03:53,  5.70s/it]
  7%|▋         | 569/8189 [53:47<11:52:17,  5.61s/it]
  7%|▋         | 570/8189 [53:52<11:58:17,  5.66s/it]
  7%|▋         | 571/8189 [53:58<11:57:31,  5.65s/it]
  7%|▋         | 572/8189 [54:04<12:07:43,  5.73s/it]
  7%|▋         | 573/8189 [54:10<12:12:17,  5.77s/it]
  7%|▋         | 574/8189 [54:14<11:21:14,  5.37s/it]
  7%|▋         | 575/8189 [54:21<12:14:52,  5.79s/it]
  7%|▋         | 576/8189 [54:26<11:51:11,  5.61s/it]
  7%|▋         | 577/8189 [54:33<12:18:53,  5.82s/it]
  7%|▋         | 578/8189 [54:38<12:09:51,  5.75s/it]
  7%|▋         | 579/8189 [54:43<11:20:18,  5.36s/it]
  7%|▋         | 580/8189 [54:49<11:49:40,  5.60s/it]
  7%|▋         | 581/8189 [54:54<11:55:54,  5.65s/it]
  7%|▋         | 582/8189 [55:00<11:59:39,  5.68s/it]
  7%|▋         | 583/8189 [55:05<11:20:51,  5.37s/it]
  7%|▋         | 584/8189 [55:11<12:00:04,  5.68s/it]
  7%|▋         | 585/8189 [55:16<11:13:13,  5.31s/it]
  7%|▋         | 586/8189 [55:22<11:51:48,  5.62s/it]
  7%|▋         | 587/8189 [55:27<11:21:49,  5.38s/it]
  7%|▋         | 588/8189 [55:33<11:47:50,  5.59s/it]
  7%|▋         | 589/8189 [55:38<11:31:57,  5.46s/it]
  7%|▋         | 590/8189 [55:44<11:58:12,  5.67s/it]
  7%|▋         | 591/8189 [55:50<11:53:41,  5.64s/it]
  7%|▋         | 592/8189 [55:54<11:12:21,  5.31s/it]
  7%|▋         | 593/8189 [56:00<11:20:03,  5.37s/it]
  7%|▋         | 594/8189 [56:06<11:30:09,  5.45s/it]
  7%|▋         | 595/8189 [56:12<11:51:59,  5.63s/it]
  7%|▋         | 596/8189 [56:18<12:05:55,  5.74s/it]
  7%|▋         | 597/8189 [56:23<11:38:14,  5.52s/it]
  7%|▋         | 598/8189 [56:28<11:19:28,  5.37s/it]
  7%|▋         | 599/8189 [56:32<10:55:40,  5.18s/it]
  7%|▋         | 600/8189 [56:37<10:52:02,  5.16s/it]
  7%|▋         | 601/8189 [56:43<11:08:55,  5.29s/it]
  7%|▋         | 602/8189 [56:47<10:30:28,  4.99s/it]
  7%|▋         | 603/8189 [56:52<10:17:38,  4.89s/it]
  7%|▋         | 604/8189 [56:57<10:20:45,  4.91s/it]
  7%|▋         | 605/8189 [57:02<10:34:18,  5.02s/it]
  7%|▋         | 606/8189 [57:08<11:14:38,  5.34s/it]
  7%|▋         | 607/8189 [57:14<11:13:39,  5.33s/it]
  7%|▋         | 608/8189 [57:20<11:44:28,  5.58s/it]
  7%|▋         | 609/8189 [57:25<11:47:00,  5.60s/it]
  7%|▋         | 610/8189 [57:30<11:17:26,  5.36s/it]
  7%|▋         | 611/8189 [57:36<11:23:20,  5.41s/it]
  7%|▋         | 612/8189 [57:40<10:41:05,  5.08s/it]
  7%|▋         | 613/8189 [57:46<11:06:49,  5.28s/it]
  7%|▋         | 614/8189 [57:52<11:24:58,  5.43s/it]
  8%|▊         | 615/8189 [57:57<11:20:59,  5.39s/it]
  8%|▊         | 616/8189 [58:02<11:10:33,  5.31s/it]
  8%|▊         | 617/8189 [58:08<11:38:56,  5.54s/it]
  8%|▊         | 618/8189 [58:14<11:38:03,  5.53s/it]
  8%|▊         | 619/8189 [58:20<12:01:32,  5.72s/it]
  8%|▊         | 620/8189 [58:24<11:07:12,  5.29s/it]
  8%|▊         | 621/8189 [58:30<11:17:08,  5.37s/it]
  8%|▊         | 622/8189 [58:36<11:58:21,  5.70s/it]
  8%|▊         | 623/8189 [58:42<12:04:28,  5.75s/it]
  8%|▊         | 624/8189 [58:48<12:16:45,  5.84s/it]
  8%|▊         | 625/8189 [58:54<12:20:21,  5.87s/it]
  8%|▊         | 626/8189 [58:59<11:35:03,  5.51s/it]
  8%|▊         | 627/8189 [59:04<11:33:31,  5.50s/it]
  8%|▊         | 628/8189 [59:10<11:39:36,  5.55s/it]
  8%|▊         | 629/8189 [59:15<11:34:38,  5.51s/it]
  8%|▊         | 630/8189 [59:21<11:39:01,  5.55s/it]
  8%|▊         | 631/8189 [59:26<11:40:28,  5.56s/it]
  8%|▊         | 632/8189 [59:32<11:35:23,  5.52s/it]
  8%|▊         | 633/8189 [59:38<11:54:38,  5.67s/it]
  8%|▊         | 634/8189 [59:44<12:11:27,  5.81s/it]
  8%|▊         | 635/8189 [59:50<12:11:12,  5.81s/it]
  8%|▊         | 636/8189 [59:55<11:46:54,  5.62s/it]
  8%|▊         | 637/8189 [1:00:01<12:22:30,  5.90s/it]
  8%|▊         | 638/8189 [1:00:08<12:40:47,  6.05s/it]
  8%|▊         | 639/8189 [1:00:14<12:41:44,  6.05s/it]
  8%|▊         | 640/8189 [1:00:19<12:15:10,  5.84s/it]
  8%|▊         | 641/8189 [1:00:25<12:04:25,  5.76s/it]
  8%|▊         | 642/8189 [1:00:30<11:46:42,  5.62s/it]
  8%|▊         | 643/8189 [1:00:37<12:15:02,  5.84s/it]
  8%|▊         | 644/8189 [1:00:41<11:39:41,  5.56s/it]
  8%|▊         | 645/8189 [1:00:47<11:58:25,  5.71s/it]
  8%|▊         | 646/8189 [1:00:53<11:42:09,  5.59s/it]
  8%|▊         | 647/8189 [1:00:59<11:55:39,  5.69s/it]
  8%|▊         | 648/8189 [1:01:05<12:13:14,  5.83s/it]
  8%|▊         | 649/8189 [1:01:11<12:05:46,  5.78s/it]
  8%|▊         | 650/8189 [1:01:16<12:11:30,  5.82s/it]
  8%|▊         | 651/8189 [1:01:23<12:23:44,  5.92s/it]
  8%|▊         | 652/8189 [1:01:29<12:23:23,  5.92s/it]
  8%|▊         | 653/8189 [1:01:34<11:52:37,  5.67s/it]
  8%|▊         | 654/8189 [1:01:40<12:01:07,  5.74s/it]
  8%|▊         | 655/8189 [1:01:44<11:26:38,  5.47s/it]
  8%|▊         | 656/8189 [1:01:50<11:18:30,  5.40s/it]
  8%|▊         | 657/8189 [1:01:54<10:54:39,  5.22s/it]
  8%|▊         | 658/8189 [1:02:01<11:32:39,  5.52s/it]
  8%|▊         | 659/8189 [1:02:06<11:35:30,  5.54s/it]
  8%|▊         | 660/8189 [1:02:12<11:29:19,  5.49s/it]
  8%|▊         | 661/8189 [1:02:17<11:15:59,  5.39s/it]
  8%|▊         | 662/8189 [1:02:22<11:08:03,  5.33s/it]
  8%|▊         | 663/8189 [1:02:27<11:16:19,  5.39s/it]
  8%|▊         | 664/8189 [1:02:33<11:10:06,  5.34s/it]
  8%|▊         | 665/8189 [1:02:38<11:08:47,  5.33s/it]
  8%|▊         | 666/8189 [1:02:44<11:31:10,  5.51s/it]
  8%|▊         | 667/8189 [1:02:50<11:40:53,  5.59s/it]
  8%|▊         | 668/8189 [1:02:56<11:50:17,  5.67s/it]
  8%|▊         | 669/8189 [1:03:01<11:34:54,  5.54s/it]
  8%|▊         | 670/8189 [1:03:07<11:49:24,  5.66s/it]
  8%|▊         | 671/8189 [1:03:13<12:01:22,  5.76s/it]
  8%|▊         | 672/8189 [1:03:18<12:00:26,  5.75s/it]
  8%|▊         | 673/8189 [1:03:25<12:20:25,  5.91s/it]
  8%|▊         | 674/8189 [1:03:31<12:40:09,  6.07s/it]
  8%|▊         | 675/8189 [1:03:37<12:36:18,  6.04s/it]
  8%|▊         | 676/8189 [1:03:43<12:20:53,  5.92s/it]
  8%|▊         | 677/8189 [1:03:47<11:26:06,  5.48s/it]
  8%|▊         | 678/8189 [1:03:53<11:39:43,  5.59s/it]
  8%|▊         | 679/8189 [1:03:58<11:21:13,  5.44s/it]
  8%|▊         | 680/8189 [1:04:03<10:59:09,  5.27s/it]
  8%|▊         | 681/8189 [1:04:08<11:00:26,  5.28s/it]
  8%|▊         | 682/8189 [1:04:14<10:57:04,  5.25s/it]
  8%|▊         | 683/8189 [1:04:19<10:58:06,  5.26s/it]
  8%|▊         | 684/8189 [1:04:25<11:29:04,  5.51s/it]
  8%|▊         | 685/8189 [1:04:30<11:30:01,  5.52s/it]
  8%|▊         | 686/8189 [1:04:36<11:37:32,  5.58s/it]
  8%|▊         | 687/8189 [1:04:41<11:25:56,  5.49s/it]
  8%|▊         | 688/8189 [1:04:47<11:42:31,  5.62s/it]
  8%|▊         | 689/8189 [1:04:52<11:05:17,  5.32s/it]
  8%|▊         | 690/8189 [1:04:57<10:35:49,  5.09s/it]
  8%|▊         | 691/8189 [1:05:01<10:20:46,  4.97s/it]
  8%|▊         | 692/8189 [1:05:07<10:57:13,  5.26s/it]
  8%|▊         | 693/8189 [1:05:12<10:53:06,  5.23s/it]
  8%|▊         | 694/8189 [1:05:17<10:26:13,  5.01s/it]
  8%|▊         | 695/8189 [1:05:22<10:39:37,  5.12s/it]
  8%|▊         | 696/8189 [1:05:27<10:35:33,  5.09s/it]
  9%|▊         | 697/8189 [1:05:33<10:59:58,  5.29s/it]
  9%|▊         | 698/8189 [1:05:39<11:25:57,  5.49s/it]
  9%|▊         | 699/8189 [1:05:44<11:03:21,  5.31s/it]
  9%|▊         | 700/8189 [1:05:49<11:13:31,  5.40s/it]
  9%|▊         | 701/8189 [1:05:55<11:30:44,  5.53s/it]
  9%|▊         | 702/8189 [1:06:01<11:46:01,  5.66s/it]
  9%|▊         | 703/8189 [1:06:07<11:48:53,  5.68s/it]
  9%|▊         | 704/8189 [1:06:13<12:00:35,  5.78s/it]
  9%|▊         | 705/8189 [1:06:19<12:07:21,  5.83s/it]
  9%|▊         | 706/8189 [1:06:25<12:18:54,  5.92s/it]
  9%|▊         | 707/8189 [1:06:30<11:50:12,  5.70s/it]
  9%|▊         | 708/8189 [1:06:35<11:13:08,  5.40s/it]
  9%|▊         | 709/8189 [1:06:41<11:40:33,  5.62s/it]
  9%|▊         | 710/8189 [1:06:47<12:02:17,  5.79s/it]
  9%|▊         | 711/8189 [1:06:53<12:03:40,  5.81s/it]
  9%|▊         | 712/8189 [1:06:59<11:50:26,  5.70s/it]
  9%|▊         | 713/8189 [1:07:04<11:27:41,  5.52s/it]
  9%|▊         | 714/8189 [1:07:08<10:52:24,  5.24s/it]
  9%|▊         | 715/8189 [1:07:14<10:56:00,  5.27s/it]
  9%|▊         | 716/8189 [1:07:19<11:02:11,  5.32s/it]
  9%|▉         | 717/8189 [1:07:25<11:19:24,  5.46s/it]
  9%|▉         | 718/8189 [1:07:30<11:07:15,  5.36s/it]
  9%|▉         | 719/8189 [1:07:36<11:29:43,  5.54s/it]
  9%|▉         | 720/8189 [1:07:42<11:51:31,  5.72s/it]
  9%|▉         | 721/8189 [1:07:48<12:08:52,  5.86s/it]
  9%|▉         | 722/8189 [1:07:54<11:50:22,  5.71s/it]
  9%|▉         | 723/8189 [1:07:59<11:33:18,  5.57s/it]
  9%|▉         | 724/8189 [1:08:04<11:18:13,  5.45s/it]
  9%|▉         | 725/8189 [1:08:09<11:20:52,  5.47s/it]
  9%|▉         | 726/8189 [1:08:15<11:32:23,  5.57s/it]
  9%|▉         | 727/8189 [1:08:21<11:34:04,  5.58s/it]
  9%|▉         | 728/8189 [1:08:26<11:16:36,  5.44s/it]
  9%|▉         | 729/8189 [1:08:32<11:34:55,  5.59s/it]
  9%|▉         | 730/8189 [1:08:38<11:42:35,  5.65s/it]
  9%|▉         | 731/8189 [1:08:43<11:35:02,  5.59s/it]
  9%|▉         | 732/8189 [1:08:49<11:36:07,  5.60s/it]
  9%|▉         | 733/8189 [1:08:55<12:11:46,  5.89s/it]
  9%|▉         | 734/8189 [1:09:02<12:33:05,  6.06s/it]
  9%|▉         | 735/8189 [1:09:08<12:34:47,  6.08s/it]
  9%|▉         | 736/8189 [1:09:14<12:36:08,  6.09s/it]
  9%|▉         | 737/8189 [1:09:20<12:47:41,  6.18s/it]
  9%|▉         | 738/8189 [1:09:26<12:40:58,  6.13s/it]
  9%|▉         | 739/8189 [1:09:33<12:41:46,  6.14s/it]
  9%|▉         | 740/8189 [1:09:38<12:26:30,  6.01s/it]
  9%|▉         | 741/8189 [1:09:44<12:19:12,  5.95s/it]
  9%|▉         | 742/8189 [1:09:50<12:01:44,  5.81s/it]
  9%|▉         | 743/8189 [1:09:55<11:59:58,  5.80s/it]
  9%|▉         | 744/8189 [1:10:00<11:07:39,  5.38s/it]
  9%|▉         | 745/8189 [1:10:05<11:08:49,  5.39s/it]
  9%|▉         | 746/8189 [1:10:11<11:41:19,  5.65s/it]
  9%|▉         | 747/8189 [1:10:18<12:18:49,  5.96s/it]
  9%|▉         | 748/8189 [1:10:24<12:23:12,  5.99s/it]
  9%|▉         | 749/8189 [1:10:30<12:31:38,  6.06s/it]
  9%|▉         | 750/8189 [1:10:36<12:26:34,  6.02s/it]
  9%|▉         | 751/8189 [1:10:42<12:15:52,  5.94s/it]
  9%|▉         | 752/8189 [1:10:49<12:36:03,  6.10s/it]
  9%|▉         | 753/8189 [1:10:55<12:29:05,  6.04s/it]
  9%|▉         | 754/8189 [1:11:00<12:16:40,  5.94s/it]
  9%|▉         | 755/8189 [1:11:06<12:05:20,  5.85s/it]
  9%|▉         | 756/8189 [1:11:13<12:35:07,  6.10s/it]
  9%|▉         | 757/8189 [1:11:19<12:32:46,  6.08s/it]
  9%|▉         | 758/8189 [1:11:24<12:20:56,  5.98s/it]
  9%|▉         | 759/8189 [1:11:29<11:48:40,  5.72s/it]
  9%|▉         | 760/8189 [1:11:35<11:24:21,  5.53s/it]
  9%|▉         | 761/8189 [1:11:41<11:43:32,  5.68s/it]
  9%|▉         | 762/8189 [1:11:46<11:19:37,  5.49s/it]
  9%|▉         | 763/8189 [1:11:51<11:15:29,  5.46s/it]
  9%|▉         | 764/8189 [1:11:56<10:55:22,  5.30s/it]
  9%|▉         | 765/8189 [1:12:02<11:16:55,  5.47s/it]
  9%|▉         | 766/8189 [1:12:07<11:23:22,  5.52s/it]
  9%|▉         | 767/8189 [1:12:13<11:22:36,  5.52s/it]
  9%|▉         | 768/8189 [1:12:19<11:31:40,  5.59s/it]
  9%|▉         | 769/8189 [1:12:24<11:17:27,  5.48s/it]
  9%|▉         | 770/8189 [1:12:29<11:09:20,  5.41s/it]
  9%|▉         | 771/8189 [1:12:35<11:25:46,  5.55s/it]
  9%|▉         | 772/8189 [1:12:40<11:14:32,  5.46s/it]
  9%|▉         | 773/8189 [1:12:46<11:12:51,  5.44s/it]
  9%|▉         | 774/8189 [1:12:51<10:51:18,  5.27s/it]
  9%|▉         | 775/8189 [1:12:55<10:38:23,  5.17s/it]
  9%|▉         | 776/8189 [1:13:00<10:14:08,  4.97s/it]
  9%|▉         | 777/8189 [1:13:05<10:17:03,  5.00s/it]
 10%|▉         | 778/8189 [1:13:10<10:29:50,  5.10s/it]
 10%|▉         | 779/8189 [1:13:17<11:08:45,  5.42s/it]
 10%|▉         | 780/8189 [1:13:23<11:30:11,  5.59s/it]
 10%|▉         | 781/8189 [1:13:29<11:46:34,  5.72s/it]
 10%|▉         | 782/8189 [1:13:35<11:55:20,  5.79s/it]
 10%|▉         | 783/8189 [1:13:41<12:23:32,  6.02s/it]
 10%|▉         | 784/8189 [1:13:47<12:04:26,  5.87s/it]
 10%|▉         | 785/8189 [1:13:52<11:52:28,  5.77s/it]
 10%|▉         | 786/8189 [1:13:57<11:32:11,  5.61s/it]
 10%|▉         | 787/8189 [1:14:02<11:01:44,  5.36s/it]
 10%|▉         | 788/8189 [1:14:08<11:19:40,  5.51s/it]
 10%|▉         | 789/8189 [1:14:14<11:21:15,  5.52s/it]
 10%|▉         | 790/8189 [1:14:19<11:30:10,  5.60s/it]
 10%|▉         | 791/8189 [1:14:25<11:43:40,  5.71s/it]
 10%|▉         | 792/8189 [1:14:31<11:27:00,  5.57s/it]
 10%|▉         | 793/8189 [1:14:37<11:41:19,  5.69s/it]
 10%|▉         | 794/8189 [1:14:42<11:35:38,  5.64s/it]
 10%|▉         | 795/8189 [1:14:48<11:46:00,  5.73s/it]
 10%|▉         | 796/8189 [1:14:54<11:55:19,  5.81s/it]
 10%|▉         | 797/8189 [1:15:00<12:02:46,  5.87s/it]
 10%|▉         | 798/8189 [1:15:06<11:53:09,  5.79s/it]
 10%|▉         | 799/8189 [1:15:11<11:48:36,  5.75s/it]
 10%|▉         | 800/8189 [1:15:17<11:43:46,  5.71s/it]
 10%|▉         | 801/8189 [1:15:22<11:38:16,  5.67s/it]
 10%|▉         | 802/8189 [1:15:28<11:29:12,  5.60s/it]
 10%|▉         | 803/8189 [1:15:33<11:25:36,  5.57s/it]
 10%|▉         | 804/8189 [1:15:39<11:20:28,  5.53s/it]
 10%|▉         | 805/8189 [1:15:45<11:33:52,  5.64s/it]
 10%|▉         | 806/8189 [1:15:51<11:40:33,  5.69s/it]
 10%|▉         | 807/8189 [1:15:56<11:26:39,  5.58s/it]
 10%|▉         | 808/8189 [1:16:01<11:06:39,  5.42s/it]
 10%|▉         | 809/8189 [1:16:05<10:21:52,  5.06s/it]
 10%|▉         | 810/8189 [1:16:10<10:22:40,  5.06s/it]
 10%|▉         | 811/8189 [1:16:15<10:19:23,  5.04s/it]
 10%|▉         | 812/8189 [1:16:21<11:02:04,  5.38s/it]
 10%|▉         | 813/8189 [1:16:27<11:00:11,  5.37s/it]
 10%|▉         | 814/8189 [1:16:33<11:20:52,  5.54s/it]
 10%|▉         | 815/8189 [1:16:38<11:18:04,  5.52s/it]
 10%|▉         | 816/8189 [1:16:43<11:11:20,  5.46s/it]
 10%|▉         | 817/8189 [1:16:48<10:51:56,  5.31s/it]
 10%|▉         | 818/8189 [1:16:54<11:03:39,  5.40s/it]
 10%|█         | 819/8189 [1:17:00<11:37:34,  5.68s/it]
 10%|█         | 820/8189 [1:17:06<11:47:29,  5.76s/it]
 10%|█         | 821/8189 [1:17:11<11:26:02,  5.59s/it]
 10%|█         | 822/8189 [1:17:16<10:58:56,  5.37s/it]
 10%|█         | 823/8189 [1:17:22<11:00:09,  5.38s/it]
 10%|█         | 824/8189 [1:17:27<11:11:43,  5.47s/it]
 10%|█         | 825/8189 [1:17:32<10:49:53,  5.30s/it]
 10%|█         | 826/8189 [1:17:38<10:59:21,  5.37s/it]
 10%|█         | 827/8189 [1:17:44<11:32:43,  5.65s/it]
 10%|█         | 828/8189 [1:17:50<11:33:09,  5.65s/it]
 10%|█         | 829/8189 [1:17:55<11:31:42,  5.64s/it]
 10%|█         | 830/8189 [1:18:00<11:05:54,  5.43s/it]
 10%|█         | 831/8189 [1:18:06<11:23:48,  5.58s/it]
 10%|█         | 832/8189 [1:18:11<11:03:15,  5.41s/it]
 10%|█         | 833/8189 [1:18:17<11:09:09,  5.46s/it]
 10%|█         | 834/8189 [1:18:22<10:59:44,  5.38s/it]
 10%|█         | 835/8189 [1:18:28<11:05:31,  5.43s/it]
 10%|█         | 836/8189 [1:18:33<11:10:18,  5.47s/it]
 10%|█         | 837/8189 [1:18:38<10:58:51,  5.38s/it]
 10%|█         | 838/8189 [1:18:43<10:27:53,  5.12s/it]
 10%|█         | 839/8189 [1:18:47<9:47:44,  4.80s/it] 
 10%|█         | 840/8189 [1:18:52<9:58:24,  4.89s/it]
 10%|█         | 841/8189 [1:18:56<9:43:46,  4.77s/it]
 10%|█         | 842/8189 [1:19:02<10:19:47,  5.06s/it]
 10%|█         | 843/8189 [1:19:07<10:17:03,  5.04s/it]
 10%|█         | 844/8189 [1:19:13<10:46:36,  5.28s/it]
 10%|█         | 845/8189 [1:19:18<10:42:26,  5.25s/it]
 10%|█         | 846/8189 [1:19:23<10:40:00,  5.23s/it]
 10%|█         | 847/8189 [1:19:29<11:05:11,  5.44s/it]
 10%|█         | 848/8189 [1:19:35<11:09:21,  5.47s/it]
 10%|█         | 849/8189 [1:19:41<11:28:22,  5.63s/it]
 10%|█         | 850/8189 [1:19:45<10:49:20,  5.31s/it]
 10%|█         | 851/8189 [1:19:50<10:33:08,  5.18s/it]
 10%|█         | 852/8189 [1:19:56<10:44:08,  5.27s/it]
 10%|█         | 853/8189 [1:20:02<11:10:51,  5.49s/it]
 10%|█         | 854/8189 [1:20:08<11:39:01,  5.72s/it]
 10%|█         | 855/8189 [1:20:13<11:10:54,  5.49s/it]
 10%|█         | 856/8189 [1:20:19<11:17:36,  5.54s/it]
 10%|█         | 857/8189 [1:20:24<11:10:42,  5.49s/it]
 10%|█         | 858/8189 [1:20:30<11:17:52,  5.55s/it]
 10%|█         | 859/8189 [1:20:35<11:23:16,  5.59s/it]
 11%|█         | 860/8189 [1:20:42<11:46:29,  5.78s/it]
 11%|█         | 861/8189 [1:20:48<11:52:50,  5.84s/it]
 11%|█         | 862/8189 [1:20:54<12:09:37,  5.97s/it]
 11%|█         | 863/8189 [1:21:00<12:06:40,  5.95s/it]
 11%|█         | 864/8189 [1:21:06<12:00:24,  5.90s/it]
 11%|█         | 865/8189 [1:21:11<11:46:27,  5.79s/it]
 11%|█         | 866/8189 [1:21:17<11:42:15,  5.75s/it]
 11%|█         | 867/8189 [1:21:22<11:36:44,  5.71s/it]
 11%|█         | 868/8189 [1:21:28<11:18:29,  5.56s/it]
 11%|█         | 869/8189 [1:21:34<11:36:52,  5.71s/it]
 11%|█         | 870/8189 [1:21:39<11:21:52,  5.59s/it]
 11%|█         | 871/8189 [1:21:44<10:47:37,  5.31s/it]
 11%|█         | 872/8189 [1:21:50<11:14:39,  5.53s/it]
 11%|█         | 873/8189 [1:21:56<11:44:21,  5.78s/it]
 11%|█         | 874/8189 [1:22:01<11:21:14,  5.59s/it]
 11%|█         | 875/8189 [1:22:07<11:27:52,  5.64s/it]
 11%|█         | 876/8189 [1:22:12<10:57:42,  5.40s/it]
 11%|█         | 877/8189 [1:22:18<11:28:48,  5.65s/it]
 11%|█         | 878/8189 [1:22:22<10:41:25,  5.26s/it]
 11%|█         | 879/8189 [1:22:28<10:51:19,  5.35s/it]
 11%|█         | 880/8189 [1:22:34<11:03:12,  5.44s/it]
 11%|█         | 881/8189 [1:22:39<10:57:15,  5.40s/it]
 11%|█         | 882/8189 [1:22:44<10:45:37,  5.30s/it]
 11%|█         | 883/8189 [1:22:50<11:05:44,  5.47s/it]
 11%|█         | 884/8189 [1:22:55<10:43:13,  5.28s/it]
 11%|█         | 885/8189 [1:23:01<11:06:26,  5.47s/it]
 11%|█         | 886/8189 [1:23:07<11:27:46,  5.65s/it]
 11%|█         | 887/8189 [1:23:12<11:30:54,  5.68s/it]
 11%|█         | 888/8189 [1:23:18<11:13:05,  5.53s/it]
 11%|█         | 889/8189 [1:23:24<11:33:17,  5.70s/it]
 11%|█         | 890/8189 [1:23:29<11:24:38,  5.63s/it]
 11%|█         | 891/8189 [1:23:35<11:36:36,  5.73s/it]
 11%|█         | 892/8189 [1:23:41<11:26:43,  5.65s/it]
 11%|█         | 893/8189 [1:23:46<11:05:54,  5.48s/it]
 11%|█         | 894/8189 [1:23:51<10:52:06,  5.36s/it]
 11%|█         | 895/8189 [1:23:56<10:50:44,  5.35s/it]
 11%|█         | 896/8189 [1:24:02<10:55:48,  5.40s/it]
 11%|█         | 897/8189 [1:24:07<11:08:26,  5.50s/it]
 11%|█         | 898/8189 [1:24:12<10:57:22,  5.41s/it]
 11%|█         | 899/8189 [1:24:18<11:02:47,  5.46s/it]
 11%|█         | 900/8189 [1:24:23<10:42:29,  5.29s/it]
 11%|█         | 901/8189 [1:24:29<11:01:30,  5.45s/it]
 11%|█         | 902/8189 [1:24:33<10:13:03,  5.05s/it]
 11%|█         | 903/8189 [1:24:38<10:22:34,  5.13s/it]
 11%|█         | 904/8189 [1:24:44<10:41:58,  5.29s/it]
 11%|█         | 905/8189 [1:24:50<10:57:29,  5.42s/it]
 11%|█         | 906/8189 [1:24:56<11:27:03,  5.66s/it]
 11%|█         | 907/8189 [1:25:01<11:19:04,  5.60s/it]
 11%|█         | 908/8189 [1:25:07<11:24:59,  5.64s/it]
 11%|█         | 909/8189 [1:25:13<11:44:35,  5.81s/it]
 11%|█         | 910/8189 [1:25:19<11:57:27,  5.91s/it]
 11%|█         | 911/8189 [1:25:26<12:15:05,  6.06s/it]
 11%|█         | 912/8189 [1:25:32<12:11:43,  6.03s/it]
 11%|█         | 913/8189 [1:25:38<12:12:40,  6.04s/it]
 11%|█         | 914/8189 [1:25:44<12:00:57,  5.95s/it]
 11%|█         | 915/8189 [1:25:49<12:02:44,  5.96s/it]
 11%|█         | 916/8189 [1:25:56<12:22:08,  6.12s/it]
 11%|█         | 917/8189 [1:26:01<11:55:18,  5.90s/it]
 11%|█         | 918/8189 [1:26:08<12:11:38,  6.04s/it]
 11%|█         | 919/8189 [1:26:13<11:55:09,  5.90s/it]
 11%|█         | 920/8189 [1:26:19<11:54:20,  5.90s/it]
 11%|█         | 921/8189 [1:26:25<11:40:37,  5.78s/it]
 11%|█▏        | 922/8189 [1:26:30<11:28:16,  5.68s/it]
 11%|█▏        | 923/8189 [1:26:37<12:06:08,  6.00s/it]
 11%|█▏        | 924/8189 [1:26:43<11:55:19,  5.91s/it]
 11%|█▏        | 925/8189 [1:26:48<11:54:21,  5.90s/it]
 11%|█▏        | 926/8189 [1:26:54<11:48:19,  5.85s/it]
 11%|█▏        | 927/8189 [1:27:00<11:57:32,  5.93s/it]
 11%|█▏        | 928/8189 [1:27:06<11:37:31,  5.76s/it]
 11%|█▏        | 929/8189 [1:27:11<11:36:32,  5.76s/it]
 11%|█▏        | 930/8189 [1:27:17<11:43:46,  5.82s/it]
 11%|█▏        | 931/8189 [1:27:23<11:50:52,  5.88s/it]
 11%|█▏        | 932/8189 [1:27:29<11:49:45,  5.87s/it]
 11%|█▏        | 933/8189 [1:27:34<11:25:53,  5.67s/it]
 11%|█▏        | 934/8189 [1:27:41<11:40:16,  5.79s/it]
 11%|█▏        | 935/8189 [1:27:46<11:44:16,  5.83s/it]
 11%|█▏        | 936/8189 [1:27:52<11:31:30,  5.72s/it]
 11%|█▏        | 937/8189 [1:27:57<11:13:31,  5.57s/it]
 11%|█▏        | 938/8189 [1:28:02<10:58:34,  5.45s/it]
 11%|█▏        | 939/8189 [1:28:08<11:12:14,  5.56s/it]
 11%|█▏        | 940/8189 [1:28:14<11:25:54,  5.68s/it]
 11%|█▏        | 941/8189 [1:28:20<11:46:29,  5.85s/it]
 12%|█▏        | 942/8189 [1:28:26<11:42:51,  5.82s/it]
 12%|█▏        | 943/8189 [1:28:32<11:40:03,  5.80s/it]
 12%|█▏        | 944/8189 [1:28:37<11:11:49,  5.56s/it]
 12%|█▏        | 945/8189 [1:28:42<11:08:18,  5.54s/it]
 12%|█▏        | 946/8189 [1:28:48<11:21:11,  5.64s/it]
 12%|█▏        | 947/8189 [1:28:54<11:23:51,  5.67s/it]
 12%|█▏        | 948/8189 [1:29:00<11:46:47,  5.86s/it]
 12%|█▏        | 949/8189 [1:29:05<11:19:12,  5.63s/it]
 12%|█▏        | 950/8189 [1:29:12<11:44:13,  5.84s/it]
 12%|█▏        | 951/8189 [1:29:16<10:48:32,  5.38s/it]
 12%|█▏        | 952/8189 [1:29:21<10:34:56,  5.26s/it]
 12%|█▏        | 953/8189 [1:29:27<10:53:16,  5.42s/it]
 12%|█▏        | 954/8189 [1:29:32<10:58:49,  5.46s/it]
 12%|█▏        | 955/8189 [1:29:38<11:18:33,  5.63s/it]
 12%|█▏        | 956/8189 [1:29:44<11:23:48,  5.67s/it]
 12%|█▏        | 957/8189 [1:29:50<11:18:04,  5.63s/it]
 12%|█▏        | 958/8189 [1:29:56<11:27:20,  5.70s/it]
 12%|█▏        | 959/8189 [1:30:00<10:51:45,  5.41s/it]
 12%|█▏        | 960/8189 [1:30:06<11:04:08,  5.51s/it]
 12%|█▏        | 961/8189 [1:30:12<11:08:20,  5.55s/it]
 12%|█▏        | 962/8189 [1:30:17<11:17:42,  5.63s/it]
 12%|█▏        | 963/8189 [1:30:23<11:23:56,  5.68s/it]
 12%|█▏        | 964/8189 [1:30:29<11:12:39,  5.59s/it]
 12%|█▏        | 965/8189 [1:30:34<10:48:42,  5.39s/it]
 12%|█▏        | 966/8189 [1:30:38<10:33:44,  5.26s/it]
 12%|█▏        | 967/8189 [1:30:45<11:04:19,  5.52s/it]
 12%|█▏        | 968/8189 [1:30:50<11:17:33,  5.63s/it]
 12%|█▏        | 969/8189 [1:30:55<10:28:23,  5.22s/it]
 12%|█▏        | 970/8189 [1:31:00<10:26:38,  5.21s/it]
 12%|█▏        | 971/8189 [1:31:05<10:35:24,  5.28s/it]
 12%|█▏        | 972/8189 [1:31:11<10:47:33,  5.38s/it]
 12%|█▏        | 973/8189 [1:31:17<10:58:04,  5.47s/it]
 12%|█▏        | 974/8189 [1:31:22<11:04:31,  5.53s/it]
 12%|█▏        | 975/8189 [1:31:28<11:24:30,  5.69s/it]
 12%|█▏        | 976/8189 [1:31:35<11:39:43,  5.82s/it]
 12%|█▏        | 977/8189 [1:31:40<11:22:27,  5.68s/it]
 12%|█▏        | 978/8189 [1:31:46<11:20:26,  5.66s/it]
 12%|█▏        | 979/8189 [1:31:51<11:06:31,  5.55s/it]
 12%|█▏        | 980/8189 [1:31:57<11:27:52,  5.73s/it]
 12%|█▏        | 981/8189 [1:32:03<11:22:53,  5.68s/it]
 12%|█▏        | 982/8189 [1:32:08<11:28:21,  5.73s/it]
 12%|█▏        | 983/8189 [1:32:14<11:10:41,  5.58s/it]
 12%|█▏        | 984/8189 [1:32:19<11:05:48,  5.54s/it]
 12%|█▏        | 985/8189 [1:32:25<11:07:27,  5.56s/it]
 12%|█▏        | 986/8189 [1:32:30<11:14:11,  5.62s/it]
 12%|█▏        | 987/8189 [1:32:36<11:03:04,  5.52s/it]
 12%|█▏        | 988/8189 [1:32:41<11:05:22,  5.54s/it]
 12%|█▏        | 989/8189 [1:32:47<11:24:00,  5.70s/it]
 12%|█▏        | 990/8189 [1:32:52<10:59:13,  5.49s/it]
 12%|█▏        | 991/8189 [1:32:58<11:07:45,  5.57s/it]
 12%|█▏        | 992/8189 [1:33:03<10:52:10,  5.44s/it]
 12%|█▏        | 993/8189 [1:33:09<10:45:34,  5.38s/it]
 12%|█▏        | 994/8189 [1:33:14<10:40:19,  5.34s/it]
 12%|█▏        | 995/8189 [1:33:19<10:32:57,  5.28s/it]
 12%|█▏        | 996/8189 [1:33:24<10:26:49,  5.23s/it]
 12%|█▏        | 997/8189 [1:33:29<10:09:29,  5.08s/it]
 12%|█▏        | 998/8189 [1:33:34<10:08:16,  5.08s/it]
 12%|█▏        | 999/8189 [1:33:40<10:42:59,  5.37s/it]
 12%|█▏        | 1000/8189 [1:33:46<11:00:18,  5.51s/it]
                                                        

 12%|█▏        | 1000/8189 [1:33:46<11:00:18,  5.51s/it]

Batches:   0%|          | 0/9 [00:00<?, ?it/s][A

Batches:  56%|█████▌    | 5/9 [00:00<00:00, 45.22it/s][A
Batches: 100%|██████████| 9/9 [00:00<00:00, 48.39it/s]


Corpus Chunks:   0%|          | 0/1 [00:00<?, ?it/s][A


Batches:   0%|          | 0/9 [00:00<?, ?it/s][A[A


Batches:  56%|█████▌    | 5/9 [00:00<00:00, 48.12it/s][A[A
Batches: 100%|██████████| 9/9 [00:00<00:00, 55.78it/s]


Corpus Chunks: 100%|██████████| 1/1 [00:00<00:00,  5.72it/s][A
Corpus Chunks: 100%|██████████| 1/1 [00:00<00:00,  5.70it/s]


Batches:   0%|          | 0/7 [00:00<?, ?it/s][A

Batches: 100%|██████████| 7/7 [00:00<00:00, 53.27it/s][A
Batches: 100%|██████████| 7/7 [00:00<00:00, 53.01it/s]


Batches:   0%|          | 0/7 [00:00<?, ?it/s][A

Batches:  86%|████████▌ | 6/7 [00:00<00:00, 56.63it/s][A
Batches: 100%|██████████| 7/7 [00:00<00:00, 56.99it/s]


Batches:   0%|          | 0/7 [00:00<?, ?it/s][A

Batches:  86%|████████▌ | 6/7 [00:00<00:00, 55.87it/s][A
Batches: 100%|██████████| 7/7 [00:00<00:00, 57.32it/s]

                                                        

 12%|█▏        | 1000/8189 [1:33:47<11:00:18,  5.51s/it]

Writing model shards:   0%|          | 0/1 [00:00<?, ?it/s][A

Writing model shards: 100%|██████████| 1/1 [00:01<00:00,  1.12s/it][A
Writing model shards: 100%|██████████| 1/1 [00:01<00:00,  1.12s/it]

 12%|█▏        | 1001/8189 [1:33:56<14:02:55,  7.04s/it]
 12%|█▏        | 1002/8189 [1:34:01<12:34:12,  6.30s/it]
 12%|█▏        | 1003/8189 [1:34:07<12:18:57,  6.17s/it]
 12%|█▏        | 1004/8189 [1:34:13<12:04:30,  6.05s/it]
 12%|█▏        | 1005/8189 [1:34:18<11:43:25,  5.87s/it]
 12%|█▏        | 1006/8189 [1:34:24<11:39:47,  5.85s/it]
 12%|█▏        | 1007/8189 [1:34:30<11:47:37,  5.91s/it]
 12%|█▏        | 1008/8189 [1:34:35<11:30:52,  5.77s/it]
 12%|█▏        | 1009/8189 [1:34:41<11:23:37,  5.71s/it]
 12%|█▏        | 1010/8189 [1:34:47<11:33:33,  5.80s/it]
 12%|█▏        | 1011/8189 [1:34:52<11:21:03,  5.69s/it]
 12%|█▏        | 1012/8189 [1:34:57<10:48:08,  5.42s/it]
 12%|█▏        | 1013/8189 [1:35:03<11:09:31,  5.60s/it]
 12%|█▏        | 1014/8189 [1:35:09<11:20:42,  5.69s/it]
 12%|█▏        | 1015/8189 [1:35:15<11:19:56,  5.69s/it]
 12%|█▏        | 1016/8189 [1:35:20<11:13:25,  5.63s/it]
 12%|█▏        | 1017/8189 [1:35:26<11:17:43,  5.67s/it]
 12%|█▏        | 1018/8189 [1:35:32<11:25:13,  5.73s/it]
 12%|█▏        | 1019/8189 [1:35:38<11:33:25,  5.80s/it]
 12%|█▏        | 1020/8189 [1:35:44<11:45:05,  5.90s/it]
 12%|█▏        | 1021/8189 [1:35:50<11:45:42,  5.91s/it]
 12%|█▏        | 1022/8189 [1:35:55<11:30:43,  5.78s/it]
 12%|█▏        | 1023/8189 [1:36:00<11:07:46,  5.59s/it]
 13%|█▎        | 1024/8189 [1:36:06<10:57:09,  5.50s/it]
 13%|█▎        | 1025/8189 [1:36:12<11:24:50,  5.74s/it]
 13%|█▎        | 1026/8189 [1:36:18<11:41:08,  5.87s/it]
 13%|█▎        | 1027/8189 [1:36:24<11:55:20,  5.99s/it]
 13%|█▎        | 1028/8189 [1:36:32<12:35:04,  6.33s/it]
 13%|█▎        | 1029/8189 [1:36:36<11:16:30,  5.67s/it]
 13%|█▎        | 1030/8189 [1:36:40<10:43:07,  5.39s/it]
 13%|█▎        | 1031/8189 [1:36:46<10:57:24,  5.51s/it]
 13%|█▎        | 1032/8189 [1:36:53<11:36:18,  5.84s/it]
 13%|█▎        | 1033/8189 [1:36:58<11:06:29,  5.59s/it]
 13%|█▎        | 1034/8189 [1:37:04<11:14:28,  5.66s/it]
 13%|█▎        | 1035/8189 [1:37:10<11:27:38,  5.77s/it]
 13%|█▎        | 1036/8189 [1:37:16<11:36:41,  5.84s/it]
 13%|█▎        | 1037/8189 [1:37:21<11:20:43,  5.71s/it]
 13%|█▎        | 1038/8189 [1:37:27<11:33:37,  5.82s/it]
 13%|█▎        | 1039/8189 [1:37:32<10:49:31,  5.45s/it]
 13%|█▎        | 1040/8189 [1:37:38<11:29:03,  5.78s/it]
 13%|█▎        | 1041/8189 [1:37:45<11:41:47,  5.89s/it]
 13%|█▎        | 1042/8189 [1:37:51<11:54:47,  6.00s/it]
 13%|█▎        | 1043/8189 [1:37:55<11:05:17,  5.59s/it]
 13%|█▎        | 1044/8189 [1:38:02<11:25:05,  5.75s/it]
 13%|█▎        | 1045/8189 [1:38:07<11:09:01,  5.62s/it]
 13%|█▎        | 1046/8189 [1:38:13<11:13:39,  5.66s/it]
 13%|█▎        | 1047/8189 [1:38:18<11:07:22,  5.61s/it]
 13%|█▎        | 1048/8189 [1:38:24<11:29:56,  5.80s/it]
 13%|█▎        | 1049/8189 [1:38:29<10:58:01,  5.53s/it]
 13%|█▎        | 1050/8189 [1:38:34<10:48:47,  5.45s/it]
 13%|█▎        | 1051/8189 [1:38:40<10:40:09,  5.38s/it]
 13%|█▎        | 1052/8189 [1:38:44<9:53:42,  4.99s/it] 
 13%|█▎        | 1053/8189 [1:38:50<10:27:54,  5.28s/it]
 13%|█▎        | 1054/8189 [1:38:55<10:42:18,  5.40s/it]
 13%|█▎        | 1055/8189 [1:39:01<10:40:18,  5.39s/it]
 13%|█▎        | 1056/8189 [1:39:06<10:30:29,  5.30s/it]
 13%|█▎        | 1057/8189 [1:39:12<11:01:43,  5.57s/it]
 13%|█▎        | 1058/8189 [1:39:17<10:48:30,  5.46s/it]
 13%|█▎        | 1059/8189 [1:39:21<10:01:16,  5.06s/it]
 13%|█▎        | 1060/8189 [1:39:27<10:33:32,  5.33s/it]
 13%|█▎        | 1061/8189 [1:39:32<10:17:13,  5.20s/it]
 13%|█▎        | 1062/8189 [1:39:38<10:34:23,  5.34s/it]
 13%|█▎        | 1063/8189 [1:39:43<10:41:00,  5.40s/it]
 13%|█▎        | 1064/8189 [1:39:48<9:56:27,  5.02s/it] 
 13%|█▎        | 1065/8189 [1:39:52<9:41:01,  4.89s/it]
 13%|█▎        | 1066/8189 [1:39:58<10:00:47,  5.06s/it]
 13%|█▎        | 1067/8189 [1:40:03<9:55:31,  5.02s/it] 
 13%|█▎        | 1068/8189 [1:40:08<10:08:37,  5.13s/it]
 13%|█▎        | 1069/8189 [1:40:14<10:33:36,  5.34s/it]
 13%|█▎        | 1070/8189 [1:40:19<10:27:20,  5.29s/it]
 13%|█▎        | 1071/8189 [1:40:24<10:32:21,  5.33s/it]
 13%|█▎        | 1072/8189 [1:40:29<10:09:22,  5.14s/it]
 13%|█▎        | 1073/8189 [1:40:35<10:27:34,  5.29s/it]
 13%|█▎        | 1074/8189 [1:40:40<10:13:50,  5.18s/it]
 13%|█▎        | 1075/8189 [1:40:45<10:32:31,  5.33s/it]
 13%|█▎        | 1076/8189 [1:40:51<10:40:22,  5.40s/it]
 13%|█▎        | 1077/8189 [1:40:57<11:03:59,  5.60s/it]
 13%|█▎        | 1078/8189 [1:41:03<11:17:05,  5.71s/it]
 13%|█▎        | 1079/8189 [1:41:08<10:42:43,  5.42s/it]
 13%|█▎        | 1080/8189 [1:41:14<11:26:13,  5.79s/it]
 13%|█▎        | 1081/8189 [1:41:20<11:24:36,  5.78s/it]
 13%|█▎        | 1082/8189 [1:41:26<11:33:28,  5.85s/it]
 13%|█▎        | 1083/8189 [1:41:32<11:40:44,  5.92s/it]
 13%|█▎        | 1084/8189 [1:41:37<11:15:57,  5.71s/it]
 13%|█▎        | 1085/8189 [1:41:43<11:08:55,  5.65s/it]
 13%|█▎        | 1086/8189 [1:41:48<10:57:39,  5.56s/it]
 13%|█▎        | 1087/8189 [1:41:53<10:44:15,  5.44s/it]
 13%|█▎        | 1088/8189 [1:41:59<10:38:46,  5.40s/it]
 13%|█▎        | 1089/8189 [1:42:04<10:44:27,  5.45s/it]
 13%|█▎        | 1090/8189 [1:42:10<10:51:46,  5.51s/it]
 13%|█▎        | 1091/8189 [1:42:15<10:52:51,  5.52s/it]
 13%|█▎        | 1092/8189 [1:42:21<10:55:30,  5.54s/it]
 13%|█▎        | 1093/8189 [1:42:27<11:02:24,  5.60s/it]
 13%|█▎        | 1094/8189 [1:42:32<10:35:01,  5.37s/it]
 13%|█▎        | 1095/8189 [1:42:38<10:55:54,  5.55s/it]
 13%|█▎        | 1096/8189 [1:42:43<11:01:04,  5.59s/it]
 13%|█▎        | 1097/8189 [1:42:49<10:59:04,  5.58s/it]
 13%|█▎        | 1098/8189 [1:42:54<10:59:28,  5.58s/it]
 13%|█▎        | 1099/8189 [1:43:00<11:05:36,  5.63s/it]
 13%|█▎        | 1100/8189 [1:43:05<10:45:49,  5.47s/it]
 13%|█▎        | 1101/8189 [1:43:10<10:35:11,  5.38s/it]
 13%|█▎        | 1102/8189 [1:43:16<10:51:43,  5.52s/it]
 13%|█▎        | 1103/8189 [1:43:22<11:10:59,  5.68s/it]
 13%|█▎        | 1104/8189 [1:43:28<11:20:11,  5.76s/it]
 13%|█▎        | 1105/8189 [1:43:33<11:00:17,  5.59s/it]
 14%|█▎        | 1106/8189 [1:43:39<10:54:22,  5.54s/it]
 14%|█▎        | 1107/8189 [1:43:44<10:44:23,  5.46s/it]
 14%|█▎        | 1108/8189 [1:43:51<11:26:17,  5.82s/it]
 14%|█▎        | 1109/8189 [1:43:57<11:32:08,  5.87s/it]
 14%|█▎        | 1110/8189 [1:44:02<11:14:51,  5.72s/it]
 14%|█▎        | 1111/8189 [1:44:08<11:09:56,  5.68s/it]
 14%|█▎        | 1112/8189 [1:44:12<10:36:24,  5.40s/it]
 14%|█▎        | 1113/8189 [1:44:19<11:04:37,  5.64s/it]
 14%|█▎        | 1114/8189 [1:44:24<11:10:21,  5.68s/it]
 14%|█▎        | 1115/8189 [1:44:30<11:08:12,  5.67s/it]
 14%|█▎        | 1116/8189 [1:44:35<10:56:06,  5.57s/it]
 14%|█▎        | 1117/8189 [1:44:41<10:49:00,  5.51s/it]
 14%|█▎        | 1118/8189 [1:44:46<10:40:54,  5.44s/it]
 14%|█▎        | 1119/8189 [1:44:52<10:56:53,  5.57s/it]
 14%|█▎        | 1120/8189 [1:44:57<10:54:57,  5.56s/it]
 14%|█▎        | 1121/8189 [1:45:02<10:34:57,  5.39s/it]
 14%|█▎        | 1122/8189 [1:45:08<10:25:44,  5.31s/it]
 14%|█▎        | 1123/8189 [1:45:14<11:04:37,  5.64s/it]
 14%|█▎        | 1124/8189 [1:45:20<11:16:52,  5.75s/it]
 14%|█▎        | 1125/8189 [1:45:25<11:05:26,  5.65s/it]
 14%|█▍        | 1126/8189 [1:45:31<10:51:30,  5.53s/it]
 14%|█▍        | 1127/8189 [1:45:36<10:50:49,  5.53s/it]
 14%|█▍        | 1128/8189 [1:45:42<11:12:12,  5.71s/it]
 14%|█▍        | 1129/8189 [1:45:48<11:01:15,  5.62s/it]
 14%|█▍        | 1130/8189 [1:45:53<11:03:50,  5.64s/it]
 14%|█▍        | 1131/8189 [1:45:59<11:03:33,  5.64s/it]
 14%|█▍        | 1132/8189 [1:46:05<11:11:56,  5.71s/it]
 14%|█▍        | 1133/8189 [1:46:10<10:37:12,  5.42s/it]
 14%|█▍        | 1134/8189 [1:46:16<10:55:01,  5.57s/it]
 14%|█▍        | 1135/8189 [1:46:22<11:04:52,  5.66s/it]
 14%|█▍        | 1136/8189 [1:46:27<11:10:10,  5.70s/it]
 14%|█▍        | 1137/8189 [1:46:33<11:04:34,  5.65s/it]
 14%|█▍        | 1138/8189 [1:46:38<10:31:45,  5.38s/it]
 14%|█▍        | 1139/8189 [1:46:44<10:56:41,  5.59s/it]
 14%|█▍        | 1140/8189 [1:46:50<11:22:11,  5.81s/it]
 14%|█▍        | 1141/8189 [1:46:56<11:33:09,  5.90s/it]
 14%|█▍        | 1142/8189 [1:47:02<11:18:05,  5.77s/it]
 14%|█▍        | 1143/8189 [1:47:07<11:05:32,  5.67s/it]
 14%|█▍        | 1144/8189 [1:47:13<11:11:43,  5.72s/it]
 14%|█▍        | 1145/8189 [1:47:19<11:26:38,  5.85s/it]
 14%|█▍        | 1146/8189 [1:47:24<11:05:21,  5.67s/it]
 14%|█▍        | 1147/8189 [1:47:29<10:47:31,  5.52s/it]
 14%|█▍        | 1148/8189 [1:47:35<11:05:29,  5.67s/it]
 14%|█▍        | 1149/8189 [1:47:42<11:23:40,  5.83s/it]
 14%|█▍        | 1150/8189 [1:47:48<11:34:28,  5.92s/it]
 14%|█▍        | 1151/8189 [1:47:53<11:20:47,  5.80s/it]
 14%|█▍        | 1152/8189 [1:47:59<11:18:25,  5.78s/it]
 14%|█▍        | 1153/8189 [1:48:04<10:58:29,  5.62s/it]
 14%|█▍        | 1154/8189 [1:48:10<11:16:47,  5.77s/it]
 14%|█▍        | 1155/8189 [1:48:16<11:18:35,  5.79s/it]
 14%|█▍        | 1156/8189 [1:48:22<11:05:48,  5.68s/it]
 14%|█▍        | 1157/8189 [1:48:27<11:03:20,  5.66s/it]
 14%|█▍        | 1158/8189 [1:48:33<11:09:04,  5.71s/it]
 14%|█▍        | 1159/8189 [1:48:38<10:54:54,  5.59s/it]
 14%|█▍        | 1160/8189 [1:48:44<10:58:17,  5.62s/it]
 14%|█▍        | 1161/8189 [1:48:50<10:52:36,  5.57s/it]
 14%|█▍        | 1162/8189 [1:48:55<10:42:05,  5.48s/it]
 14%|█▍        | 1163/8189 [1:49:00<10:18:15,  5.28s/it]
 14%|█▍        | 1164/8189 [1:49:05<10:14:10,  5.25s/it]
 14%|█▍        | 1165/8189 [1:49:10<10:19:36,  5.29s/it]
 14%|█▍        | 1166/8189 [1:49:16<10:45:44,  5.52s/it]
 14%|█▍        | 1167/8189 [1:49:21<10:35:11,  5.43s/it]
 14%|█▍        | 1168/8189 [1:49:27<10:37:48,  5.45s/it]
 14%|█▍        | 1169/8189 [1:49:33<11:00:07,  5.64s/it]
 14%|█▍        | 1170/8189 [1:49:38<10:53:13,  5.58s/it]
 14%|█▍        | 1171/8189 [1:49:44<10:52:17,  5.58s/it]
 14%|█▍        | 1172/8189 [1:49:50<10:50:23,  5.56s/it]
 14%|█▍        | 1173/8189 [1:49:55<10:55:56,  5.61s/it]
 14%|█▍        | 1174/8189 [1:50:02<11:17:29,  5.79s/it]
 14%|█▍        | 1175/8189 [1:50:07<11:21:27,  5.83s/it]
 14%|█▍        | 1176/8189 [1:50:13<10:55:06,  5.60s/it]
 14%|█▍        | 1177/8189 [1:50:18<10:40:28,  5.48s/it]
 14%|█▍        | 1178/8189 [1:50:24<11:07:54,  5.72s/it]
 14%|█▍        | 1179/8189 [1:50:30<11:22:03,  5.84s/it]
 14%|█▍        | 1180/8189 [1:50:36<11:34:29,  5.95s/it]
 14%|█▍        | 1181/8189 [1:50:42<11:09:46,  5.73s/it]
 14%|█▍        | 1182/8189 [1:50:47<11:03:37,  5.68s/it]
 14%|█▍        | 1183/8189 [1:50:53<11:21:41,  5.84s/it]
 14%|█▍        | 1184/8189 [1:50:59<11:23:31,  5.85s/it]
 14%|█▍        | 1185/8189 [1:51:04<11:00:12,  5.66s/it]
 14%|█▍        | 1186/8189 [1:51:10<11:10:46,  5.75s/it]
 14%|█▍        | 1187/8189 [1:51:17<11:27:44,  5.89s/it]
 15%|█▍        | 1188/8189 [1:51:23<11:30:37,  5.92s/it]
 15%|█▍        | 1189/8189 [1:51:29<11:32:32,  5.94s/it]
 15%|█▍        | 1190/8189 [1:51:34<11:32:48,  5.94s/it]
 15%|█▍        | 1191/8189 [1:51:40<11:08:32,  5.73s/it]
 15%|█▍        | 1192/8189 [1:51:45<11:04:11,  5.70s/it]
 15%|█▍        | 1193/8189 [1:51:51<11:14:42,  5.79s/it]
 15%|█▍        | 1194/8189 [1:51:58<11:37:35,  5.98s/it]
 15%|█▍        | 1195/8189 [1:52:04<11:30:40,  5.93s/it]
 15%|█▍        | 1196/8189 [1:52:09<11:26:24,  5.89s/it]
 15%|█▍        | 1197/8189 [1:52:16<11:49:47,  6.09s/it]
 15%|█▍        | 1198/8189 [1:52:22<11:54:47,  6.13s/it]
 15%|█▍        | 1199/8189 [1:52:28<11:41:08,  6.02s/it]
 15%|█▍        | 1200/8189 [1:52:34<11:36:45,  5.98s/it]
 15%|█▍        | 1201/8189 [1:52:39<11:13:30,  5.78s/it]
 15%|█▍        | 1202/8189 [1:52:44<10:55:26,  5.63s/it]
 15%|█▍        | 1203/8189 [1:52:51<11:14:56,  5.80s/it]
 15%|█▍        | 1204/8189 [1:52:57<11:20:31,  5.85s/it]
 15%|█▍        | 1205/8189 [1:53:03<11:26:09,  5.89s/it]
 15%|█▍        | 1206/8189 [1:53:08<11:24:39,  5.88s/it]
 15%|█▍        | 1207/8189 [1:53:13<10:46:24,  5.55s/it]
 15%|█▍        | 1208/8189 [1:53:19<10:44:56,  5.54s/it]
 15%|█▍        | 1209/8189 [1:53:24<10:29:03,  5.41s/it]
 15%|█▍        | 1210/8189 [1:53:30<10:48:57,  5.58s/it]
 15%|█▍        | 1211/8189 [1:53:35<10:32:01,  5.43s/it]
 15%|█▍        | 1212/8189 [1:53:40<10:12:14,  5.27s/it]
 15%|█▍        | 1213/8189 [1:53:46<10:42:53,  5.53s/it]
 15%|█▍        | 1214/8189 [1:53:52<11:19:06,  5.84s/it]
 15%|█▍        | 1215/8189 [1:53:58<11:03:11,  5.71s/it]
 15%|█▍        | 1216/8189 [1:54:04<11:14:35,  5.80s/it]
 15%|█▍        | 1217/8189 [1:54:09<10:52:49,  5.62s/it]
 15%|█▍        | 1218/8189 [1:54:15<11:17:59,  5.84s/it]
 15%|█▍        | 1219/8189 [1:54:21<11:10:47,  5.77s/it]
 15%|█▍        | 1220/8189 [1:54:27<11:26:06,  5.91s/it]
 15%|█▍        | 1221/8189 [1:54:32<10:53:50,  5.63s/it]
 15%|█▍        | 1222/8189 [1:54:38<11:11:18,  5.78s/it]
 15%|█▍        | 1223/8189 [1:54:44<11:10:24,  5.77s/it]
 15%|█▍        | 1224/8189 [1:54:49<10:45:14,  5.56s/it]
 15%|█▍        | 1225/8189 [1:54:54<10:29:04,  5.42s/it]
 15%|█▍        | 1226/8189 [1:55:00<10:36:44,  5.49s/it]
 15%|█▍        | 1227/8189 [1:55:05<10:31:42,  5.44s/it]
 15%|█▍        | 1228/8189 [1:55:10<9:49:37,  5.08s/it] 
 15%|█▌        | 1229/8189 [1:55:16<10:28:02,  5.41s/it]
 15%|█▌        | 1230/8189 [1:55:21<10:33:43,  5.46s/it]
 15%|█▌        | 1231/8189 [1:55:27<10:58:15,  5.68s/it]
 15%|█▌        | 1232/8189 [1:55:33<11:02:54,  5.72s/it]
 15%|█▌        | 1233/8189 [1:55:39<11:06:03,  5.75s/it]
 15%|█▌        | 1234/8189 [1:55:45<11:01:44,  5.71s/it]
 15%|█▌        | 1235/8189 [1:55:50<11:01:43,  5.71s/it]
 15%|█▌        | 1236/8189 [1:55:56<11:14:15,  5.82s/it]
 15%|█▌        | 1237/8189 [1:56:02<11:11:23,  5.79s/it]
 15%|█▌        | 1238/8189 [1:56:08<11:21:19,  5.88s/it]
 15%|█▌        | 1239/8189 [1:56:13<10:34:24,  5.48s/it]
 15%|█▌        | 1240/8189 [1:56:19<10:57:50,  5.68s/it]
 15%|█▌        | 1241/8189 [1:56:24<10:39:22,  5.52s/it]
 15%|█▌        | 1242/8189 [1:56:30<10:40:07,  5.53s/it]
 15%|█▌        | 1243/8189 [1:56:35<10:45:08,  5.57s/it]
 15%|█▌        | 1244/8189 [1:56:41<10:38:44,  5.52s/it]
 15%|█▌        | 1245/8189 [1:56:46<10:43:22,  5.56s/it]
 15%|█▌        | 1246/8189 [1:56:52<10:52:14,  5.64s/it]
 15%|█▌        | 1247/8189 [1:56:58<11:00:02,  5.70s/it]
 15%|█▌        | 1248/8189 [1:57:04<11:06:05,  5.76s/it]
 15%|█▌        | 1249/8189 [1:57:09<10:42:57,  5.56s/it]
 15%|█▌        | 1250/8189 [1:57:15<10:55:28,  5.67s/it]
 15%|█▌        | 1251/8189 [1:57:21<11:01:30,  5.72s/it]
 15%|█▌        | 1252/8189 [1:57:27<11:12:34,  5.82s/it]
 15%|█▌        | 1253/8189 [1:57:33<11:12:34,  5.82s/it]
 15%|█▌        | 1254/8189 [1:57:39<11:20:36,  5.89s/it]
 15%|█▌        | 1255/8189 [1:57:45<11:26:58,  5.94s/it]
 15%|█▌        | 1256/8189 [1:57:51<11:25:41,  5.93s/it]
 15%|█▌        | 1257/8189 [1:57:57<11:26:56,  5.95s/it]
 15%|█▌        | 1258/8189 [1:58:02<11:01:49,  5.73s/it]
 15%|█▌        | 1259/8189 [1:58:07<10:39:20,  5.54s/it]
 15%|█▌        | 1260/8189 [1:58:12<10:06:33,  5.25s/it]
 15%|█▌        | 1261/8189 [1:58:17<10:22:38,  5.39s/it]
 15%|█▌        | 1262/8189 [1:58:23<10:31:31,  5.47s/it]
 15%|█▌        | 1263/8189 [1:58:28<10:23:31,  5.40s/it]
 15%|█▌        | 1264/8189 [1:58:34<10:25:32,  5.42s/it]
 15%|█▌        | 1265/8189 [1:58:40<10:46:36,  5.60s/it]
 15%|█▌        | 1266/8189 [1:58:45<10:25:34,  5.42s/it]
 15%|█▌        | 1267/8189 [1:58:50<10:20:33,  5.38s/it]
 15%|█▌        | 1268/8189 [1:58:56<10:36:12,  5.52s/it]
 15%|█▌        | 1269/8189 [1:59:01<10:35:25,  5.51s/it]
 16%|█▌        | 1270/8189 [1:59:07<10:53:19,  5.67s/it]
 16%|█▌        | 1271/8189 [1:59:13<10:50:40,  5.64s/it]
 16%|█▌        | 1272/8189 [1:59:19<11:00:39,  5.73s/it]
 16%|█▌        | 1273/8189 [1:59:24<10:30:02,  5.47s/it]
 16%|█▌        | 1274/8189 [1:59:29<10:16:59,  5.35s/it]
 16%|█▌        | 1275/8189 [1:59:34<10:18:27,  5.37s/it]
 16%|█▌        | 1276/8189 [1:59:41<11:06:52,  5.79s/it]
 16%|█▌        | 1277/8189 [1:59:47<11:15:55,  5.87s/it]
 16%|█▌        | 1278/8189 [1:59:52<10:56:51,  5.70s/it]
 16%|█▌        | 1279/8189 [1:59:58<11:05:05,  5.78s/it]
 16%|█▌        | 1280/8189 [2:00:05<11:24:23,  5.94s/it]
 16%|█▌        | 1281/8189 [2:00:10<11:17:33,  5.88s/it]
 16%|█▌        | 1282/8189 [2:00:16<11:20:33,  5.91s/it]
 16%|█▌        | 1283/8189 [2:00:22<10:54:56,  5.69s/it]
 16%|█▌        | 1284/8189 [2:00:28<11:17:45,  5.89s/it]
 16%|█▌        | 1285/8189 [2:00:34<11:08:16,  5.81s/it]
 16%|█▌        | 1286/8189 [2:00:40<11:26:23,  5.97s/it]
 16%|█▌        | 1287/8189 [2:00:45<10:55:23,  5.70s/it]
 16%|█▌        | 1288/8189 [2:00:51<11:24:56,  5.96s/it]
 16%|█▌        | 1289/8189 [2:00:56<10:49:33,  5.65s/it]
 16%|█▌        | 1290/8189 [2:01:01<10:14:05,  5.34s/it]
 16%|█▌        | 1291/8189 [2:01:07<10:24:18,  5.43s/it]
 16%|█▌        | 1292/8189 [2:01:12<10:16:38,  5.36s/it]
 16%|█▌        | 1293/8189 [2:01:18<10:47:04,  5.63s/it]
 16%|█▌        | 1294/8189 [2:01:24<11:02:36,  5.77s/it]
 16%|█▌        | 1295/8189 [2:01:30<11:12:07,  5.85s/it]
 16%|█▌        | 1296/8189 [2:01:36<11:18:54,  5.91s/it]
 16%|█▌        | 1297/8189 [2:01:42<11:21:20,  5.93s/it]
 16%|█▌        | 1298/8189 [2:01:48<11:00:22,  5.75s/it]
 16%|█▌        | 1299/8189 [2:01:54<11:13:06,  5.86s/it]
 16%|█▌        | 1300/8189 [2:02:00<11:30:03,  6.01s/it]
 16%|█▌        | 1301/8189 [2:02:05<10:47:18,  5.64s/it]
 16%|█▌        | 1302/8189 [2:02:10<10:39:58,  5.58s/it]
 16%|█▌        | 1303/8189 [2:02:16<10:59:59,  5.75s/it]
 16%|█▌        | 1304/8189 [2:02:23<11:12:27,  5.86s/it]
 16%|█▌        | 1305/8189 [2:02:28<11:03:47,  5.79s/it]
 16%|█▌        | 1306/8189 [2:02:34<11:06:44,  5.81s/it]
 16%|█▌        | 1307/8189 [2:02:40<11:06:26,  5.81s/it]
 16%|█▌        | 1308/8189 [2:02:45<10:46:01,  5.63s/it]
 16%|█▌        | 1309/8189 [2:02:51<11:11:45,  5.86s/it]
 16%|█▌        | 1310/8189 [2:02:57<11:10:03,  5.84s/it]
 16%|█▌        | 1311/8189 [2:03:03<11:00:33,  5.76s/it]
 16%|█▌        | 1312/8189 [2:03:08<10:43:38,  5.62s/it]
 16%|█▌        | 1313/8189 [2:03:14<10:36:02,  5.55s/it]
 16%|█▌        | 1314/8189 [2:03:19<10:39:47,  5.58s/it]
 16%|█▌        | 1315/8189 [2:03:25<10:48:59,  5.66s/it]
 16%|█▌        | 1316/8189 [2:03:31<10:43:09,  5.61s/it]
 16%|█▌        | 1317/8189 [2:03:36<10:45:51,  5.64s/it]
 16%|█▌        | 1318/8189 [2:03:42<10:44:01,  5.62s/it]
 16%|█▌        | 1319/8189 [2:03:48<10:47:42,  5.66s/it]
 16%|█▌        | 1320/8189 [2:03:52<10:22:23,  5.44s/it]
 16%|█▌        | 1321/8189 [2:03:57<10:02:46,  5.27s/it]
 16%|█▌        | 1322/8189 [2:04:03<10:12:05,  5.35s/it]
 16%|█▌        | 1323/8189 [2:04:08<10:16:23,  5.39s/it]
 16%|█▌        | 1324/8189 [2:04:14<10:09:47,  5.33s/it]
 16%|█▌        | 1325/8189 [2:04:19<10:04:43,  5.29s/it]
 16%|█▌        | 1326/8189 [2:04:24<10:04:16,  5.28s/it]
 16%|█▌        | 1327/8189 [2:04:30<10:31:39,  5.52s/it]
 16%|█▌        | 1328/8189 [2:04:36<10:43:34,  5.63s/it]
 16%|█▌        | 1329/8189 [2:04:42<10:58:27,  5.76s/it]
 16%|█▌        | 1330/8189 [2:04:47<10:31:40,  5.53s/it]
 16%|█▋        | 1331/8189 [2:04:53<10:46:01,  5.65s/it]
 16%|█▋        | 1332/8189 [2:04:58<10:24:14,  5.46s/it]
 16%|█▋        | 1333/8189 [2:05:03<10:25:16,  5.47s/it]
 16%|█▋        | 1334/8189 [2:05:09<10:22:33,  5.45s/it]
 16%|█▋        | 1335/8189 [2:05:14<10:00:09,  5.25s/it]
 16%|█▋        | 1336/8189 [2:05:20<10:21:16,  5.44s/it]
 16%|█▋        | 1337/8189 [2:05:25<10:07:38,  5.32s/it]
 16%|█▋        | 1338/8189 [2:05:30<10:14:39,  5.38s/it]
 16%|█▋        | 1339/8189 [2:05:37<10:48:43,  5.68s/it]
 16%|█▋        | 1340/8189 [2:05:43<11:01:22,  5.79s/it]
 16%|█▋        | 1341/8189 [2:05:49<11:29:31,  6.04s/it]
 16%|█▋        | 1342/8189 [2:05:55<11:36:49,  6.11s/it]
 16%|█▋        | 1343/8189 [2:06:01<11:19:06,  5.95s/it]
 16%|█▋        | 1344/8189 [2:06:06<10:51:01,  5.71s/it]
 16%|█▋        | 1345/8189 [2:06:11<10:32:26,  5.54s/it]
 16%|█▋        | 1346/8189 [2:06:16<10:09:13,  5.34s/it]
 16%|█▋        | 1347/8189 [2:06:21<10:02:01,  5.28s/it]
 16%|█▋        | 1348/8189 [2:06:27<10:10:14,  5.35s/it]
 16%|█▋        | 1349/8189 [2:06:33<10:34:08,  5.56s/it]
 16%|█▋        | 1350/8189 [2:06:39<10:53:10,  5.73s/it]
 16%|█▋        | 1351/8189 [2:06:45<11:08:06,  5.86s/it]
 17%|█▋        | 1352/8189 [2:06:51<10:55:41,  5.75s/it]
 17%|█▋        | 1353/8189 [2:06:57<11:10:21,  5.88s/it]
 17%|█▋        | 1354/8189 [2:07:02<10:50:46,  5.71s/it]
 17%|█▋        | 1355/8189 [2:07:08<10:59:04,  5.79s/it]
 17%|█▋        | 1356/8189 [2:07:14<11:14:41,  5.92s/it]
 17%|█▋        | 1357/8189 [2:07:20<11:07:06,  5.86s/it]
 17%|█▋        | 1358/8189 [2:07:25<10:31:21,  5.55s/it]
 17%|█▋        | 1359/8189 [2:07:30<10:15:14,  5.40s/it]
 17%|█▋        | 1360/8189 [2:07:35<10:16:16,  5.41s/it]
 17%|█▋        | 1361/8189 [2:07:41<10:33:38,  5.57s/it]
 17%|█▋        | 1362/8189 [2:07:46<10:17:05,  5.42s/it]
 17%|█▋        | 1363/8189 [2:07:52<10:12:52,  5.39s/it]
 17%|█▋        | 1364/8189 [2:07:58<10:29:52,  5.54s/it]
 17%|█▋        | 1365/8189 [2:08:03<10:19:26,  5.45s/it]
 17%|█▋        | 1366/8189 [2:08:07<9:36:57,  5.07s/it] 
 17%|█▋        | 1367/8189 [2:08:12<9:26:06,  4.98s/it]
 17%|█▋        | 1368/8189 [2:08:16<9:05:06,  4.79s/it]
 17%|█▋        | 1369/8189 [2:08:21<9:19:54,  4.93s/it]
 17%|█▋        | 1370/8189 [2:08:26<9:12:19,  4.86s/it]
 17%|█▋        | 1371/8189 [2:08:31<9:06:18,  4.81s/it]
 17%|█▋        | 1372/8189 [2:08:36<9:28:06,  5.00s/it]
 17%|█▋        | 1373/8189 [2:08:42<9:55:39,  5.24s/it]
 17%|█▋        | 1374/8189 [2:08:48<10:26:30,  5.52s/it]
 17%|█▋        | 1375/8189 [2:08:54<10:31:11,  5.56s/it]
 17%|█▋        | 1376/8189 [2:09:00<10:42:33,  5.66s/it]
 17%|█▋        | 1377/8189 [2:09:05<10:31:38,  5.56s/it]
 17%|█▋        | 1378/8189 [2:09:10<10:24:30,  5.50s/it]
 17%|█▋        | 1379/8189 [2:09:17<10:46:29,  5.70s/it]
 17%|█▋        | 1380/8189 [2:09:23<11:04:10,  5.85s/it]
 17%|█▋        | 1381/8189 [2:09:29<11:06:43,  5.88s/it]
 17%|█▋        | 1382/8189 [2:09:34<10:51:04,  5.74s/it]
 17%|█▋        | 1383/8189 [2:09:40<10:44:09,  5.68s/it]
 17%|█▋        | 1384/8189 [2:09:46<11:03:58,  5.85s/it]
 17%|█▋        | 1385/8189 [2:09:52<11:21:21,  6.01s/it]
 17%|█▋        | 1386/8189 [2:09:58<11:19:21,  5.99s/it]
 17%|█▋        | 1387/8189 [2:10:04<11:15:00,  5.95s/it]
 17%|█▋        | 1388/8189 [2:10:09<10:48:28,  5.72s/it]
 17%|█▋        | 1389/8189 [2:10:15<10:48:02,  5.72s/it]
 17%|█▋        | 1390/8189 [2:10:20<10:14:17,  5.42s/it]
 17%|█▋        | 1391/8189 [2:10:26<10:37:11,  5.62s/it]
 17%|█▋        | 1392/8189 [2:10:32<11:01:08,  5.84s/it]
 17%|█▋        | 1393/8189 [2:10:38<11:10:56,  5.92s/it]
 17%|█▋        | 1394/8189 [2:10:44<10:58:51,  5.82s/it]
 17%|█▋        | 1395/8189 [2:10:50<10:50:18,  5.74s/it]
 17%|█▋        | 1396/8189 [2:10:56<11:00:40,  5.84s/it]
 17%|█▋        | 1397/8189 [2:11:01<10:59:19,  5.82s/it]
 17%|█▋        | 1398/8189 [2:11:07<10:51:36,  5.76s/it]
 17%|█▋        | 1399/8189 [2:11:12<10:36:32,  5.62s/it]
 17%|█▋        | 1400/8189 [2:11:17<10:17:01,  5.45s/it]
 17%|█▋        | 1401/8189 [2:11:22<9:47:26,  5.19s/it] 
 17%|█▋        | 1402/8189 [2:11:28<10:22:32,  5.50s/it]
 17%|█▋        | 1403/8189 [2:11:34<10:43:34,  5.69s/it]
 17%|█▋        | 1404/8189 [2:11:40<10:55:14,  5.79s/it]
 17%|█▋        | 1405/8189 [2:11:46<10:43:21,  5.69s/it]
 17%|█▋        | 1406/8189 [2:11:51<10:25:03,  5.53s/it]
 17%|█▋        | 1407/8189 [2:11:56<10:04:48,  5.35s/it]
 17%|█▋        | 1408/8189 [2:12:01<10:12:17,  5.42s/it]
 17%|█▋        | 1409/8189 [2:12:08<10:41:19,  5.68s/it]
 17%|█▋        | 1410/8189 [2:12:13<10:28:01,  5.56s/it]
 17%|█▋        | 1411/8189 [2:12:19<10:36:22,  5.63s/it]
 17%|█▋        | 1412/8189 [2:12:25<10:42:04,  5.68s/it]
 17%|█▋        | 1413/8189 [2:12:31<10:54:14,  5.79s/it]
 17%|█▋        | 1414/8189 [2:12:36<10:41:30,  5.68s/it]
 17%|█▋        | 1415/8189 [2:12:41<10:30:04,  5.58s/it]
 17%|█▋        | 1416/8189 [2:12:46<10:05:41,  5.37s/it]
 17%|█▋        | 1417/8189 [2:12:52<10:31:12,  5.59s/it]
 17%|█▋        | 1418/8189 [2:12:57<10:04:30,  5.36s/it]
 17%|█▋        | 1419/8189 [2:13:02<9:51:41,  5.24s/it] 
 17%|█▋        | 1420/8189 [2:13:09<10:29:03,  5.58s/it]
 17%|█▋        | 1421/8189 [2:13:15<10:50:30,  5.77s/it]
 17%|█▋        | 1422/8189 [2:13:20<10:46:40,  5.73s/it]
 17%|█▋        | 1423/8189 [2:13:26<10:49:18,  5.76s/it]
 17%|█▋        | 1424/8189 [2:13:31<10:24:48,  5.54s/it]
 17%|█▋        | 1425/8189 [2:13:36<10:13:10,  5.44s/it]
 17%|█▋        | 1426/8189 [2:13:42<10:24:32,  5.54s/it]
 17%|█▋        | 1427/8189 [2:13:49<10:52:39,  5.79s/it]
 17%|█▋        | 1428/8189 [2:13:54<10:54:10,  5.81s/it]
 17%|█▋        | 1429/8189 [2:14:00<10:52:34,  5.79s/it]
 17%|█▋        | 1430/8189 [2:14:06<10:58:37,  5.85s/it]
 17%|█▋        | 1431/8189 [2:14:12<11:03:53,  5.89s/it]
 17%|█▋        | 1432/8189 [2:14:17<10:27:13,  5.57s/it]
 17%|█▋        | 1433/8189 [2:14:23<10:27:04,  5.57s/it]
 18%|█▊        | 1434/8189 [2:14:27<9:59:06,  5.32s/it] 
 18%|█▊        | 1435/8189 [2:14:32<9:36:32,  5.12s/it]
 18%|█▊        | 1436/8189 [2:14:37<9:22:11,  5.00s/it]
 18%|█▊        | 1437/8189 [2:14:42<9:42:51,  5.18s/it]
 18%|█▊        | 1438/8189 [2:14:48<9:47:38,  5.22s/it]
 18%|█▊        | 1439/8189 [2:14:53<9:50:09,  5.25s/it]
 18%|█▊        | 1440/8189 [2:14:59<10:06:28,  5.39s/it]
 18%|█▊        | 1441/8189 [2:15:05<10:45:26,  5.74s/it]
 18%|█▊        | 1442/8189 [2:15:11<11:02:39,  5.89s/it]
 18%|█▊        | 1443/8189 [2:15:16<10:23:00,  5.54s/it]
 18%|█▊        | 1444/8189 [2:15:22<10:32:29,  5.63s/it]
 18%|█▊        | 1445/8189 [2:15:28<10:44:20,  5.73s/it]
 18%|█▊        | 1446/8189 [2:15:33<10:34:39,  5.65s/it]
 18%|█▊        | 1447/8189 [2:15:40<11:03:36,  5.91s/it]
 18%|█▊        | 1448/8189 [2:15:46<10:59:07,  5.87s/it]
 18%|█▊        | 1449/8189 [2:15:52<10:59:32,  5.87s/it]
 18%|█▊        | 1450/8189 [2:15:58<11:22:19,  6.08s/it]
 18%|█▊        | 1451/8189 [2:16:04<11:03:37,  5.91s/it]
 18%|█▊        | 1452/8189 [2:16:09<10:50:18,  5.79s/it]
 18%|█▊        | 1453/8189 [2:16:14<10:11:10,  5.44s/it]
 18%|█▊        | 1454/8189 [2:16:19<10:08:12,  5.42s/it]
 18%|█▊        | 1455/8189 [2:16:24<10:03:38,  5.38s/it]
 18%|█▊        | 1456/8189 [2:16:30<10:17:26,  5.50s/it]
 18%|█▊        | 1457/8189 [2:16:37<10:54:18,  5.83s/it]
 18%|█▊        | 1458/8189 [2:16:43<10:55:20,  5.84s/it]
 18%|█▊        | 1459/8189 [2:16:48<10:37:12,  5.68s/it]
 18%|█▊        | 1460/8189 [2:16:53<10:24:22,  5.57s/it]
 18%|█▊        | 1461/8189 [2:16:59<10:32:40,  5.64s/it]
 18%|█▊        | 1462/8189 [2:17:04<10:14:30,  5.48s/it]
 18%|█▊        | 1463/8189 [2:17:10<10:34:00,  5.66s/it]
 18%|█▊        | 1464/8189 [2:17:15<10:18:59,  5.52s/it]
 18%|█▊        | 1465/8189 [2:17:21<10:30:53,  5.63s/it]
 18%|█▊        | 1466/8189 [2:17:27<10:24:27,  5.57s/it]
 18%|█▊        | 1467/8189 [2:17:30<9:20:55,  5.01s/it] 
 18%|█▊        | 1468/8189 [2:17:37<10:03:27,  5.39s/it]
 18%|█▊        | 1469/8189 [2:17:43<10:17:30,  5.51s/it]
 18%|█▊        | 1470/8189 [2:17:48<10:28:29,  5.61s/it]
 18%|█▊        | 1471/8189 [2:17:54<10:11:48,  5.46s/it]
 18%|█▊        | 1472/8189 [2:17:59<9:58:20,  5.34s/it] 
 18%|█▊        | 1473/8189 [2:18:04<10:09:12,  5.44s/it]
 18%|█▊        | 1474/8189 [2:18:10<10:06:32,  5.42s/it]
 18%|█▊        | 1475/8189 [2:18:15<10:18:57,  5.53s/it]
 18%|█▊        | 1476/8189 [2:18:22<10:39:55,  5.72s/it]
 18%|█▊        | 1477/8189 [2:18:28<10:47:05,  5.78s/it]
 18%|█▊        | 1478/8189 [2:18:33<10:23:38,  5.58s/it]
 18%|█▊        | 1479/8189 [2:18:38<10:25:10,  5.59s/it]
 18%|█▊        | 1480/8189 [2:18:43<10:01:11,  5.38s/it]
 18%|█▊        | 1481/8189 [2:18:49<10:26:02,  5.60s/it]
 18%|█▊        | 1482/8189 [2:18:54<10:14:20,  5.50s/it]
 18%|█▊        | 1483/8189 [2:19:00<10:03:03,  5.40s/it]
 18%|█▊        | 1484/8189 [2:19:05<9:54:24,  5.32s/it] 
 18%|█▊        | 1485/8189 [2:19:11<10:07:30,  5.44s/it]
 18%|█▊        | 1486/8189 [2:19:17<10:30:51,  5.65s/it]
 18%|█▊        | 1487/8189 [2:19:22<10:15:55,  5.51s/it]
 18%|█▊        | 1488/8189 [2:19:27<10:14:13,  5.50s/it]
 18%|█▊        | 1489/8189 [2:19:32<9:48:55,  5.27s/it] 
 18%|█▊        | 1490/8189 [2:19:38<9:56:43,  5.34s/it]
 18%|█▊        | 1491/8189 [2:19:43<9:47:03,  5.26s/it]
 18%|█▊        | 1492/8189 [2:19:48<10:04:00,  5.41s/it]
 18%|█▊        | 1493/8189 [2:19:54<10:01:38,  5.39s/it]
 18%|█▊        | 1494/8189 [2:20:00<10:23:34,  5.59s/it]
 18%|█▊        | 1495/8189 [2:20:05<10:05:58,  5.43s/it]
 18%|█▊        | 1496/8189 [2:20:10<10:02:35,  5.40s/it]
 18%|█▊        | 1497/8189 [2:20:16<10:17:20,  5.53s/it]
 18%|█▊        | 1498/8189 [2:20:22<10:36:55,  5.71s/it]
 18%|█▊        | 1499/8189 [2:20:28<10:55:57,  5.88s/it]
 18%|█▊        | 1500/8189 [2:20:34<11:00:26,  5.92s/it]
 18%|█▊        | 1501/8189 [2:20:40<10:44:50,  5.79s/it]
 18%|█▊        | 1502/8189 [2:20:45<10:29:18,  5.65s/it]
 18%|█▊        | 1503/8189 [2:20:51<10:35:34,  5.70s/it]
 18%|█▊        | 1504/8189 [2:20:57<10:43:03,  5.77s/it]
 18%|█▊        | 1505/8189 [2:21:02<10:32:42,  5.68s/it]
 18%|█▊        | 1506/8189 [2:21:09<10:44:42,  5.79s/it]
 18%|█▊        | 1507/8189 [2:21:14<10:39:22,  5.74s/it]
 18%|█▊        | 1508/8189 [2:21:20<10:41:42,  5.76s/it]
 18%|█▊        | 1509/8189 [2:21:26<10:48:13,  5.82s/it]
 18%|█▊        | 1510/8189 [2:21:32<10:58:21,  5.91s/it]
 18%|█▊        | 1511/8189 [2:21:37<10:42:35,  5.77s/it]
 18%|█▊        | 1512/8189 [2:21:44<10:59:26,  5.93s/it]
 18%|█▊        | 1513/8189 [2:21:50<10:55:51,  5.89s/it]
 18%|█▊        | 1514/8189 [2:21:55<10:31:24,  5.68s/it]
 19%|█▊        | 1515/8189 [2:21:59<9:29:43,  5.12s/it] 
 19%|█▊        | 1516/8189 [2:22:04<9:39:29,  5.21s/it]
 19%|█▊        | 1517/8189 [2:22:10<9:59:12,  5.39s/it]
 19%|█▊        | 1518/8189 [2:22:16<10:27:09,  5.64s/it]
 19%|█▊        | 1519/8189 [2:22:22<10:33:31,  5.70s/it]
 19%|█▊        | 1520/8189 [2:22:27<10:08:33,  5.48s/it]
 19%|█▊        | 1521/8189 [2:22:33<10:15:33,  5.54s/it]
 19%|█▊        | 1522/8189 [2:22:38<10:28:54,  5.66s/it]
 19%|█▊        | 1523/8189 [2:22:44<10:36:38,  5.73s/it]
 19%|█▊        | 1524/8189 [2:22:50<10:21:00,  5.59s/it]
 19%|█▊        | 1525/8189 [2:22:55<10:11:24,  5.50s/it]
 19%|█▊        | 1526/8189 [2:23:01<10:14:43,  5.54s/it]
 19%|█▊        | 1527/8189 [2:23:06<10:10:06,  5.49s/it]
 19%|█▊        | 1528/8189 [2:23:11<9:41:43,  5.24s/it] 
 19%|█▊        | 1529/8189 [2:23:16<9:53:09,  5.34s/it]
 19%|█▊        | 1530/8189 [2:23:22<10:11:36,  5.51s/it]
 19%|█▊        | 1531/8189 [2:23:28<10:29:05,  5.67s/it]
 19%|█▊        | 1532/8189 [2:23:33<10:07:53,  5.48s/it]
 19%|█▊        | 1533/8189 [2:23:39<10:10:16,  5.50s/it]
 19%|█▊        | 1534/8189 [2:23:44<9:56:57,  5.38s/it] 
 19%|█▊        | 1535/8189 [2:23:49<9:39:26,  5.22s/it]
 19%|█▉        | 1536/8189 [2:23:54<9:49:57,  5.32s/it]
 19%|█▉        | 1537/8189 [2:24:00<10:18:12,  5.58s/it]
 19%|█▉        | 1538/8189 [2:24:07<10:42:28,  5.80s/it]
 19%|█▉        | 1539/8189 [2:24:12<10:27:57,  5.67s/it]
 19%|█▉        | 1540/8189 [2:24:18<10:36:08,  5.74s/it]
 19%|█▉        | 1541/8189 [2:24:24<10:39:07,  5.77s/it]
 19%|█▉        | 1542/8189 [2:24:29<10:30:01,  5.69s/it]
 19%|█▉        | 1543/8189 [2:24:35<10:41:09,  5.79s/it]
 19%|█▉        | 1544/8189 [2:24:41<10:51:35,  5.88s/it]
 19%|█▉        | 1545/8189 [2:24:47<10:33:24,  5.72s/it]
 19%|█▉        | 1546/8189 [2:24:53<11:02:29,  5.98s/it]
 19%|█▉        | 1547/8189 [2:24:59<11:04:44,  6.00s/it]
 19%|█▉        | 1548/8189 [2:25:05<10:58:53,  5.95s/it]
 19%|█▉        | 1549/8189 [2:25:11<10:43:35,  5.82s/it]
 19%|█▉        | 1550/8189 [2:25:17<10:46:23,  5.84s/it]
 19%|█▉        | 1551/8189 [2:25:22<10:33:38,  5.73s/it]
 19%|█▉        | 1552/8189 [2:25:29<10:58:39,  5.95s/it]
 19%|█▉        | 1553/8189 [2:25:34<10:33:35,  5.73s/it]
 19%|█▉        | 1554/8189 [2:25:39<10:25:22,  5.66s/it]
 19%|█▉        | 1555/8189 [2:25:45<10:38:33,  5.78s/it]
 19%|█▉        | 1556/8189 [2:25:50<10:17:30,  5.59s/it]
 19%|█▉        | 1557/8189 [2:25:56<10:02:34,  5.45s/it]
 19%|█▉        | 1558/8189 [2:26:01<10:09:17,  5.51s/it]
 19%|█▉        | 1559/8189 [2:26:07<10:19:29,  5.61s/it]
 19%|█▉        | 1560/8189 [2:26:13<10:24:35,  5.65s/it]
 19%|█▉        | 1561/8189 [2:26:18<10:22:53,  5.64s/it]
 19%|█▉        | 1562/8189 [2:26:24<10:15:57,  5.58s/it]
 19%|█▉        | 1563/8189 [2:26:30<10:18:02,  5.60s/it]
 19%|█▉        | 1564/8189 [2:26:35<10:27:21,  5.68s/it]
 19%|█▉        | 1565/8189 [2:26:41<10:32:08,  5.73s/it]
 19%|█▉        | 1566/8189 [2:26:46<9:55:02,  5.39s/it] 
 19%|█▉        | 1567/8189 [2:26:51<9:42:04,  5.27s/it]
 19%|█▉        | 1568/8189 [2:26:56<9:29:50,  5.16s/it]
 19%|█▉        | 1569/8189 [2:27:02<9:52:35,  5.37s/it]
 19%|█▉        | 1570/8189 [2:27:07<9:49:54,  5.35s/it]
 19%|█▉        | 1571/8189 [2:27:12<9:57:13,  5.41s/it]
 19%|█▉        | 1572/8189 [2:27:18<10:16:28,  5.59s/it]
 19%|█▉        | 1573/8189 [2:27:25<10:33:34,  5.75s/it]
 19%|█▉        | 1574/8189 [2:27:30<10:32:59,  5.74s/it]
 19%|█▉        | 1575/8189 [2:27:36<10:43:40,  5.84s/it]
 19%|█▉        | 1576/8189 [2:27:42<10:20:03,  5.63s/it]
 19%|█▉        | 1577/8189 [2:27:46<9:46:40,  5.32s/it] 
 19%|█▉        | 1578/8189 [2:27:52<9:53:01,  5.38s/it]
 19%|█▉        | 1579/8189 [2:27:58<10:16:15,  5.59s/it]
 19%|█▉        | 1580/8189 [2:28:03<10:15:18,  5.59s/it]
 19%|█▉        | 1581/8189 [2:28:09<10:16:20,  5.60s/it]
 19%|█▉        | 1582/8189 [2:28:14<10:08:32,  5.53s/it]
 19%|█▉        | 1583/8189 [2:28:20<10:15:50,  5.59s/it]
 19%|█▉        | 1584/8189 [2:28:26<10:11:52,  5.56s/it]
 19%|█▉        | 1585/8189 [2:28:31<10:09:39,  5.54s/it]
 19%|█▉        | 1586/8189 [2:28:37<10:23:00,  5.66s/it]
 19%|█▉        | 1587/8189 [2:28:43<10:31:16,  5.74s/it]
 19%|█▉        | 1588/8189 [2:28:46<9:16:52,  5.06s/it] 
 19%|█▉        | 1589/8189 [2:28:52<9:44:51,  5.32s/it]
 19%|█▉        | 1590/8189 [2:28:57<9:37:01,  5.25s/it]
 19%|█▉        | 1591/8189 [2:29:03<9:54:11,  5.40s/it]
 19%|█▉        | 1592/8189 [2:29:09<10:10:19,  5.55s/it]
 19%|█▉        | 1593/8189 [2:29:16<10:45:38,  5.87s/it]
 19%|█▉        | 1594/8189 [2:29:22<10:50:43,  5.92s/it]
 19%|█▉        | 1595/8189 [2:29:28<11:07:18,  6.07s/it]
 19%|█▉        | 1596/8189 [2:29:35<11:30:17,  6.28s/it]
 20%|█▉        | 1597/8189 [2:29:40<11:08:15,  6.08s/it]
 20%|█▉        | 1598/8189 [2:29:46<10:48:16,  5.90s/it]
 20%|█▉        | 1599/8189 [2:29:52<10:36:41,  5.80s/it]
 20%|█▉        | 1600/8189 [2:29:57<10:24:21,  5.69s/it]
 20%|█▉        | 1601/8189 [2:30:02<10:09:28,  5.55s/it]
 20%|█▉        | 1602/8189 [2:30:08<10:12:46,  5.58s/it]
 20%|█▉        | 1603/8189 [2:30:14<10:20:22,  5.65s/it]
 20%|█▉        | 1604/8189 [2:30:20<10:29:08,  5.73s/it]
 20%|█▉        | 1605/8189 [2:30:25<10:27:06,  5.71s/it]
 20%|█▉        | 1606/8189 [2:30:31<10:19:41,  5.65s/it]
 20%|█▉        | 1607/8189 [2:30:36<10:00:25,  5.47s/it]
 20%|█▉        | 1608/8189 [2:30:41<10:04:41,  5.51s/it]
 20%|█▉        | 1609/8189 [2:30:47<9:57:49,  5.45s/it] 
 20%|█▉        | 1610/8189 [2:30:51<9:27:51,  5.18s/it]
 20%|█▉        | 1611/8189 [2:30:57<9:48:18,  5.37s/it]
 20%|█▉        | 1612/8189 [2:31:02<9:41:46,  5.31s/it]
 20%|█▉        | 1613/8189 [2:31:08<9:52:55,  5.41s/it]
 20%|█▉        | 1614/8189 [2:31:13<9:39:30,  5.29s/it]
 20%|█▉        | 1615/8189 [2:31:18<9:31:30,  5.22s/it]
 20%|█▉        | 1616/8189 [2:31:24<9:56:11,  5.44s/it]
 20%|█▉        | 1617/8189 [2:31:30<10:27:00,  5.72s/it]
 20%|█▉        | 1618/8189 [2:31:36<10:25:21,  5.71s/it]
 20%|█▉        | 1619/8189 [2:31:41<9:56:43,  5.45s/it] 
 20%|█▉        | 1620/8189 [2:31:45<9:30:41,  5.21s/it]
 20%|█▉        | 1621/8189 [2:31:51<9:27:52,  5.19s/it]
 20%|█▉        | 1622/8189 [2:31:56<9:32:35,  5.23s/it]
 20%|█▉        | 1623/8189 [2:32:02<9:48:59,  5.38s/it]
 20%|█▉        | 1624/8189 [2:32:07<9:45:44,  5.35s/it]
 20%|█▉        | 1625/8189 [2:32:11<9:08:26,  5.01s/it]
 20%|█▉        | 1626/8189 [2:32:17<9:48:10,  5.38s/it]
 20%|█▉        | 1627/8189 [2:32:22<9:26:31,  5.18s/it]
 20%|█▉        | 1628/8189 [2:32:28<9:48:15,  5.38s/it]
 20%|█▉        | 1629/8189 [2:32:34<10:02:33,  5.51s/it]
 20%|█▉        | 1630/8189 [2:32:39<9:48:56,  5.39s/it] 
 20%|█▉        | 1631/8189 [2:32:45<10:00:41,  5.50s/it]
 20%|█▉        | 1632/8189 [2:32:50<10:11:09,  5.59s/it]
 20%|█▉        | 1633/8189 [2:32:56<10:20:49,  5.68s/it]
 20%|█▉        | 1634/8189 [2:33:01<9:57:39,  5.47s/it] 
 20%|█▉        | 1635/8189 [2:33:07<10:07:08,  5.56s/it]
 20%|█▉        | 1636/8189 [2:33:12<9:41:20,  5.32s/it] 
 20%|█▉        | 1637/8189 [2:33:17<9:38:46,  5.30s/it]
 20%|██        | 1638/8189 [2:33:23<9:45:47,  5.37s/it]
 20%|██        | 1639/8189 [2:33:29<10:22:59,  5.71s/it]
 20%|██        | 1640/8189 [2:33:36<10:47:17,  5.93s/it]
 20%|██        | 1641/8189 [2:33:41<10:41:52,  5.88s/it]
 20%|██        | 1642/8189 [2:33:47<10:37:07,  5.84s/it]
 20%|██        | 1643/8189 [2:33:53<10:47:47,  5.94s/it]
 20%|██        | 1644/8189 [2:33:59<10:36:17,  5.83s/it]
 20%|██        | 1645/8189 [2:34:04<10:20:37,  5.69s/it]
 20%|██        | 1646/8189 [2:34:09<9:57:06,  5.48s/it] 
 20%|██        | 1647/8189 [2:34:14<9:27:50,  5.21s/it]
 20%|██        | 1648/8189 [2:34:20<9:56:49,  5.47s/it]
 20%|██        | 1649/8189 [2:34:23<8:56:27,  4.92s/it]
 20%|██        | 1650/8189 [2:34:28<8:48:05,  4.85s/it]
 20%|██        | 1651/8189 [2:34:33<9:02:47,  4.98s/it]
 20%|██        | 1652/8189 [2:34:38<8:59:06,  4.95s/it]
 20%|██        | 1653/8189 [2:34:44<9:21:59,  5.16s/it]
 20%|██        | 1654/8189 [2:34:49<9:34:28,  5.27s/it]
 20%|██        | 1655/8189 [2:34:55<9:33:29,  5.27s/it]
 20%|██        | 1656/8189 [2:35:01<9:54:22,  5.46s/it]
 20%|██        | 1657/8189 [2:35:06<9:56:33,  5.48s/it]
 20%|██        | 1658/8189 [2:35:11<9:46:56,  5.39s/it]
 20%|██        | 1659/8189 [2:35:18<10:13:18,  5.64s/it]
 20%|██        | 1660/8189 [2:35:23<10:20:43,  5.70s/it]
 20%|██        | 1661/8189 [2:35:29<10:00:56,  5.52s/it]
 20%|██        | 1662/8189 [2:35:33<9:27:58,  5.22s/it] 
 20%|██        | 1663/8189 [2:35:39<9:53:27,  5.46s/it]
 20%|██        | 1664/8189 [2:35:45<10:20:51,  5.71s/it]
 20%|██        | 1665/8189 [2:35:51<10:05:15,  5.57s/it]
 20%|██        | 1666/8189 [2:35:56<10:07:05,  5.58s/it]
 20%|██        | 1667/8189 [2:36:01<9:28:36,  5.23s/it] 
 20%|██        | 1668/8189 [2:36:05<9:06:18,  5.03s/it]
 20%|██        | 1669/8189 [2:36:11<9:41:13,  5.35s/it]
 20%|██        | 1670/8189 [2:36:16<9:22:11,  5.17s/it]
 20%|██        | 1671/8189 [2:36:21<9:16:31,  5.12s/it]
 20%|██        | 1672/8189 [2:36:25<8:46:00,  4.84s/it]
 20%|██        | 1673/8189 [2:36:30<8:31:04,  4.71s/it]
 20%|██        | 1674/8189 [2:36:35<9:06:10,  5.03s/it]
 20%|██        | 1675/8189 [2:36:40<8:38:05,  4.77s/it]
 20%|██        | 1676/8189 [2:36:44<8:27:47,  4.68s/it]
 20%|██        | 1677/8189 [2:36:49<8:40:40,  4.80s/it]
 20%|██        | 1678/8189 [2:36:55<9:08:22,  5.05s/it]
 21%|██        | 1679/8189 [2:37:00<9:05:08,  5.02s/it]
 21%|██        | 1680/8189 [2:37:05<9:14:14,  5.11s/it]
 21%|██        | 1681/8189 [2:37:09<8:40:42,  4.80s/it]
 21%|██        | 1682/8189 [2:37:14<8:41:46,  4.81s/it]
 21%|██        | 1683/8189 [2:37:20<9:31:07,  5.27s/it]
 21%|██        | 1684/8189 [2:37:26<9:38:35,  5.34s/it]
 21%|██        | 1685/8189 [2:37:32<10:09:37,  5.62s/it]
 21%|██        | 1686/8189 [2:37:38<10:32:02,  5.83s/it]
 21%|██        | 1687/8189 [2:37:44<10:19:49,  5.72s/it]
 21%|██        | 1688/8189 [2:37:49<9:56:14,  5.50s/it] 
 21%|██        | 1689/8189 [2:37:54<9:41:47,  5.37s/it]
 21%|██        | 1690/8189 [2:37:59<9:33:36,  5.30s/it]
 21%|██        | 1691/8189 [2:38:04<9:22:40,  5.20s/it]
 21%|██        | 1692/8189 [2:38:09<9:24:15,  5.21s/it]
 21%|██        | 1693/8189 [2:38:15<9:44:40,  5.40s/it]
 21%|██        | 1694/8189 [2:38:20<9:13:59,  5.12s/it]
 21%|██        | 1695/8189 [2:38:25<9:29:01,  5.26s/it]
 21%|██        | 1696/8189 [2:38:30<9:25:09,  5.22s/it]
 21%|██        | 1697/8189 [2:38:36<9:49:45,  5.45s/it]
 21%|██        | 1698/8189 [2:38:42<9:46:13,  5.42s/it]
 21%|██        | 1699/8189 [2:38:47<9:35:28,  5.32s/it]
 21%|██        | 1700/8189 [2:38:53<10:01:14,  5.56s/it]
 21%|██        | 1701/8189 [2:38:58<9:46:48,  5.43s/it] 
 21%|██        | 1702/8189 [2:39:04<10:15:35,  5.69s/it]
 21%|██        | 1703/8189 [2:39:09<9:55:47,  5.51s/it] 
 21%|██        | 1704/8189 [2:39:15<9:49:18,  5.45s/it]
 21%|██        | 1705/8189 [2:39:19<9:14:00,  5.13s/it]
 21%|██        | 1706/8189 [2:39:23<8:39:15,  4.81s/it]
 21%|██        | 1707/8189 [2:39:28<8:31:43,  4.74s/it]
 21%|██        | 1708/8189 [2:39:33<8:47:50,  4.89s/it]
 21%|██        | 1709/8189 [2:39:38<8:58:11,  4.98s/it]
 21%|██        | 1710/8189 [2:39:44<9:43:39,  5.41s/it]
 21%|██        | 1711/8189 [2:39:50<9:54:45,  5.51s/it]
 21%|██        | 1712/8189 [2:39:56<9:57:22,  5.53s/it]
 21%|██        | 1713/8189 [2:40:01<9:46:37,  5.43s/it]
 21%|██        | 1714/8189 [2:40:06<9:41:16,  5.39s/it]
 21%|██        | 1715/8189 [2:40:12<9:57:23,  5.54s/it]
 21%|██        | 1716/8189 [2:40:18<9:51:36,  5.48s/it]
 21%|██        | 1717/8189 [2:40:24<10:07:28,  5.63s/it]
 21%|██        | 1718/8189 [2:40:28<9:34:18,  5.33s/it] 
 21%|██        | 1719/8189 [2:40:34<9:43:40,  5.41s/it]
 21%|██        | 1720/8189 [2:40:38<9:06:27,  5.07s/it]
 21%|██        | 1721/8189 [2:40:41<8:08:57,  4.54s/it]
 21%|██        | 1722/8189 [2:40:46<8:29:36,  4.73s/it]
 21%|██        | 1723/8189 [2:40:52<9:07:28,  5.08s/it]
 21%|██        | 1724/8189 [2:40:57<9:04:14,  5.05s/it]
 21%|██        | 1725/8189 [2:41:03<9:26:16,  5.26s/it]
 21%|██        | 1726/8189 [2:41:08<9:30:37,  5.30s/it]
 21%|██        | 1727/8189 [2:41:14<9:25:51,  5.25s/it]
 21%|██        | 1728/8189 [2:41:20<10:06:47,  5.64s/it]
 21%|██        | 1729/8189 [2:41:26<10:11:20,  5.68s/it]
 21%|██        | 1730/8189 [2:41:31<10:06:26,  5.63s/it]
 21%|██        | 1731/8189 [2:41:38<10:31:15,  5.86s/it]
 21%|██        | 1732/8189 [2:41:43<9:59:05,  5.57s/it] 
 21%|██        | 1733/8189 [2:41:47<9:20:02,  5.20s/it]
 21%|██        | 1734/8189 [2:41:52<9:16:50,  5.18s/it]
 21%|██        | 1735/8189 [2:41:58<9:21:19,  5.22s/it]
 21%|██        | 1736/8189 [2:42:03<9:29:11,  5.29s/it]
 21%|██        | 1737/8189 [2:42:09<9:41:42,  5.41s/it]
 21%|██        | 1738/8189 [2:42:14<9:43:47,  5.43s/it]
 21%|██        | 1739/8189 [2:42:20<9:53:26,  5.52s/it]
 21%|██        | 1740/8189 [2:42:26<10:04:53,  5.63s/it]
 21%|██▏       | 1741/8189 [2:42:31<10:05:16,  5.63s/it]
 21%|██▏       | 1742/8189 [2:42:37<9:58:57,  5.57s/it] 
 21%|██▏       | 1743/8189 [2:42:42<9:56:55,  5.56s/it]
 21%|██▏       | 1744/8189 [2:42:49<10:26:19,  5.83s/it]
 21%|██▏       | 1745/8189 [2:42:54<10:01:39,  5.60s/it]
 21%|██▏       | 1746/8189 [2:43:00<10:27:22,  5.84s/it]
 21%|██▏       | 1747/8189 [2:43:06<10:32:26,  5.89s/it]
 21%|██▏       | 1748/8189 [2:43:12<10:20:35,  5.78s/it]
 21%|██▏       | 1749/8189 [2:43:17<9:50:07,  5.50s/it] 
 21%|██▏       | 1750/8189 [2:43:23<10:25:15,  5.83s/it]
 21%|██▏       | 1751/8189 [2:43:29<10:19:52,  5.78s/it]
 21%|██▏       | 1752/8189 [2:43:34<10:02:52,  5.62s/it]
 21%|██▏       | 1753/8189 [2:43:40<10:21:25,  5.79s/it]
 21%|██▏       | 1754/8189 [2:43:45<9:39:55,  5.41s/it] 
 21%|██▏       | 1755/8189 [2:43:50<9:31:30,  5.33s/it]
 21%|██▏       | 1756/8189 [2:43:55<9:34:21,  5.36s/it]
 21%|██▏       | 1757/8189 [2:44:01<9:43:00,  5.44s/it]
 21%|██▏       | 1758/8189 [2:44:07<9:43:26,  5.44s/it]
 21%|██▏       | 1759/8189 [2:44:12<9:48:58,  5.50s/it]
 21%|██▏       | 1760/8189 [2:44:16<9:08:35,  5.12s/it]
 22%|██▏       | 1761/8189 [2:44:22<9:15:15,  5.18s/it]
 22%|██▏       | 1762/8189 [2:44:27<9:19:11,  5.22s/it]
 22%|██▏       | 1763/8189 [2:44:32<9:19:26,  5.22s/it]
 22%|██▏       | 1764/8189 [2:44:37<9:11:45,  5.15s/it]
 22%|██▏       | 1765/8189 [2:44:43<9:22:42,  5.26s/it]
 22%|██▏       | 1766/8189 [2:44:48<9:25:01,  5.28s/it]
 22%|██▏       | 1767/8189 [2:44:53<9:24:08,  5.27s/it]
 22%|██▏       | 1768/8189 [2:44:58<9:15:33,  5.19s/it]
 22%|██▏       | 1769/8189 [2:45:03<9:12:47,  5.17s/it]
 22%|██▏       | 1770/8189 [2:45:10<9:57:03,  5.58s/it]
 22%|██▏       | 1771/8189 [2:45:16<10:17:54,  5.78s/it]
 22%|██▏       | 1772/8189 [2:45:22<10:09:04,  5.69s/it]
 22%|██▏       | 1773/8189 [2:45:27<9:49:19,  5.51s/it] 
 22%|██▏       | 1774/8189 [2:45:33<10:04:14,  5.65s/it]
 22%|██▏       | 1775/8189 [2:45:39<10:16:56,  5.77s/it]
 22%|██▏       | 1776/8189 [2:45:44<10:10:39,  5.71s/it]
 22%|██▏       | 1777/8189 [2:45:50<10:03:03,  5.64s/it]
 22%|██▏       | 1778/8189 [2:45:56<10:18:46,  5.79s/it]
 22%|██▏       | 1779/8189 [2:46:01<9:52:04,  5.54s/it] 
 22%|██▏       | 1780/8189 [2:46:06<9:40:19,  5.43s/it]
 22%|██▏       | 1781/8189 [2:46:12<9:41:03,  5.44s/it]
 22%|██▏       | 1782/8189 [2:46:17<9:29:04,  5.33s/it]
 22%|██▏       | 1783/8189 [2:46:22<9:25:35,  5.30s/it]
 22%|██▏       | 1784/8189 [2:46:28<9:40:18,  5.44s/it]
 22%|██▏       | 1785/8189 [2:46:33<9:51:19,  5.54s/it]
 22%|██▏       | 1786/8189 [2:46:39<9:43:20,  5.47s/it]
 22%|██▏       | 1787/8189 [2:46:44<9:38:35,  5.42s/it]
 22%|██▏       | 1788/8189 [2:46:49<9:21:04,  5.26s/it]
 22%|██▏       | 1789/8189 [2:46:55<9:39:02,  5.43s/it]
 22%|██▏       | 1790/8189 [2:47:01<9:48:59,  5.52s/it]
 22%|██▏       | 1791/8189 [2:47:06<9:56:36,  5.59s/it]
 22%|██▏       | 1792/8189 [2:47:12<10:04:51,  5.67s/it]
 22%|██▏       | 1793/8189 [2:47:19<10:27:55,  5.89s/it]
 22%|██▏       | 1794/8189 [2:47:24<10:27:22,  5.89s/it]
 22%|██▏       | 1795/8189 [2:47:30<10:17:15,  5.79s/it]
 22%|██▏       | 1796/8189 [2:47:36<10:10:31,  5.73s/it]
 22%|██▏       | 1797/8189 [2:47:40<9:26:30,  5.32s/it] 
 22%|██▏       | 1798/8189 [2:47:45<9:15:55,  5.22s/it]
 22%|██▏       | 1799/8189 [2:47:50<9:05:06,  5.12s/it]
 22%|██▏       | 1800/8189 [2:47:55<9:12:40,  5.19s/it]
 22%|██▏       | 1801/8189 [2:48:01<9:20:41,  5.27s/it]
 22%|██▏       | 1802/8189 [2:48:05<9:01:23,  5.09s/it]
 22%|██▏       | 1803/8189 [2:48:11<9:09:25,  5.16s/it]
 22%|██▏       | 1804/8189 [2:48:16<9:15:40,  5.22s/it]
 22%|██▏       | 1805/8189 [2:48:22<9:45:15,  5.50s/it]
 22%|██▏       | 1806/8189 [2:48:28<9:53:04,  5.57s/it]
 22%|██▏       | 1807/8189 [2:48:34<10:15:26,  5.79s/it]
 22%|██▏       | 1808/8189 [2:48:40<10:12:38,  5.76s/it]
 22%|██▏       | 1809/8189 [2:48:45<9:43:25,  5.49s/it] 
 22%|██▏       | 1810/8189 [2:48:50<9:37:01,  5.43s/it]
 22%|██▏       | 1811/8189 [2:48:56<9:53:11,  5.58s/it]
 22%|██▏       | 1812/8189 [2:49:02<10:18:50,  5.82s/it]
 22%|██▏       | 1813/8189 [2:49:08<10:01:52,  5.66s/it]
 22%|██▏       | 1814/8189 [2:49:13<9:39:49,  5.46s/it] 
 22%|██▏       | 1815/8189 [2:49:17<9:07:16,  5.15s/it]
 22%|██▏       | 1816/8189 [2:49:22<9:09:55,  5.18s/it]
 22%|██▏       | 1817/8189 [2:49:27<9:04:35,  5.13s/it]
 22%|██▏       | 1818/8189 [2:49:33<9:26:35,  5.34s/it]
 22%|██▏       | 1819/8189 [2:49:39<9:51:17,  5.57s/it]
 22%|██▏       | 1820/8189 [2:49:45<10:01:46,  5.67s/it]
 22%|██▏       | 1821/8189 [2:49:51<9:55:41,  5.61s/it] 
 22%|██▏       | 1822/8189 [2:49:57<10:25:43,  5.90s/it]
 22%|██▏       | 1823/8189 [2:50:03<10:11:25,  5.76s/it]
 22%|██▏       | 1824/8189 [2:50:08<9:45:22,  5.52s/it] 
 22%|██▏       | 1825/8189 [2:50:13<9:46:16,  5.53s/it]
 22%|██▏       | 1826/8189 [2:50:18<9:35:38,  5.43s/it]
 22%|██▏       | 1827/8189 [2:50:24<9:56:57,  5.63s/it]
 22%|██▏       | 1828/8189 [2:50:30<9:57:35,  5.64s/it]
 22%|██▏       | 1829/8189 [2:50:36<10:02:42,  5.69s/it]
 22%|██▏       | 1830/8189 [2:50:41<9:59:58,  5.66s/it] 
 22%|██▏       | 1831/8189 [2:50:47<9:40:34,  5.48s/it]
 22%|██▏       | 1832/8189 [2:50:52<9:56:30,  5.63s/it]
 22%|██▏       | 1833/8189 [2:50:58<9:47:05,  5.54s/it]
 22%|██▏       | 1834/8189 [2:51:03<9:39:48,  5.47s/it]
 22%|██▏       | 1835/8189 [2:51:08<9:04:56,  5.15s/it]
 22%|██▏       | 1836/8189 [2:51:13<9:09:46,  5.19s/it]
 22%|██▏       | 1837/8189 [2:51:18<9:14:21,  5.24s/it]
 22%|██▏       | 1838/8189 [2:51:24<9:31:00,  5.39s/it]
 22%|██▏       | 1839/8189 [2:51:30<9:52:47,  5.60s/it]
 22%|██▏       | 1840/8189 [2:51:36<9:57:07,  5.64s/it]
 22%|██▏       | 1841/8189 [2:51:41<9:43:26,  5.51s/it]
 22%|██▏       | 1842/8189 [2:51:47<10:01:17,  5.68s/it]
 23%|██▎       | 1843/8189 [2:51:52<9:49:48,  5.58s/it] 
 23%|██▎       | 1844/8189 [2:51:58<9:57:36,  5.65s/it]
 23%|██▎       | 1845/8189 [2:52:04<9:54:23,  5.62s/it]
 23%|██▎       | 1846/8189 [2:52:10<10:06:38,  5.74s/it]
 23%|██▎       | 1847/8189 [2:52:16<10:27:59,  5.94s/it]
 23%|██▎       | 1848/8189 [2:52:21<10:03:59,  5.72s/it]
 23%|██▎       | 1849/8189 [2:52:27<10:11:24,  5.79s/it]
 23%|██▎       | 1850/8189 [2:52:33<9:56:08,  5.64s/it] 
 23%|██▎       | 1851/8189 [2:52:38<9:49:01,  5.58s/it]
 23%|██▎       | 1852/8189 [2:52:44<10:01:03,  5.69s/it]
 23%|██▎       | 1853/8189 [2:52:48<9:18:05,  5.28s/it] 
 23%|██▎       | 1854/8189 [2:52:53<8:50:24,  5.02s/it]
 23%|██▎       | 1855/8189 [2:52:58<8:58:13,  5.10s/it]
 23%|██▎       | 1856/8189 [2:53:03<8:50:58,  5.03s/it]
 23%|██▎       | 1857/8189 [2:53:07<8:08:51,  4.63s/it]
 23%|██▎       | 1858/8189 [2:53:11<8:12:46,  4.67s/it]
 23%|██▎       | 1859/8189 [2:53:17<8:53:59,  5.06s/it]
 23%|██▎       | 1860/8189 [2:53:24<9:34:09,  5.44s/it]
 23%|██▎       | 1861/8189 [2:53:30<10:05:52,  5.74s/it]
 23%|██▎       | 1862/8189 [2:53:36<10:02:54,  5.72s/it]
 23%|██▎       | 1863/8189 [2:53:41<10:01:27,  5.70s/it]
 23%|██▎       | 1864/8189 [2:53:47<9:57:52,  5.67s/it] 
 23%|██▎       | 1865/8189 [2:53:53<9:59:33,  5.69s/it]
 23%|██▎       | 1866/8189 [2:53:59<10:04:30,  5.74s/it]
 23%|██▎       | 1867/8189 [2:54:04<10:04:03,  5.73s/it]
 23%|██▎       | 1868/8189 [2:54:10<9:49:26,  5.60s/it] 
 23%|██▎       | 1869/8189 [2:54:15<9:50:18,  5.60s/it]
 23%|██▎       | 1870/8189 [2:54:21<9:39:54,  5.51s/it]
 23%|██▎       | 1871/8189 [2:54:25<9:12:25,  5.25s/it]
 23%|██▎       | 1872/8189 [2:54:30<9:09:43,  5.22s/it]
 23%|██▎       | 1873/8189 [2:54:36<9:39:00,  5.50s/it]
 23%|██▎       | 1874/8189 [2:54:42<9:48:21,  5.59s/it]
 23%|██▎       | 1875/8189 [2:54:49<10:28:17,  5.97s/it]
 23%|██▎       | 1876/8189 [2:54:56<10:44:52,  6.13s/it]
 23%|██▎       | 1877/8189 [2:55:00<10:01:42,  5.72s/it]
 23%|██▎       | 1878/8189 [2:55:05<9:32:13,  5.44s/it] 
 23%|██▎       | 1879/8189 [2:55:11<9:41:03,  5.53s/it]
 23%|██▎       | 1880/8189 [2:55:17<9:47:00,  5.58s/it]
 23%|██▎       | 1881/8189 [2:55:22<9:40:19,  5.52s/it]
 23%|██▎       | 1882/8189 [2:55:28<9:50:34,  5.62s/it]
 23%|██▎       | 1883/8189 [2:55:33<9:25:32,  5.38s/it]
 23%|██▎       | 1884/8189 [2:55:38<9:21:39,  5.34s/it]
 23%|██▎       | 1885/8189 [2:55:44<9:50:54,  5.62s/it]
 23%|██▎       | 1886/8189 [2:55:49<9:30:42,  5.43s/it]
 23%|██▎       | 1887/8189 [2:55:56<10:02:47,  5.74s/it]
 23%|██▎       | 1888/8189 [2:56:02<10:21:35,  5.92s/it]
 23%|██▎       | 1889/8189 [2:56:08<10:34:41,  6.04s/it]
 23%|██▎       | 1890/8189 [2:56:14<10:25:04,  5.95s/it]
 23%|██▎       | 1891/8189 [2:56:20<10:17:05,  5.88s/it]
 23%|██▎       | 1892/8189 [2:56:25<10:07:06,  5.78s/it]
 23%|██▎       | 1893/8189 [2:56:32<10:21:27,  5.92s/it]
 23%|██▎       | 1894/8189 [2:56:37<10:17:46,  5.89s/it]
 23%|██▎       | 1895/8189 [2:56:43<10:15:13,  5.86s/it]
 23%|██▎       | 1896/8189 [2:56:49<9:59:25,  5.72s/it] 
 23%|██▎       | 1897/8189 [2:56:54<9:37:24,  5.51s/it]
 23%|██▎       | 1898/8189 [2:56:58<9:18:42,  5.33s/it]
 23%|██▎       | 1899/8189 [2:57:04<9:23:03,  5.37s/it]
 23%|██▎       | 1900/8189 [2:57:09<9:04:24,  5.19s/it]
 23%|██▎       | 1901/8189 [2:57:13<8:49:06,  5.05s/it]
 23%|██▎       | 1902/8189 [2:57:19<9:01:33,  5.17s/it]
 23%|██▎       | 1903/8189 [2:57:24<9:00:00,  5.15s/it]
 23%|██▎       | 1904/8189 [2:57:29<8:59:42,  5.15s/it]
 23%|██▎       | 1905/8189 [2:57:35<9:15:53,  5.31s/it]
 23%|██▎       | 1906/8189 [2:57:40<9:26:33,  5.41s/it]
 23%|██▎       | 1907/8189 [2:57:46<9:30:22,  5.45s/it]
 23%|██▎       | 1908/8189 [2:57:52<9:31:35,  5.46s/it]
 23%|██▎       | 1909/8189 [2:57:57<9:24:08,  5.39s/it]
 23%|██▎       | 1910/8189 [2:58:02<9:10:38,  5.26s/it]
 23%|██▎       | 1911/8189 [2:58:08<9:30:43,  5.45s/it]
 23%|██▎       | 1912/8189 [2:58:13<9:40:51,  5.55s/it]
 23%|██▎       | 1913/8189 [2:58:19<9:57:05,  5.71s/it]
 23%|██▎       | 1914/8189 [2:58:25<9:40:51,  5.55s/it]
 23%|██▎       | 1915/8189 [2:58:31<9:53:47,  5.68s/it]
 23%|██▎       | 1916/8189 [2:58:37<10:07:55,  5.81s/it]
 23%|██▎       | 1917/8189 [2:58:42<9:41:15,  5.56s/it] 
 23%|██▎       | 1918/8189 [2:58:48<9:52:56,  5.67s/it]
 23%|██▎       | 1919/8189 [2:58:53<9:53:48,  5.68s/it]
 23%|██▎       | 1920/8189 [2:58:59<10:01:43,  5.76s/it]
 23%|██▎       | 1921/8189 [2:59:04<9:43:39,  5.59s/it] 
 23%|██▎       | 1922/8189 [2:59:10<9:35:28,  5.51s/it]
 23%|██▎       | 1923/8189 [2:59:15<9:29:44,  5.46s/it]
 23%|██▎       | 1924/8189 [2:59:21<9:44:43,  5.60s/it]
 24%|██▎       | 1925/8189 [2:59:26<9:16:37,  5.33s/it]
 24%|██▎       | 1926/8189 [2:59:31<9:17:54,  5.34s/it]
 24%|██▎       | 1927/8189 [2:59:36<8:58:46,  5.16s/it]
 24%|██▎       | 1928/8189 [2:59:41<9:06:03,  5.23s/it]
 24%|██▎       | 1929/8189 [2:59:47<9:14:31,  5.31s/it]
 24%|██▎       | 1930/8189 [2:59:52<9:22:15,  5.39s/it]
 24%|██▎       | 1931/8189 [2:59:58<9:28:11,  5.45s/it]
 24%|██▎       | 1932/8189 [3:00:04<9:54:31,  5.70s/it]
 24%|██▎       | 1933/8189 [3:00:10<10:06:23,  5.82s/it]
 24%|██▎       | 1934/8189 [3:00:16<9:50:19,  5.66s/it] 
 24%|██▎       | 1935/8189 [3:00:21<9:46:01,  5.62s/it]
 24%|██▎       | 1936/8189 [3:00:27<9:41:30,  5.58s/it]
 24%|██▎       | 1937/8189 [3:00:32<9:38:33,  5.55s/it]
 24%|██▎       | 1938/8189 [3:00:38<9:35:31,  5.52s/it]
 24%|██▎       | 1939/8189 [3:00:43<9:18:48,  5.36s/it]
 24%|██▎       | 1940/8189 [3:00:48<9:21:47,  5.39s/it]
 24%|██▎       | 1941/8189 [3:00:53<9:17:35,  5.35s/it]
 24%|██▎       | 1942/8189 [3:00:59<9:29:19,  5.47s/it]
 24%|██▎       | 1943/8189 [3:01:04<9:10:07,  5.28s/it]
 24%|██▎       | 1944/8189 [3:01:10<9:42:13,  5.59s/it]
 24%|██▍       | 1945/8189 [3:01:16<9:35:03,  5.53s/it]
 24%|██▍       | 1946/8189 [3:01:20<9:10:49,  5.29s/it]
 24%|██▍       | 1947/8189 [3:01:25<8:51:42,  5.11s/it]
 24%|██▍       | 1948/8189 [3:01:30<8:54:12,  5.14s/it]
 24%|██▍       | 1949/8189 [3:01:36<9:03:36,  5.23s/it]
 24%|██▍       | 1950/8189 [3:01:41<9:08:55,  5.28s/it]
 24%|██▍       | 1951/8189 [3:01:47<9:34:00,  5.52s/it]
 24%|██▍       | 1952/8189 [3:01:53<9:36:53,  5.55s/it]
 24%|██▍       | 1953/8189 [3:01:58<9:35:05,  5.53s/it]
 24%|██▍       | 1954/8189 [3:02:04<9:49:33,  5.67s/it]
 24%|██▍       | 1955/8189 [3:02:10<9:40:55,  5.59s/it]
 24%|██▍       | 1956/8189 [3:02:16<9:51:36,  5.69s/it]
 24%|██▍       | 1957/8189 [3:02:21<9:47:03,  5.65s/it]
 24%|██▍       | 1958/8189 [3:02:27<9:53:05,  5.71s/it]
 24%|██▍       | 1959/8189 [3:02:33<9:53:13,  5.71s/it]
 24%|██▍       | 1960/8189 [3:02:38<9:36:08,  5.55s/it]
 24%|██▍       | 1961/8189 [3:02:43<9:18:17,  5.38s/it]
 24%|██▍       | 1962/8189 [3:02:48<9:12:23,  5.32s/it]
 24%|██▍       | 1963/8189 [3:02:54<9:33:11,  5.52s/it]
 24%|██▍       | 1964/8189 [3:03:00<9:54:18,  5.73s/it]
 24%|██▍       | 1965/8189 [3:03:05<9:30:16,  5.50s/it]
 24%|██▍       | 1966/8189 [3:03:12<10:11:53,  5.90s/it]
 24%|██▍       | 1967/8189 [3:03:18<10:18:45,  5.97s/it]
 24%|██▍       | 1968/8189 [3:03:24<10:09:48,  5.88s/it]
 24%|██▍       | 1969/8189 [3:03:29<10:00:35,  5.79s/it]
 24%|██▍       | 1970/8189 [3:03:34<9:26:44,  5.47s/it] 
 24%|██▍       | 1971/8189 [3:03:40<9:38:42,  5.58s/it]
 24%|██▍       | 1972/8189 [3:03:46<10:05:31,  5.84s/it]
 24%|██▍       | 1973/8189 [3:03:53<10:21:43,  6.00s/it]
 24%|██▍       | 1974/8189 [3:03:58<9:45:56,  5.66s/it] 
 24%|██▍       | 1975/8189 [3:04:03<9:32:40,  5.53s/it]
 24%|██▍       | 1976/8189 [3:04:07<8:57:06,  5.19s/it]
 24%|██▍       | 1977/8189 [3:04:13<9:13:17,  5.34s/it]
 24%|██▍       | 1978/8189 [3:04:18<9:15:29,  5.37s/it]
 24%|██▍       | 1979/8189 [3:04:23<8:54:46,  5.17s/it]
 24%|██▍       | 1980/8189 [3:04:29<9:10:40,  5.32s/it]
 24%|██▍       | 1981/8189 [3:04:35<9:36:58,  5.58s/it]
 24%|██▍       | 1982/8189 [3:04:40<9:34:27,  5.55s/it]
 24%|██▍       | 1983/8189 [3:04:46<9:47:17,  5.68s/it]
 24%|██▍       | 1984/8189 [3:04:52<9:36:35,  5.58s/it]
 24%|██▍       | 1985/8189 [3:04:57<9:35:28,  5.57s/it]
 24%|██▍       | 1986/8189 [3:05:03<9:27:21,  5.49s/it]
 24%|██▍       | 1987/8189 [3:05:08<9:21:27,  5.43s/it]
 24%|██▍       | 1988/8189 [3:05:13<9:20:49,  5.43s/it]
 24%|██▍       | 1989/8189 [3:05:19<9:29:08,  5.51s/it]
 24%|██▍       | 1990/8189 [3:05:25<9:46:04,  5.67s/it]
 24%|██▍       | 1991/8189 [3:05:31<9:51:37,  5.73s/it]
 24%|██▍       | 1992/8189 [3:05:37<9:55:15,  5.76s/it]
 24%|██▍       | 1993/8189 [3:05:43<9:58:16,  5.79s/it]
 24%|██▍       | 1994/8189 [3:05:48<9:49:42,  5.71s/it]
 24%|██▍       | 1995/8189 [3:05:54<9:44:41,  5.66s/it]
 24%|██▍       | 1996/8189 [3:06:00<9:50:36,  5.72s/it]
 24%|██▍       | 1997/8189 [3:06:05<9:53:44,  5.75s/it]
 24%|██▍       | 1998/8189 [3:06:10<9:26:24,  5.49s/it]
 24%|██▍       | 1999/8189 [3:06:16<9:32:32,  5.55s/it]
 24%|██▍       | 2000/8189 [3:06:22<9:35:22,  5.58s/it]
                                                       

 24%|██▍       | 2000/8189 [3:06:22<9:35:22,  5.58s/it]

Batches:   0%|          | 0/9 [00:00<?, ?it/s][A

Batches:  78%|███████▊  | 7/9 [00:00<00:00, 68.95it/s][A
Batches: 100%|██████████| 9/9 [00:00<00:00, 70.12it/s]


Corpus Chunks:   0%|          | 0/1 [00:00<?, ?it/s][A


Batches:   0%|          | 0/9 [00:00<?, ?it/s][A[A


Batches:  67%|██████▋   | 6/9 [00:00<00:00, 57.95it/s][A[A
Batches: 100%|██████████| 9/9 [00:00<00:00, 61.92it/s]


Corpus Chunks: 100%|██████████| 1/1 [00:00<00:00,  6.63it/s][A
Corpus Chunks: 100%|██████████| 1/1 [00:00<00:00,  6.58it/s]


Batches:   0%|          | 0/7 [00:00<?, ?it/s][A
Batches: 100%|██████████| 7/7 [00:00<00:00, 75.37it/s]


Batches:   0%|          | 0/7 [00:00<?, ?it/s][A

Batches: 100%|██████████| 7/7 [00:00<00:00, 64.61it/s][A
Batches: 100%|██████████| 7/7 [00:00<00:00, 64.27it/s]


Batches:   0%|          | 0/7 [00:00<?, ?it/s][A

Batches: 100%|██████████| 7/7 [00:00<00:00, 65.97it/s][A
Batches: 100%|██████████| 7/7 [00:00<00:00, 65.13it/s]

                                                       

 24%|██▍       | 2000/8189 [3:06:23<9:35:22,  5.58s/it]

Writing model shards:   0%|          | 0/1 [00:00<?, ?it/s][A

Writing model shards: 100%|██████████| 1/1 [00:01<00:00,  1.48s/it][A
Writing model shards: 100%|██████████| 1/1 [00:01<00:00,  1.48s/it]

 24%|██▍       | 2001/8189 [3:06:32<12:12:04,  7.10s/it]
 24%|██▍       | 2002/8189 [3:06:37<11:09:53,  6.50s/it]
 24%|██▍       | 2003/8189 [3:06:43<10:56:55,  6.37s/it]
 24%|██▍       | 2004/8189 [3:06:49<10:38:45,  6.20s/it]
 24%|██▍       | 2005/8189 [3:06:55<10:12:23,  5.94s/it]
 24%|██▍       | 2006/8189 [3:07:01<10:16:38,  5.98s/it]
 25%|██▍       | 2007/8189 [3:07:07<10:26:23,  6.08s/it]
 25%|██▍       | 2008/8189 [3:07:13<10:12:11,  5.94s/it]
 25%|██▍       | 2009/8189 [3:07:18<9:58:53,  5.81s/it] 
 25%|██▍       | 2010/8189 [3:07:23<9:41:41,  5.65s/it]
 25%|██▍       | 2011/8189 [3:07:28<9:13:37,  5.38s/it]
 25%|██▍       | 2012/8189 [3:07:35<9:46:24,  5.70s/it]
 25%|██▍       | 2013/8189 [3:07:41<10:05:25,  5.88s/it]
 25%|██▍       | 2014/8189 [3:07:48<10:34:32,  6.17s/it]
 25%|██▍       | 2015/8189 [3:07:53<9:55:50,  5.79s/it] 
 25%|██▍       | 2016/8189 [3:07:58<9:42:59,  5.67s/it]
 25%|██▍       | 2017/8189 [3:08:04<9:55:26,  5.79s/it]
 25%|██▍       | 2018/8189 [3:08:09<9:33:51,  5.58s/it]
 25%|██▍       | 2019/8189 [3:08:15<9:37:43,  5.62s/it]
 25%|██▍       | 2020/8189 [3:08:20<9:24:52,  5.49s/it]
 25%|██▍       | 2021/8189 [3:08:25<9:11:43,  5.37s/it]
 25%|██▍       | 2022/8189 [3:08:30<9:10:47,  5.36s/it]
 25%|██▍       | 2023/8189 [3:08:36<9:14:28,  5.40s/it]
 25%|██▍       | 2024/8189 [3:08:42<9:42:49,  5.67s/it]
 25%|██▍       | 2025/8189 [3:08:47<9:21:45,  5.47s/it]
 25%|██▍       | 2026/8189 [3:08:53<9:17:53,  5.43s/it]
 25%|██▍       | 2027/8189 [3:08:58<9:29:46,  5.55s/it]
 25%|██▍       | 2028/8189 [3:09:04<9:42:03,  5.67s/it]
 25%|██▍       | 2029/8189 [3:09:09<9:18:56,  5.44s/it]
 25%|██▍       | 2030/8189 [3:09:15<9:22:58,  5.48s/it]
 25%|██▍       | 2031/8189 [3:09:21<9:38:43,  5.64s/it]
 25%|██▍       | 2032/8189 [3:09:27<9:49:37,  5.75s/it]
 25%|██▍       | 2033/8189 [3:09:33<9:59:12,  5.84s/it]
 25%|██▍       | 2034/8189 [3:09:39<9:52:05,  5.77s/it]
 25%|██▍       | 2035/8189 [3:09:44<9:50:53,  5.76s/it]
 25%|██▍       | 2036/8189 [3:09:50<9:35:58,  5.62s/it]
 25%|██▍       | 2037/8189 [3:09:55<9:43:24,  5.69s/it]
 25%|██▍       | 2038/8189 [3:10:02<10:00:53,  5.86s/it]
 25%|██▍       | 2039/8189 [3:10:07<9:41:56,  5.68s/it] 
 25%|██▍       | 2040/8189 [3:10:12<9:24:25,  5.51s/it]
 25%|██▍       | 2041/8189 [3:10:17<9:18:21,  5.45s/it]
 25%|██▍       | 2042/8189 [3:10:24<9:44:04,  5.70s/it]
 25%|██▍       | 2043/8189 [3:10:29<9:28:29,  5.55s/it]
 25%|██▍       | 2044/8189 [3:10:36<10:07:15,  5.93s/it]
 25%|██▍       | 2045/8189 [3:10:41<9:51:48,  5.78s/it] 
 25%|██▍       | 2046/8189 [3:10:47<9:55:37,  5.82s/it]
 25%|██▍       | 2047/8189 [3:10:53<9:50:10,  5.77s/it]
 25%|██▌       | 2048/8189 [3:10:59<10:05:35,  5.92s/it]
 25%|██▌       | 2049/8189 [3:11:05<10:25:11,  6.11s/it]
 25%|██▌       | 2050/8189 [3:11:12<10:23:13,  6.09s/it]
 25%|██▌       | 2051/8189 [3:11:17<10:01:26,  5.88s/it]
 25%|██▌       | 2052/8189 [3:11:22<9:46:58,  5.74s/it] 
 25%|██▌       | 2053/8189 [3:11:28<9:33:11,  5.60s/it]
 25%|██▌       | 2054/8189 [3:11:33<9:24:52,  5.52s/it]
 25%|██▌       | 2055/8189 [3:11:39<9:40:14,  5.68s/it]
 25%|██▌       | 2056/8189 [3:11:44<9:13:06,  5.41s/it]
 25%|██▌       | 2057/8189 [3:11:50<9:26:47,  5.55s/it]
 25%|██▌       | 2058/8189 [3:11:55<9:31:53,  5.60s/it]
 25%|██▌       | 2059/8189 [3:12:01<9:40:05,  5.68s/it]
 25%|██▌       | 2060/8189 [3:12:06<9:15:30,  5.44s/it]
 25%|██▌       | 2061/8189 [3:12:12<9:36:52,  5.65s/it]
 25%|██▌       | 2062/8189 [3:12:17<9:13:20,  5.42s/it]
 25%|██▌       | 2063/8189 [3:12:23<9:26:41,  5.55s/it]
 25%|██▌       | 2064/8189 [3:12:28<8:56:25,  5.25s/it]
 25%|██▌       | 2065/8189 [3:12:33<9:08:46,  5.38s/it]
 25%|██▌       | 2066/8189 [3:12:39<9:19:47,  5.49s/it]
 25%|██▌       | 2067/8189 [3:12:45<9:23:52,  5.53s/it]
 25%|██▌       | 2068/8189 [3:12:50<9:32:30,  5.61s/it]
 25%|██▌       | 2069/8189 [3:12:56<9:29:35,  5.58s/it]
 25%|██▌       | 2070/8189 [3:13:02<9:39:52,  5.69s/it]
 25%|██▌       | 2071/8189 [3:13:06<9:01:24,  5.31s/it]
 25%|██▌       | 2072/8189 [3:13:12<9:18:28,  5.48s/it]
 25%|██▌       | 2073/8189 [3:13:18<9:43:47,  5.73s/it]
 25%|██▌       | 2074/8189 [3:13:25<10:13:37,  6.02s/it]
 25%|██▌       | 2075/8189 [3:13:32<10:28:30,  6.17s/it]
 25%|██▌       | 2076/8189 [3:13:38<10:35:35,  6.24s/it]
 25%|██▌       | 2077/8189 [3:13:44<10:27:13,  6.16s/it]
 25%|██▌       | 2078/8189 [3:13:49<10:00:48,  5.90s/it]
 25%|██▌       | 2079/8189 [3:13:55<9:50:40,  5.80s/it] 
 25%|██▌       | 2080/8189 [3:14:01<9:46:49,  5.76s/it]
 25%|██▌       | 2081/8189 [3:14:06<9:44:07,  5.74s/it]
 25%|██▌       | 2082/8189 [3:14:12<10:00:25,  5.90s/it]
 25%|██▌       | 2083/8189 [3:14:18<9:39:19,  5.69s/it] 
 25%|██▌       | 2084/8189 [3:14:24<9:44:51,  5.75s/it]
 25%|██▌       | 2085/8189 [3:14:29<9:40:00,  5.70s/it]
 25%|██▌       | 2086/8189 [3:14:35<9:40:51,  5.71s/it]
 25%|██▌       | 2087/8189 [3:14:40<9:28:36,  5.59s/it]
 25%|██▌       | 2088/8189 [3:14:45<9:13:31,  5.44s/it]
 26%|██▌       | 2089/8189 [3:14:50<9:05:01,  5.36s/it]
 26%|██▌       | 2090/8189 [3:14:55<8:44:26,  5.16s/it]
 26%|██▌       | 2091/8189 [3:15:01<9:15:36,  5.47s/it]
 26%|██▌       | 2092/8189 [3:15:07<9:34:39,  5.66s/it]
 26%|██▌       | 2093/8189 [3:15:13<9:27:51,  5.59s/it]
 26%|██▌       | 2094/8189 [3:15:19<9:28:56,  5.60s/it]
 26%|██▌       | 2095/8189 [3:15:25<9:45:57,  5.77s/it]
 26%|██▌       | 2096/8189 [3:15:30<9:23:55,  5.55s/it]
 26%|██▌       | 2097/8189 [3:15:35<9:21:24,  5.53s/it]
 26%|██▌       | 2098/8189 [3:15:41<9:26:31,  5.58s/it]
 26%|██▌       | 2099/8189 [3:15:47<9:41:18,  5.73s/it]
 26%|██▌       | 2100/8189 [3:15:53<9:44:29,  5.76s/it]
 26%|██▌       | 2101/8189 [3:15:58<9:29:39,  5.61s/it]
 26%|██▌       | 2102/8189 [3:16:04<9:41:43,  5.73s/it]
 26%|██▌       | 2103/8189 [3:16:11<10:05:36,  5.97s/it]
 26%|██▌       | 2104/8189 [3:16:16<9:54:25,  5.86s/it] 
 26%|██▌       | 2105/8189 [3:16:22<9:51:17,  5.83s/it]
 26%|██▌       | 2106/8189 [3:16:27<9:40:36,  5.73s/it]
 26%|██▌       | 2107/8189 [3:16:34<10:02:53,  5.95s/it]
 26%|██▌       | 2108/8189 [3:16:40<9:59:58,  5.92s/it] 
 26%|██▌       | 2109/8189 [3:16:45<9:39:29,  5.72s/it]
 26%|██▌       | 2110/8189 [3:16:50<9:26:56,  5.60s/it]
 26%|██▌       | 2111/8189 [3:16:57<9:47:49,  5.80s/it]
 26%|██▌       | 2112/8189 [3:17:02<9:26:17,  5.59s/it]
 26%|██▌       | 2113/8189 [3:17:07<9:09:45,  5.43s/it]
 26%|██▌       | 2114/8189 [3:17:11<8:35:43,  5.09s/it]
 26%|██▌       | 2115/8189 [3:17:15<8:09:45,  4.84s/it]
 26%|██▌       | 2116/8189 [3:17:21<8:34:49,  5.09s/it]
 26%|██▌       | 2117/8189 [3:17:26<8:43:26,  5.17s/it]
 26%|██▌       | 2118/8189 [3:17:32<9:00:23,  5.34s/it]
 26%|██▌       | 2119/8189 [3:17:38<9:09:26,  5.43s/it]
 26%|██▌       | 2120/8189 [3:17:43<9:01:15,  5.35s/it]
 26%|██▌       | 2121/8189 [3:17:49<9:21:45,  5.55s/it]
 26%|██▌       | 2122/8189 [3:17:54<9:18:35,  5.52s/it]
 26%|██▌       | 2123/8189 [3:18:00<9:23:22,  5.57s/it]
 26%|██▌       | 2124/8189 [3:18:05<9:07:54,  5.42s/it]
 26%|██▌       | 2125/8189 [3:18:11<9:21:45,  5.56s/it]
 26%|██▌       | 2126/8189 [3:18:17<9:31:03,  5.65s/it]
 26%|██▌       | 2127/8189 [3:18:22<9:27:25,  5.62s/it]
 26%|██▌       | 2128/8189 [3:18:29<9:42:34,  5.77s/it]
 26%|██▌       | 2129/8189 [3:18:34<9:44:57,  5.79s/it]
 26%|██▌       | 2130/8189 [3:18:40<9:34:20,  5.69s/it]
 26%|██▌       | 2131/8189 [3:18:46<9:38:01,  5.72s/it]
 26%|██▌       | 2132/8189 [3:18:52<9:50:32,  5.85s/it]
 26%|██▌       | 2133/8189 [3:18:57<9:35:10,  5.70s/it]
 26%|██▌       | 2134/8189 [3:19:03<9:35:33,  5.70s/it]
 26%|██▌       | 2135/8189 [3:19:08<9:26:24,  5.61s/it]
 26%|██▌       | 2136/8189 [3:19:14<9:30:07,  5.65s/it]
 26%|██▌       | 2137/8189 [3:19:20<9:47:25,  5.82s/it]
 26%|██▌       | 2138/8189 [3:19:26<9:52:06,  5.87s/it]
 26%|██▌       | 2139/8189 [3:19:32<9:59:01,  5.94s/it]
 26%|██▌       | 2140/8189 [3:19:38<9:41:00,  5.76s/it]
 26%|██▌       | 2141/8189 [3:19:44<9:59:59,  5.95s/it]
 26%|██▌       | 2142/8189 [3:19:49<9:42:51,  5.78s/it]
 26%|██▌       | 2143/8189 [3:19:55<9:42:08,  5.78s/it]
 26%|██▌       | 2144/8189 [3:20:02<10:11:50,  6.07s/it]
 26%|██▌       | 2145/8189 [3:20:09<10:30:03,  6.25s/it]
 26%|██▌       | 2146/8189 [3:20:15<10:18:39,  6.14s/it]
 26%|██▌       | 2147/8189 [3:20:20<9:54:43,  5.91s/it] 
 26%|██▌       | 2148/8189 [3:20:26<9:50:36,  5.87s/it]
 26%|██▌       | 2149/8189 [3:20:31<9:40:25,  5.77s/it]
 26%|██▋       | 2150/8189 [3:20:37<9:34:04,  5.70s/it]
 26%|██▋       | 2151/8189 [3:20:42<9:13:09,  5.50s/it]
 26%|██▋       | 2152/8189 [3:20:47<9:07:52,  5.45s/it]
 26%|██▋       | 2153/8189 [3:20:53<9:08:47,  5.46s/it]
 26%|██▋       | 2154/8189 [3:20:58<9:14:26,  5.51s/it]
 26%|██▋       | 2155/8189 [3:21:03<9:06:01,  5.43s/it]
 26%|██▋       | 2156/8189 [3:21:09<9:18:00,  5.55s/it]
 26%|██▋       | 2157/8189 [3:21:15<9:19:50,  5.57s/it]
 26%|██▋       | 2158/8189 [3:21:21<9:26:31,  5.64s/it]
 26%|██▋       | 2159/8189 [3:21:26<9:26:33,  5.64s/it]
 26%|██▋       | 2160/8189 [3:21:32<9:33:53,  5.71s/it]
 26%|██▋       | 2161/8189 [3:21:37<9:12:27,  5.50s/it]
 26%|██▋       | 2162/8189 [3:21:42<8:54:02,  5.32s/it]
 26%|██▋       | 2163/8189 [3:21:48<9:16:04,  5.54s/it]
 26%|██▋       | 2164/8189 [3:21:53<8:58:24,  5.36s/it]
 26%|██▋       | 2165/8189 [3:21:58<8:58:29,  5.36s/it]
 26%|██▋       | 2166/8189 [3:22:04<9:16:34,  5.54s/it]
 26%|██▋       | 2167/8189 [3:22:10<9:30:44,  5.69s/it]
 26%|██▋       | 2168/8189 [3:22:16<9:34:49,  5.73s/it]
 26%|██▋       | 2169/8189 [3:22:22<9:33:10,  5.71s/it]
 26%|██▋       | 2170/8189 [3:22:28<9:42:18,  5.80s/it]
 27%|██▋       | 2171/8189 [3:22:34<9:37:01,  5.75s/it]
 27%|██▋       | 2172/8189 [3:22:39<9:29:57,  5.68s/it]
 27%|██▋       | 2173/8189 [3:22:44<9:03:50,  5.42s/it]
 27%|██▋       | 2174/8189 [3:22:49<8:50:15,  5.29s/it]
 27%|██▋       | 2175/8189 [3:22:55<9:02:39,  5.41s/it]
 27%|██▋       | 2176/8189 [3:23:01<9:26:29,  5.65s/it]
 27%|██▋       | 2177/8189 [3:23:06<9:23:15,  5.62s/it]
 27%|██▋       | 2178/8189 [3:23:12<9:11:09,  5.50s/it]
 27%|██▋       | 2179/8189 [3:23:17<9:09:33,  5.49s/it]
 27%|██▋       | 2180/8189 [3:23:22<9:07:59,  5.47s/it]
 27%|██▋       | 2181/8189 [3:23:29<9:31:41,  5.71s/it]
 27%|██▋       | 2182/8189 [3:23:35<9:45:33,  5.85s/it]
 27%|██▋       | 2183/8189 [3:23:41<9:48:21,  5.88s/it]
 27%|██▋       | 2184/8189 [3:23:47<9:41:24,  5.81s/it]
 27%|██▋       | 2185/8189 [3:23:53<10:04:58,  6.05s/it]
 27%|██▋       | 2186/8189 [3:23:59<9:53:12,  5.93s/it] 
 27%|██▋       | 2187/8189 [3:24:05<9:54:21,  5.94s/it]
 27%|██▋       | 2188/8189 [3:24:10<9:40:50,  5.81s/it]
 27%|██▋       | 2189/8189 [3:24:15<9:18:40,  5.59s/it]
 27%|██▋       | 2190/8189 [3:24:20<8:52:26,  5.33s/it]
 27%|██▋       | 2191/8189 [3:24:25<8:47:06,  5.27s/it]
 27%|██▋       | 2192/8189 [3:24:30<8:46:13,  5.26s/it]
 27%|██▋       | 2193/8189 [3:24:36<8:57:59,  5.38s/it]
 27%|██▋       | 2194/8189 [3:24:42<9:02:09,  5.43s/it]
 27%|██▋       | 2195/8189 [3:24:46<8:38:41,  5.19s/it]
 27%|██▋       | 2196/8189 [3:24:51<8:23:40,  5.04s/it]
 27%|██▋       | 2197/8189 [3:24:56<8:31:41,  5.12s/it]
 27%|██▋       | 2198/8189 [3:25:03<9:05:16,  5.46s/it]
 27%|██▋       | 2199/8189 [3:25:09<9:26:58,  5.68s/it]
 27%|██▋       | 2200/8189 [3:25:14<9:24:55,  5.66s/it]
 27%|██▋       | 2201/8189 [3:25:21<10:02:36,  6.04s/it]
 27%|██▋       | 2202/8189 [3:25:28<10:24:36,  6.26s/it]
 27%|██▋       | 2203/8189 [3:25:35<10:36:42,  6.38s/it]
 27%|██▋       | 2204/8189 [3:25:41<10:32:10,  6.34s/it]
 27%|██▋       | 2205/8189 [3:25:47<10:15:55,  6.18s/it]
 27%|██▋       | 2206/8189 [3:25:52<9:56:14,  5.98s/it] 
 27%|██▋       | 2207/8189 [3:25:58<9:47:06,  5.89s/it]
 27%|██▋       | 2208/8189 [3:26:04<9:52:59,  5.95s/it]
 27%|██▋       | 2209/8189 [3:26:09<9:12:29,  5.54s/it]
 27%|██▋       | 2210/8189 [3:26:15<9:24:16,  5.66s/it]
 27%|██▋       | 2211/8189 [3:26:20<9:33:08,  5.75s/it]
 27%|██▋       | 2212/8189 [3:26:25<8:53:18,  5.35s/it]
 27%|██▋       | 2213/8189 [3:26:30<8:49:50,  5.32s/it]
 27%|██▋       | 2214/8189 [3:26:36<8:51:52,  5.34s/it]
 27%|██▋       | 2215/8189 [3:26:41<9:09:18,  5.52s/it]
 27%|██▋       | 2216/8189 [3:26:48<9:28:04,  5.71s/it]
 27%|██▋       | 2217/8189 [3:26:53<9:24:29,  5.67s/it]
 27%|██▋       | 2218/8189 [3:26:59<9:24:24,  5.67s/it]
 27%|██▋       | 2219/8189 [3:27:05<9:26:40,  5.70s/it]
 27%|██▋       | 2220/8189 [3:27:11<9:34:01,  5.77s/it]
 27%|██▋       | 2221/8189 [3:27:16<9:09:34,  5.53s/it]
 27%|██▋       | 2222/8189 [3:27:21<9:01:04,  5.44s/it]
 27%|██▋       | 2223/8189 [3:27:26<8:59:06,  5.42s/it]
 27%|██▋       | 2224/8189 [3:27:32<8:58:37,  5.42s/it]
 27%|██▋       | 2225/8189 [3:27:37<8:57:50,  5.41s/it]
 27%|██▋       | 2226/8189 [3:27:43<9:06:47,  5.50s/it]
 27%|██▋       | 2227/8189 [3:27:48<9:13:52,  5.57s/it]
 27%|██▋       | 2228/8189 [3:27:54<9:19:24,  5.63s/it]
 27%|██▋       | 2229/8189 [3:28:00<9:19:35,  5.63s/it]
 27%|██▋       | 2230/8189 [3:28:05<9:02:53,  5.47s/it]
 27%|██▋       | 2231/8189 [3:28:11<9:11:12,  5.55s/it]
 27%|██▋       | 2232/8189 [3:28:16<9:17:38,  5.62s/it]
 27%|██▋       | 2233/8189 [3:28:22<9:27:44,  5.72s/it]
 27%|██▋       | 2234/8189 [3:28:30<10:20:02,  6.25s/it]
 27%|██▋       | 2235/8189 [3:28:35<9:43:19,  5.88s/it] 
 27%|██▋       | 2236/8189 [3:28:41<9:39:15,  5.84s/it]
 27%|██▋       | 2237/8189 [3:28:46<9:30:26,  5.75s/it]
 27%|██▋       | 2238/8189 [3:28:52<9:25:00,  5.70s/it]
 27%|██▋       | 2239/8189 [3:28:57<9:06:31,  5.51s/it]
 27%|██▋       | 2240/8189 [3:29:03<9:39:11,  5.84s/it]
 27%|██▋       | 2241/8189 [3:29:10<10:02:53,  6.08s/it]
 27%|██▋       | 2242/8189 [3:29:16<9:44:11,  5.89s/it] 
 27%|██▋       | 2243/8189 [3:29:21<9:27:04,  5.72s/it]
 27%|██▋       | 2244/8189 [3:29:26<9:10:00,  5.55s/it]
 27%|██▋       | 2245/8189 [3:29:31<8:47:05,  5.32s/it]
 27%|██▋       | 2246/8189 [3:29:37<8:59:33,  5.45s/it]
 27%|██▋       | 2247/8189 [3:29:42<8:59:33,  5.45s/it]
 27%|██▋       | 2248/8189 [3:29:49<9:35:49,  5.82s/it]
 27%|██▋       | 2249/8189 [3:29:54<9:33:33,  5.79s/it]
 27%|██▋       | 2250/8189 [3:29:59<9:00:59,  5.47s/it]
 27%|██▋       | 2251/8189 [3:30:05<9:00:13,  5.46s/it]
 28%|██▊       | 2252/8189 [3:30:10<9:01:46,  5.48s/it]
 28%|██▊       | 2253/8189 [3:30:16<9:20:42,  5.67s/it]
 28%|██▊       | 2254/8189 [3:30:22<9:31:29,  5.78s/it]
 28%|██▊       | 2255/8189 [3:30:28<9:29:21,  5.76s/it]
 28%|██▊       | 2256/8189 [3:30:33<9:24:35,  5.71s/it]
 28%|██▊       | 2257/8189 [3:30:39<9:03:55,  5.50s/it]
 28%|██▊       | 2258/8189 [3:30:44<9:08:46,  5.55s/it]
 28%|██▊       | 2259/8189 [3:30:49<8:42:37,  5.29s/it]
 28%|██▊       | 2260/8189 [3:30:54<8:32:44,  5.19s/it]
 28%|██▊       | 2261/8189 [3:31:00<8:51:01,  5.37s/it]
 28%|██▊       | 2262/8189 [3:31:05<8:56:18,  5.43s/it]
 28%|██▊       | 2263/8189 [3:31:12<9:27:55,  5.75s/it]
 28%|██▊       | 2264/8189 [3:31:17<9:20:08,  5.67s/it]
 28%|██▊       | 2265/8189 [3:31:22<9:03:01,  5.50s/it]
 28%|██▊       | 2266/8189 [3:31:29<9:33:18,  5.81s/it]
 28%|██▊       | 2267/8189 [3:31:34<9:02:14,  5.49s/it]
 28%|██▊       | 2268/8189 [3:31:39<9:06:23,  5.54s/it]
 28%|██▊       | 2269/8189 [3:31:45<9:05:33,  5.53s/it]
 28%|██▊       | 2270/8189 [3:31:50<8:55:14,  5.43s/it]
 28%|██▊       | 2271/8189 [3:31:56<9:00:59,  5.48s/it]
 28%|██▊       | 2272/8189 [3:32:01<9:00:48,  5.48s/it]
 28%|██▊       | 2273/8189 [3:32:07<9:10:32,  5.58s/it]
 28%|██▊       | 2274/8189 [3:32:12<9:08:28,  5.56s/it]
 28%|██▊       | 2275/8189 [3:32:18<9:13:27,  5.62s/it]
 28%|██▊       | 2276/8189 [3:32:24<9:16:26,  5.65s/it]
 28%|██▊       | 2277/8189 [3:32:29<8:50:58,  5.39s/it]
 28%|██▊       | 2278/8189 [3:32:34<8:50:35,  5.39s/it]
 28%|██▊       | 2279/8189 [3:32:40<9:02:47,  5.51s/it]
 28%|██▊       | 2280/8189 [3:32:46<9:25:54,  5.75s/it]
 28%|██▊       | 2281/8189 [3:32:51<9:12:58,  5.62s/it]
 28%|██▊       | 2282/8189 [3:32:57<9:05:03,  5.54s/it]
 28%|██▊       | 2283/8189 [3:33:03<9:26:29,  5.76s/it]
 28%|██▊       | 2284/8189 [3:33:09<9:45:48,  5.95s/it]
 28%|██▊       | 2285/8189 [3:33:15<9:24:43,  5.74s/it]
 28%|██▊       | 2286/8189 [3:33:20<9:14:30,  5.64s/it]
 28%|██▊       | 2287/8189 [3:33:25<9:01:00,  5.50s/it]
 28%|██▊       | 2288/8189 [3:33:30<8:48:26,  5.37s/it]
 28%|██▊       | 2289/8189 [3:33:36<8:45:27,  5.34s/it]
 28%|██▊       | 2290/8189 [3:33:41<9:00:55,  5.50s/it]
 28%|██▊       | 2291/8189 [3:33:48<9:38:54,  5.89s/it]
 28%|██▊       | 2292/8189 [3:33:54<9:28:52,  5.79s/it]
 28%|██▊       | 2293/8189 [3:34:00<9:38:53,  5.89s/it]
 28%|██▊       | 2294/8189 [3:34:05<9:11:51,  5.62s/it]
 28%|██▊       | 2295/8189 [3:34:11<9:16:26,  5.66s/it]
 28%|██▊       | 2296/8189 [3:34:16<9:04:12,  5.54s/it]
 28%|██▊       | 2297/8189 [3:34:21<9:03:32,  5.54s/it]
 28%|██▊       | 2298/8189 [3:34:27<8:53:22,  5.43s/it]
 28%|██▊       | 2299/8189 [3:34:32<9:04:46,  5.55s/it]
 28%|██▊       | 2300/8189 [3:34:38<9:05:41,  5.56s/it]
 28%|██▊       | 2301/8189 [3:34:44<9:15:27,  5.66s/it]
 28%|██▊       | 2302/8189 [3:34:49<9:04:58,  5.55s/it]
 28%|██▊       | 2303/8189 [3:34:54<8:46:10,  5.36s/it]
 28%|██▊       | 2304/8189 [3:35:00<8:54:45,  5.45s/it]
 28%|██▊       | 2305/8189 [3:35:06<9:03:47,  5.55s/it]
 28%|██▊       | 2306/8189 [3:35:11<9:09:54,  5.61s/it]
 28%|██▊       | 2307/8189 [3:35:16<8:37:01,  5.27s/it]
 28%|██▊       | 2308/8189 [3:35:21<8:29:37,  5.20s/it]
 28%|██▊       | 2309/8189 [3:35:26<8:40:21,  5.31s/it]
 28%|██▊       | 2310/8189 [3:35:31<8:31:09,  5.22s/it]
 28%|██▊       | 2311/8189 [3:35:38<8:57:21,  5.49s/it]
 28%|██▊       | 2312/8189 [3:35:43<8:56:56,  5.48s/it]
 28%|██▊       | 2313/8189 [3:35:48<8:45:48,  5.37s/it]
 28%|██▊       | 2314/8189 [3:35:54<8:53:32,  5.45s/it]
 28%|██▊       | 2315/8189 [3:35:59<9:01:39,  5.53s/it]
 28%|██▊       | 2316/8189 [3:36:05<9:09:42,  5.62s/it]
 28%|██▊       | 2317/8189 [3:36:11<9:16:20,  5.68s/it]
 28%|██▊       | 2318/8189 [3:36:15<8:25:37,  5.17s/it]
 28%|██▊       | 2319/8189 [3:36:19<8:00:17,  4.91s/it]
 28%|██▊       | 2320/8189 [3:36:26<8:46:38,  5.38s/it]
 28%|██▊       | 2321/8189 [3:36:32<9:04:07,  5.56s/it]
 28%|██▊       | 2322/8189 [3:36:38<9:21:45,  5.75s/it]
 28%|██▊       | 2323/8189 [3:36:44<9:29:15,  5.82s/it]
 28%|██▊       | 2324/8189 [3:36:50<9:24:38,  5.78s/it]
 28%|██▊       | 2325/8189 [3:36:56<9:28:27,  5.82s/it]
 28%|██▊       | 2326/8189 [3:37:01<9:13:08,  5.66s/it]
 28%|██▊       | 2327/8189 [3:37:06<8:53:44,  5.46s/it]
 28%|██▊       | 2328/8189 [3:37:12<9:20:43,  5.74s/it]
 28%|██▊       | 2329/8189 [3:37:18<9:17:22,  5.71s/it]
 28%|██▊       | 2330/8189 [3:37:23<9:12:31,  5.66s/it]
 28%|██▊       | 2331/8189 [3:37:30<9:39:47,  5.94s/it]
 28%|██▊       | 2332/8189 [3:37:36<9:38:00,  5.92s/it]
 28%|██▊       | 2333/8189 [3:37:42<9:45:20,  6.00s/it]
 29%|██▊       | 2334/8189 [3:37:48<9:47:03,  6.02s/it]
 29%|██▊       | 2335/8189 [3:37:54<9:53:08,  6.08s/it]
 29%|██▊       | 2336/8189 [3:38:00<9:33:17,  5.88s/it]
 29%|██▊       | 2337/8189 [3:38:05<9:17:13,  5.71s/it]
 29%|██▊       | 2338/8189 [3:38:11<9:22:10,  5.76s/it]
 29%|██▊       | 2339/8189 [3:38:16<9:00:44,  5.55s/it]
 29%|██▊       | 2340/8189 [3:38:22<9:05:40,  5.60s/it]
 29%|██▊       | 2341/8189 [3:38:27<8:57:39,  5.52s/it]
 29%|██▊       | 2342/8189 [3:38:32<8:43:42,  5.37s/it]
 29%|██▊       | 2343/8189 [3:38:37<8:18:07,  5.11s/it]
 29%|██▊       | 2344/8189 [3:38:42<8:26:18,  5.20s/it]
 29%|██▊       | 2345/8189 [3:38:47<8:30:23,  5.24s/it]
 29%|██▊       | 2346/8189 [3:38:52<8:22:13,  5.16s/it]
 29%|██▊       | 2347/8189 [3:38:57<8:03:54,  4.97s/it]
 29%|██▊       | 2348/8189 [3:39:03<8:40:05,  5.34s/it]
 29%|██▊       | 2349/8189 [3:39:10<9:11:41,  5.67s/it]
 29%|██▊       | 2350/8189 [3:39:15<9:13:02,  5.68s/it]
 29%|██▊       | 2351/8189 [3:39:21<9:23:15,  5.79s/it]
 29%|██▊       | 2352/8189 [3:39:27<9:10:13,  5.66s/it]
 29%|██▊       | 2353/8189 [3:39:33<9:16:44,  5.72s/it]
 29%|██▊       | 2354/8189 [3:39:38<9:05:13,  5.61s/it]
 29%|██▉       | 2355/8189 [3:39:43<8:52:50,  5.48s/it]
 29%|██▉       | 2356/8189 [3:39:49<9:19:37,  5.76s/it]
 29%|██▉       | 2357/8189 [3:39:55<9:14:27,  5.70s/it]
 29%|██▉       | 2358/8189 [3:40:00<9:00:04,  5.56s/it]
 29%|██▉       | 2359/8189 [3:40:06<9:11:35,  5.68s/it]
 29%|██▉       | 2360/8189 [3:40:11<8:43:06,  5.38s/it]
 29%|██▉       | 2361/8189 [3:40:16<8:30:28,  5.26s/it]
 29%|██▉       | 2362/8189 [3:40:22<8:49:22,  5.45s/it]
 29%|██▉       | 2363/8189 [3:40:28<9:06:46,  5.63s/it]
 29%|██▉       | 2364/8189 [3:40:34<9:21:00,  5.78s/it]
 29%|██▉       | 2365/8189 [3:40:39<9:09:50,  5.66s/it]
 29%|██▉       | 2366/8189 [3:40:45<9:10:52,  5.68s/it]
 29%|██▉       | 2367/8189 [3:40:50<8:55:49,  5.52s/it]
 29%|██▉       | 2368/8189 [3:40:57<9:21:31,  5.79s/it]
 29%|██▉       | 2369/8189 [3:41:02<9:00:22,  5.57s/it]
 29%|██▉       | 2370/8189 [3:41:08<9:13:07,  5.70s/it]
 29%|██▉       | 2371/8189 [3:41:13<9:08:08,  5.65s/it]
 29%|██▉       | 2372/8189 [3:41:19<9:18:45,  5.76s/it]
 29%|██▉       | 2373/8189 [3:41:24<9:02:53,  5.60s/it]
 29%|██▉       | 2374/8189 [3:41:30<8:53:39,  5.51s/it]
 29%|██▉       | 2375/8189 [3:41:35<8:32:10,  5.29s/it]
 29%|██▉       | 2376/8189 [3:41:40<8:44:33,  5.41s/it]
 29%|██▉       | 2377/8189 [3:41:45<8:16:08,  5.12s/it]
 29%|██▉       | 2378/8189 [3:41:50<8:30:12,  5.27s/it]
 29%|██▉       | 2379/8189 [3:41:56<8:54:47,  5.52s/it]
 29%|██▉       | 2380/8189 [3:42:01<8:30:28,  5.27s/it]
 29%|██▉       | 2381/8189 [3:42:06<8:06:40,  5.03s/it]
 29%|██▉       | 2382/8189 [3:42:11<8:30:15,  5.27s/it]
 29%|██▉       | 2383/8189 [3:42:17<8:31:12,  5.28s/it]
 29%|██▉       | 2384/8189 [3:42:22<8:46:35,  5.44s/it]
 29%|██▉       | 2385/8189 [3:42:29<9:17:25,  5.76s/it]
 29%|██▉       | 2386/8189 [3:42:35<9:12:28,  5.71s/it]
 29%|██▉       | 2387/8189 [3:42:41<9:45:43,  6.06s/it]
 29%|██▉       | 2388/8189 [3:42:47<9:24:26,  5.84s/it]
 29%|██▉       | 2389/8189 [3:42:52<8:56:01,  5.55s/it]
 29%|██▉       | 2390/8189 [3:42:57<8:50:09,  5.49s/it]
 29%|██▉       | 2391/8189 [3:43:02<8:42:30,  5.41s/it]
 29%|██▉       | 2392/8189 [3:43:08<9:02:29,  5.61s/it]
 29%|██▉       | 2393/8189 [3:43:14<9:08:54,  5.68s/it]
 29%|██▉       | 2394/8189 [3:43:20<9:15:18,  5.75s/it]
 29%|██▉       | 2395/8189 [3:43:25<8:53:09,  5.52s/it]
 29%|██▉       | 2396/8189 [3:43:30<8:31:05,  5.29s/it]
 29%|██▉       | 2397/8189 [3:43:34<8:01:21,  4.99s/it]
 29%|██▉       | 2398/8189 [3:43:40<8:31:17,  5.30s/it]
 29%|██▉       | 2399/8189 [3:43:45<8:21:12,  5.19s/it]
 29%|██▉       | 2400/8189 [3:43:51<8:30:51,  5.29s/it]
 29%|██▉       | 2401/8189 [3:43:57<8:49:21,  5.49s/it]
 29%|██▉       | 2402/8189 [3:44:03<9:08:15,  5.68s/it]
 29%|██▉       | 2403/8189 [3:44:08<9:03:36,  5.64s/it]
 29%|██▉       | 2404/8189 [3:44:13<8:49:21,  5.49s/it]
 29%|██▉       | 2405/8189 [3:44:20<9:09:04,  5.70s/it]
 29%|██▉       | 2406/8189 [3:44:25<9:07:13,  5.68s/it]
 29%|██▉       | 2407/8189 [3:44:31<9:07:42,  5.68s/it]
 29%|██▉       | 2408/8189 [3:44:36<8:48:48,  5.49s/it]
 29%|██▉       | 2409/8189 [3:44:41<8:41:26,  5.41s/it]
 29%|██▉       | 2410/8189 [3:44:47<8:54:27,  5.55s/it]
 29%|██▉       | 2411/8189 [3:44:53<9:08:57,  5.70s/it]
 29%|██▉       | 2412/8189 [3:44:59<9:06:00,  5.67s/it]
 29%|██▉       | 2413/8189 [3:45:04<8:53:39,  5.54s/it]
 29%|██▉       | 2414/8189 [3:45:08<8:21:10,  5.21s/it]
 29%|██▉       | 2415/8189 [3:45:14<8:36:43,  5.37s/it]
 30%|██▉       | 2416/8189 [3:45:20<8:55:33,  5.57s/it]
 30%|██▉       | 2417/8189 [3:45:25<8:35:50,  5.36s/it]
 30%|██▉       | 2418/8189 [3:45:31<8:41:20,  5.42s/it]
 30%|██▉       | 2419/8189 [3:45:36<8:51:38,  5.53s/it]
 30%|██▉       | 2420/8189 [3:45:41<8:40:11,  5.41s/it]
 30%|██▉       | 2421/8189 [3:45:46<8:29:23,  5.30s/it]
 30%|██▉       | 2422/8189 [3:45:52<8:45:58,  5.47s/it]
 30%|██▉       | 2423/8189 [3:45:58<8:43:17,  5.45s/it]
 30%|██▉       | 2424/8189 [3:46:03<8:29:26,  5.30s/it]
 30%|██▉       | 2425/8189 [3:46:08<8:33:21,  5.34s/it]
 30%|██▉       | 2426/8189 [3:46:14<8:38:06,  5.39s/it]
 30%|██▉       | 2427/8189 [3:46:20<8:52:59,  5.55s/it]
 30%|██▉       | 2428/8189 [3:46:25<8:59:49,  5.62s/it]
 30%|██▉       | 2429/8189 [3:46:31<9:02:37,  5.65s/it]
 30%|██▉       | 2430/8189 [3:46:36<8:54:19,  5.57s/it]
 30%|██▉       | 2431/8189 [3:46:41<8:38:21,  5.40s/it]
 30%|██▉       | 2432/8189 [3:46:47<8:28:00,  5.29s/it]
 30%|██▉       | 2433/8189 [3:46:52<8:46:17,  5.49s/it]
 30%|██▉       | 2434/8189 [3:46:58<8:40:04,  5.42s/it]
 30%|██▉       | 2435/8189 [3:47:03<8:43:11,  5.46s/it]
 30%|██▉       | 2436/8189 [3:47:09<8:56:37,  5.60s/it]
 30%|██▉       | 2437/8189 [3:47:16<9:20:27,  5.85s/it]
 30%|██▉       | 2438/8189 [3:47:22<9:30:54,  5.96s/it]
 30%|██▉       | 2439/8189 [3:47:27<8:59:05,  5.63s/it]
 30%|██▉       | 2440/8189 [3:47:32<8:43:23,  5.46s/it]
 30%|██▉       | 2441/8189 [3:47:37<8:37:42,  5.40s/it]
 30%|██▉       | 2442/8189 [3:47:43<8:52:46,  5.56s/it]
 30%|██▉       | 2443/8189 [3:47:49<9:05:35,  5.70s/it]
 30%|██▉       | 2444/8189 [3:47:54<8:49:21,  5.53s/it]
 30%|██▉       | 2445/8189 [3:48:00<8:55:45,  5.60s/it]
 30%|██▉       | 2446/8189 [3:48:05<8:54:05,  5.58s/it]
 30%|██▉       | 2447/8189 [3:48:11<8:48:44,  5.53s/it]
 30%|██▉       | 2448/8189 [3:48:16<8:29:46,  5.33s/it]
 30%|██▉       | 2449/8189 [3:48:21<8:20:46,  5.23s/it]
 30%|██▉       | 2450/8189 [3:48:26<8:16:45,  5.19s/it]
 30%|██▉       | 2451/8189 [3:48:31<8:17:12,  5.20s/it]
 30%|██▉       | 2452/8189 [3:48:37<8:45:23,  5.49s/it]
 30%|██▉       | 2453/8189 [3:48:44<9:13:24,  5.79s/it]
 30%|██▉       | 2454/8189 [3:48:50<9:17:42,  5.83s/it]
 30%|██▉       | 2455/8189 [3:48:56<9:27:07,  5.93s/it]
 30%|██▉       | 2456/8189 [3:49:02<9:40:35,  6.08s/it]
 30%|███       | 2457/8189 [3:49:08<9:35:18,  6.02s/it]
 30%|███       | 2458/8189 [3:49:13<9:06:22,  5.72s/it]
 30%|███       | 2459/8189 [3:49:19<9:09:14,  5.75s/it]
 30%|███       | 2460/8189 [3:49:25<9:10:02,  5.76s/it]
 30%|███       | 2461/8189 [3:49:30<9:08:51,  5.75s/it]
 30%|███       | 2462/8189 [3:49:36<9:03:41,  5.70s/it]
 30%|███       | 2463/8189 [3:49:41<8:56:14,  5.62s/it]
 30%|███       | 2464/8189 [3:49:47<8:53:05,  5.59s/it]
 30%|███       | 2465/8189 [3:49:53<9:09:59,  5.77s/it]
 30%|███       | 2466/8189 [3:49:59<9:25:02,  5.92s/it]
 30%|███       | 2467/8189 [3:50:05<9:29:25,  5.97s/it]
 30%|███       | 2468/8189 [3:50:11<9:08:00,  5.75s/it]
 30%|███       | 2469/8189 [3:50:16<8:54:14,  5.60s/it]
 30%|███       | 2470/8189 [3:50:21<8:37:33,  5.43s/it]
 30%|███       | 2471/8189 [3:50:27<8:51:32,  5.58s/it]
 30%|███       | 2472/8189 [3:50:33<8:57:41,  5.64s/it]
 30%|███       | 2473/8189 [3:50:38<9:00:10,  5.67s/it]
 30%|███       | 2474/8189 [3:50:44<9:04:41,  5.72s/it]
 30%|███       | 2475/8189 [3:50:49<8:44:09,  5.50s/it]
 30%|███       | 2476/8189 [3:50:55<8:59:24,  5.67s/it]
 30%|███       | 2477/8189 [3:51:01<8:54:02,  5.61s/it]
 30%|███       | 2478/8189 [3:51:07<9:23:55,  5.92s/it]
 30%|███       | 2479/8189 [3:51:12<8:50:22,  5.57s/it]
 30%|███       | 2480/8189 [3:51:18<9:05:54,  5.74s/it]
 30%|███       | 2481/8189 [3:51:25<9:27:39,  5.97s/it]
 30%|███       | 2482/8189 [3:51:30<9:16:30,  5.85s/it]
 30%|███       | 2483/8189 [3:51:37<9:43:28,  6.14s/it]
 30%|███       | 2484/8189 [3:51:43<9:22:44,  5.92s/it]
 30%|███       | 2485/8189 [3:51:48<9:04:30,  5.73s/it]
 30%|███       | 2486/8189 [3:51:53<8:53:59,  5.62s/it]
 30%|███       | 2487/8189 [3:51:59<8:43:50,  5.51s/it]
 30%|███       | 2488/8189 [3:52:03<8:20:40,  5.27s/it]
 30%|███       | 2489/8189 [3:52:09<8:28:12,  5.35s/it]
 30%|███       | 2490/8189 [3:52:15<8:39:15,  5.47s/it]
 30%|███       | 2491/8189 [3:52:20<8:43:15,  5.51s/it]
 30%|███       | 2492/8189 [3:52:26<8:48:01,  5.56s/it]
 30%|███       | 2493/8189 [3:52:31<8:34:39,  5.42s/it]
 30%|███       | 2494/8189 [3:52:37<8:52:58,  5.62s/it]
 30%|███       | 2495/8189 [3:52:43<8:51:54,  5.60s/it]
 30%|███       | 2496/8189 [3:52:48<8:36:02,  5.44s/it]
 30%|███       | 2497/8189 [3:52:53<8:48:18,  5.57s/it]
 31%|███       | 2498/8189 [3:52:59<8:58:43,  5.68s/it]
 31%|███       | 2499/8189 [3:53:05<8:52:58,  5.62s/it]
 31%|███       | 2500/8189 [3:53:10<8:47:30,  5.56s/it]
 31%|███       | 2501/8189 [3:53:16<8:59:29,  5.69s/it]
 31%|███       | 2502/8189 [3:53:22<9:03:45,  5.74s/it]
 31%|███       | 2503/8189 [3:53:28<9:07:52,  5.78s/it]
 31%|███       | 2504/8189 [3:53:34<9:04:51,  5.75s/it]
 31%|███       | 2505/8189 [3:53:39<8:45:21,  5.55s/it]
 31%|███       | 2506/8189 [3:53:45<8:50:20,  5.60s/it]
 31%|███       | 2507/8189 [3:53:50<8:49:34,  5.59s/it]
 31%|███       | 2508/8189 [3:53:57<9:20:27,  5.92s/it]
 31%|███       | 2509/8189 [3:54:03<9:20:02,  5.92s/it]
 31%|███       | 2510/8189 [3:54:07<8:39:33,  5.49s/it]
 31%|███       | 2511/8189 [3:54:12<8:09:07,  5.17s/it]
 31%|███       | 2512/8189 [3:54:17<8:25:55,  5.35s/it]
 31%|███       | 2513/8189 [3:54:23<8:44:02,  5.54s/it]
 31%|███       | 2514/8189 [3:54:28<8:24:41,  5.34s/it]
 31%|███       | 2515/8189 [3:54:33<8:16:07,  5.25s/it]
 31%|███       | 2516/8189 [3:54:39<8:33:10,  5.43s/it]
 31%|███       | 2517/8189 [3:54:44<8:16:09,  5.25s/it]
 31%|███       | 2518/8189 [3:54:48<7:50:55,  4.98s/it]
 31%|███       | 2519/8189 [3:54:54<8:15:56,  5.25s/it]
 31%|███       | 2520/8189 [3:55:00<8:22:20,  5.32s/it]
 31%|███       | 2521/8189 [3:55:05<8:21:34,  5.31s/it]
 31%|███       | 2522/8189 [3:55:11<8:34:59,  5.45s/it]
 31%|███       | 2523/8189 [3:55:17<9:02:40,  5.75s/it]
 31%|███       | 2524/8189 [3:55:24<9:26:55,  6.00s/it]
 31%|███       | 2525/8189 [3:55:30<9:22:17,  5.96s/it]
 31%|███       | 2526/8189 [3:55:35<9:02:34,  5.75s/it]
 31%|███       | 2527/8189 [3:55:40<8:36:54,  5.48s/it]
 31%|███       | 2528/8189 [3:55:46<8:45:31,  5.57s/it]
 31%|███       | 2529/8189 [3:55:51<8:48:48,  5.61s/it]
 31%|███       | 2530/8189 [3:55:57<9:08:12,  5.81s/it]
 31%|███       | 2531/8189 [3:56:04<9:18:13,  5.92s/it]
 31%|███       | 2532/8189 [3:56:09<9:15:22,  5.89s/it]
 31%|███       | 2533/8189 [3:56:15<8:54:13,  5.67s/it]
 31%|███       | 2534/8189 [3:56:20<8:41:23,  5.53s/it]
 31%|███       | 2535/8189 [3:56:25<8:44:04,  5.56s/it]
 31%|███       | 2536/8189 [3:56:31<8:43:41,  5.56s/it]
 31%|███       | 2537/8189 [3:56:36<8:20:17,  5.31s/it]
 31%|███       | 2538/8189 [3:56:41<8:14:26,  5.25s/it]
 31%|███       | 2539/8189 [3:56:46<8:16:42,  5.27s/it]
 31%|███       | 2540/8189 [3:56:52<8:27:04,  5.39s/it]
 31%|███       | 2541/8189 [3:56:58<8:37:15,  5.49s/it]
 31%|███       | 2542/8189 [3:57:02<8:06:22,  5.17s/it]
 31%|███       | 2543/8189 [3:57:07<8:07:18,  5.18s/it]
 31%|███       | 2544/8189 [3:57:14<8:50:02,  5.63s/it]
 31%|███       | 2545/8189 [3:57:19<8:33:08,  5.46s/it]
 31%|███       | 2546/8189 [3:57:23<8:02:42,  5.13s/it]
 31%|███       | 2547/8189 [3:57:29<8:20:50,  5.33s/it]
 31%|███       | 2548/8189 [3:57:34<8:21:45,  5.34s/it]
 31%|███       | 2549/8189 [3:57:40<8:21:49,  5.34s/it]
 31%|███       | 2550/8189 [3:57:45<8:14:26,  5.26s/it]
 31%|███       | 2551/8189 [3:57:51<8:27:38,  5.40s/it]
 31%|███       | 2552/8189 [3:57:56<8:36:54,  5.50s/it]
 31%|███       | 2553/8189 [3:58:02<8:35:19,  5.49s/it]
 31%|███       | 2554/8189 [3:58:08<8:57:22,  5.72s/it]
 31%|███       | 2555/8189 [3:58:12<8:13:54,  5.26s/it]
 31%|███       | 2556/8189 [3:58:17<7:50:21,  5.01s/it]
 31%|███       | 2557/8189 [3:58:23<8:24:22,  5.37s/it]
 31%|███       | 2558/8189 [3:58:28<8:25:12,  5.38s/it]
 31%|███       | 2559/8189 [3:58:34<8:33:40,  5.47s/it]
 31%|███▏      | 2560/8189 [3:58:40<8:46:01,  5.61s/it]
 31%|███▏      | 2561/8189 [3:58:45<8:44:35,  5.59s/it]
 31%|███▏      | 2562/8189 [3:58:51<8:29:26,  5.43s/it]
 31%|███▏      | 2563/8189 [3:58:57<8:52:48,  5.68s/it]
 31%|███▏      | 2564/8189 [3:59:03<8:55:47,  5.72s/it]
 31%|███▏      | 2565/8189 [3:59:09<9:02:44,  5.79s/it]
 31%|███▏      | 2566/8189 [3:59:14<8:57:40,  5.74s/it]
 31%|███▏      | 2567/8189 [3:59:21<9:16:42,  5.94s/it]
 31%|███▏      | 2568/8189 [3:59:26<9:02:24,  5.79s/it]
 31%|███▏      | 2569/8189 [3:59:32<9:02:27,  5.79s/it]
 31%|███▏      | 2570/8189 [3:59:38<8:59:45,  5.76s/it]
 31%|███▏      | 2571/8189 [3:59:43<8:42:24,  5.58s/it]
 31%|███▏      | 2572/8189 [3:59:47<8:09:44,  5.23s/it]
 31%|███▏      | 2573/8189 [3:59:52<8:04:47,  5.18s/it]
 31%|███▏      | 2574/8189 [3:59:58<8:17:09,  5.31s/it]
 31%|███▏      | 2575/8189 [4:00:04<8:39:52,  5.56s/it]
 31%|███▏      | 2576/8189 [4:00:09<8:28:11,  5.43s/it]
 31%|███▏      | 2577/8189 [4:00:14<8:25:30,  5.40s/it]
 31%|███▏      | 2578/8189 [4:00:20<8:18:17,  5.33s/it]
 31%|███▏      | 2579/8189 [4:00:25<8:18:53,  5.34s/it]
 32%|███▏      | 2580/8189 [4:00:31<8:43:41,  5.60s/it]
 32%|███▏      | 2581/8189 [4:00:37<8:43:43,  5.60s/it]
 32%|███▏      | 2582/8189 [4:00:43<8:58:30,  5.76s/it]
 32%|███▏      | 2583/8189 [4:00:49<9:06:48,  5.85s/it]
 32%|███▏      | 2584/8189 [4:00:54<8:47:41,  5.65s/it]
 32%|███▏      | 2585/8189 [4:01:00<8:42:02,  5.59s/it]
 32%|███▏      | 2586/8189 [4:01:05<8:51:42,  5.69s/it]
 32%|███▏      | 2587/8189 [4:01:11<8:39:11,  5.56s/it]
 32%|███▏      | 2588/8189 [4:01:17<8:50:44,  5.69s/it]
 32%|███▏      | 2589/8189 [4:01:23<8:58:25,  5.77s/it]
 32%|███▏      | 2590/8189 [4:01:28<8:43:50,  5.61s/it]
 32%|███▏      | 2591/8189 [4:01:33<8:37:31,  5.55s/it]
 32%|███▏      | 2592/8189 [4:01:38<8:20:12,  5.36s/it]
 32%|███▏      | 2593/8189 [4:01:44<8:34:34,  5.52s/it]
 32%|███▏      | 2594/8189 [4:01:50<8:33:41,  5.51s/it]
 32%|███▏      | 2595/8189 [4:01:55<8:24:26,  5.41s/it]
 32%|███▏      | 2596/8189 [4:02:00<8:29:12,  5.46s/it]
 32%|███▏      | 2597/8189 [4:02:06<8:35:23,  5.53s/it]
 32%|███▏      | 2598/8189 [4:02:11<8:32:52,  5.50s/it]
 32%|███▏      | 2599/8189 [4:02:17<8:45:35,  5.64s/it]
 32%|███▏      | 2600/8189 [4:02:24<8:57:07,  5.77s/it]
 32%|███▏      | 2601/8189 [4:02:30<9:21:02,  6.02s/it]
 32%|███▏      | 2602/8189 [4:02:37<9:49:03,  6.33s/it]
 32%|███▏      | 2603/8189 [4:02:44<10:03:32,  6.48s/it]
 32%|███▏      | 2604/8189 [4:02:50<10:00:28,  6.45s/it]
 32%|███▏      | 2605/8189 [4:02:56<9:49:20,  6.33s/it] 
 32%|███▏      | 2606/8189 [4:03:02<9:41:05,  6.24s/it]
 32%|███▏      | 2607/8189 [4:03:08<9:18:59,  6.01s/it]
 32%|███▏      | 2608/8189 [4:03:14<9:18:58,  6.01s/it]
 32%|███▏      | 2609/8189 [4:03:20<9:21:13,  6.03s/it]
 32%|███▏      | 2610/8189 [4:03:25<8:59:06,  5.80s/it]
 32%|███▏      | 2611/8189 [4:03:30<8:41:12,  5.61s/it]
 32%|███▏      | 2612/8189 [4:03:36<8:33:22,  5.52s/it]
 32%|███▏      | 2613/8189 [4:03:42<8:49:35,  5.70s/it]
 32%|███▏      | 2614/8189 [4:03:48<8:51:50,  5.72s/it]
 32%|███▏      | 2615/8189 [4:03:54<9:03:36,  5.85s/it]
 32%|███▏      | 2616/8189 [4:04:00<9:04:58,  5.87s/it]
 32%|███▏      | 2617/8189 [4:04:05<8:47:19,  5.68s/it]
 32%|███▏      | 2618/8189 [4:04:11<8:55:14,  5.76s/it]
 32%|███▏      | 2619/8189 [4:04:17<8:54:53,  5.76s/it]
 32%|███▏      | 2620/8189 [4:04:23<8:56:31,  5.78s/it]
 32%|███▏      | 2621/8189 [4:04:28<8:53:54,  5.75s/it]
 32%|███▏      | 2622/8189 [4:04:34<9:04:37,  5.87s/it]
 32%|███▏      | 2623/8189 [4:04:40<9:08:48,  5.92s/it]
 32%|███▏      | 2624/8189 [4:04:46<9:00:29,  5.83s/it]
 32%|███▏      | 2625/8189 [4:04:52<8:54:53,  5.77s/it]
 32%|███▏      | 2626/8189 [4:04:57<8:44:03,  5.65s/it]
 32%|███▏      | 2627/8189 [4:05:02<8:39:17,  5.60s/it]
 32%|███▏      | 2628/8189 [4:05:08<8:40:33,  5.62s/it]
 32%|███▏      | 2629/8189 [4:05:13<8:17:47,  5.37s/it]
 32%|███▏      | 2630/8189 [4:05:19<8:28:14,  5.49s/it]
 32%|███▏      | 2631/8189 [4:05:25<8:39:04,  5.60s/it]
 32%|███▏      | 2632/8189 [4:05:30<8:31:23,  5.52s/it]
 32%|███▏      | 2633/8189 [4:05:36<8:33:49,  5.55s/it]
 32%|███▏      | 2634/8189 [4:05:40<8:15:30,  5.35s/it]
 32%|███▏      | 2635/8189 [4:05:46<8:26:14,  5.47s/it]
 32%|███▏      | 2636/8189 [4:05:52<8:37:48,  5.59s/it]
 32%|███▏      | 2637/8189 [4:05:58<8:43:23,  5.66s/it]
 32%|███▏      | 2638/8189 [4:06:03<8:40:16,  5.62s/it]
 32%|███▏      | 2639/8189 [4:06:09<8:39:34,  5.62s/it]
 32%|███▏      | 2640/8189 [4:06:15<8:44:56,  5.68s/it]
 32%|███▏      | 2641/8189 [4:06:21<9:00:29,  5.85s/it]
 32%|███▏      | 2642/8189 [4:06:27<9:10:31,  5.95s/it]
 32%|███▏      | 2643/8189 [4:06:33<9:07:24,  5.92s/it]
 32%|███▏      | 2644/8189 [4:06:38<8:40:15,  5.63s/it]
 32%|███▏      | 2645/8189 [4:06:43<8:25:41,  5.47s/it]
 32%|███▏      | 2646/8189 [4:06:49<8:29:49,  5.52s/it]
 32%|███▏      | 2647/8189 [4:06:55<8:44:22,  5.68s/it]
 32%|███▏      | 2648/8189 [4:07:00<8:43:25,  5.67s/it]
 32%|███▏      | 2649/8189 [4:07:06<8:30:35,  5.53s/it]
 32%|███▏      | 2650/8189 [4:07:12<8:48:52,  5.73s/it]
 32%|███▏      | 2651/8189 [4:07:17<8:44:03,  5.68s/it]
 32%|███▏      | 2652/8189 [4:07:22<8:16:52,  5.38s/it]
 32%|███▏      | 2653/8189 [4:07:28<8:33:39,  5.57s/it]
 32%|███▏      | 2654/8189 [4:07:33<8:22:55,  5.45s/it]
 32%|███▏      | 2655/8189 [4:07:40<8:45:49,  5.70s/it]
 32%|███▏      | 2656/8189 [4:07:45<8:42:18,  5.66s/it]
 32%|███▏      | 2657/8189 [4:07:51<8:38:43,  5.63s/it]
 32%|███▏      | 2658/8189 [4:07:57<8:46:57,  5.72s/it]
 32%|███▏      | 2659/8189 [4:08:02<8:37:40,  5.62s/it]
 32%|███▏      | 2660/8189 [4:08:08<8:53:57,  5.79s/it]
 32%|███▏      | 2661/8189 [4:08:14<8:50:38,  5.76s/it]
 33%|███▎      | 2662/8189 [4:08:19<8:46:07,  5.71s/it]
 33%|███▎      | 2663/8189 [4:08:25<8:47:33,  5.73s/it]
 33%|███▎      | 2664/8189 [4:08:31<8:48:15,  5.74s/it]
 33%|███▎      | 2665/8189 [4:08:37<9:03:51,  5.91s/it]
 33%|███▎      | 2666/8189 [4:08:43<9:06:20,  5.94s/it]
 33%|███▎      | 2667/8189 [4:08:49<8:54:34,  5.81s/it]
 33%|███▎      | 2668/8189 [4:08:54<8:43:52,  5.69s/it]
 33%|███▎      | 2669/8189 [4:09:00<8:51:33,  5.78s/it]
 33%|███▎      | 2670/8189 [4:09:06<8:52:11,  5.79s/it]
 33%|███▎      | 2671/8189 [4:09:12<9:00:13,  5.87s/it]
 33%|███▎      | 2672/8189 [4:09:17<8:40:57,  5.67s/it]
 33%|███▎      | 2673/8189 [4:09:23<8:32:41,  5.58s/it]
 33%|███▎      | 2674/8189 [4:09:28<8:27:28,  5.52s/it]
 33%|███▎      | 2675/8189 [4:09:33<8:23:41,  5.48s/it]
 33%|███▎      | 2676/8189 [4:09:39<8:15:45,  5.40s/it]
 33%|███▎      | 2677/8189 [4:09:44<8:11:38,  5.35s/it]
 33%|███▎      | 2678/8189 [4:09:50<8:23:09,  5.48s/it]
 33%|███▎      | 2679/8189 [4:09:55<8:17:04,  5.41s/it]
 33%|███▎      | 2680/8189 [4:10:00<7:58:01,  5.21s/it]
 33%|███▎      | 2681/8189 [4:10:05<7:48:18,  5.10s/it]
 33%|███▎      | 2682/8189 [4:10:09<7:44:51,  5.06s/it]
 33%|███▎      | 2683/8189 [4:10:15<8:07:28,  5.31s/it]
 33%|███▎      | 2684/8189 [4:10:22<8:38:26,  5.65s/it]
 33%|███▎      | 2685/8189 [4:10:27<8:37:12,  5.64s/it]
 33%|███▎      | 2686/8189 [4:10:32<8:07:10,  5.31s/it]
 33%|███▎      | 2687/8189 [4:10:37<8:07:17,  5.31s/it]
 33%|███▎      | 2688/8189 [4:10:43<8:25:35,  5.51s/it]
 33%|███▎      | 2689/8189 [4:10:49<8:43:11,  5.71s/it]
 33%|███▎      | 2690/8189 [4:10:55<8:38:32,  5.66s/it]
 33%|███▎      | 2691/8189 [4:11:00<8:32:38,  5.59s/it]
 33%|███▎      | 2692/8189 [4:11:06<8:21:24,  5.47s/it]
 33%|███▎      | 2693/8189 [4:11:11<8:15:33,  5.41s/it]
 33%|███▎      | 2694/8189 [4:11:17<8:23:01,  5.49s/it]
 33%|███▎      | 2695/8189 [4:11:23<8:38:59,  5.67s/it]
 33%|███▎      | 2696/8189 [4:11:28<8:23:03,  5.49s/it]
 33%|███▎      | 2697/8189 [4:11:33<8:20:06,  5.46s/it]
 33%|███▎      | 2698/8189 [4:11:38<8:16:47,  5.43s/it]
 33%|███▎      | 2699/8189 [4:11:44<8:28:23,  5.56s/it]
 33%|███▎      | 2700/8189 [4:11:50<8:33:59,  5.62s/it]
 33%|███▎      | 2701/8189 [4:11:56<8:52:12,  5.82s/it]
 33%|███▎      | 2702/8189 [4:12:01<8:25:38,  5.53s/it]
 33%|███▎      | 2703/8189 [4:12:07<8:27:08,  5.55s/it]
 33%|███▎      | 2704/8189 [4:12:12<8:18:14,  5.45s/it]
 33%|███▎      | 2705/8189 [4:12:18<8:29:31,  5.57s/it]
 33%|███▎      | 2706/8189 [4:12:24<8:38:06,  5.67s/it]
 33%|███▎      | 2707/8189 [4:12:29<8:27:25,  5.55s/it]
 33%|███▎      | 2708/8189 [4:12:35<8:28:12,  5.56s/it]
 33%|███▎      | 2709/8189 [4:12:39<8:08:23,  5.35s/it]
 33%|███▎      | 2710/8189 [4:12:45<8:13:23,  5.40s/it]
 33%|███▎      | 2711/8189 [4:12:51<8:15:44,  5.43s/it]
 33%|███▎      | 2712/8189 [4:12:56<8:27:47,  5.56s/it]
 33%|███▎      | 2713/8189 [4:13:02<8:26:46,  5.55s/it]
 33%|███▎      | 2714/8189 [4:13:07<8:26:07,  5.55s/it]
 33%|███▎      | 2715/8189 [4:13:12<8:11:11,  5.38s/it]
 33%|███▎      | 2716/8189 [4:13:19<8:49:22,  5.80s/it]
 33%|███▎      | 2717/8189 [4:13:25<9:00:41,  5.93s/it]
 33%|███▎      | 2718/8189 [4:13:31<9:00:37,  5.93s/it]
 33%|███▎      | 2719/8189 [4:13:37<8:38:43,  5.69s/it]
 33%|███▎      | 2720/8189 [4:13:43<9:00:15,  5.93s/it]
 33%|███▎      | 2721/8189 [4:13:49<8:58:48,  5.91s/it]
 33%|███▎      | 2722/8189 [4:13:56<9:19:47,  6.14s/it]
 33%|███▎      | 2723/8189 [4:14:01<9:03:48,  5.97s/it]
 33%|███▎      | 2724/8189 [4:14:08<9:30:35,  6.26s/it]
 33%|███▎      | 2725/8189 [4:14:13<9:04:04,  5.97s/it]
 33%|███▎      | 2726/8189 [4:14:19<8:56:15,  5.89s/it]
 33%|███▎      | 2727/8189 [4:14:25<8:50:28,  5.83s/it]
 33%|███▎      | 2728/8189 [4:14:30<8:43:26,  5.75s/it]
 33%|███▎      | 2729/8189 [4:14:36<8:41:30,  5.73s/it]
 33%|███▎      | 2730/8189 [4:14:41<8:09:57,  5.39s/it]
 33%|███▎      | 2731/8189 [4:14:46<8:24:01,  5.54s/it]
 33%|███▎      | 2732/8189 [4:14:52<8:23:48,  5.54s/it]
 33%|███▎      | 2733/8189 [4:14:58<8:35:29,  5.67s/it]
 33%|███▎      | 2734/8189 [4:15:04<8:36:16,  5.68s/it]
 33%|███▎      | 2735/8189 [4:15:09<8:23:45,  5.54s/it]
 33%|███▎      | 2736/8189 [4:15:14<8:06:46,  5.36s/it]
 33%|███▎      | 2737/8189 [4:15:20<8:18:52,  5.49s/it]
 33%|███▎      | 2738/8189 [4:15:25<8:27:14,  5.58s/it]
 33%|███▎      | 2739/8189 [4:15:31<8:22:12,  5.53s/it]
 33%|███▎      | 2740/8189 [4:15:37<8:33:37,  5.66s/it]
 33%|███▎      | 2741/8189 [4:15:43<8:39:02,  5.72s/it]
 33%|███▎      | 2742/8189 [4:15:48<8:28:01,  5.60s/it]
 33%|███▎      | 2743/8189 [4:15:54<8:46:05,  5.80s/it]
 34%|███▎      | 2744/8189 [4:16:00<8:54:28,  5.89s/it]
 34%|███▎      | 2745/8189 [4:16:06<8:50:08,  5.84s/it]
 34%|███▎      | 2746/8189 [4:16:11<8:23:13,  5.55s/it]
 34%|███▎      | 2747/8189 [4:16:16<8:19:23,  5.51s/it]
 34%|███▎      | 2748/8189 [4:16:22<8:33:48,  5.67s/it]
 34%|███▎      | 2749/8189 [4:16:28<8:22:55,  5.55s/it]
 34%|███▎      | 2750/8189 [4:16:34<8:37:06,  5.70s/it]
 34%|███▎      | 2751/8189 [4:16:39<8:12:53,  5.44s/it]
 34%|███▎      | 2752/8189 [4:16:44<8:10:48,  5.42s/it]
 34%|███▎      | 2753/8189 [4:16:50<8:23:26,  5.56s/it]
 34%|███▎      | 2754/8189 [4:16:56<8:29:57,  5.63s/it]
 34%|███▎      | 2755/8189 [4:17:01<8:20:16,  5.52s/it]
 34%|███▎      | 2756/8189 [4:17:07<8:37:43,  5.72s/it]
 34%|███▎      | 2757/8189 [4:17:12<8:15:43,  5.48s/it]
 34%|███▎      | 2758/8189 [4:17:18<8:29:02,  5.62s/it]
 34%|███▎      | 2759/8189 [4:17:24<8:32:59,  5.67s/it]
 34%|███▎      | 2760/8189 [4:17:29<8:22:44,  5.56s/it]
 34%|███▎      | 2761/8189 [4:17:35<8:28:45,  5.62s/it]
 34%|███▎      | 2762/8189 [4:17:40<8:13:54,  5.46s/it]
 34%|███▎      | 2763/8189 [4:17:47<8:46:51,  5.83s/it]
 34%|███▍      | 2764/8189 [4:17:52<8:41:58,  5.77s/it]
 34%|███▍      | 2765/8189 [4:17:57<8:25:32,  5.59s/it]
 34%|███▍      | 2766/8189 [4:18:03<8:29:50,  5.64s/it]
 34%|███▍      | 2767/8189 [4:18:08<8:22:26,  5.56s/it]
 34%|███▍      | 2768/8189 [4:18:13<7:58:41,  5.30s/it]
 34%|███▍      | 2769/8189 [4:18:18<7:50:56,  5.21s/it]
 34%|███▍      | 2770/8189 [4:18:23<7:49:21,  5.20s/it]
 34%|███▍      | 2771/8189 [4:18:29<7:51:26,  5.22s/it]
 34%|███▍      | 2772/8189 [4:18:34<8:00:29,  5.32s/it]
 34%|███▍      | 2773/8189 [4:18:39<7:53:41,  5.25s/it]
 34%|███▍      | 2774/8189 [4:18:44<7:53:24,  5.25s/it]
 34%|███▍      | 2775/8189 [4:18:50<8:05:08,  5.38s/it]
 34%|███▍      | 2776/8189 [4:18:57<8:33:07,  5.69s/it]
 34%|███▍      | 2777/8189 [4:19:02<8:20:09,  5.54s/it]
 34%|███▍      | 2778/8189 [4:19:08<8:37:53,  5.74s/it]
 34%|███▍      | 2779/8189 [4:19:14<8:46:07,  5.84s/it]
 34%|███▍      | 2780/8189 [4:19:21<9:04:26,  6.04s/it]
 34%|███▍      | 2781/8189 [4:19:27<9:27:24,  6.30s/it]
 34%|███▍      | 2782/8189 [4:19:33<9:09:27,  6.10s/it]
 34%|███▍      | 2783/8189 [4:19:39<9:02:14,  6.02s/it]
 34%|███▍      | 2784/8189 [4:19:44<8:38:21,  5.75s/it]
 34%|███▍      | 2785/8189 [4:19:50<8:43:28,  5.81s/it]
 34%|███▍      | 2786/8189 [4:19:55<8:34:05,  5.71s/it]
 34%|███▍      | 2787/8189 [4:20:01<8:33:42,  5.71s/it]
 34%|███▍      | 2788/8189 [4:20:07<8:25:39,  5.62s/it]
 34%|███▍      | 2789/8189 [4:20:11<8:05:18,  5.39s/it]
 34%|███▍      | 2790/8189 [4:20:17<8:09:42,  5.44s/it]
 34%|███▍      | 2791/8189 [4:20:22<8:00:24,  5.34s/it]
 34%|███▍      | 2792/8189 [4:20:28<8:14:29,  5.50s/it]
 34%|███▍      | 2793/8189 [4:20:33<8:10:46,  5.46s/it]
 34%|███▍      | 2794/8189 [4:20:40<8:29:34,  5.67s/it]
 34%|███▍      | 2795/8189 [4:20:45<8:26:56,  5.64s/it]
 34%|███▍      | 2796/8189 [4:20:51<8:32:03,  5.70s/it]
 34%|███▍      | 2797/8189 [4:20:57<8:42:39,  5.82s/it]
 34%|███▍      | 2798/8189 [4:21:04<9:01:12,  6.02s/it]
 34%|███▍      | 2799/8189 [4:21:09<8:58:57,  6.00s/it]
 34%|███▍      | 2800/8189 [4:21:15<8:56:38,  5.97s/it]
 34%|███▍      | 2801/8189 [4:21:21<8:59:09,  6.00s/it]
 34%|███▍      | 2802/8189 [4:21:27<8:43:09,  5.83s/it]
 34%|███▍      | 2803/8189 [4:21:32<8:34:15,  5.73s/it]
 34%|███▍      | 2804/8189 [4:21:37<8:08:40,  5.44s/it]
 34%|███▍      | 2805/8189 [4:21:43<8:30:08,  5.69s/it]
 34%|███▍      | 2806/8189 [4:21:49<8:25:45,  5.64s/it]
 34%|███▍      | 2807/8189 [4:21:54<8:17:23,  5.55s/it]
 34%|███▍      | 2808/8189 [4:22:00<8:13:39,  5.50s/it]
 34%|███▍      | 2809/8189 [4:22:05<8:22:13,  5.60s/it]
 34%|███▍      | 2810/8189 [4:22:12<8:49:50,  5.91s/it]
 34%|███▍      | 2811/8189 [4:22:18<8:56:26,  5.98s/it]
 34%|███▍      | 2812/8189 [4:22:24<8:42:27,  5.83s/it]
 34%|███▍      | 2813/8189 [4:22:29<8:24:48,  5.63s/it]
 34%|███▍      | 2814/8189 [4:22:35<8:30:01,  5.69s/it]
 34%|███▍      | 2815/8189 [4:22:41<8:51:00,  5.93s/it]
 34%|███▍      | 2816/8189 [4:22:48<9:13:30,  6.18s/it]
 34%|███▍      | 2817/8189 [4:22:54<9:14:46,  6.20s/it]
 34%|███▍      | 2818/8189 [4:23:01<9:31:30,  6.38s/it]
 34%|███▍      | 2819/8189 [4:23:08<9:46:11,  6.55s/it]
 34%|███▍      | 2820/8189 [4:23:14<9:35:15,  6.43s/it]
 34%|███▍      | 2821/8189 [4:23:20<9:19:09,  6.25s/it]
 34%|███▍      | 2822/8189 [4:23:26<9:19:25,  6.25s/it]
 34%|███▍      | 2823/8189 [4:23:32<9:08:33,  6.13s/it]
 34%|███▍      | 2824/8189 [4:23:38<8:51:16,  5.94s/it]
 34%|███▍      | 2825/8189 [4:23:44<9:07:32,  6.12s/it]
 35%|███▍      | 2826/8189 [4:23:50<8:50:21,  5.93s/it]
 35%|███▍      | 2827/8189 [4:23:56<8:51:04,  5.94s/it]
 35%|███▍      | 2828/8189 [4:24:02<8:55:12,  5.99s/it]
 35%|███▍      | 2829/8189 [4:24:08<8:59:44,  6.04s/it]
 35%|███▍      | 2830/8189 [4:24:13<8:43:37,  5.86s/it]
 35%|███▍      | 2831/8189 [4:24:19<8:39:52,  5.82s/it]
 35%|███▍      | 2832/8189 [4:24:25<8:37:35,  5.80s/it]
 35%|███▍      | 2833/8189 [4:24:31<8:38:46,  5.81s/it]
 35%|███▍      | 2834/8189 [4:24:36<8:34:29,  5.76s/it]
 35%|███▍      | 2835/8189 [4:24:42<8:32:11,  5.74s/it]
 35%|███▍      | 2836/8189 [4:24:47<8:12:46,  5.52s/it]
 35%|███▍      | 2837/8189 [4:24:52<7:59:57,  5.38s/it]
 35%|███▍      | 2838/8189 [4:24:57<7:39:02,  5.15s/it]
 35%|███▍      | 2839/8189 [4:25:02<7:37:03,  5.13s/it]
 35%|███▍      | 2840/8189 [4:25:07<7:55:17,  5.33s/it]
 35%|███▍      | 2841/8189 [4:25:14<8:14:35,  5.55s/it]
 35%|███▍      | 2842/8189 [4:25:18<7:57:03,  5.35s/it]
 35%|███▍      | 2843/8189 [4:25:24<7:53:46,  5.32s/it]
 35%|███▍      | 2844/8189 [4:25:29<7:52:35,  5.30s/it]
 35%|███▍      | 2845/8189 [4:25:34<7:40:20,  5.17s/it]
 35%|███▍      | 2846/8189 [4:25:40<8:02:04,  5.41s/it]
 35%|███▍      | 2847/8189 [4:25:46<8:16:44,  5.58s/it]
 35%|███▍      | 2848/8189 [4:25:51<8:19:48,  5.61s/it]
 35%|███▍      | 2849/8189 [4:25:57<8:20:41,  5.63s/it]
 35%|███▍      | 2850/8189 [4:26:03<8:17:38,  5.59s/it]
 35%|███▍      | 2851/8189 [4:26:08<8:10:46,  5.52s/it]
 35%|███▍      | 2852/8189 [4:26:14<8:15:25,  5.57s/it]
 35%|███▍      | 2853/8189 [4:26:19<8:19:38,  5.62s/it]
 35%|███▍      | 2854/8189 [4:26:25<8:08:27,  5.49s/it]
 35%|███▍      | 2855/8189 [4:26:30<8:04:48,  5.45s/it]
 35%|███▍      | 2856/8189 [4:26:36<8:11:48,  5.53s/it]
 35%|███▍      | 2857/8189 [4:26:42<8:23:42,  5.67s/it]
 35%|███▍      | 2858/8189 [4:26:48<8:30:49,  5.75s/it]
 35%|███▍      | 2859/8189 [4:26:54<8:48:37,  5.95s/it]
 35%|███▍      | 2860/8189 [4:26:59<8:32:42,  5.77s/it]
 35%|███▍      | 2861/8189 [4:27:05<8:16:38,  5.59s/it]
 35%|███▍      | 2862/8189 [4:27:10<8:25:23,  5.69s/it]
 35%|███▍      | 2863/8189 [4:27:17<8:51:05,  5.98s/it]
 35%|███▍      | 2864/8189 [4:27:22<8:31:19,  5.76s/it]
 35%|███▍      | 2865/8189 [4:27:28<8:29:07,  5.74s/it]
 35%|███▍      | 2866/8189 [4:27:34<8:23:37,  5.68s/it]
 35%|███▌      | 2867/8189 [4:27:40<8:39:38,  5.86s/it]
 35%|███▌      | 2868/8189 [4:27:46<8:54:31,  6.03s/it]
 35%|███▌      | 2869/8189 [4:27:52<8:51:52,  6.00s/it]
 35%|███▌      | 2870/8189 [4:27:58<8:49:19,  5.97s/it]
 35%|███▌      | 2871/8189 [4:28:04<8:40:17,  5.87s/it]
 35%|███▌      | 2872/8189 [4:28:10<8:54:05,  6.03s/it]
 35%|███▌      | 2873/8189 [4:28:16<9:01:36,  6.11s/it]
 35%|███▌      | 2874/8189 [4:28:22<8:46:12,  5.94s/it]
 35%|███▌      | 2875/8189 [4:28:28<8:39:49,  5.87s/it]
 35%|███▌      | 2876/8189 [4:28:34<8:47:06,  5.95s/it]
 35%|███▌      | 2877/8189 [4:28:40<8:43:39,  5.91s/it]
 35%|███▌      | 2878/8189 [4:28:45<8:27:24,  5.73s/it]
 35%|███▌      | 2879/8189 [4:28:51<8:30:09,  5.76s/it]
 35%|███▌      | 2880/8189 [4:28:57<8:47:14,  5.96s/it]
 35%|███▌      | 2881/8189 [4:29:03<8:41:41,  5.90s/it]
 35%|███▌      | 2882/8189 [4:29:08<8:08:09,  5.52s/it]
 35%|███▌      | 2883/8189 [4:29:14<8:32:44,  5.80s/it]
 35%|███▌      | 2884/8189 [4:29:20<8:38:23,  5.86s/it]
 35%|███▌      | 2885/8189 [4:29:26<8:42:14,  5.91s/it]
 35%|███▌      | 2886/8189 [4:29:32<8:37:30,  5.86s/it]
 35%|███▌      | 2887/8189 [4:29:36<7:52:15,  5.34s/it]
 35%|███▌      | 2888/8189 [4:29:42<8:12:18,  5.57s/it]
 35%|███▌      | 2889/8189 [4:29:47<7:58:30,  5.42s/it]
 35%|███▌      | 2890/8189 [4:29:53<8:12:36,  5.58s/it]
 35%|███▌      | 2891/8189 [4:29:58<8:00:08,  5.44s/it]
 35%|███▌      | 2892/8189 [4:30:04<8:16:24,  5.62s/it]
 35%|███▌      | 2893/8189 [4:30:10<8:13:04,  5.59s/it]
 35%|███▌      | 2894/8189 [4:30:16<8:23:14,  5.70s/it]
 35%|███▌      | 2895/8189 [4:30:21<8:23:05,  5.70s/it]
 35%|███▌      | 2896/8189 [4:30:27<8:15:52,  5.62s/it]
 35%|███▌      | 2897/8189 [4:30:33<8:17:32,  5.64s/it]
 35%|███▌      | 2898/8189 [4:30:38<8:14:37,  5.61s/it]
 35%|███▌      | 2899/8189 [4:30:44<8:21:23,  5.69s/it]
 35%|███▌      | 2900/8189 [4:30:49<8:15:34,  5.62s/it]
 35%|███▌      | 2901/8189 [4:30:55<8:09:46,  5.56s/it]
 35%|███▌      | 2902/8189 [4:30:59<7:39:27,  5.21s/it]
 35%|███▌      | 2903/8189 [4:31:06<8:10:13,  5.56s/it]
 35%|███▌      | 2904/8189 [4:31:12<8:23:11,  5.71s/it]
 35%|███▌      | 2905/8189 [4:31:16<7:58:46,  5.44s/it]
 35%|███▌      | 2906/8189 [4:31:22<8:12:47,  5.60s/it]
 35%|███▌      | 2907/8189 [4:31:28<8:11:57,  5.59s/it]
 36%|███▌      | 2908/8189 [4:31:34<8:11:40,  5.59s/it]
 36%|███▌      | 2909/8189 [4:31:39<8:16:18,  5.64s/it]
 36%|███▌      | 2910/8189 [4:31:45<8:18:05,  5.66s/it]
 36%|███▌      | 2911/8189 [4:31:51<8:29:06,  5.79s/it]
 36%|███▌      | 2912/8189 [4:31:57<8:31:36,  5.82s/it]
 36%|███▌      | 2913/8189 [4:32:03<8:33:30,  5.84s/it]
 36%|███▌      | 2914/8189 [4:32:09<8:31:35,  5.82s/it]
 36%|███▌      | 2915/8189 [4:32:14<8:19:07,  5.68s/it]
 36%|███▌      | 2916/8189 [4:32:20<8:34:45,  5.86s/it]
 36%|███▌      | 2917/8189 [4:32:27<8:58:23,  6.13s/it]
 36%|███▌      | 2918/8189 [4:32:34<9:08:48,  6.25s/it]
 36%|███▌      | 2919/8189 [4:32:39<8:35:39,  5.87s/it]
 36%|███▌      | 2920/8189 [4:32:44<8:25:57,  5.76s/it]
 36%|███▌      | 2921/8189 [4:32:49<8:11:05,  5.59s/it]
 36%|███▌      | 2922/8189 [4:32:55<8:16:10,  5.65s/it]
 36%|███▌      | 2923/8189 [4:33:00<8:08:47,  5.57s/it]
 36%|███▌      | 2924/8189 [4:33:06<7:55:35,  5.42s/it]
 36%|███▌      | 2925/8189 [4:33:11<7:44:13,  5.29s/it]
 36%|███▌      | 2926/8189 [4:33:16<7:50:42,  5.37s/it]
 36%|███▌      | 2927/8189 [4:33:21<7:49:21,  5.35s/it]
 36%|███▌      | 2928/8189 [4:33:28<8:13:48,  5.63s/it]
 36%|███▌      | 2929/8189 [4:33:33<8:14:10,  5.64s/it]
 36%|███▌      | 2930/8189 [4:33:39<8:14:00,  5.64s/it]
 36%|███▌      | 2931/8189 [4:33:45<8:11:43,  5.61s/it]
 36%|███▌      | 2932/8189 [4:33:51<8:22:34,  5.74s/it]
 36%|███▌      | 2933/8189 [4:33:56<8:07:37,  5.57s/it]
 36%|███▌      | 2934/8189 [4:34:01<7:50:12,  5.37s/it]
 36%|███▌      | 2935/8189 [4:34:06<7:52:54,  5.40s/it]
 36%|███▌      | 2936/8189 [4:34:12<8:11:44,  5.62s/it]
 36%|███▌      | 2937/8189 [4:34:18<8:09:54,  5.60s/it]
 36%|███▌      | 2938/8189 [4:34:22<7:46:21,  5.33s/it]
 36%|███▌      | 2939/8189 [4:34:28<7:51:18,  5.39s/it]
 36%|███▌      | 2940/8189 [4:34:33<7:45:41,  5.32s/it]
 36%|███▌      | 2941/8189 [4:34:39<7:59:21,  5.48s/it]
 36%|███▌      | 2942/8189 [4:34:45<8:04:32,  5.54s/it]
 36%|███▌      | 2943/8189 [4:34:51<8:13:29,  5.64s/it]
 36%|███▌      | 2944/8189 [4:34:56<7:59:06,  5.48s/it]
 36%|███▌      | 2945/8189 [4:35:01<7:53:05,  5.41s/it]
 36%|███▌      | 2946/8189 [4:35:07<8:07:17,  5.58s/it]
 36%|███▌      | 2947/8189 [4:35:12<7:57:21,  5.46s/it]
 36%|███▌      | 2948/8189 [4:35:18<7:59:53,  5.49s/it]
 36%|███▌      | 2949/8189 [4:35:24<8:12:48,  5.64s/it]
 36%|███▌      | 2950/8189 [4:35:30<8:25:00,  5.78s/it]
 36%|███▌      | 2951/8189 [4:35:35<8:18:56,  5.72s/it]
 36%|███▌      | 2952/8189 [4:35:41<8:10:16,  5.62s/it]
 36%|███▌      | 2953/8189 [4:35:46<8:05:58,  5.57s/it]
 36%|███▌      | 2954/8189 [4:35:52<8:17:06,  5.70s/it]
 36%|███▌      | 2955/8189 [4:35:58<8:23:13,  5.77s/it]
 36%|███▌      | 2956/8189 [4:36:03<8:01:54,  5.53s/it]
 36%|███▌      | 2957/8189 [4:36:09<8:20:16,  5.74s/it]
 36%|███▌      | 2958/8189 [4:36:16<8:42:42,  6.00s/it]
 36%|███▌      | 2959/8189 [4:36:21<8:21:16,  5.75s/it]
 36%|███▌      | 2960/8189 [4:36:27<8:18:50,  5.72s/it]
 36%|███▌      | 2961/8189 [4:36:33<8:31:11,  5.87s/it]
 36%|███▌      | 2962/8189 [4:36:38<8:22:23,  5.77s/it]
 36%|███▌      | 2963/8189 [4:36:44<8:14:55,  5.68s/it]
 36%|███▌      | 2964/8189 [4:36:49<8:08:52,  5.61s/it]
 36%|███▌      | 2965/8189 [4:36:54<7:46:23,  5.36s/it]
 36%|███▌      | 2966/8189 [4:37:00<7:47:47,  5.37s/it]
 36%|███▌      | 2967/8189 [4:37:05<7:58:16,  5.50s/it]
 36%|███▌      | 2968/8189 [4:37:11<8:00:16,  5.52s/it]
 36%|███▋      | 2969/8189 [4:37:16<7:50:31,  5.41s/it]
 36%|███▋      | 2970/8189 [4:37:21<7:32:44,  5.21s/it]
 36%|███▋      | 2971/8189 [4:37:26<7:38:55,  5.28s/it]
 36%|███▋      | 2972/8189 [4:37:32<7:47:33,  5.38s/it]
 36%|███▋      | 2973/8189 [4:37:38<8:03:36,  5.56s/it]
 36%|███▋      | 2974/8189 [4:37:44<8:12:28,  5.67s/it]
 36%|███▋      | 2975/8189 [4:37:49<8:02:59,  5.56s/it]
 36%|███▋      | 2976/8189 [4:37:54<7:54:19,  5.46s/it]
 36%|███▋      | 2977/8189 [4:38:01<8:19:29,  5.75s/it]
 36%|███▋      | 2978/8189 [4:38:06<7:57:02,  5.49s/it]
 36%|███▋      | 2979/8189 [4:38:11<7:41:52,  5.32s/it]
 36%|███▋      | 2980/8189 [4:38:16<7:51:27,  5.43s/it]
 36%|███▋      | 2981/8189 [4:38:22<7:56:16,  5.49s/it]
 36%|███▋      | 2982/8189 [4:38:28<8:03:53,  5.58s/it]
 36%|███▋      | 2983/8189 [4:38:33<7:58:14,  5.51s/it]
 36%|███▋      | 2984/8189 [4:38:38<7:57:29,  5.50s/it]
 36%|███▋      | 2985/8189 [4:38:44<8:10:11,  5.65s/it]
 36%|███▋      | 2986/8189 [4:38:50<8:10:41,  5.66s/it]
 36%|███▋      | 2987/8189 [4:38:56<8:07:46,  5.63s/it]
 36%|███▋      | 2988/8189 [4:39:02<8:18:36,  5.75s/it]
 37%|███▋      | 2989/8189 [4:39:09<8:45:44,  6.07s/it]
 37%|███▋      | 2990/8189 [4:39:15<8:57:11,  6.20s/it]
 37%|███▋      | 2991/8189 [4:39:20<8:24:50,  5.83s/it]
 37%|███▋      | 2992/8189 [4:39:26<8:15:58,  5.73s/it]
 37%|███▋      | 2993/8189 [4:39:31<8:19:52,  5.77s/it]
 37%|███▋      | 2994/8189 [4:39:37<8:17:20,  5.74s/it]
 37%|███▋      | 2995/8189 [4:39:43<8:13:05,  5.70s/it]
 37%|███▋      | 2996/8189 [4:39:48<8:13:13,  5.70s/it]
 37%|███▋      | 2997/8189 [4:39:55<8:30:47,  5.90s/it]
 37%|███▋      | 2998/8189 [4:39:59<7:57:06,  5.51s/it]
 37%|███▋      | 2999/8189 [4:40:05<8:03:12,  5.59s/it]
 37%|███▋      | 3000/8189 [4:40:11<8:04:45,  5.61s/it]
                                                       

 37%|███▋      | 3000/8189 [4:40:11<8:04:45,  5.61s/it]

Batches:   0%|          | 0/9 [00:00<?, ?it/s][A

Batches:  78%|███████▊  | 7/9 [00:00<00:00, 68.00it/s][A
Batches: 100%|██████████| 9/9 [00:00<00:00, 69.24it/s]


Corpus Chunks:   0%|          | 0/1 [00:00<?, ?it/s][A


Batches:   0%|          | 0/9 [00:00<?, ?it/s][A[A


Batches:  67%|██████▋   | 6/9 [00:00<00:00, 56.48it/s][A[A
Batches: 100%|██████████| 9/9 [00:00<00:00, 57.71it/s]


Corpus Chunks: 100%|██████████| 1/1 [00:00<00:00,  6.20it/s][A
Corpus Chunks: 100%|██████████| 1/1 [00:00<00:00,  6.18it/s]


Batches:   0%|          | 0/7 [00:00<?, ?it/s][A

Batches: 100%|██████████| 7/7 [00:00<00:00, 63.30it/s][A
Batches: 100%|██████████| 7/7 [00:00<00:00, 62.84it/s]


Batches:   0%|          | 0/7 [00:00<?, ?it/s][A

Batches:  71%|███████▏  | 5/7 [00:00<00:00, 47.83it/s][A
Batches: 100%|██████████| 7/7 [00:00<00:00, 50.30it/s]


Batches:   0%|          | 0/7 [00:00<?, ?it/s][A

Batches:  86%|████████▌ | 6/7 [00:00<00:00, 54.40it/s][A
Batches: 100%|██████████| 7/7 [00:00<00:00, 55.15it/s]

                                                       

 37%|███▋      | 3000/8189 [4:40:12<8:04:45,  5.61s/it]

Writing model shards:   0%|          | 0/1 [00:00<?, ?it/s][A

Writing model shards: 100%|██████████| 1/1 [00:01<00:00,  1.15s/it][A
Writing model shards: 100%|██████████| 1/1 [00:01<00:00,  1.15s/it]

 37%|███▋      | 3001/8189 [4:40:22<10:37:25,  7.37s/it]
 37%|███▋      | 3002/8189 [4:40:27<9:30:12,  6.60s/it] 
 37%|███▋      | 3003/8189 [4:40:33<9:13:00,  6.40s/it]
 37%|███▋      | 3004/8189 [4:40:38<8:44:09,  6.07s/it]
 37%|███▋      | 3005/8189 [4:40:42<7:48:56,  5.43s/it]
 37%|███▋      | 3006/8189 [4:40:48<7:58:47,  5.54s/it]
 37%|███▋      | 3007/8189 [4:40:53<7:45:09,  5.39s/it]
 37%|███▋      | 3008/8189 [4:40:59<7:58:29,  5.54s/it]
 37%|███▋      | 3009/8189 [4:41:04<7:48:05,  5.42s/it]
 37%|███▋      | 3010/8189 [4:41:09<7:41:16,  5.34s/it]
 37%|███▋      | 3011/8189 [4:41:15<7:49:51,  5.44s/it]
 37%|███▋      | 3012/8189 [4:41:21<8:03:19,  5.60s/it]
 37%|███▋      | 3013/8189 [4:41:25<7:27:59,  5.19s/it]
 37%|███▋      | 3014/8189 [4:41:29<6:57:24,  4.84s/it]
 37%|███▋      | 3015/8189 [4:41:34<6:51:33,  4.77s/it]
 37%|███▋      | 3016/8189 [4:41:39<7:06:16,  4.94s/it]
 37%|███▋      | 3017/8189 [4:41:44<7:09:06,  4.98s/it]
 37%|███▋      | 3018/8189 [4:41:49<7:14:01,  5.04s/it]
 37%|███▋      | 3019/8189 [4:41:55<7:40:13,  5.34s/it]
 37%|███▋      | 3020/8189 [4:42:01<8:00:03,  5.57s/it]
 37%|███▋      | 3021/8189 [4:42:08<8:13:13,  5.73s/it]
 37%|███▋      | 3022/8189 [4:42:14<8:21:28,  5.82s/it]
 37%|███▋      | 3023/8189 [4:42:19<8:07:36,  5.66s/it]
 37%|███▋      | 3024/8189 [4:42:24<8:01:06,  5.59s/it]
 37%|███▋      | 3025/8189 [4:42:30<8:07:01,  5.66s/it]
 37%|███▋      | 3026/8189 [4:42:36<8:20:51,  5.82s/it]
 37%|███▋      | 3027/8189 [4:42:42<8:09:09,  5.69s/it]
 37%|███▋      | 3028/8189 [4:42:47<8:09:28,  5.69s/it]
 37%|███▋      | 3029/8189 [4:42:53<8:02:28,  5.61s/it]
 37%|███▋      | 3030/8189 [4:42:58<8:03:16,  5.62s/it]
 37%|███▋      | 3031/8189 [4:43:05<8:16:40,  5.78s/it]
 37%|███▋      | 3032/8189 [4:43:11<8:21:22,  5.83s/it]
 37%|███▋      | 3033/8189 [4:43:16<8:00:56,  5.60s/it]
 37%|███▋      | 3034/8189 [4:43:22<8:10:16,  5.71s/it]
 37%|███▋      | 3035/8189 [4:43:28<8:19:03,  5.81s/it]
 37%|███▋      | 3036/8189 [4:43:33<8:14:33,  5.76s/it]
 37%|███▋      | 3037/8189 [4:43:39<8:21:00,  5.83s/it]
 37%|███▋      | 3038/8189 [4:43:45<8:10:19,  5.71s/it]
 37%|███▋      | 3039/8189 [4:43:49<7:44:24,  5.41s/it]
 37%|███▋      | 3040/8189 [4:43:55<7:55:33,  5.54s/it]
 37%|███▋      | 3041/8189 [4:44:01<7:52:03,  5.50s/it]
 37%|███▋      | 3042/8189 [4:44:06<7:52:09,  5.50s/it]
 37%|███▋      | 3043/8189 [4:44:12<7:53:30,  5.52s/it]
 37%|███▋      | 3044/8189 [4:44:19<8:36:47,  6.03s/it]
 37%|███▋      | 3045/8189 [4:44:25<8:37:40,  6.04s/it]
 37%|███▋      | 3046/8189 [4:44:30<8:20:22,  5.84s/it]
 37%|███▋      | 3047/8189 [4:44:36<8:18:26,  5.82s/it]
 37%|███▋      | 3048/8189 [4:44:42<8:12:01,  5.74s/it]
 37%|███▋      | 3049/8189 [4:44:48<8:25:22,  5.90s/it]
 37%|███▋      | 3050/8189 [4:44:53<8:11:28,  5.74s/it]
 37%|███▋      | 3051/8189 [4:44:59<8:12:48,  5.75s/it]
 37%|███▋      | 3052/8189 [4:45:04<7:45:19,  5.43s/it]
 37%|███▋      | 3053/8189 [4:45:09<7:31:12,  5.27s/it]
 37%|███▋      | 3054/8189 [4:45:15<8:02:13,  5.63s/it]
 37%|███▋      | 3055/8189 [4:45:21<8:03:01,  5.64s/it]
 37%|███▋      | 3056/8189 [4:45:27<8:17:54,  5.82s/it]
 37%|███▋      | 3057/8189 [4:45:33<8:25:41,  5.91s/it]
 37%|███▋      | 3058/8189 [4:45:40<8:45:42,  6.15s/it]
 37%|███▋      | 3059/8189 [4:45:46<8:41:37,  6.10s/it]
 37%|███▋      | 3060/8189 [4:45:52<8:36:58,  6.05s/it]
 37%|███▋      | 3061/8189 [4:45:57<8:14:13,  5.78s/it]
 37%|███▋      | 3062/8189 [4:46:02<7:46:04,  5.45s/it]
 37%|███▋      | 3063/8189 [4:46:07<7:51:32,  5.52s/it]
 37%|███▋      | 3064/8189 [4:46:12<7:35:13,  5.33s/it]
 37%|███▋      | 3065/8189 [4:46:18<7:44:46,  5.44s/it]
 37%|███▋      | 3066/8189 [4:46:23<7:43:20,  5.43s/it]
 37%|███▋      | 3067/8189 [4:46:28<7:22:32,  5.18s/it]
 37%|███▋      | 3068/8189 [4:46:32<7:04:00,  4.97s/it]
 37%|███▋      | 3069/8189 [4:46:38<7:13:41,  5.08s/it]
 37%|███▋      | 3070/8189 [4:46:43<7:16:29,  5.12s/it]
 38%|███▊      | 3071/8189 [4:46:49<7:32:38,  5.31s/it]
 38%|███▊      | 3072/8189 [4:46:54<7:35:40,  5.34s/it]
 38%|███▊      | 3073/8189 [4:47:00<7:47:40,  5.48s/it]
 38%|███▊      | 3074/8189 [4:47:06<7:59:32,  5.63s/it]
 38%|███▊      | 3075/8189 [4:47:12<8:01:58,  5.65s/it]
 38%|███▊      | 3076/8189 [4:47:17<7:43:04,  5.43s/it]
 38%|███▊      | 3077/8189 [4:47:23<8:01:23,  5.65s/it]
 38%|███▊      | 3078/8189 [4:47:28<7:53:41,  5.56s/it]
 38%|███▊      | 3079/8189 [4:47:33<7:37:00,  5.37s/it]
 38%|███▊      | 3080/8189 [4:47:38<7:38:15,  5.38s/it]
 38%|███▊      | 3081/8189 [4:47:43<7:29:51,  5.28s/it]
 38%|███▊      | 3082/8189 [4:47:49<7:30:51,  5.30s/it]
 38%|███▊      | 3083/8189 [4:47:54<7:18:12,  5.15s/it]
 38%|███▊      | 3084/8189 [4:48:00<7:40:14,  5.41s/it]
 38%|███▊      | 3085/8189 [4:48:05<7:36:56,  5.37s/it]
 38%|███▊      | 3086/8189 [4:48:11<7:49:52,  5.52s/it]
 38%|███▊      | 3087/8189 [4:48:17<7:55:09,  5.59s/it]
 38%|███▊      | 3088/8189 [4:48:22<7:52:47,  5.56s/it]
 38%|███▊      | 3089/8189 [4:48:28<8:01:08,  5.66s/it]
 38%|███▊      | 3090/8189 [4:48:33<7:53:36,  5.57s/it]
 38%|███▊      | 3091/8189 [4:48:39<8:07:40,  5.74s/it]
 38%|███▊      | 3092/8189 [4:48:45<8:10:10,  5.77s/it]
 38%|███▊      | 3093/8189 [4:48:50<7:56:36,  5.61s/it]
 38%|███▊      | 3094/8189 [4:48:56<7:51:50,  5.56s/it]
 38%|███▊      | 3095/8189 [4:49:01<7:41:54,  5.44s/it]
 38%|███▊      | 3096/8189 [4:49:07<7:51:04,  5.55s/it]
 38%|███▊      | 3097/8189 [4:49:12<7:42:15,  5.45s/it]
 38%|███▊      | 3098/8189 [4:49:18<7:50:50,  5.55s/it]
 38%|███▊      | 3099/8189 [4:49:23<7:47:42,  5.51s/it]
 38%|███▊      | 3100/8189 [4:49:29<7:49:10,  5.53s/it]
 38%|███▊      | 3101/8189 [4:49:35<8:10:06,  5.78s/it]
 38%|███▊      | 3102/8189 [4:49:41<8:19:49,  5.90s/it]
 38%|███▊      | 3103/8189 [4:49:47<8:17:07,  5.86s/it]
 38%|███▊      | 3104/8189 [4:49:53<8:10:35,  5.79s/it]
 38%|███▊      | 3105/8189 [4:49:58<7:52:56,  5.58s/it]
 38%|███▊      | 3106/8189 [4:50:03<7:48:08,  5.53s/it]
 38%|███▊      | 3107/8189 [4:50:09<7:51:42,  5.57s/it]
 38%|███▊      | 3108/8189 [4:50:15<7:56:05,  5.62s/it]
 38%|███▊      | 3109/8189 [4:50:20<7:44:14,  5.48s/it]
 38%|███▊      | 3110/8189 [4:50:25<7:36:59,  5.40s/it]
 38%|███▊      | 3111/8189 [4:50:30<7:19:32,  5.19s/it]
 38%|███▊      | 3112/8189 [4:50:36<7:33:47,  5.36s/it]
 38%|███▊      | 3113/8189 [4:50:42<7:57:25,  5.64s/it]
 38%|███▊      | 3114/8189 [4:50:48<8:04:22,  5.73s/it]
 38%|███▊      | 3115/8189 [4:50:54<8:10:46,  5.80s/it]
 38%|███▊      | 3116/8189 [4:50:59<7:59:02,  5.67s/it]
 38%|███▊      | 3117/8189 [4:51:05<8:04:51,  5.74s/it]
 38%|███▊      | 3118/8189 [4:51:11<7:59:49,  5.68s/it]
 38%|███▊      | 3119/8189 [4:51:16<7:52:20,  5.59s/it]
 38%|███▊      | 3120/8189 [4:51:21<7:33:41,  5.37s/it]
 38%|███▊      | 3121/8189 [4:51:26<7:20:31,  5.22s/it]
 38%|███▊      | 3122/8189 [4:51:31<7:31:36,  5.35s/it]
 38%|███▊      | 3123/8189 [4:51:37<7:45:51,  5.52s/it]
 38%|███▊      | 3124/8189 [4:51:43<7:51:20,  5.58s/it]
 38%|███▊      | 3125/8189 [4:51:48<7:47:57,  5.54s/it]
 38%|███▊      | 3126/8189 [4:51:54<7:39:16,  5.44s/it]
 38%|███▊      | 3127/8189 [4:51:59<7:47:45,  5.54s/it]
 38%|███▊      | 3128/8189 [4:52:05<7:36:44,  5.41s/it]
 38%|███▊      | 3129/8189 [4:52:11<7:58:41,  5.68s/it]
 38%|███▊      | 3130/8189 [4:52:16<7:55:12,  5.64s/it]
 38%|███▊      | 3131/8189 [4:52:22<8:06:31,  5.77s/it]
 38%|███▊      | 3132/8189 [4:52:28<8:04:04,  5.74s/it]
 38%|███▊      | 3133/8189 [4:52:34<8:12:48,  5.85s/it]
 38%|███▊      | 3134/8189 [4:52:40<8:08:06,  5.79s/it]
 38%|███▊      | 3135/8189 [4:52:45<7:55:28,  5.64s/it]
 38%|███▊      | 3136/8189 [4:52:51<8:05:11,  5.76s/it]
 38%|███▊      | 3137/8189 [4:52:57<8:02:14,  5.73s/it]
 38%|███▊      | 3138/8189 [4:53:03<8:22:33,  5.97s/it]
 38%|███▊      | 3139/8189 [4:53:09<8:07:34,  5.79s/it]
 38%|███▊      | 3140/8189 [4:53:14<7:42:47,  5.50s/it]
 38%|███▊      | 3141/8189 [4:53:19<7:29:49,  5.35s/it]
 38%|███▊      | 3142/8189 [4:53:24<7:30:16,  5.35s/it]
 38%|███▊      | 3143/8189 [4:53:29<7:35:34,  5.42s/it]
 38%|███▊      | 3144/8189 [4:53:36<7:53:42,  5.63s/it]
 38%|███▊      | 3145/8189 [4:53:40<7:26:51,  5.32s/it]
 38%|███▊      | 3146/8189 [4:53:45<7:18:12,  5.21s/it]
 38%|███▊      | 3147/8189 [4:53:51<7:27:16,  5.32s/it]
 38%|███▊      | 3148/8189 [4:53:56<7:35:30,  5.42s/it]
 38%|███▊      | 3149/8189 [4:54:03<8:09:14,  5.82s/it]
 38%|███▊      | 3150/8189 [4:54:08<7:49:03,  5.59s/it]
 38%|███▊      | 3151/8189 [4:54:14<7:47:32,  5.57s/it]
 38%|███▊      | 3152/8189 [4:54:20<7:52:50,  5.63s/it]
 39%|███▊      | 3153/8189 [4:54:25<7:36:37,  5.44s/it]
 39%|███▊      | 3154/8189 [4:54:29<7:21:46,  5.26s/it]
 39%|███▊      | 3155/8189 [4:54:34<6:55:21,  4.95s/it]
 39%|███▊      | 3156/8189 [4:54:40<7:21:07,  5.26s/it]
 39%|███▊      | 3157/8189 [4:54:45<7:31:07,  5.38s/it]
 39%|███▊      | 3158/8189 [4:54:51<7:32:55,  5.40s/it]
 39%|███▊      | 3159/8189 [4:54:56<7:40:15,  5.49s/it]
 39%|███▊      | 3160/8189 [4:55:01<7:21:40,  5.27s/it]
 39%|███▊      | 3161/8189 [4:55:07<7:37:36,  5.46s/it]
 39%|███▊      | 3162/8189 [4:55:12<7:30:23,  5.38s/it]
 39%|███▊      | 3163/8189 [4:55:18<7:45:04,  5.55s/it]
 39%|███▊      | 3164/8189 [4:55:24<7:59:16,  5.72s/it]
 39%|███▊      | 3165/8189 [4:55:30<8:01:20,  5.75s/it]
 39%|███▊      | 3166/8189 [4:55:35<7:47:15,  5.58s/it]
 39%|███▊      | 3167/8189 [4:55:41<7:56:09,  5.69s/it]
 39%|███▊      | 3168/8189 [4:55:46<7:42:20,  5.52s/it]
 39%|███▊      | 3169/8189 [4:55:52<7:44:56,  5.56s/it]
 39%|███▊      | 3170/8189 [4:55:58<8:06:26,  5.82s/it]
 39%|███▊      | 3171/8189 [4:56:05<8:14:06,  5.91s/it]
 39%|███▊      | 3172/8189 [4:56:10<8:06:27,  5.82s/it]
 39%|███▊      | 3173/8189 [4:56:15<7:38:47,  5.49s/it]
 39%|███▉      | 3174/8189 [4:56:20<7:37:57,  5.48s/it]
 39%|███▉      | 3175/8189 [4:56:25<7:27:28,  5.35s/it]
 39%|███▉      | 3176/8189 [4:56:31<7:36:52,  5.47s/it]
 39%|███▉      | 3177/8189 [4:56:36<7:19:16,  5.26s/it]
 39%|███▉      | 3178/8189 [4:56:41<7:25:03,  5.33s/it]
 39%|███▉      | 3179/8189 [4:56:47<7:28:18,  5.37s/it]
 39%|███▉      | 3180/8189 [4:56:52<7:18:37,  5.25s/it]
 39%|███▉      | 3181/8189 [4:56:58<7:35:54,  5.46s/it]
 39%|███▉      | 3182/8189 [4:57:03<7:37:15,  5.48s/it]
 39%|███▉      | 3183/8189 [4:57:08<7:28:29,  5.38s/it]
 39%|███▉      | 3184/8189 [4:57:14<7:29:51,  5.39s/it]
 39%|███▉      | 3185/8189 [4:57:20<7:42:02,  5.54s/it]
 39%|███▉      | 3186/8189 [4:57:25<7:22:00,  5.30s/it]
 39%|███▉      | 3187/8189 [4:57:30<7:23:11,  5.32s/it]
 39%|███▉      | 3188/8189 [4:57:35<7:22:26,  5.31s/it]
 39%|███▉      | 3189/8189 [4:57:41<7:29:31,  5.39s/it]
 39%|███▉      | 3190/8189 [4:57:46<7:26:13,  5.36s/it]
 39%|███▉      | 3191/8189 [4:57:53<7:55:09,  5.70s/it]
 39%|███▉      | 3192/8189 [4:57:58<7:52:51,  5.68s/it]
 39%|███▉      | 3193/8189 [4:58:04<8:01:07,  5.78s/it]
 39%|███▉      | 3194/8189 [4:58:09<7:49:03,  5.63s/it]
 39%|███▉      | 3195/8189 [4:58:15<7:53:49,  5.69s/it]
 39%|███▉      | 3196/8189 [4:58:21<8:00:08,  5.77s/it]
 39%|███▉      | 3197/8189 [4:58:27<7:52:49,  5.68s/it]
 39%|███▉      | 3198/8189 [4:58:32<7:30:38,  5.42s/it]
 39%|███▉      | 3199/8189 [4:58:37<7:26:52,  5.37s/it]
 39%|███▉      | 3200/8189 [4:58:42<7:32:44,  5.44s/it]
 39%|███▉      | 3201/8189 [4:58:48<7:43:08,  5.57s/it]
 39%|███▉      | 3202/8189 [4:58:54<7:47:08,  5.62s/it]
 39%|███▉      | 3203/8189 [4:58:59<7:39:26,  5.53s/it]
 39%|███▉      | 3204/8189 [4:59:05<7:35:21,  5.48s/it]
 39%|███▉      | 3205/8189 [4:59:10<7:36:54,  5.50s/it]
 39%|███▉      | 3206/8189 [4:59:17<7:56:47,  5.74s/it]
 39%|███▉      | 3207/8189 [4:59:22<7:42:28,  5.57s/it]
 39%|███▉      | 3208/8189 [4:59:27<7:42:39,  5.57s/it]
 39%|███▉      | 3209/8189 [4:59:33<7:46:22,  5.62s/it]
 39%|███▉      | 3210/8189 [4:59:38<7:34:16,  5.47s/it]
 39%|███▉      | 3211/8189 [4:59:45<7:59:07,  5.77s/it]
 39%|███▉      | 3212/8189 [4:59:51<8:14:11,  5.96s/it]
 39%|███▉      | 3213/8189 [4:59:56<7:47:11,  5.63s/it]
 39%|███▉      | 3214/8189 [5:00:01<7:35:33,  5.49s/it]
 39%|███▉      | 3215/8189 [5:00:07<7:38:52,  5.54s/it]
 39%|███▉      | 3216/8189 [5:00:13<7:48:08,  5.65s/it]
 39%|███▉      | 3217/8189 [5:00:18<7:39:44,  5.55s/it]
 39%|███▉      | 3218/8189 [5:00:23<7:26:29,  5.39s/it]
 39%|███▉      | 3219/8189 [5:00:28<7:31:01,  5.44s/it]
 39%|███▉      | 3220/8189 [5:00:34<7:34:00,  5.48s/it]
 39%|███▉      | 3221/8189 [5:00:40<7:49:30,  5.67s/it]
 39%|███▉      | 3222/8189 [5:00:46<7:58:14,  5.78s/it]
 39%|███▉      | 3223/8189 [5:00:52<7:55:47,  5.75s/it]
 39%|███▉      | 3224/8189 [5:00:56<7:27:27,  5.41s/it]
 39%|███▉      | 3225/8189 [5:01:01<7:15:58,  5.27s/it]
 39%|███▉      | 3226/8189 [5:01:07<7:26:07,  5.39s/it]
 39%|███▉      | 3227/8189 [5:01:12<7:08:04,  5.18s/it]
 39%|███▉      | 3228/8189 [5:01:17<7:02:35,  5.11s/it]
 39%|███▉      | 3229/8189 [5:01:22<6:55:13,  5.02s/it]
 39%|███▉      | 3230/8189 [5:01:27<7:01:58,  5.11s/it]
 39%|███▉      | 3231/8189 [5:01:32<6:59:45,  5.08s/it]
 39%|███▉      | 3232/8189 [5:01:38<7:19:02,  5.31s/it]
 39%|███▉      | 3233/8189 [5:01:45<7:56:59,  5.77s/it]
 39%|███▉      | 3234/8189 [5:01:50<7:51:02,  5.70s/it]
 40%|███▉      | 3235/8189 [5:01:56<7:55:49,  5.76s/it]
 40%|███▉      | 3236/8189 [5:02:00<7:07:43,  5.18s/it]
 40%|███▉      | 3237/8189 [5:02:06<7:36:50,  5.54s/it]
 40%|███▉      | 3238/8189 [5:02:11<7:23:43,  5.38s/it]
 40%|███▉      | 3239/8189 [5:02:17<7:31:38,  5.47s/it]
 40%|███▉      | 3240/8189 [5:02:22<7:31:58,  5.48s/it]
 40%|███▉      | 3241/8189 [5:02:27<7:12:00,  5.24s/it]
 40%|███▉      | 3242/8189 [5:02:32<7:02:30,  5.12s/it]
 40%|███▉      | 3243/8189 [5:02:37<6:59:41,  5.09s/it]
 40%|███▉      | 3244/8189 [5:02:42<7:01:54,  5.12s/it]
 40%|███▉      | 3245/8189 [5:02:48<7:10:24,  5.22s/it]
 40%|███▉      | 3246/8189 [5:02:53<7:06:16,  5.17s/it]
 40%|███▉      | 3247/8189 [5:02:58<7:21:11,  5.36s/it]
 40%|███▉      | 3248/8189 [5:03:05<7:42:42,  5.62s/it]
 40%|███▉      | 3249/8189 [5:03:10<7:38:47,  5.57s/it]
 40%|███▉      | 3250/8189 [5:03:16<7:33:19,  5.51s/it]
 40%|███▉      | 3251/8189 [5:03:20<7:19:00,  5.33s/it]
 40%|███▉      | 3252/8189 [5:03:26<7:22:57,  5.38s/it]
 40%|███▉      | 3253/8189 [5:03:31<7:11:19,  5.24s/it]
 40%|███▉      | 3254/8189 [5:03:36<7:18:18,  5.33s/it]
 40%|███▉      | 3255/8189 [5:03:41<7:02:32,  5.14s/it]
 40%|███▉      | 3256/8189 [5:03:47<7:25:00,  5.41s/it]
 40%|███▉      | 3257/8189 [5:03:52<7:20:07,  5.35s/it]
 40%|███▉      | 3258/8189 [5:03:58<7:27:02,  5.44s/it]
 40%|███▉      | 3259/8189 [5:04:04<7:43:57,  5.65s/it]
 40%|███▉      | 3260/8189 [5:04:10<7:46:21,  5.68s/it]
 40%|███▉      | 3261/8189 [5:04:14<7:15:46,  5.31s/it]
 40%|███▉      | 3262/8189 [5:04:20<7:21:39,  5.38s/it]
 40%|███▉      | 3263/8189 [5:04:25<7:13:23,  5.28s/it]
 40%|███▉      | 3264/8189 [5:04:30<7:06:03,  5.19s/it]
 40%|███▉      | 3265/8189 [5:04:35<6:55:59,  5.07s/it]
 40%|███▉      | 3266/8189 [5:04:40<7:11:31,  5.26s/it]
 40%|███▉      | 3267/8189 [5:04:45<7:04:50,  5.18s/it]
 40%|███▉      | 3268/8189 [5:04:51<7:14:07,  5.29s/it]
 40%|███▉      | 3269/8189 [5:04:56<7:16:28,  5.32s/it]
 40%|███▉      | 3270/8189 [5:05:02<7:27:38,  5.46s/it]
 40%|███▉      | 3271/8189 [5:05:08<7:44:02,  5.66s/it]
 40%|███▉      | 3272/8189 [5:05:13<7:27:41,  5.46s/it]
 40%|███▉      | 3273/8189 [5:05:19<7:39:57,  5.61s/it]
 40%|███▉      | 3274/8189 [5:05:25<7:32:58,  5.53s/it]
 40%|███▉      | 3275/8189 [5:05:30<7:25:12,  5.44s/it]
 40%|████      | 3276/8189 [5:05:36<7:33:32,  5.54s/it]
 40%|████      | 3277/8189 [5:05:41<7:25:41,  5.44s/it]
 40%|████      | 3278/8189 [5:05:47<7:34:06,  5.55s/it]
 40%|████      | 3279/8189 [5:05:52<7:27:51,  5.47s/it]
 40%|████      | 3280/8189 [5:05:57<7:19:28,  5.37s/it]
 40%|████      | 3281/8189 [5:06:03<7:34:27,  5.56s/it]
 40%|████      | 3282/8189 [5:06:08<7:24:07,  5.43s/it]
 40%|████      | 3283/8189 [5:06:13<7:13:10,  5.30s/it]
 40%|████      | 3284/8189 [5:06:18<6:59:28,  5.13s/it]
 40%|████      | 3285/8189 [5:06:22<6:47:23,  4.98s/it]
 40%|████      | 3286/8189 [5:06:28<7:03:23,  5.18s/it]
 40%|████      | 3287/8189 [5:06:34<7:20:35,  5.39s/it]
 40%|████      | 3288/8189 [5:06:40<7:29:28,  5.50s/it]
 40%|████      | 3289/8189 [5:06:46<7:40:41,  5.64s/it]
 40%|████      | 3290/8189 [5:06:53<8:18:42,  6.11s/it]
 40%|████      | 3291/8189 [5:07:00<8:31:07,  6.26s/it]
 40%|████      | 3292/8189 [5:07:05<8:17:25,  6.09s/it]
 40%|████      | 3293/8189 [5:07:10<7:56:49,  5.84s/it]
 40%|████      | 3294/8189 [5:07:16<7:53:22,  5.80s/it]
 40%|████      | 3295/8189 [5:07:22<7:59:54,  5.88s/it]
 40%|████      | 3296/8189 [5:07:28<7:54:13,  5.82s/it]
 40%|████      | 3297/8189 [5:07:33<7:43:05,  5.68s/it]
 40%|████      | 3298/8189 [5:07:39<7:39:17,  5.63s/it]
 40%|████      | 3299/8189 [5:07:44<7:30:02,  5.52s/it]
 40%|████      | 3300/8189 [5:07:50<7:47:19,  5.74s/it]
 40%|████      | 3301/8189 [5:07:55<7:15:03,  5.34s/it]
 40%|████      | 3302/8189 [5:08:01<7:38:30,  5.63s/it]
 40%|████      | 3303/8189 [5:08:06<7:26:40,  5.49s/it]
 40%|████      | 3304/8189 [5:08:11<7:21:18,  5.42s/it]
 40%|████      | 3305/8189 [5:08:17<7:26:31,  5.49s/it]
 40%|████      | 3306/8189 [5:08:22<7:19:48,  5.40s/it]
 40%|████      | 3307/8189 [5:08:27<6:57:17,  5.13s/it]
 40%|████      | 3308/8189 [5:08:31<6:43:00,  4.95s/it]
 40%|████      | 3309/8189 [5:08:37<6:55:58,  5.11s/it]
 40%|████      | 3310/8189 [5:08:43<7:19:45,  5.41s/it]
 40%|████      | 3311/8189 [5:08:48<7:20:50,  5.42s/it]
 40%|████      | 3312/8189 [5:08:55<7:39:49,  5.66s/it]
 40%|████      | 3313/8189 [5:09:00<7:40:35,  5.67s/it]
 40%|████      | 3314/8189 [5:09:07<7:55:53,  5.86s/it]
 40%|████      | 3315/8189 [5:09:13<8:10:49,  6.04s/it]
 40%|████      | 3316/8189 [5:09:18<7:39:59,  5.66s/it]
 41%|████      | 3317/8189 [5:09:23<7:39:04,  5.65s/it]
 41%|████      | 3318/8189 [5:09:29<7:34:30,  5.60s/it]
 41%|████      | 3319/8189 [5:09:34<7:21:55,  5.44s/it]
 41%|████      | 3320/8189 [5:09:39<7:04:53,  5.24s/it]
 41%|████      | 3321/8189 [5:09:44<7:12:27,  5.33s/it]
 41%|████      | 3322/8189 [5:09:50<7:16:36,  5.38s/it]
 41%|████      | 3323/8189 [5:09:56<7:28:17,  5.53s/it]
 41%|████      | 3324/8189 [5:10:01<7:16:38,  5.39s/it]
 41%|████      | 3325/8189 [5:10:06<7:22:13,  5.46s/it]
 41%|████      | 3326/8189 [5:10:12<7:34:46,  5.61s/it]
 41%|████      | 3327/8189 [5:10:18<7:24:37,  5.49s/it]
 41%|████      | 3328/8189 [5:10:24<7:38:36,  5.66s/it]
 41%|████      | 3329/8189 [5:10:30<7:55:28,  5.87s/it]
 41%|████      | 3330/8189 [5:10:36<7:57:03,  5.89s/it]
 41%|████      | 3331/8189 [5:10:42<7:52:19,  5.83s/it]
 41%|████      | 3332/8189 [5:10:47<7:52:28,  5.84s/it]
 41%|████      | 3333/8189 [5:10:53<7:46:29,  5.76s/it]
 41%|████      | 3334/8189 [5:10:59<7:54:55,  5.87s/it]
 41%|████      | 3335/8189 [5:11:05<8:02:57,  5.97s/it]
 41%|████      | 3336/8189 [5:11:10<7:40:39,  5.70s/it]
 41%|████      | 3337/8189 [5:11:16<7:47:50,  5.79s/it]
 41%|████      | 3338/8189 [5:11:21<7:28:18,  5.55s/it]
 41%|████      | 3339/8189 [5:11:27<7:33:45,  5.61s/it]
 41%|████      | 3340/8189 [5:11:33<7:35:34,  5.64s/it]
 41%|████      | 3341/8189 [5:11:39<7:36:27,  5.65s/it]
 41%|████      | 3342/8189 [5:11:44<7:23:06,  5.49s/it]
 41%|████      | 3343/8189 [5:11:49<7:17:07,  5.41s/it]
 41%|████      | 3344/8189 [5:11:54<7:16:04,  5.40s/it]
 41%|████      | 3345/8189 [5:12:00<7:28:59,  5.56s/it]
 41%|████      | 3346/8189 [5:12:05<7:10:28,  5.33s/it]
 41%|████      | 3347/8189 [5:12:11<7:17:12,  5.42s/it]
 41%|████      | 3348/8189 [5:12:17<7:30:48,  5.59s/it]
 41%|████      | 3349/8189 [5:12:22<7:22:16,  5.48s/it]
 41%|████      | 3350/8189 [5:12:27<7:19:16,  5.45s/it]
 41%|████      | 3351/8189 [5:12:33<7:38:35,  5.69s/it]
 41%|████      | 3352/8189 [5:12:39<7:41:23,  5.72s/it]
 41%|████      | 3353/8189 [5:12:44<7:25:49,  5.53s/it]
 41%|████      | 3354/8189 [5:12:50<7:30:45,  5.59s/it]
 41%|████      | 3355/8189 [5:12:56<7:47:51,  5.81s/it]
 41%|████      | 3356/8189 [5:13:02<7:40:47,  5.72s/it]
 41%|████      | 3357/8189 [5:13:08<7:49:38,  5.83s/it]
 41%|████      | 3358/8189 [5:13:13<7:38:53,  5.70s/it]
 41%|████      | 3359/8189 [5:13:19<7:32:57,  5.63s/it]
 41%|████      | 3360/8189 [5:13:24<7:27:48,  5.56s/it]
 41%|████      | 3361/8189 [5:13:30<7:39:09,  5.71s/it]
 41%|████      | 3362/8189 [5:13:36<7:41:14,  5.73s/it]
 41%|████      | 3363/8189 [5:13:42<7:44:09,  5.77s/it]
 41%|████      | 3364/8189 [5:13:48<7:48:21,  5.82s/it]
 41%|████      | 3365/8189 [5:13:53<7:31:18,  5.61s/it]
 41%|████      | 3366/8189 [5:13:58<7:20:53,  5.48s/it]
 41%|████      | 3367/8189 [5:14:04<7:30:25,  5.60s/it]
 41%|████      | 3368/8189 [5:14:10<7:29:18,  5.59s/it]
 41%|████      | 3369/8189 [5:14:15<7:18:43,  5.46s/it]
 41%|████      | 3370/8189 [5:14:20<7:21:42,  5.50s/it]
 41%|████      | 3371/8189 [5:14:26<7:28:37,  5.59s/it]
 41%|████      | 3372/8189 [5:14:32<7:42:08,  5.76s/it]
 41%|████      | 3373/8189 [5:14:37<7:22:05,  5.51s/it]
 41%|████      | 3374/8189 [5:14:43<7:34:48,  5.67s/it]
 41%|████      | 3375/8189 [5:14:48<7:20:39,  5.49s/it]
 41%|████      | 3376/8189 [5:14:53<7:10:12,  5.36s/it]
 41%|████      | 3377/8189 [5:15:00<7:38:53,  5.72s/it]
 41%|████▏     | 3378/8189 [5:15:05<7:14:52,  5.42s/it]
 41%|████▏     | 3379/8189 [5:15:10<7:18:02,  5.46s/it]
 41%|████▏     | 3380/8189 [5:15:16<7:29:05,  5.60s/it]
 41%|████▏     | 3381/8189 [5:15:21<7:19:24,  5.48s/it]
 41%|████▏     | 3382/8189 [5:15:27<7:26:47,  5.58s/it]
 41%|████▏     | 3383/8189 [5:15:32<7:17:07,  5.46s/it]
 41%|████▏     | 3384/8189 [5:15:38<7:13:19,  5.41s/it]
 41%|████▏     | 3385/8189 [5:15:43<7:20:24,  5.50s/it]
 41%|████▏     | 3386/8189 [5:15:49<7:15:13,  5.44s/it]
 41%|████▏     | 3387/8189 [5:15:54<7:17:31,  5.47s/it]
 41%|████▏     | 3388/8189 [5:16:00<7:28:10,  5.60s/it]
 41%|████▏     | 3389/8189 [5:16:06<7:26:42,  5.58s/it]
 41%|████▏     | 3390/8189 [5:16:12<7:46:59,  5.84s/it]
 41%|████▏     | 3391/8189 [5:16:18<7:47:37,  5.85s/it]
 41%|████▏     | 3392/8189 [5:16:24<7:42:22,  5.78s/it]
 41%|████▏     | 3393/8189 [5:16:30<7:44:48,  5.81s/it]
 41%|████▏     | 3394/8189 [5:16:35<7:44:33,  5.81s/it]
 41%|████▏     | 3395/8189 [5:16:41<7:38:30,  5.74s/it]
 41%|████▏     | 3396/8189 [5:16:47<7:44:26,  5.81s/it]
 41%|████▏     | 3397/8189 [5:16:52<7:19:03,  5.50s/it]
 41%|████▏     | 3398/8189 [5:16:57<7:11:52,  5.41s/it]
 42%|████▏     | 3399/8189 [5:17:02<7:11:55,  5.41s/it]
 42%|████▏     | 3400/8189 [5:17:08<7:26:07,  5.59s/it]
 42%|████▏     | 3401/8189 [5:17:14<7:30:32,  5.65s/it]
 42%|████▏     | 3402/8189 [5:17:20<7:33:42,  5.69s/it]
 42%|████▏     | 3403/8189 [5:17:25<7:12:41,  5.42s/it]
 42%|████▏     | 3404/8189 [5:17:30<7:15:25,  5.46s/it]
 42%|████▏     | 3405/8189 [5:17:36<7:24:12,  5.57s/it]
 42%|████▏     | 3406/8189 [5:17:42<7:29:37,  5.64s/it]
 42%|████▏     | 3407/8189 [5:17:48<7:34:06,  5.70s/it]
 42%|████▏     | 3408/8189 [5:17:54<7:45:58,  5.85s/it]
 42%|████▏     | 3409/8189 [5:18:00<7:48:31,  5.88s/it]
 42%|████▏     | 3410/8189 [5:18:05<7:37:13,  5.74s/it]
 42%|████▏     | 3411/8189 [5:18:10<7:25:24,  5.59s/it]
 42%|████▏     | 3412/8189 [5:18:16<7:33:27,  5.70s/it]
 42%|████▏     | 3413/8189 [5:18:22<7:27:59,  5.63s/it]
 42%|████▏     | 3414/8189 [5:18:28<7:39:20,  5.77s/it]
 42%|████▏     | 3415/8189 [5:18:33<7:21:48,  5.55s/it]
 42%|████▏     | 3416/8189 [5:18:39<7:33:13,  5.70s/it]
 42%|████▏     | 3417/8189 [5:18:45<7:43:17,  5.83s/it]
 42%|████▏     | 3418/8189 [5:18:50<7:26:18,  5.61s/it]
 42%|████▏     | 3419/8189 [5:18:56<7:24:18,  5.59s/it]
 42%|████▏     | 3420/8189 [5:19:00<6:59:00,  5.27s/it]
 42%|████▏     | 3421/8189 [5:19:06<7:06:37,  5.37s/it]
 42%|████▏     | 3422/8189 [5:19:12<7:22:26,  5.57s/it]
 42%|████▏     | 3423/8189 [5:19:18<7:36:18,  5.74s/it]
 42%|████▏     | 3424/8189 [5:19:23<7:18:27,  5.52s/it]
 42%|████▏     | 3425/8189 [5:19:29<7:22:30,  5.57s/it]
 42%|████▏     | 3426/8189 [5:19:35<7:25:02,  5.61s/it]
 42%|████▏     | 3427/8189 [5:19:40<7:15:11,  5.48s/it]
 42%|████▏     | 3428/8189 [5:19:45<7:19:02,  5.53s/it]
 42%|████▏     | 3429/8189 [5:19:51<7:17:31,  5.51s/it]
 42%|████▏     | 3430/8189 [5:19:57<7:36:02,  5.75s/it]
 42%|████▏     | 3431/8189 [5:20:02<7:23:43,  5.60s/it]
 42%|████▏     | 3432/8189 [5:20:08<7:32:23,  5.71s/it]
 42%|████▏     | 3433/8189 [5:20:14<7:24:48,  5.61s/it]
 42%|████▏     | 3434/8189 [5:20:19<7:25:03,  5.62s/it]
 42%|████▏     | 3435/8189 [5:20:24<6:57:22,  5.27s/it]
 42%|████▏     | 3436/8189 [5:20:29<7:04:55,  5.36s/it]
 42%|████▏     | 3437/8189 [5:20:35<7:11:24,  5.45s/it]
 42%|████▏     | 3438/8189 [5:20:42<7:37:27,  5.78s/it]
 42%|████▏     | 3439/8189 [5:20:47<7:24:20,  5.61s/it]
 42%|████▏     | 3440/8189 [5:20:52<7:11:22,  5.45s/it]
 42%|████▏     | 3441/8189 [5:20:59<7:39:28,  5.81s/it]
 42%|████▏     | 3442/8189 [5:21:04<7:40:52,  5.83s/it]
 42%|████▏     | 3443/8189 [5:21:10<7:45:14,  5.88s/it]
 42%|████▏     | 3444/8189 [5:21:15<7:21:06,  5.58s/it]
 42%|████▏     | 3445/8189 [5:21:21<7:19:52,  5.56s/it]
 42%|████▏     | 3446/8189 [5:21:26<7:13:03,  5.48s/it]
 42%|████▏     | 3447/8189 [5:21:32<7:14:23,  5.50s/it]
 42%|████▏     | 3448/8189 [5:21:37<7:16:28,  5.52s/it]
 42%|████▏     | 3449/8189 [5:21:43<7:13:17,  5.48s/it]
 42%|████▏     | 3450/8189 [5:21:48<7:21:59,  5.60s/it]
 42%|████▏     | 3451/8189 [5:21:55<7:37:41,  5.80s/it]
 42%|████▏     | 3452/8189 [5:22:01<7:44:27,  5.88s/it]
 42%|████▏     | 3453/8189 [5:22:06<7:27:48,  5.67s/it]
 42%|████▏     | 3454/8189 [5:22:10<6:57:02,  5.28s/it]
 42%|████▏     | 3455/8189 [5:22:16<6:56:13,  5.28s/it]
 42%|████▏     | 3456/8189 [5:22:21<6:53:20,  5.24s/it]
 42%|████▏     | 3457/8189 [5:22:27<7:08:57,  5.44s/it]
 42%|████▏     | 3458/8189 [5:22:33<7:23:26,  5.62s/it]
 42%|████▏     | 3459/8189 [5:22:39<7:37:44,  5.81s/it]
 42%|████▏     | 3460/8189 [5:22:45<7:40:23,  5.84s/it]
 42%|████▏     | 3461/8189 [5:22:51<7:40:34,  5.84s/it]
 42%|████▏     | 3462/8189 [5:22:56<7:38:32,  5.82s/it]
 42%|████▏     | 3463/8189 [5:23:03<7:53:04,  6.01s/it]
 42%|████▏     | 3464/8189 [5:23:08<7:30:56,  5.73s/it]
 42%|████▏     | 3465/8189 [5:23:13<7:21:37,  5.61s/it]
 42%|████▏     | 3466/8189 [5:23:19<7:21:19,  5.61s/it]
 42%|████▏     | 3467/8189 [5:23:24<7:04:43,  5.40s/it]
 42%|████▏     | 3468/8189 [5:23:29<7:10:20,  5.47s/it]
 42%|████▏     | 3469/8189 [5:23:35<7:02:28,  5.37s/it]
 42%|████▏     | 3470/8189 [5:23:40<7:02:51,  5.38s/it]
 42%|████▏     | 3471/8189 [5:23:45<6:59:24,  5.33s/it]
 42%|████▏     | 3472/8189 [5:23:51<7:01:08,  5.36s/it]
 42%|████▏     | 3473/8189 [5:23:56<6:52:17,  5.25s/it]
 42%|████▏     | 3474/8189 [5:24:01<7:05:46,  5.42s/it]
 42%|████▏     | 3475/8189 [5:24:06<6:37:02,  5.05s/it]
 42%|████▏     | 3476/8189 [5:24:11<6:53:02,  5.26s/it]
 42%|████▏     | 3477/8189 [5:24:17<6:52:37,  5.25s/it]
 42%|████▏     | 3478/8189 [5:24:22<6:54:44,  5.28s/it]
 42%|████▏     | 3479/8189 [5:24:28<7:01:45,  5.37s/it]
 42%|████▏     | 3480/8189 [5:24:32<6:39:47,  5.09s/it]
 43%|████▎     | 3481/8189 [5:24:37<6:34:38,  5.03s/it]
 43%|████▎     | 3482/8189 [5:24:42<6:41:08,  5.11s/it]
 43%|████▎     | 3483/8189 [5:24:47<6:31:02,  4.99s/it]
 43%|████▎     | 3484/8189 [5:24:52<6:42:48,  5.14s/it]
 43%|████▎     | 3485/8189 [5:24:57<6:29:24,  4.97s/it]
 43%|████▎     | 3486/8189 [5:25:02<6:24:13,  4.90s/it]
 43%|████▎     | 3487/8189 [5:25:07<6:40:20,  5.11s/it]
 43%|████▎     | 3488/8189 [5:25:12<6:39:22,  5.10s/it]
 43%|████▎     | 3489/8189 [5:25:18<6:54:02,  5.29s/it]
 43%|████▎     | 3490/8189 [5:25:24<7:10:13,  5.49s/it]
 43%|████▎     | 3491/8189 [5:25:29<6:51:40,  5.26s/it]
 43%|████▎     | 3492/8189 [5:25:34<6:52:35,  5.27s/it]
 43%|████▎     | 3493/8189 [5:25:39<6:52:19,  5.27s/it]
 43%|████▎     | 3494/8189 [5:25:45<6:55:11,  5.31s/it]
 43%|████▎     | 3495/8189 [5:25:50<7:04:24,  5.42s/it]
 43%|████▎     | 3496/8189 [5:25:56<7:10:38,  5.51s/it]
 43%|████▎     | 3497/8189 [5:26:02<7:11:55,  5.52s/it]
 43%|████▎     | 3498/8189 [5:26:07<7:16:18,  5.58s/it]
 43%|████▎     | 3499/8189 [5:26:12<6:58:42,  5.36s/it]
 43%|████▎     | 3500/8189 [5:26:17<6:46:34,  5.20s/it]
 43%|████▎     | 3501/8189 [5:26:22<6:41:38,  5.14s/it]
 43%|████▎     | 3502/8189 [5:26:28<6:53:44,  5.30s/it]
 43%|████▎     | 3503/8189 [5:26:34<7:08:18,  5.48s/it]
 43%|████▎     | 3504/8189 [5:26:39<7:12:43,  5.54s/it]
 43%|████▎     | 3505/8189 [5:26:45<7:16:41,  5.59s/it]
 43%|████▎     | 3506/8189 [5:26:50<7:03:38,  5.43s/it]
 43%|████▎     | 3507/8189 [5:26:56<7:04:27,  5.44s/it]
 43%|████▎     | 3508/8189 [5:27:01<7:06:52,  5.47s/it]
 43%|████▎     | 3509/8189 [5:27:07<7:23:21,  5.68s/it]
 43%|████▎     | 3510/8189 [5:27:13<7:13:49,  5.56s/it]
 43%|████▎     | 3511/8189 [5:27:18<7:15:04,  5.58s/it]
 43%|████▎     | 3512/8189 [5:27:24<7:09:12,  5.51s/it]
 43%|████▎     | 3513/8189 [5:27:29<7:10:57,  5.53s/it]
 43%|████▎     | 3514/8189 [5:27:35<7:11:18,  5.54s/it]
 43%|████▎     | 3515/8189 [5:27:40<7:14:45,  5.58s/it]
 43%|████▎     | 3516/8189 [5:27:46<7:22:50,  5.69s/it]
 43%|████▎     | 3517/8189 [5:27:52<7:16:55,  5.61s/it]
 43%|████▎     | 3518/8189 [5:27:57<7:05:16,  5.46s/it]
 43%|████▎     | 3519/8189 [5:28:02<6:54:00,  5.32s/it]
 43%|████▎     | 3520/8189 [5:28:07<6:53:42,  5.32s/it]
 43%|████▎     | 3521/8189 [5:28:13<7:02:06,  5.43s/it]
 43%|████▎     | 3522/8189 [5:28:19<7:09:01,  5.52s/it]
 43%|████▎     | 3523/8189 [5:28:24<7:19:16,  5.65s/it]
 43%|████▎     | 3524/8189 [5:28:31<7:27:32,  5.76s/it]
 43%|████▎     | 3525/8189 [5:28:37<7:34:29,  5.85s/it]
 43%|████▎     | 3526/8189 [5:28:42<7:31:12,  5.81s/it]
 43%|████▎     | 3527/8189 [5:28:48<7:38:19,  5.90s/it]
 43%|████▎     | 3528/8189 [5:28:54<7:30:31,  5.80s/it]
 43%|████▎     | 3529/8189 [5:29:00<7:29:39,  5.79s/it]
 43%|████▎     | 3530/8189 [5:29:05<7:28:39,  5.78s/it]
 43%|████▎     | 3531/8189 [5:29:12<7:39:43,  5.92s/it]
 43%|████▎     | 3532/8189 [5:29:17<7:27:01,  5.76s/it]
 43%|████▎     | 3533/8189 [5:29:23<7:29:25,  5.79s/it]
 43%|████▎     | 3534/8189 [5:29:29<7:37:27,  5.90s/it]
 43%|████▎     | 3535/8189 [5:29:35<7:35:11,  5.87s/it]
 43%|████▎     | 3536/8189 [5:29:40<7:21:36,  5.69s/it]
 43%|████▎     | 3537/8189 [5:29:46<7:31:41,  5.83s/it]
 43%|████▎     | 3538/8189 [5:29:52<7:35:17,  5.87s/it]
 43%|████▎     | 3539/8189 [5:29:58<7:19:03,  5.67s/it]
 43%|████▎     | 3540/8189 [5:30:02<7:02:27,  5.45s/it]
 43%|████▎     | 3541/8189 [5:30:08<6:58:33,  5.40s/it]
 43%|████▎     | 3542/8189 [5:30:13<6:46:48,  5.25s/it]
 43%|████▎     | 3543/8189 [5:30:18<6:44:22,  5.22s/it]
 43%|████▎     | 3544/8189 [5:30:24<6:58:39,  5.41s/it]
 43%|████▎     | 3545/8189 [5:30:30<7:11:54,  5.58s/it]
 43%|████▎     | 3546/8189 [5:30:35<7:17:16,  5.65s/it]
 43%|████▎     | 3547/8189 [5:30:41<7:09:09,  5.55s/it]
 43%|████▎     | 3548/8189 [5:30:47<7:15:30,  5.63s/it]
 43%|████▎     | 3549/8189 [5:30:52<7:16:15,  5.64s/it]
 43%|████▎     | 3550/8189 [5:30:58<7:21:02,  5.70s/it]
 43%|████▎     | 3551/8189 [5:31:04<7:21:01,  5.71s/it]
 43%|████▎     | 3552/8189 [5:31:09<7:09:20,  5.56s/it]
 43%|████▎     | 3553/8189 [5:31:15<7:21:40,  5.72s/it]
 43%|████▎     | 3554/8189 [5:31:21<7:27:04,  5.79s/it]
 43%|████▎     | 3555/8189 [5:31:26<7:16:07,  5.65s/it]
 43%|████▎     | 3556/8189 [5:31:32<7:15:49,  5.64s/it]
 43%|████▎     | 3557/8189 [5:31:38<7:24:15,  5.75s/it]
 43%|████▎     | 3558/8189 [5:31:43<7:07:46,  5.54s/it]
 43%|████▎     | 3559/8189 [5:31:49<7:10:38,  5.58s/it]
 43%|████▎     | 3560/8189 [5:31:54<7:04:35,  5.50s/it]
 43%|████▎     | 3561/8189 [5:32:00<7:04:46,  5.51s/it]
 43%|████▎     | 3562/8189 [5:32:04<6:50:11,  5.32s/it]
 44%|████▎     | 3563/8189 [5:32:10<6:55:08,  5.38s/it]
 44%|████▎     | 3564/8189 [5:32:15<6:56:51,  5.41s/it]
 44%|████▎     | 3565/8189 [5:32:21<7:01:06,  5.46s/it]
 44%|████▎     | 3566/8189 [5:32:27<7:07:26,  5.55s/it]
 44%|████▎     | 3567/8189 [5:32:32<7:03:37,  5.50s/it]
 44%|████▎     | 3568/8189 [5:32:37<6:46:32,  5.28s/it]
 44%|████▎     | 3569/8189 [5:32:42<6:45:27,  5.27s/it]
 44%|████▎     | 3570/8189 [5:32:47<6:37:20,  5.16s/it]
 44%|████▎     | 3571/8189 [5:32:53<6:48:39,  5.31s/it]
 44%|████▎     | 3572/8189 [5:32:59<7:03:51,  5.51s/it]
 44%|████▎     | 3573/8189 [5:33:04<6:57:42,  5.43s/it]
 44%|████▎     | 3574/8189 [5:33:09<6:48:10,  5.31s/it]
 44%|████▎     | 3575/8189 [5:33:15<7:01:21,  5.48s/it]
 44%|████▎     | 3576/8189 [5:33:21<7:09:06,  5.58s/it]
 44%|████▎     | 3577/8189 [5:33:27<7:14:45,  5.66s/it]
 44%|████▎     | 3578/8189 [5:33:32<7:13:16,  5.64s/it]
 44%|████▎     | 3579/8189 [5:33:37<7:03:21,  5.51s/it]
 44%|████▎     | 3580/8189 [5:33:43<7:09:24,  5.59s/it]
 44%|████▎     | 3581/8189 [5:33:49<7:21:13,  5.75s/it]
 44%|████▎     | 3582/8189 [5:33:55<7:33:03,  5.90s/it]
 44%|████▍     | 3583/8189 [5:34:01<7:16:59,  5.69s/it]
 44%|████▍     | 3584/8189 [5:34:05<6:55:42,  5.42s/it]
 44%|████▍     | 3585/8189 [5:34:11<6:55:30,  5.42s/it]
 44%|████▍     | 3586/8189 [5:34:16<6:45:04,  5.28s/it]
 44%|████▍     | 3587/8189 [5:34:21<6:43:53,  5.27s/it]
 44%|████▍     | 3588/8189 [5:34:26<6:35:51,  5.16s/it]
 44%|████▍     | 3589/8189 [5:34:32<7:04:15,  5.53s/it]
 44%|████▍     | 3590/8189 [5:34:37<6:52:46,  5.39s/it]
 44%|████▍     | 3591/8189 [5:34:44<7:28:17,  5.85s/it]
 44%|████▍     | 3592/8189 [5:34:50<7:22:04,  5.77s/it]
 44%|████▍     | 3593/8189 [5:34:56<7:17:55,  5.72s/it]
 44%|████▍     | 3594/8189 [5:35:01<7:17:44,  5.72s/it]
 44%|████▍     | 3595/8189 [5:35:08<7:32:12,  5.91s/it]
 44%|████▍     | 3596/8189 [5:35:15<7:56:55,  6.23s/it]
 44%|████▍     | 3597/8189 [5:35:21<8:03:34,  6.32s/it]
 44%|████▍     | 3598/8189 [5:35:28<8:13:53,  6.45s/it]
 44%|████▍     | 3599/8189 [5:35:34<8:00:27,  6.28s/it]
 44%|████▍     | 3600/8189 [5:35:39<7:36:57,  5.97s/it]
 44%|████▍     | 3601/8189 [5:35:44<7:23:53,  5.81s/it]
 44%|████▍     | 3602/8189 [5:35:50<7:12:04,  5.65s/it]
 44%|████▍     | 3603/8189 [5:35:56<7:24:07,  5.81s/it]
 44%|████▍     | 3604/8189 [5:36:02<7:20:16,  5.76s/it]
 44%|████▍     | 3605/8189 [5:36:08<7:32:54,  5.93s/it]
 44%|████▍     | 3606/8189 [5:36:14<7:27:11,  5.85s/it]
 44%|████▍     | 3607/8189 [5:36:20<7:44:55,  6.09s/it]
 44%|████▍     | 3608/8189 [5:36:25<7:26:22,  5.85s/it]
 44%|████▍     | 3609/8189 [5:36:32<7:32:25,  5.93s/it]
 44%|████▍     | 3610/8189 [5:36:37<7:24:42,  5.83s/it]
 44%|████▍     | 3611/8189 [5:36:43<7:25:56,  5.84s/it]
 44%|████▍     | 3612/8189 [5:36:50<7:45:50,  6.11s/it]
 44%|████▍     | 3613/8189 [5:36:56<7:44:43,  6.09s/it]
 44%|████▍     | 3614/8189 [5:37:02<7:43:09,  6.07s/it]
 44%|████▍     | 3615/8189 [5:37:07<7:25:12,  5.84s/it]
 44%|████▍     | 3616/8189 [5:37:13<7:34:01,  5.96s/it]
 44%|████▍     | 3617/8189 [5:37:19<7:15:14,  5.71s/it]
 44%|████▍     | 3618/8189 [5:37:24<7:18:54,  5.76s/it]
 44%|████▍     | 3619/8189 [5:37:29<6:54:25,  5.44s/it]
 44%|████▍     | 3620/8189 [5:37:35<6:58:40,  5.50s/it]
 44%|████▍     | 3621/8189 [5:37:40<6:52:47,  5.42s/it]
 44%|████▍     | 3622/8189 [5:37:45<6:51:01,  5.40s/it]
 44%|████▍     | 3623/8189 [5:37:51<7:01:45,  5.54s/it]
 44%|████▍     | 3624/8189 [5:37:56<6:54:18,  5.45s/it]
 44%|████▍     | 3625/8189 [5:38:03<7:22:22,  5.82s/it]
 44%|████▍     | 3626/8189 [5:38:08<7:02:23,  5.55s/it]
 44%|████▍     | 3627/8189 [5:38:13<6:59:06,  5.51s/it]
 44%|████▍     | 3628/8189 [5:38:20<7:28:33,  5.90s/it]
 44%|████▍     | 3629/8189 [5:38:26<7:27:04,  5.88s/it]
 44%|████▍     | 3630/8189 [5:38:32<7:35:51,  6.00s/it]
 44%|████▍     | 3631/8189 [5:38:37<7:08:12,  5.64s/it]
 44%|████▍     | 3632/8189 [5:38:42<6:55:19,  5.47s/it]
 44%|████▍     | 3633/8189 [5:38:49<7:22:38,  5.83s/it]
 44%|████▍     | 3634/8189 [5:38:54<7:11:35,  5.69s/it]
 44%|████▍     | 3635/8189 [5:39:00<7:11:45,  5.69s/it]
 44%|████▍     | 3636/8189 [5:39:05<6:58:06,  5.51s/it]
 44%|████▍     | 3637/8189 [5:39:10<6:52:24,  5.44s/it]
 44%|████▍     | 3638/8189 [5:39:16<6:47:42,  5.38s/it]
 44%|████▍     | 3639/8189 [5:39:22<7:04:21,  5.60s/it]
 44%|████▍     | 3640/8189 [5:39:28<7:11:56,  5.70s/it]
 44%|████▍     | 3641/8189 [5:39:33<7:09:03,  5.66s/it]
 44%|████▍     | 3642/8189 [5:39:40<7:37:43,  6.04s/it]
 44%|████▍     | 3643/8189 [5:39:46<7:33:14,  5.98s/it]
 44%|████▍     | 3644/8189 [5:39:52<7:33:53,  5.99s/it]
 45%|████▍     | 3645/8189 [5:39:57<7:22:55,  5.85s/it]
 45%|████▍     | 3646/8189 [5:40:03<7:07:30,  5.65s/it]
 45%|████▍     | 3647/8189 [5:40:08<6:57:39,  5.52s/it]
 45%|████▍     | 3648/8189 [5:40:14<7:05:26,  5.62s/it]
 45%|████▍     | 3649/8189 [5:40:20<7:16:36,  5.77s/it]
 45%|████▍     | 3650/8189 [5:40:26<7:18:17,  5.79s/it]
 45%|████▍     | 3651/8189 [5:40:32<7:20:50,  5.83s/it]
 45%|████▍     | 3652/8189 [5:40:37<7:19:12,  5.81s/it]
 45%|████▍     | 3653/8189 [5:40:43<7:24:35,  5.88s/it]
 45%|████▍     | 3654/8189 [5:40:49<7:28:14,  5.93s/it]
 45%|████▍     | 3655/8189 [5:40:55<7:25:33,  5.90s/it]
 45%|████▍     | 3656/8189 [5:41:01<7:25:26,  5.90s/it]
 45%|████▍     | 3657/8189 [5:41:06<6:57:33,  5.53s/it]
 45%|████▍     | 3658/8189 [5:41:11<6:41:43,  5.32s/it]
 45%|████▍     | 3659/8189 [5:41:17<6:59:20,  5.55s/it]
 45%|████▍     | 3660/8189 [5:41:22<6:47:55,  5.40s/it]
 45%|████▍     | 3661/8189 [5:41:27<6:52:03,  5.46s/it]
 45%|████▍     | 3662/8189 [5:41:32<6:43:09,  5.34s/it]
 45%|████▍     | 3663/8189 [5:41:37<6:35:18,  5.24s/it]
 45%|████▍     | 3664/8189 [5:41:43<6:44:13,  5.36s/it]
 45%|████▍     | 3665/8189 [5:41:50<7:10:43,  5.71s/it]
 45%|████▍     | 3666/8189 [5:41:56<7:19:35,  5.83s/it]
 45%|████▍     | 3667/8189 [5:42:01<7:14:07,  5.76s/it]
 45%|████▍     | 3668/8189 [5:42:07<7:07:31,  5.67s/it]
 45%|████▍     | 3669/8189 [5:42:13<7:13:31,  5.75s/it]
 45%|████▍     | 3670/8189 [5:42:17<6:42:05,  5.34s/it]
 45%|████▍     | 3671/8189 [5:42:23<7:00:31,  5.58s/it]
 45%|████▍     | 3672/8189 [5:42:28<6:34:19,  5.24s/it]
 45%|████▍     | 3673/8189 [5:42:33<6:43:03,  5.36s/it]
 45%|████▍     | 3674/8189 [5:42:38<6:29:53,  5.18s/it]
 45%|████▍     | 3675/8189 [5:42:43<6:21:05,  5.07s/it]
 45%|████▍     | 3676/8189 [5:42:47<6:05:34,  4.86s/it]
 45%|████▍     | 3677/8189 [5:42:53<6:34:05,  5.24s/it]
 45%|████▍     | 3678/8189 [5:42:59<6:30:23,  5.19s/it]
 45%|████▍     | 3679/8189 [5:43:03<6:15:33,  5.00s/it]
 45%|████▍     | 3680/8189 [5:43:08<6:12:19,  4.95s/it]
 45%|████▍     | 3681/8189 [5:43:13<6:17:57,  5.03s/it]
 45%|████▍     | 3682/8189 [5:43:19<6:25:47,  5.14s/it]
 45%|████▍     | 3683/8189 [5:43:23<6:05:06,  4.86s/it]
 45%|████▍     | 3684/8189 [5:43:28<6:14:57,  4.99s/it]
 45%|████▍     | 3685/8189 [5:43:34<6:30:38,  5.20s/it]
 45%|████▌     | 3686/8189 [5:43:40<6:56:54,  5.55s/it]
 45%|████▌     | 3687/8189 [5:43:46<7:10:27,  5.74s/it]
 45%|████▌     | 3688/8189 [5:43:53<7:28:45,  5.98s/it]
 45%|████▌     | 3689/8189 [5:43:58<7:15:50,  5.81s/it]
 45%|████▌     | 3690/8189 [5:44:04<7:21:34,  5.89s/it]
 45%|████▌     | 3691/8189 [5:44:10<7:13:01,  5.78s/it]
 45%|████▌     | 3692/8189 [5:44:15<7:00:15,  5.61s/it]
 45%|████▌     | 3693/8189 [5:44:21<7:01:47,  5.63s/it]
 45%|████▌     | 3694/8189 [5:44:27<7:20:54,  5.89s/it]
 45%|████▌     | 3695/8189 [5:44:33<7:10:15,  5.74s/it]
 45%|████▌     | 3696/8189 [5:44:39<7:14:22,  5.80s/it]
 45%|████▌     | 3697/8189 [5:44:44<7:14:22,  5.80s/it]
 45%|████▌     | 3698/8189 [5:44:49<6:59:41,  5.61s/it]
 45%|████▌     | 3699/8189 [5:44:56<7:15:32,  5.82s/it]
 45%|████▌     | 3700/8189 [5:45:02<7:15:50,  5.83s/it]
 45%|████▌     | 3701/8189 [5:45:07<6:58:07,  5.59s/it]
 45%|████▌     | 3702/8189 [5:45:13<7:12:15,  5.78s/it]
 45%|████▌     | 3703/8189 [5:45:19<7:27:39,  5.99s/it]
 45%|████▌     | 3704/8189 [5:45:25<7:14:14,  5.81s/it]
 45%|████▌     | 3705/8189 [5:45:30<7:00:31,  5.63s/it]
 45%|████▌     | 3706/8189 [5:45:35<6:56:51,  5.58s/it]
 45%|████▌     | 3707/8189 [5:45:41<6:56:38,  5.58s/it]
 45%|████▌     | 3708/8189 [5:45:46<6:51:17,  5.51s/it]
 45%|████▌     | 3709/8189 [5:45:52<6:53:56,  5.54s/it]
 45%|████▌     | 3710/8189 [5:45:58<6:53:02,  5.53s/it]
 45%|████▌     | 3711/8189 [5:46:03<6:56:34,  5.58s/it]
 45%|████▌     | 3712/8189 [5:46:08<6:45:48,  5.44s/it]
 45%|████▌     | 3713/8189 [5:46:14<6:50:58,  5.51s/it]
 45%|████▌     | 3714/8189 [5:46:20<6:53:46,  5.55s/it]
 45%|████▌     | 3715/8189 [5:46:26<7:03:37,  5.68s/it]
 45%|████▌     | 3716/8189 [5:46:32<7:09:47,  5.77s/it]
 45%|████▌     | 3717/8189 [5:46:38<7:18:12,  5.88s/it]
 45%|████▌     | 3718/8189 [5:46:43<7:09:29,  5.76s/it]
 45%|████▌     | 3719/8189 [5:46:49<7:14:18,  5.83s/it]
 45%|████▌     | 3720/8189 [5:46:55<7:06:48,  5.73s/it]
 45%|████▌     | 3721/8189 [5:47:00<6:51:34,  5.53s/it]
 45%|████▌     | 3722/8189 [5:47:06<6:57:00,  5.60s/it]
 45%|████▌     | 3723/8189 [5:47:11<6:55:32,  5.58s/it]
 45%|████▌     | 3724/8189 [5:47:17<7:04:01,  5.70s/it]
 45%|████▌     | 3725/8189 [5:47:23<7:04:53,  5.71s/it]
 46%|████▌     | 3726/8189 [5:47:28<6:50:59,  5.53s/it]
 46%|████▌     | 3727/8189 [5:47:34<6:57:12,  5.61s/it]
 46%|████▌     | 3728/8189 [5:47:38<6:25:48,  5.19s/it]
 46%|████▌     | 3729/8189 [5:47:44<6:49:29,  5.51s/it]
 46%|████▌     | 3730/8189 [5:47:50<6:46:24,  5.47s/it]
 46%|████▌     | 3731/8189 [5:47:56<7:00:33,  5.66s/it]
 46%|████▌     | 3732/8189 [5:48:01<6:59:16,  5.64s/it]
 46%|████▌     | 3733/8189 [5:48:07<7:02:41,  5.69s/it]
 46%|████▌     | 3734/8189 [5:48:13<7:12:28,  5.82s/it]
 46%|████▌     | 3735/8189 [5:48:18<6:56:35,  5.61s/it]
 46%|████▌     | 3736/8189 [5:48:23<6:46:12,  5.47s/it]
 46%|████▌     | 3737/8189 [5:48:29<6:54:30,  5.59s/it]
 46%|████▌     | 3738/8189 [5:48:35<7:02:48,  5.70s/it]
 46%|████▌     | 3739/8189 [5:48:40<6:52:19,  5.56s/it]
 46%|████▌     | 3740/8189 [5:48:46<7:01:57,  5.69s/it]
 46%|████▌     | 3741/8189 [5:48:52<7:08:28,  5.78s/it]
 46%|████▌     | 3742/8189 [5:48:58<6:58:38,  5.65s/it]
 46%|████▌     | 3743/8189 [5:49:02<6:33:10,  5.31s/it]
 46%|████▌     | 3744/8189 [5:49:08<6:52:10,  5.56s/it]
 46%|████▌     | 3745/8189 [5:49:14<6:56:10,  5.62s/it]
 46%|████▌     | 3746/8189 [5:49:21<7:12:58,  5.85s/it]
 46%|████▌     | 3747/8189 [5:49:26<6:55:17,  5.61s/it]
 46%|████▌     | 3748/8189 [5:49:32<7:09:17,  5.80s/it]
 46%|████▌     | 3749/8189 [5:49:36<6:33:58,  5.32s/it]
 46%|████▌     | 3750/8189 [5:49:42<6:36:38,  5.36s/it]
 46%|████▌     | 3751/8189 [5:49:47<6:44:24,  5.47s/it]
 46%|████▌     | 3752/8189 [5:49:52<6:19:20,  5.13s/it]
 46%|████▌     | 3753/8189 [5:49:58<6:43:08,  5.45s/it]
 46%|████▌     | 3754/8189 [5:50:04<7:07:23,  5.78s/it]
 46%|████▌     | 3755/8189 [5:50:11<7:32:28,  6.12s/it]
 46%|████▌     | 3756/8189 [5:50:16<7:00:00,  5.68s/it]
 46%|████▌     | 3757/8189 [5:50:22<7:06:50,  5.78s/it]
 46%|████▌     | 3758/8189 [5:50:27<6:48:43,  5.53s/it]
 46%|████▌     | 3759/8189 [5:50:33<6:52:15,  5.58s/it]
 46%|████▌     | 3760/8189 [5:50:38<6:43:08,  5.46s/it]
 46%|████▌     | 3761/8189 [5:50:43<6:38:06,  5.39s/it]
 46%|████▌     | 3762/8189 [5:50:47<5:56:34,  4.83s/it]
 46%|████▌     | 3763/8189 [5:50:52<6:14:24,  5.08s/it]
 46%|████▌     | 3764/8189 [5:50:58<6:27:33,  5.25s/it]
 46%|████▌     | 3765/8189 [5:51:03<6:35:07,  5.36s/it]
 46%|████▌     | 3766/8189 [5:51:08<6:26:56,  5.25s/it]
 46%|████▌     | 3767/8189 [5:51:13<6:15:36,  5.10s/it]
 46%|████▌     | 3768/8189 [5:51:19<6:22:15,  5.19s/it]
 46%|████▌     | 3769/8189 [5:51:25<6:49:47,  5.56s/it]
 46%|████▌     | 3770/8189 [5:51:31<7:07:47,  5.81s/it]
 46%|████▌     | 3771/8189 [5:51:38<7:21:39,  6.00s/it]
 46%|████▌     | 3772/8189 [5:51:44<7:18:59,  5.96s/it]
 46%|████▌     | 3773/8189 [5:51:49<6:53:15,  5.61s/it]
 46%|████▌     | 3774/8189 [5:51:54<6:49:40,  5.57s/it]
 46%|████▌     | 3775/8189 [5:51:59<6:37:46,  5.41s/it]
 46%|████▌     | 3776/8189 [5:52:04<6:35:18,  5.37s/it]
 46%|████▌     | 3777/8189 [5:52:10<6:32:25,  5.34s/it]
 46%|████▌     | 3778/8189 [5:52:14<6:19:57,  5.17s/it]
 46%|████▌     | 3779/8189 [5:52:20<6:39:35,  5.44s/it]
 46%|████▌     | 3780/8189 [5:52:27<6:54:43,  5.64s/it]
 46%|████▌     | 3781/8189 [5:52:32<6:50:00,  5.58s/it]
 46%|████▌     | 3782/8189 [5:52:38<6:53:09,  5.62s/it]
 46%|████▌     | 3783/8189 [5:52:44<7:10:20,  5.86s/it]
 46%|████▌     | 3784/8189 [5:52:51<7:30:23,  6.13s/it]
 46%|████▌     | 3785/8189 [5:52:56<7:06:04,  5.80s/it]
 46%|████▌     | 3786/8189 [5:53:01<6:58:18,  5.70s/it]
 46%|████▌     | 3787/8189 [5:53:07<6:58:55,  5.71s/it]
 46%|████▋     | 3788/8189 [5:53:13<7:02:16,  5.76s/it]
 46%|████▋     | 3789/8189 [5:53:16<6:10:20,  5.05s/it]
 46%|████▋     | 3790/8189 [5:53:22<6:33:26,  5.37s/it]
 46%|████▋     | 3791/8189 [5:53:28<6:45:29,  5.53s/it]
 46%|████▋     | 3792/8189 [5:53:34<6:45:53,  5.54s/it]
 46%|████▋     | 3793/8189 [5:53:40<6:54:59,  5.66s/it]
 46%|████▋     | 3794/8189 [5:53:46<6:59:38,  5.73s/it]
 46%|████▋     | 3795/8189 [5:53:52<7:07:37,  5.84s/it]
 46%|████▋     | 3796/8189 [5:53:57<7:01:41,  5.76s/it]
 46%|████▋     | 3797/8189 [5:54:03<7:00:04,  5.74s/it]
 46%|████▋     | 3798/8189 [5:54:08<6:51:14,  5.62s/it]
 46%|████▋     | 3799/8189 [5:54:14<6:45:07,  5.54s/it]
 46%|████▋     | 3800/8189 [5:54:20<7:03:10,  5.78s/it]
 46%|████▋     | 3801/8189 [5:54:26<7:00:50,  5.75s/it]
 46%|████▋     | 3802/8189 [5:54:31<6:44:27,  5.53s/it]
 46%|████▋     | 3803/8189 [5:54:36<6:37:00,  5.43s/it]
 46%|████▋     | 3804/8189 [5:54:41<6:20:06,  5.20s/it]
 46%|████▋     | 3805/8189 [5:54:46<6:30:39,  5.35s/it]
 46%|████▋     | 3806/8189 [5:54:53<6:47:22,  5.58s/it]
 46%|████▋     | 3807/8189 [5:54:57<6:33:01,  5.38s/it]
 47%|████▋     | 3808/8189 [5:55:02<6:06:01,  5.01s/it]
 47%|████▋     | 3809/8189 [5:55:06<5:56:28,  4.88s/it]
 47%|████▋     | 3810/8189 [5:55:11<5:54:48,  4.86s/it]
 47%|████▋     | 3811/8189 [5:55:16<5:59:21,  4.92s/it]
 47%|████▋     | 3812/8189 [5:55:21<6:01:59,  4.96s/it]
 47%|████▋     | 3813/8189 [5:55:27<6:15:39,  5.15s/it]
 47%|████▋     | 3814/8189 [5:55:31<5:54:51,  4.87s/it]
 47%|████▋     | 3815/8189 [5:55:36<6:00:48,  4.95s/it]
 47%|████▋     | 3816/8189 [5:55:42<6:17:43,  5.18s/it]
 47%|████▋     | 3817/8189 [5:55:48<6:29:19,  5.34s/it]
 47%|████▋     | 3818/8189 [5:55:52<6:10:34,  5.09s/it]
 47%|████▋     | 3819/8189 [5:55:57<6:10:26,  5.09s/it]
 47%|████▋     | 3820/8189 [5:56:02<6:11:29,  5.10s/it]
 47%|████▋     | 3821/8189 [5:56:07<6:09:23,  5.07s/it]
 47%|████▋     | 3822/8189 [5:56:12<6:10:31,  5.09s/it]
 47%|████▋     | 3823/8189 [5:56:17<6:09:52,  5.08s/it]
 47%|████▋     | 3824/8189 [5:56:23<6:26:29,  5.31s/it]
 47%|████▋     | 3825/8189 [5:56:29<6:28:50,  5.35s/it]
 47%|████▋     | 3826/8189 [5:56:34<6:27:50,  5.33s/it]
 47%|████▋     | 3827/8189 [5:56:40<6:36:43,  5.46s/it]
 47%|████▋     | 3828/8189 [5:56:45<6:37:10,  5.46s/it]
 47%|████▋     | 3829/8189 [5:56:49<6:03:45,  5.01s/it]
 47%|████▋     | 3830/8189 [5:56:55<6:15:50,  5.17s/it]
 47%|████▋     | 3831/8189 [5:56:59<5:52:25,  4.85s/it]
 47%|████▋     | 3832/8189 [5:57:04<5:58:25,  4.94s/it]
 47%|████▋     | 3833/8189 [5:57:10<6:13:47,  5.15s/it]
 47%|████▋     | 3834/8189 [5:57:15<6:12:21,  5.13s/it]
 47%|████▋     | 3835/8189 [5:57:20<6:22:38,  5.27s/it]
 47%|████▋     | 3836/8189 [5:57:27<6:43:20,  5.56s/it]
 47%|████▋     | 3837/8189 [5:57:32<6:40:09,  5.52s/it]
 47%|████▋     | 3838/8189 [5:57:36<6:09:58,  5.10s/it]
 47%|████▋     | 3839/8189 [5:57:42<6:22:35,  5.28s/it]
 47%|████▋     | 3840/8189 [5:57:47<6:15:15,  5.18s/it]
 47%|████▋     | 3841/8189 [5:57:52<6:16:53,  5.20s/it]
 47%|████▋     | 3842/8189 [5:57:58<6:30:41,  5.39s/it]
 47%|████▋     | 3843/8189 [5:58:03<6:34:41,  5.45s/it]
 47%|████▋     | 3844/8189 [5:58:08<6:17:44,  5.22s/it]
 47%|████▋     | 3845/8189 [5:58:14<6:30:51,  5.40s/it]
 47%|████▋     | 3846/8189 [5:58:20<6:47:53,  5.64s/it]
 47%|████▋     | 3847/8189 [5:58:25<6:25:42,  5.33s/it]
 47%|████▋     | 3848/8189 [5:58:32<7:04:57,  5.87s/it]
 47%|████▋     | 3849/8189 [5:58:37<6:42:33,  5.57s/it]
 47%|████▋     | 3850/8189 [5:58:41<6:12:22,  5.15s/it]
 47%|████▋     | 3851/8189 [5:58:46<6:09:42,  5.11s/it]
 47%|████▋     | 3852/8189 [5:58:51<6:09:35,  5.11s/it]
 47%|████▋     | 3853/8189 [5:58:57<6:21:45,  5.28s/it]
 47%|████▋     | 3854/8189 [5:59:02<6:30:12,  5.40s/it]
 47%|████▋     | 3855/8189 [5:59:09<6:47:43,  5.64s/it]
 47%|████▋     | 3856/8189 [5:59:14<6:40:50,  5.55s/it]
 47%|████▋     | 3857/8189 [5:59:20<6:48:24,  5.66s/it]
 47%|████▋     | 3858/8189 [5:59:25<6:47:19,  5.64s/it]
 47%|████▋     | 3859/8189 [5:59:31<6:36:30,  5.49s/it]
 47%|████▋     | 3860/8189 [5:59:36<6:38:12,  5.52s/it]
 47%|████▋     | 3861/8189 [5:59:41<6:26:25,  5.36s/it]
 47%|████▋     | 3862/8189 [5:59:47<6:31:05,  5.42s/it]
 47%|████▋     | 3863/8189 [5:59:50<5:46:23,  4.80s/it]
 47%|████▋     | 3864/8189 [5:59:56<6:07:53,  5.10s/it]
 47%|████▋     | 3865/8189 [6:00:01<6:16:32,  5.23s/it]
 47%|████▋     | 3866/8189 [6:00:07<6:22:29,  5.31s/it]
 47%|████▋     | 3867/8189 [6:00:13<6:35:28,  5.49s/it]
 47%|████▋     | 3868/8189 [6:00:19<6:48:25,  5.67s/it]
 47%|████▋     | 3869/8189 [6:00:24<6:38:20,  5.53s/it]
 47%|████▋     | 3870/8189 [6:00:30<6:45:37,  5.64s/it]
 47%|████▋     | 3871/8189 [6:00:36<6:50:51,  5.71s/it]
 47%|████▋     | 3872/8189 [6:00:42<6:50:54,  5.71s/it]
 47%|████▋     | 3873/8189 [6:00:46<6:27:22,  5.39s/it]
 47%|████▋     | 3874/8189 [6:00:52<6:37:31,  5.53s/it]
 47%|████▋     | 3875/8189 [6:00:58<6:40:34,  5.57s/it]
 47%|████▋     | 3876/8189 [6:01:01<5:58:16,  4.98s/it]
 47%|████▋     | 3877/8189 [6:01:07<6:10:38,  5.16s/it]
 47%|████▋     | 3878/8189 [6:01:13<6:24:45,  5.35s/it]
 47%|████▋     | 3879/8189 [6:01:18<6:17:41,  5.26s/it]
 47%|████▋     | 3880/8189 [6:01:24<6:30:40,  5.44s/it]
 47%|████▋     | 3881/8189 [6:01:29<6:34:24,  5.49s/it]
 47%|████▋     | 3882/8189 [6:01:34<6:25:53,  5.38s/it]
 47%|████▋     | 3883/8189 [6:01:40<6:32:51,  5.47s/it]
 47%|████▋     | 3884/8189 [6:01:46<6:41:22,  5.59s/it]
 47%|████▋     | 3885/8189 [6:01:52<6:45:24,  5.65s/it]
 47%|████▋     | 3886/8189 [6:01:57<6:36:13,  5.52s/it]
 47%|████▋     | 3887/8189 [6:02:01<6:13:26,  5.21s/it]
 47%|████▋     | 3888/8189 [6:02:08<6:34:39,  5.51s/it]
 47%|████▋     | 3889/8189 [6:02:14<6:43:23,  5.63s/it]
 48%|████▊     | 3890/8189 [6:02:19<6:49:14,  5.71s/it]
 48%|████▊     | 3891/8189 [6:02:24<6:26:43,  5.40s/it]
 48%|████▊     | 3892/8189 [6:02:29<6:26:17,  5.39s/it]
 48%|████▊     | 3893/8189 [6:02:36<6:40:16,  5.59s/it]
 48%|████▊     | 3894/8189 [6:02:41<6:45:37,  5.67s/it]
 48%|████▊     | 3895/8189 [6:02:46<6:33:23,  5.50s/it]
 48%|████▊     | 3896/8189 [6:02:51<6:07:55,  5.14s/it]
 48%|████▊     | 3897/8189 [6:02:56<6:07:42,  5.14s/it]
 48%|████▊     | 3898/8189 [6:03:02<6:20:34,  5.32s/it]
 48%|████▊     | 3899/8189 [6:03:07<6:20:21,  5.32s/it]
 48%|████▊     | 3900/8189 [6:03:12<6:21:35,  5.34s/it]
 48%|████▊     | 3901/8189 [6:03:18<6:31:03,  5.47s/it]
 48%|████▊     | 3902/8189 [6:03:24<6:47:50,  5.71s/it]
 48%|████▊     | 3903/8189 [6:03:30<6:41:36,  5.62s/it]
 48%|████▊     | 3904/8189 [6:03:35<6:36:59,  5.56s/it]
 48%|████▊     | 3905/8189 [6:03:40<6:18:17,  5.30s/it]
 48%|████▊     | 3906/8189 [6:03:45<6:15:35,  5.26s/it]
 48%|████▊     | 3907/8189 [6:03:50<6:13:46,  5.24s/it]
 48%|████▊     | 3908/8189 [6:03:56<6:25:04,  5.40s/it]
 48%|████▊     | 3909/8189 [6:04:02<6:42:27,  5.64s/it]
 48%|████▊     | 3910/8189 [6:04:06<6:06:28,  5.14s/it]
 48%|████▊     | 3911/8189 [6:04:11<5:55:06,  4.98s/it]
 48%|████▊     | 3912/8189 [6:04:16<5:52:40,  4.95s/it]
 48%|████▊     | 3913/8189 [6:04:19<5:24:05,  4.55s/it]
 48%|████▊     | 3914/8189 [6:04:25<5:44:43,  4.84s/it]
 48%|████▊     | 3915/8189 [6:04:30<5:41:38,  4.80s/it]
 48%|████▊     | 3916/8189 [6:04:36<6:07:30,  5.16s/it]
 48%|████▊     | 3917/8189 [6:04:42<6:29:43,  5.47s/it]
 48%|████▊     | 3918/8189 [6:04:46<6:05:36,  5.14s/it]
 48%|████▊     | 3919/8189 [6:04:51<6:07:30,  5.16s/it]
 48%|████▊     | 3920/8189 [6:04:56<6:01:53,  5.09s/it]
 48%|████▊     | 3921/8189 [6:05:01<5:44:22,  4.84s/it]
 48%|████▊     | 3922/8189 [6:05:06<5:49:01,  4.91s/it]
 48%|████▊     | 3923/8189 [6:05:11<6:06:35,  5.16s/it]
 48%|████▊     | 3924/8189 [6:05:16<6:01:28,  5.09s/it]
 48%|████▊     | 3925/8189 [6:05:21<5:54:13,  4.98s/it]
 48%|████▊     | 3926/8189 [6:05:26<6:02:48,  5.11s/it]
 48%|████▊     | 3927/8189 [6:05:32<6:14:53,  5.28s/it]
 48%|████▊     | 3928/8189 [6:05:38<6:26:27,  5.44s/it]
 48%|████▊     | 3929/8189 [6:05:43<6:09:58,  5.21s/it]
 48%|████▊     | 3930/8189 [6:05:46<5:42:15,  4.82s/it]
 48%|████▊     | 3931/8189 [6:05:52<6:07:34,  5.18s/it]
 48%|████▊     | 3932/8189 [6:05:58<6:11:47,  5.24s/it]
 48%|████▊     | 3933/8189 [6:06:04<6:30:50,  5.51s/it]
 48%|████▊     | 3934/8189 [6:06:07<5:43:44,  4.85s/it]
 48%|████▊     | 3935/8189 [6:06:11<5:28:03,  4.63s/it]
 48%|████▊     | 3936/8189 [6:06:16<5:33:01,  4.70s/it]
 48%|████▊     | 3937/8189 [6:06:22<5:52:56,  4.98s/it]
 48%|████▊     | 3938/8189 [6:06:27<6:04:50,  5.15s/it]
 48%|████▊     | 3939/8189 [6:06:33<6:10:18,  5.23s/it]
 48%|████▊     | 3940/8189 [6:06:37<5:55:02,  5.01s/it]
 48%|████▊     | 3941/8189 [6:06:43<6:03:38,  5.14s/it]
 48%|████▊     | 3942/8189 [6:06:48<6:10:25,  5.23s/it]
 48%|████▊     | 3943/8189 [6:06:53<6:09:02,  5.21s/it]
 48%|████▊     | 3944/8189 [6:06:59<6:20:58,  5.38s/it]
 48%|████▊     | 3945/8189 [6:07:05<6:19:44,  5.37s/it]
 48%|████▊     | 3946/8189 [6:07:10<6:15:32,  5.31s/it]
 48%|████▊     | 3947/8189 [6:07:16<6:26:03,  5.46s/it]
 48%|████▊     | 3948/8189 [6:07:21<6:24:05,  5.43s/it]
 48%|████▊     | 3949/8189 [6:07:25<6:05:21,  5.17s/it]
 48%|████▊     | 3950/8189 [6:07:30<5:42:44,  4.85s/it]
 48%|████▊     | 3951/8189 [6:07:36<6:12:51,  5.28s/it]
 48%|████▊     | 3952/8189 [6:07:41<6:07:35,  5.21s/it]
 48%|████▊     | 3953/8189 [6:07:46<6:07:39,  5.21s/it]
 48%|████▊     | 3954/8189 [6:07:52<6:25:07,  5.46s/it]
 48%|████▊     | 3955/8189 [6:07:58<6:23:21,  5.43s/it]
 48%|████▊     | 3956/8189 [6:08:04<6:40:16,  5.67s/it]
 48%|████▊     | 3957/8189 [6:08:08<6:19:12,  5.38s/it]
 48%|████▊     | 3958/8189 [6:08:15<6:38:46,  5.66s/it]
 48%|████▊     | 3959/8189 [6:08:21<6:50:52,  5.83s/it]
 48%|████▊     | 3960/8189 [6:08:27<6:50:25,  5.82s/it]
 48%|████▊     | 3961/8189 [6:08:31<6:11:41,  5.27s/it]
 48%|████▊     | 3962/8189 [6:08:36<6:13:18,  5.30s/it]
 48%|████▊     | 3963/8189 [6:08:42<6:25:48,  5.48s/it]
 48%|████▊     | 3964/8189 [6:08:46<6:03:43,  5.17s/it]
 48%|████▊     | 3965/8189 [6:08:50<5:34:07,  4.75s/it]
 48%|████▊     | 3966/8189 [6:08:56<5:55:33,  5.05s/it]
 48%|████▊     | 3967/8189 [6:09:02<6:05:15,  5.19s/it]
 48%|████▊     | 3968/8189 [6:09:08<6:22:55,  5.44s/it]
 48%|████▊     | 3969/8189 [6:09:13<6:23:49,  5.46s/it]
 48%|████▊     | 3970/8189 [6:09:19<6:26:58,  5.50s/it]
 48%|████▊     | 3971/8189 [6:09:25<6:35:32,  5.63s/it]
 49%|████▊     | 3972/8189 [6:09:29<6:12:01,  5.29s/it]
 49%|████▊     | 3973/8189 [6:09:35<6:19:13,  5.40s/it]
 49%|████▊     | 3974/8189 [6:09:40<6:13:49,  5.32s/it]
 49%|████▊     | 3975/8189 [6:09:45<6:18:25,  5.39s/it]
 49%|████▊     | 3976/8189 [6:09:51<6:14:18,  5.33s/it]
 49%|████▊     | 3977/8189 [6:09:56<6:22:56,  5.45s/it]
 49%|████▊     | 3978/8189 [6:10:03<6:42:57,  5.74s/it]
 49%|████▊     | 3979/8189 [6:10:09<6:44:44,  5.77s/it]
 49%|████▊     | 3980/8189 [6:10:13<6:22:31,  5.45s/it]
 49%|████▊     | 3981/8189 [6:10:19<6:29:36,  5.56s/it]
 49%|████▊     | 3982/8189 [6:10:24<6:20:10,  5.42s/it]
 49%|████▊     | 3983/8189 [6:10:30<6:24:24,  5.48s/it]
 49%|████▊     | 3984/8189 [6:10:35<6:24:37,  5.49s/it]
 49%|████▊     | 3985/8189 [6:10:41<6:22:03,  5.45s/it]
 49%|████▊     | 3986/8189 [6:10:45<6:08:12,  5.26s/it]
 49%|████▊     | 3987/8189 [6:10:50<5:47:31,  4.96s/it]
 49%|████▊     | 3988/8189 [6:10:56<6:04:10,  5.20s/it]
 49%|████▊     | 3989/8189 [6:11:02<6:24:22,  5.49s/it]
 49%|████▊     | 3990/8189 [6:11:07<6:28:29,  5.55s/it]
 49%|████▊     | 3991/8189 [6:11:13<6:31:19,  5.59s/it]
 49%|████▊     | 3992/8189 [6:11:19<6:37:01,  5.68s/it]
 49%|████▉     | 3993/8189 [6:11:24<6:27:19,  5.54s/it]
 49%|████▉     | 3994/8189 [6:11:30<6:25:26,  5.51s/it]
 49%|████▉     | 3995/8189 [6:11:35<6:30:01,  5.58s/it]
 49%|████▉     | 3996/8189 [6:11:40<6:08:02,  5.27s/it]
 49%|████▉     | 3997/8189 [6:11:44<5:37:14,  4.83s/it]
 49%|████▉     | 3998/8189 [6:11:48<5:34:19,  4.79s/it]
 49%|████▉     | 3999/8189 [6:11:53<5:32:40,  4.76s/it]
 49%|████▉     | 4000/8189 [6:11:58<5:29:58,  4.73s/it]
                                                       

 49%|████▉     | 4000/8189 [6:11:58<5:29:58,  4.73s/it]

Batches:   0%|          | 0/9 [00:00<?, ?it/s][A

Batches:  56%|█████▌    | 5/9 [00:00<00:00, 42.85it/s][A
Batches: 100%|██████████| 9/9 [00:00<00:00, 47.41it/s]


Corpus Chunks:   0%|          | 0/1 [00:00<?, ?it/s][A


Batches:   0%|          | 0/9 [00:00<?, ?it/s][A[A


Batches:  67%|██████▋   | 6/9 [00:00<00:00, 56.00it/s][A[A
Batches: 100%|██████████| 9/9 [00:00<00:00, 59.88it/s]


Corpus Chunks: 100%|██████████| 1/1 [00:00<00:00,  6.42it/s][A
Corpus Chunks: 100%|██████████| 1/1 [00:00<00:00,  6.40it/s]


Batches:   0%|          | 0/7 [00:00<?, ?it/s][A

Batches:  71%|███████▏  | 5/7 [00:00<00:00, 42.84it/s][A
Batches: 100%|██████████| 7/7 [00:00<00:00, 46.31it/s]


Batches:   0%|          | 0/7 [00:00<?, ?it/s][A

Batches:  86%|████████▌ | 6/7 [00:00<00:00, 59.35it/s][A
Batches: 100%|██████████| 7/7 [00:00<00:00, 61.03it/s]


Batches:   0%|          | 0/7 [00:00<?, ?it/s][A

Batches: 100%|██████████| 7/7 [00:00<00:00, 65.81it/s][A
Batches: 100%|██████████| 7/7 [00:00<00:00, 65.40it/s]

                                                       

 49%|████▉     | 4000/8189 [6:11:59<5:29:58,  4.73s/it]

Writing model shards:   0%|          | 0/1 [00:00<?, ?it/s][A

Writing model shards: 100%|██████████| 1/1 [00:01<00:00,  1.10s/it][A
Writing model shards: 100%|██████████| 1/1 [00:01<00:00,  1.10s/it]

 49%|████▉     | 4001/8189 [6:12:08<7:33:15,  6.49s/it]
 49%|████▉     | 4002/8189 [6:12:14<7:20:46,  6.32s/it]
 49%|████▉     | 4003/8189 [6:12:19<6:57:48,  5.99s/it]
 49%|████▉     | 4004/8189 [6:12:25<6:58:02,  5.99s/it]
 49%|████▉     | 4005/8189 [6:12:32<7:00:20,  6.03s/it]
 49%|████▉     | 4006/8189 [6:12:37<6:55:55,  5.97s/it]
 49%|████▉     | 4007/8189 [6:12:43<6:42:24,  5.77s/it]
 49%|████▉     | 4008/8189 [6:12:48<6:30:13,  5.60s/it]
 49%|████▉     | 4009/8189 [6:12:54<6:32:04,  5.63s/it]
 49%|████▉     | 4010/8189 [6:12:58<6:14:05,  5.37s/it]
 49%|████▉     | 4011/8189 [6:13:04<6:21:16,  5.48s/it]
 49%|████▉     | 4012/8189 [6:13:10<6:31:26,  5.62s/it]
 49%|████▉     | 4013/8189 [6:13:15<6:21:33,  5.48s/it]
 49%|████▉     | 4014/8189 [6:13:19<5:49:35,  5.02s/it]
 49%|████▉     | 4015/8189 [6:13:25<6:03:20,  5.22s/it]
 49%|████▉     | 4016/8189 [6:13:31<6:16:07,  5.41s/it]
 49%|████▉     | 4017/8189 [6:13:37<6:27:13,  5.57s/it]
 49%|████▉     | 4018/8189 [6:13:43<6:41:21,  5.77s/it]
 49%|████▉     | 4019/8189 [6:13:47<6:08:31,  5.30s/it]
 49%|████▉     | 4020/8189 [6:13:53<6:16:54,  5.42s/it]
 49%|████▉     | 4021/8189 [6:13:59<6:25:57,  5.56s/it]
 49%|████▉     | 4022/8189 [6:14:03<6:08:39,  5.31s/it]
 49%|████▉     | 4023/8189 [6:14:09<6:09:51,  5.33s/it]
 49%|████▉     | 4024/8189 [6:14:14<6:10:04,  5.33s/it]
 49%|████▉     | 4025/8189 [6:14:19<6:02:24,  5.22s/it]
 49%|████▉     | 4026/8189 [6:14:25<6:14:17,  5.39s/it]
 49%|████▉     | 4027/8189 [6:14:31<6:31:09,  5.64s/it]
 49%|████▉     | 4028/8189 [6:14:37<6:43:44,  5.82s/it]
 49%|████▉     | 4029/8189 [6:14:44<7:04:55,  6.13s/it]
 49%|████▉     | 4030/8189 [6:14:51<7:09:12,  6.19s/it]
 49%|████▉     | 4031/8189 [6:14:57<7:16:06,  6.29s/it]
 49%|████▉     | 4032/8189 [6:15:02<6:45:17,  5.85s/it]
 49%|████▉     | 4033/8189 [6:15:08<6:44:48,  5.84s/it]
 49%|████▉     | 4034/8189 [6:15:14<6:53:15,  5.97s/it]
 49%|████▉     | 4035/8189 [6:15:20<7:01:54,  6.09s/it]
 49%|████▉     | 4036/8189 [6:15:26<6:57:39,  6.03s/it]
 49%|████▉     | 4037/8189 [6:15:33<7:04:49,  6.14s/it]
 49%|████▉     | 4038/8189 [6:15:38<6:57:46,  6.04s/it]
 49%|████▉     | 4039/8189 [6:15:44<6:54:27,  5.99s/it]
 49%|████▉     | 4040/8189 [6:15:50<6:48:04,  5.90s/it]
 49%|████▉     | 4041/8189 [6:15:56<6:41:51,  5.81s/it]
 49%|████▉     | 4042/8189 [6:16:01<6:40:12,  5.79s/it]
 49%|████▉     | 4043/8189 [6:16:07<6:45:24,  5.87s/it]
 49%|████▉     | 4044/8189 [6:16:14<6:57:11,  6.04s/it]
 49%|████▉     | 4045/8189 [6:16:20<6:53:32,  5.99s/it]
 49%|████▉     | 4046/8189 [6:16:26<7:02:33,  6.12s/it]
 49%|████▉     | 4047/8189 [6:16:32<7:05:47,  6.17s/it]
 49%|████▉     | 4048/8189 [6:16:38<6:52:29,  5.98s/it]
 49%|████▉     | 4049/8189 [6:16:44<6:46:42,  5.89s/it]
 49%|████▉     | 4050/8189 [6:16:49<6:28:08,  5.63s/it]
 49%|████▉     | 4051/8189 [6:16:54<6:25:33,  5.59s/it]
 49%|████▉     | 4052/8189 [6:17:00<6:32:20,  5.69s/it]
 49%|████▉     | 4053/8189 [6:17:07<6:48:08,  5.92s/it]
 50%|████▉     | 4054/8189 [6:17:13<7:06:22,  6.19s/it]
 50%|████▉     | 4055/8189 [6:17:20<7:06:57,  6.20s/it]
 50%|████▉     | 4056/8189 [6:17:25<6:53:54,  6.01s/it]
 50%|████▉     | 4057/8189 [6:17:31<6:50:23,  5.96s/it]
 50%|████▉     | 4058/8189 [6:17:37<6:50:57,  5.97s/it]
 50%|████▉     | 4059/8189 [6:17:43<6:48:30,  5.93s/it]
 50%|████▉     | 4060/8189 [6:17:48<6:28:44,  5.65s/it]
 50%|████▉     | 4061/8189 [6:17:53<6:23:42,  5.58s/it]
 50%|████▉     | 4062/8189 [6:17:59<6:31:03,  5.69s/it]
 50%|████▉     | 4063/8189 [6:18:05<6:34:13,  5.73s/it]
 50%|████▉     | 4064/8189 [6:18:11<6:33:05,  5.72s/it]
 50%|████▉     | 4065/8189 [6:18:16<6:32:15,  5.71s/it]
 50%|████▉     | 4066/8189 [6:18:22<6:32:55,  5.72s/it]
 50%|████▉     | 4067/8189 [6:18:28<6:36:20,  5.77s/it]
 50%|████▉     | 4068/8189 [6:18:34<6:45:02,  5.90s/it]
 50%|████▉     | 4069/8189 [6:18:40<6:42:52,  5.87s/it]
 50%|████▉     | 4070/8189 [6:18:45<6:35:10,  5.76s/it]
 50%|████▉     | 4071/8189 [6:18:52<6:45:25,  5.91s/it]
 50%|████▉     | 4072/8189 [6:18:58<6:51:07,  5.99s/it]
 50%|████▉     | 4073/8189 [6:19:04<7:01:10,  6.14s/it]
 50%|████▉     | 4074/8189 [6:19:10<6:49:19,  5.97s/it]
 50%|████▉     | 4075/8189 [6:19:16<6:51:39,  6.00s/it]
 50%|████▉     | 4076/8189 [6:19:22<6:41:58,  5.86s/it]
 50%|████▉     | 4077/8189 [6:19:27<6:28:45,  5.67s/it]
 50%|████▉     | 4078/8189 [6:19:33<6:37:20,  5.80s/it]
 50%|████▉     | 4079/8189 [6:19:39<6:33:50,  5.75s/it]
 50%|████▉     | 4080/8189 [6:19:45<6:44:00,  5.90s/it]
 50%|████▉     | 4081/8189 [6:19:51<6:50:31,  6.00s/it]
 50%|████▉     | 4082/8189 [6:19:56<6:34:33,  5.76s/it]
 50%|████▉     | 4083/8189 [6:20:02<6:36:16,  5.79s/it]
 50%|████▉     | 4084/8189 [6:20:08<6:34:12,  5.76s/it]
 50%|████▉     | 4085/8189 [6:20:14<6:38:17,  5.82s/it]
 50%|████▉     | 4086/8189 [6:20:19<6:32:03,  5.73s/it]
 50%|████▉     | 4087/8189 [6:20:25<6:32:22,  5.74s/it]
 50%|████▉     | 4088/8189 [6:20:30<6:07:00,  5.37s/it]
 50%|████▉     | 4089/8189 [6:20:36<6:21:53,  5.59s/it]
 50%|████▉     | 4090/8189 [6:20:41<6:21:54,  5.59s/it]
 50%|████▉     | 4091/8189 [6:20:47<6:24:28,  5.63s/it]
 50%|████▉     | 4092/8189 [6:20:53<6:24:31,  5.63s/it]
 50%|████▉     | 4093/8189 [6:20:58<6:28:56,  5.70s/it]
 50%|████▉     | 4094/8189 [6:21:05<6:49:08,  5.99s/it]
 50%|█████     | 4095/8189 [6:21:11<6:42:12,  5.89s/it]
 50%|█████     | 4096/8189 [6:21:16<6:34:52,  5.79s/it]
 50%|█████     | 4097/8189 [6:21:22<6:26:58,  5.67s/it]
 50%|█████     | 4098/8189 [6:21:28<6:35:43,  5.80s/it]
 50%|█████     | 4099/8189 [6:21:35<7:00:24,  6.17s/it]
 50%|█████     | 4100/8189 [6:21:41<6:56:27,  6.11s/it]
 50%|█████     | 4101/8189 [6:21:47<6:51:45,  6.04s/it]
 50%|█████     | 4102/8189 [6:21:52<6:34:00,  5.78s/it]
 50%|█████     | 4103/8189 [6:21:57<6:27:51,  5.70s/it]
 50%|█████     | 4104/8189 [6:22:02<5:58:37,  5.27s/it]
 50%|█████     | 4105/8189 [6:22:07<6:06:37,  5.39s/it]
 50%|█████     | 4106/8189 [6:22:13<6:16:08,  5.53s/it]
 50%|█████     | 4107/8189 [6:22:20<6:37:16,  5.84s/it]
 50%|█████     | 4108/8189 [6:22:25<6:21:24,  5.61s/it]
 50%|█████     | 4109/8189 [6:22:32<6:43:22,  5.93s/it]
 50%|█████     | 4110/8189 [6:22:37<6:28:57,  5.72s/it]
 50%|█████     | 4111/8189 [6:22:42<6:16:58,  5.55s/it]
 50%|█████     | 4112/8189 [6:22:47<6:14:08,  5.51s/it]
 50%|█████     | 4113/8189 [6:22:53<6:27:08,  5.70s/it]
 50%|█████     | 4114/8189 [6:23:00<6:35:06,  5.82s/it]
 50%|█████     | 4115/8189 [6:23:05<6:30:44,  5.75s/it]
 50%|█████     | 4116/8189 [6:23:11<6:33:39,  5.80s/it]
 50%|█████     | 4117/8189 [6:23:17<6:42:43,  5.93s/it]
 50%|█████     | 4118/8189 [6:23:24<6:50:11,  6.05s/it]
 50%|█████     | 4119/8189 [6:23:30<6:52:38,  6.08s/it]
 50%|█████     | 4120/8189 [6:23:36<6:51:31,  6.07s/it]
 50%|█████     | 4121/8189 [6:23:42<6:45:49,  5.99s/it]
 50%|█████     | 4122/8189 [6:23:47<6:37:49,  5.87s/it]
 50%|█████     | 4123/8189 [6:23:52<6:23:47,  5.66s/it]
 50%|█████     | 4124/8189 [6:23:58<6:12:51,  5.50s/it]
 50%|█████     | 4125/8189 [6:24:04<6:28:42,  5.74s/it]
 50%|█████     | 4126/8189 [6:24:09<6:18:43,  5.59s/it]
 50%|█████     | 4127/8189 [6:24:15<6:22:11,  5.65s/it]
 50%|█████     | 4128/8189 [6:24:21<6:33:11,  5.81s/it]
 50%|█████     | 4129/8189 [6:24:27<6:40:48,  5.92s/it]
 50%|█████     | 4130/8189 [6:24:33<6:28:58,  5.75s/it]
 50%|█████     | 4131/8189 [6:24:38<6:14:27,  5.54s/it]
 50%|█████     | 4132/8189 [6:24:44<6:27:17,  5.73s/it]
 50%|█████     | 4133/8189 [6:24:49<6:24:38,  5.69s/it]
 50%|█████     | 4134/8189 [6:24:55<6:31:23,  5.79s/it]
 50%|█████     | 4135/8189 [6:25:01<6:21:45,  5.65s/it]
 51%|█████     | 4136/8189 [6:25:07<6:40:00,  5.92s/it]
 51%|█████     | 4137/8189 [6:25:13<6:33:26,  5.83s/it]
 51%|█████     | 4138/8189 [6:25:18<6:17:26,  5.59s/it]
 51%|█████     | 4139/8189 [6:25:24<6:24:23,  5.69s/it]
 51%|█████     | 4140/8189 [6:25:28<5:52:49,  5.23s/it]
 51%|█████     | 4141/8189 [6:25:34<5:59:56,  5.34s/it]
 51%|█████     | 4142/8189 [6:25:40<6:15:50,  5.57s/it]
 51%|█████     | 4143/8189 [6:25:46<6:31:35,  5.81s/it]
 51%|█████     | 4144/8189 [6:25:52<6:42:43,  5.97s/it]
 51%|█████     | 4145/8189 [6:25:57<6:13:27,  5.54s/it]
 51%|█████     | 4146/8189 [6:26:02<6:03:48,  5.40s/it]
 51%|█████     | 4147/8189 [6:26:08<6:11:51,  5.52s/it]
 51%|█████     | 4148/8189 [6:26:14<6:16:04,  5.58s/it]
 51%|█████     | 4149/8189 [6:26:19<6:13:58,  5.55s/it]
 51%|█████     | 4150/8189 [6:26:25<6:19:00,  5.63s/it]
 51%|█████     | 4151/8189 [6:26:31<6:23:01,  5.69s/it]
 51%|█████     | 4152/8189 [6:26:37<6:34:24,  5.86s/it]
 51%|█████     | 4153/8189 [6:26:42<6:23:51,  5.71s/it]
 51%|█████     | 4154/8189 [6:26:48<6:18:15,  5.62s/it]
 51%|█████     | 4155/8189 [6:26:53<6:13:08,  5.55s/it]
 51%|█████     | 4156/8189 [6:26:59<6:15:02,  5.58s/it]
 51%|█████     | 4157/8189 [6:27:05<6:27:17,  5.76s/it]
 51%|█████     | 4158/8189 [6:27:11<6:24:12,  5.72s/it]
 51%|█████     | 4159/8189 [6:27:17<6:29:50,  5.80s/it]
 51%|█████     | 4160/8189 [6:27:22<6:15:49,  5.60s/it]
 51%|█████     | 4161/8189 [6:27:26<5:53:03,  5.26s/it]
 51%|█████     | 4162/8189 [6:27:33<6:15:56,  5.60s/it]
 51%|█████     | 4163/8189 [6:27:38<6:12:13,  5.55s/it]
 51%|█████     | 4164/8189 [6:27:44<6:27:07,  5.77s/it]
 51%|█████     | 4165/8189 [6:27:50<6:20:23,  5.67s/it]
 51%|█████     | 4166/8189 [6:27:55<6:15:33,  5.60s/it]
 51%|█████     | 4167/8189 [6:28:01<6:17:29,  5.63s/it]
 51%|█████     | 4168/8189 [6:28:06<6:13:38,  5.58s/it]
 51%|█████     | 4169/8189 [6:28:13<6:28:13,  5.79s/it]
 51%|█████     | 4170/8189 [6:28:18<6:16:34,  5.62s/it]
 51%|█████     | 4171/8189 [6:28:23<6:10:17,  5.53s/it]
 51%|█████     | 4172/8189 [6:28:28<5:56:34,  5.33s/it]
 51%|█████     | 4173/8189 [6:28:33<5:52:56,  5.27s/it]
 51%|█████     | 4174/8189 [6:28:39<6:03:36,  5.43s/it]
 51%|█████     | 4175/8189 [6:28:44<5:56:27,  5.33s/it]
 51%|█████     | 4176/8189 [6:28:49<5:42:19,  5.12s/it]
 51%|█████     | 4177/8189 [6:28:55<5:57:59,  5.35s/it]
 51%|█████     | 4178/8189 [6:29:00<6:02:01,  5.42s/it]
 51%|█████     | 4179/8189 [6:29:06<6:14:15,  5.60s/it]
 51%|█████     | 4180/8189 [6:29:12<6:13:41,  5.59s/it]
 51%|█████     | 4181/8189 [6:29:17<6:17:13,  5.65s/it]
 51%|█████     | 4182/8189 [6:29:23<6:20:25,  5.70s/it]
 51%|█████     | 4183/8189 [6:29:29<6:10:54,  5.56s/it]
 51%|█████     | 4184/8189 [6:29:35<6:24:15,  5.76s/it]
 51%|█████     | 4185/8189 [6:29:41<6:34:45,  5.92s/it]
 51%|█████     | 4186/8189 [6:29:47<6:37:50,  5.96s/it]
 51%|█████     | 4187/8189 [6:29:53<6:27:30,  5.81s/it]
 51%|█████     | 4188/8189 [6:29:58<6:13:28,  5.60s/it]
 51%|█████     | 4189/8189 [6:30:03<6:09:40,  5.55s/it]
 51%|█████     | 4190/8189 [6:30:09<6:15:17,  5.63s/it]
 51%|█████     | 4191/8189 [6:30:14<6:11:41,  5.58s/it]
 51%|█████     | 4192/8189 [6:30:20<6:09:09,  5.54s/it]
 51%|█████     | 4193/8189 [6:30:25<6:11:38,  5.58s/it]
 51%|█████     | 4194/8189 [6:30:32<6:25:40,  5.79s/it]
 51%|█████     | 4195/8189 [6:30:37<6:16:47,  5.66s/it]
 51%|█████     | 4196/8189 [6:30:43<6:28:57,  5.84s/it]
 51%|█████▏    | 4197/8189 [6:30:49<6:31:04,  5.88s/it]
 51%|█████▏    | 4198/8189 [6:30:56<6:41:47,  6.04s/it]
 51%|█████▏    | 4199/8189 [6:31:00<6:11:50,  5.59s/it]
 51%|█████▏    | 4200/8189 [6:31:06<6:21:25,  5.74s/it]
 51%|█████▏    | 4201/8189 [6:31:12<6:13:02,  5.61s/it]
 51%|█████▏    | 4202/8189 [6:31:17<6:13:16,  5.62s/it]
 51%|█████▏    | 4203/8189 [6:31:22<6:00:53,  5.43s/it]
 51%|█████▏    | 4204/8189 [6:31:28<6:09:36,  5.57s/it]
 51%|█████▏    | 4205/8189 [6:31:33<6:03:15,  5.47s/it]
 51%|█████▏    | 4206/8189 [6:31:39<5:58:19,  5.40s/it]
 51%|█████▏    | 4207/8189 [6:31:43<5:46:08,  5.22s/it]
 51%|█████▏    | 4208/8189 [6:31:48<5:40:21,  5.13s/it]
 51%|█████▏    | 4209/8189 [6:31:54<5:48:07,  5.25s/it]
 51%|█████▏    | 4210/8189 [6:32:00<6:08:21,  5.55s/it]
 51%|█████▏    | 4211/8189 [6:32:05<5:49:47,  5.28s/it]
 51%|█████▏    | 4212/8189 [6:32:11<6:06:49,  5.53s/it]
 51%|█████▏    | 4213/8189 [6:32:17<6:19:47,  5.73s/it]
 51%|█████▏    | 4214/8189 [6:32:24<6:32:28,  5.92s/it]
 51%|█████▏    | 4215/8189 [6:32:29<6:16:51,  5.69s/it]
 51%|█████▏    | 4216/8189 [6:32:34<6:03:18,  5.49s/it]
 51%|█████▏    | 4217/8189 [6:32:39<6:06:19,  5.53s/it]
 52%|█████▏    | 4218/8189 [6:32:45<6:01:49,  5.47s/it]
 52%|█████▏    | 4219/8189 [6:32:50<5:57:22,  5.40s/it]
 52%|█████▏    | 4220/8189 [6:32:56<6:11:25,  5.61s/it]
 52%|█████▏    | 4221/8189 [6:33:02<6:12:55,  5.64s/it]
 52%|█████▏    | 4222/8189 [6:33:07<6:10:29,  5.60s/it]
 52%|█████▏    | 4223/8189 [6:33:13<6:13:00,  5.64s/it]
 52%|█████▏    | 4224/8189 [6:33:19<6:14:28,  5.67s/it]
 52%|█████▏    | 4225/8189 [6:33:25<6:25:48,  5.84s/it]
 52%|█████▏    | 4226/8189 [6:33:31<6:37:46,  6.02s/it]
 52%|█████▏    | 4227/8189 [6:33:37<6:35:11,  5.98s/it]
 52%|█████▏    | 4228/8189 [6:33:44<6:48:14,  6.18s/it]
 52%|█████▏    | 4229/8189 [6:33:50<6:37:34,  6.02s/it]
 52%|█████▏    | 4230/8189 [6:33:56<6:38:39,  6.04s/it]
 52%|█████▏    | 4231/8189 [6:34:01<6:15:34,  5.69s/it]
 52%|█████▏    | 4232/8189 [6:34:06<6:11:53,  5.64s/it]
 52%|█████▏    | 4233/8189 [6:34:12<6:14:54,  5.69s/it]
 52%|█████▏    | 4234/8189 [6:34:18<6:20:05,  5.77s/it]
 52%|█████▏    | 4235/8189 [6:34:23<6:10:36,  5.62s/it]
 52%|█████▏    | 4236/8189 [6:34:29<6:12:30,  5.65s/it]
 52%|█████▏    | 4237/8189 [6:34:34<6:09:48,  5.61s/it]
 52%|█████▏    | 4238/8189 [6:34:40<6:08:49,  5.60s/it]
 52%|█████▏    | 4239/8189 [6:34:45<6:06:46,  5.57s/it]
 52%|█████▏    | 4240/8189 [6:34:51<6:08:12,  5.59s/it]
 52%|█████▏    | 4241/8189 [6:34:57<6:07:02,  5.58s/it]
 52%|█████▏    | 4242/8189 [6:35:02<6:11:45,  5.65s/it]
 52%|█████▏    | 4243/8189 [6:35:08<6:15:39,  5.71s/it]
 52%|█████▏    | 4244/8189 [6:35:15<6:27:00,  5.89s/it]
 52%|█████▏    | 4245/8189 [6:35:20<6:18:32,  5.76s/it]
 52%|█████▏    | 4246/8189 [6:35:26<6:19:27,  5.77s/it]
 52%|█████▏    | 4247/8189 [6:35:32<6:34:15,  6.00s/it]
 52%|█████▏    | 4248/8189 [6:35:38<6:20:40,  5.80s/it]
 52%|█████▏    | 4249/8189 [6:35:43<6:05:18,  5.56s/it]
 52%|█████▏    | 4250/8189 [6:35:48<6:07:27,  5.60s/it]
 52%|█████▏    | 4251/8189 [6:35:53<5:44:05,  5.24s/it]
 52%|█████▏    | 4252/8189 [6:35:58<5:44:48,  5.25s/it]
 52%|█████▏    | 4253/8189 [6:36:05<6:08:49,  5.62s/it]
 52%|█████▏    | 4254/8189 [6:36:11<6:16:41,  5.74s/it]
 52%|█████▏    | 4255/8189 [6:36:18<6:40:17,  6.11s/it]
 52%|█████▏    | 4256/8189 [6:36:22<6:17:31,  5.76s/it]
 52%|█████▏    | 4257/8189 [6:36:28<6:18:10,  5.77s/it]
 52%|█████▏    | 4258/8189 [6:36:33<6:06:02,  5.59s/it]
 52%|█████▏    | 4259/8189 [6:36:39<6:12:22,  5.69s/it]
 52%|█████▏    | 4260/8189 [6:36:45<6:18:20,  5.78s/it]
 52%|█████▏    | 4261/8189 [6:36:51<6:22:33,  5.84s/it]
 52%|█████▏    | 4262/8189 [6:36:56<6:04:52,  5.57s/it]
 52%|█████▏    | 4263/8189 [6:37:03<6:27:20,  5.92s/it]
 52%|█████▏    | 4264/8189 [6:37:09<6:22:25,  5.85s/it]
 52%|█████▏    | 4265/8189 [6:37:13<5:59:05,  5.49s/it]
 52%|█████▏    | 4266/8189 [6:37:19<6:02:49,  5.55s/it]
 52%|█████▏    | 4267/8189 [6:37:25<6:03:24,  5.56s/it]
 52%|█████▏    | 4268/8189 [6:37:31<6:14:18,  5.73s/it]
 52%|█████▏    | 4269/8189 [6:37:35<5:48:35,  5.34s/it]
 52%|█████▏    | 4270/8189 [6:37:42<6:14:42,  5.74s/it]
 52%|█████▏    | 4271/8189 [6:37:48<6:31:16,  5.99s/it]
 52%|█████▏    | 4272/8189 [6:37:53<6:10:17,  5.67s/it]
 52%|█████▏    | 4273/8189 [6:37:59<6:12:47,  5.71s/it]
 52%|█████▏    | 4274/8189 [6:38:05<6:13:51,  5.73s/it]
 52%|█████▏    | 4275/8189 [6:38:10<6:01:55,  5.55s/it]
 52%|█████▏    | 4276/8189 [6:38:16<6:18:14,  5.80s/it]
 52%|█████▏    | 4277/8189 [6:38:21<6:02:15,  5.56s/it]
 52%|█████▏    | 4278/8189 [6:38:27<6:09:30,  5.67s/it]
 52%|█████▏    | 4279/8189 [6:38:33<6:16:00,  5.77s/it]
 52%|█████▏    | 4280/8189 [6:38:39<6:06:24,  5.62s/it]
 52%|█████▏    | 4281/8189 [6:38:44<6:01:06,  5.54s/it]
 52%|█████▏    | 4282/8189 [6:38:49<5:59:32,  5.52s/it]
 52%|█████▏    | 4283/8189 [6:38:55<5:55:43,  5.46s/it]
 52%|█████▏    | 4284/8189 [6:38:59<5:31:04,  5.09s/it]
 52%|█████▏    | 4285/8189 [6:39:04<5:33:28,  5.13s/it]
 52%|█████▏    | 4286/8189 [6:39:09<5:31:50,  5.10s/it]
 52%|█████▏    | 4287/8189 [6:39:15<5:39:22,  5.22s/it]
 52%|█████▏    | 4288/8189 [6:39:21<5:58:09,  5.51s/it]
 52%|█████▏    | 4289/8189 [6:39:27<6:08:11,  5.66s/it]
 52%|█████▏    | 4290/8189 [6:39:31<5:43:51,  5.29s/it]
 52%|█████▏    | 4291/8189 [6:39:37<5:55:21,  5.47s/it]
 52%|█████▏    | 4292/8189 [6:39:42<5:35:31,  5.17s/it]
 52%|█████▏    | 4293/8189 [6:39:47<5:39:13,  5.22s/it]
 52%|█████▏    | 4294/8189 [6:39:53<5:45:44,  5.33s/it]
 52%|█████▏    | 4295/8189 [6:39:58<5:43:42,  5.30s/it]
 52%|█████▏    | 4296/8189 [6:40:03<5:49:03,  5.38s/it]
 52%|█████▏    | 4297/8189 [6:40:09<6:00:03,  5.55s/it]
 52%|█████▏    | 4298/8189 [6:40:15<5:55:08,  5.48s/it]
 52%|█████▏    | 4299/8189 [6:40:20<5:59:08,  5.54s/it]
 53%|█████▎    | 4300/8189 [6:40:25<5:42:45,  5.29s/it]
 53%|█████▎    | 4301/8189 [6:40:30<5:43:39,  5.30s/it]
 53%|█████▎    | 4302/8189 [6:40:35<5:37:05,  5.20s/it]
 53%|█████▎    | 4303/8189 [6:40:42<5:55:48,  5.49s/it]
 53%|█████▎    | 4304/8189 [6:40:47<6:01:33,  5.58s/it]
 53%|█████▎    | 4305/8189 [6:40:53<6:07:21,  5.67s/it]
 53%|█████▎    | 4306/8189 [6:40:59<6:12:30,  5.76s/it]
 53%|█████▎    | 4307/8189 [6:41:04<5:51:29,  5.43s/it]
 53%|█████▎    | 4308/8189 [6:41:10<6:06:40,  5.67s/it]
 53%|█████▎    | 4309/8189 [6:41:16<6:01:02,  5.58s/it]
 53%|█████▎    | 4310/8189 [6:41:21<6:00:05,  5.57s/it]
 53%|█████▎    | 4311/8189 [6:41:27<6:01:20,  5.59s/it]
 53%|█████▎    | 4312/8189 [6:41:32<5:54:19,  5.48s/it]
 53%|█████▎    | 4313/8189 [6:41:36<5:35:52,  5.20s/it]
 53%|█████▎    | 4314/8189 [6:41:41<5:17:10,  4.91s/it]
 53%|█████▎    | 4315/8189 [6:41:46<5:19:49,  4.95s/it]
 53%|█████▎    | 4316/8189 [6:41:51<5:21:50,  4.99s/it]
 53%|█████▎    | 4317/8189 [6:41:57<5:42:43,  5.31s/it]
 53%|█████▎    | 4318/8189 [6:42:02<5:31:16,  5.13s/it]
 53%|█████▎    | 4319/8189 [6:42:07<5:44:04,  5.33s/it]
 53%|█████▎    | 4320/8189 [6:42:12<5:28:48,  5.10s/it]
 53%|█████▎    | 4321/8189 [6:42:17<5:24:50,  5.04s/it]
 53%|█████▎    | 4322/8189 [6:42:22<5:33:52,  5.18s/it]
 53%|█████▎    | 4323/8189 [6:42:28<5:44:55,  5.35s/it]
 53%|█████▎    | 4324/8189 [6:42:33<5:32:29,  5.16s/it]
 53%|█████▎    | 4325/8189 [6:42:38<5:32:54,  5.17s/it]
 53%|█████▎    | 4326/8189 [6:42:43<5:33:00,  5.17s/it]
 53%|█████▎    | 4327/8189 [6:42:49<5:45:13,  5.36s/it]
 53%|█████▎    | 4328/8189 [6:42:55<5:51:09,  5.46s/it]
 53%|█████▎    | 4329/8189 [6:43:00<5:57:03,  5.55s/it]
 53%|█████▎    | 4330/8189 [6:43:07<6:13:05,  5.80s/it]
 53%|█████▎    | 4331/8189 [6:43:11<5:49:50,  5.44s/it]
 53%|█████▎    | 4332/8189 [6:43:18<6:02:33,  5.64s/it]
 53%|█████▎    | 4333/8189 [6:43:24<6:10:07,  5.76s/it]
 53%|█████▎    | 4334/8189 [6:43:29<6:11:13,  5.78s/it]
 53%|█████▎    | 4335/8189 [6:43:35<6:16:21,  5.86s/it]
 53%|█████▎    | 4336/8189 [6:43:41<6:14:34,  5.83s/it]
 53%|█████▎    | 4337/8189 [6:43:47<6:17:45,  5.88s/it]
 53%|█████▎    | 4338/8189 [6:43:52<5:55:04,  5.53s/it]
 53%|█████▎    | 4339/8189 [6:43:58<6:07:28,  5.73s/it]
 53%|█████▎    | 4340/8189 [6:44:03<5:56:06,  5.55s/it]
 53%|█████▎    | 4341/8189 [6:44:08<5:48:28,  5.43s/it]
 53%|█████▎    | 4342/8189 [6:44:14<6:00:29,  5.62s/it]
 53%|█████▎    | 4343/8189 [6:44:20<6:02:25,  5.65s/it]
 53%|█████▎    | 4344/8189 [6:44:25<5:43:49,  5.37s/it]
 53%|█████▎    | 4345/8189 [6:44:30<5:33:59,  5.21s/it]
 53%|█████▎    | 4346/8189 [6:44:35<5:33:56,  5.21s/it]
 53%|█████▎    | 4347/8189 [6:44:41<5:51:37,  5.49s/it]
 53%|█████▎    | 4348/8189 [6:44:47<5:58:34,  5.60s/it]
 53%|█████▎    | 4349/8189 [6:44:52<5:44:28,  5.38s/it]
 53%|█████▎    | 4350/8189 [6:44:57<5:45:28,  5.40s/it]
 53%|█████▎    | 4351/8189 [6:45:03<5:43:36,  5.37s/it]
 53%|█████▎    | 4352/8189 [6:45:08<5:47:50,  5.44s/it]
 53%|█████▎    | 4353/8189 [6:45:14<5:53:14,  5.53s/it]
 53%|█████▎    | 4354/8189 [6:45:20<6:00:46,  5.64s/it]
 53%|█████▎    | 4355/8189 [6:45:25<5:52:24,  5.51s/it]
 53%|█████▎    | 4356/8189 [6:45:30<5:38:18,  5.30s/it]
 53%|█████▎    | 4357/8189 [6:45:35<5:30:00,  5.17s/it]
 53%|█████▎    | 4358/8189 [6:45:40<5:33:32,  5.22s/it]
 53%|█████▎    | 4359/8189 [6:45:46<5:52:45,  5.53s/it]
 53%|█████▎    | 4360/8189 [6:45:53<6:05:54,  5.73s/it]
 53%|█████▎    | 4361/8189 [6:45:58<6:00:16,  5.65s/it]
 53%|█████▎    | 4362/8189 [6:46:03<5:55:22,  5.57s/it]
 53%|█████▎    | 4363/8189 [6:46:10<6:09:39,  5.80s/it]
 53%|█████▎    | 4364/8189 [6:46:15<5:57:21,  5.61s/it]
 53%|█████▎    | 4365/8189 [6:46:21<6:12:07,  5.84s/it]
 53%|█████▎    | 4366/8189 [6:46:28<6:21:24,  5.99s/it]
 53%|█████▎    | 4367/8189 [6:46:33<6:15:30,  5.89s/it]
 53%|█████▎    | 4368/8189 [6:46:39<6:11:35,  5.84s/it]
 53%|█████▎    | 4369/8189 [6:46:45<6:07:37,  5.77s/it]
 53%|█████▎    | 4370/8189 [6:46:50<6:08:17,  5.79s/it]
 53%|█████▎    | 4371/8189 [6:46:57<6:18:02,  5.94s/it]
 53%|█████▎    | 4372/8189 [6:47:02<6:08:53,  5.80s/it]
 53%|█████▎    | 4373/8189 [6:47:08<6:12:34,  5.86s/it]
 53%|█████▎    | 4374/8189 [6:47:13<5:55:05,  5.58s/it]
 53%|█████▎    | 4375/8189 [6:47:19<5:59:11,  5.65s/it]
 53%|█████▎    | 4376/8189 [6:47:24<5:56:55,  5.62s/it]
 53%|█████▎    | 4377/8189 [6:47:31<6:10:15,  5.83s/it]
 53%|█████▎    | 4378/8189 [6:47:37<6:22:24,  6.02s/it]
 53%|█████▎    | 4379/8189 [6:47:43<6:16:22,  5.93s/it]
 53%|█████▎    | 4380/8189 [6:47:49<6:10:57,  5.84s/it]
 53%|█████▎    | 4381/8189 [6:47:54<6:02:17,  5.71s/it]
 54%|█████▎    | 4382/8189 [6:48:00<6:12:44,  5.87s/it]
 54%|█████▎    | 4383/8189 [6:48:06<6:13:02,  5.88s/it]
 54%|█████▎    | 4384/8189 [6:48:12<6:10:40,  5.85s/it]
 54%|█████▎    | 4385/8189 [6:48:18<6:07:58,  5.80s/it]
 54%|█████▎    | 4386/8189 [6:48:23<5:59:12,  5.67s/it]
 54%|█████▎    | 4387/8189 [6:48:27<5:23:04,  5.10s/it]
 54%|█████▎    | 4388/8189 [6:48:32<5:23:03,  5.10s/it]
 54%|█████▎    | 4389/8189 [6:48:38<5:35:31,  5.30s/it]
 54%|█████▎    | 4390/8189 [6:48:44<5:56:26,  5.63s/it]
 54%|█████▎    | 4391/8189 [6:48:48<5:34:38,  5.29s/it]
 54%|█████▎    | 4392/8189 [6:48:53<5:26:53,  5.17s/it]
 54%|█████▎    | 4393/8189 [6:48:58<5:15:29,  4.99s/it]
 54%|█████▎    | 4394/8189 [6:49:03<5:14:06,  4.97s/it]
 54%|█████▎    | 4395/8189 [6:49:08<5:20:38,  5.07s/it]
 54%|█████▎    | 4396/8189 [6:49:13<5:24:45,  5.14s/it]
 54%|█████▎    | 4397/8189 [6:49:20<5:44:00,  5.44s/it]
 54%|█████▎    | 4398/8189 [6:49:25<5:39:38,  5.38s/it]
 54%|█████▎    | 4399/8189 [6:49:30<5:39:50,  5.38s/it]
 54%|█████▎    | 4400/8189 [6:49:35<5:30:12,  5.23s/it]
 54%|█████▎    | 4401/8189 [6:49:41<5:38:56,  5.37s/it]
 54%|█████▍    | 4402/8189 [6:49:46<5:41:43,  5.41s/it]
 54%|█████▍    | 4403/8189 [6:49:52<5:40:45,  5.40s/it]
 54%|█████▍    | 4404/8189 [6:49:58<5:59:32,  5.70s/it]
 54%|█████▍    | 4405/8189 [6:50:04<6:03:21,  5.76s/it]
 54%|█████▍    | 4406/8189 [6:50:10<5:59:01,  5.69s/it]
 54%|█████▍    | 4407/8189 [6:50:15<5:50:31,  5.56s/it]
 54%|█████▍    | 4408/8189 [6:50:20<5:44:10,  5.46s/it]
 54%|█████▍    | 4409/8189 [6:50:26<5:58:00,  5.68s/it]
 54%|█████▍    | 4410/8189 [6:50:32<6:09:05,  5.86s/it]
 54%|█████▍    | 4411/8189 [6:50:39<6:15:21,  5.96s/it]
 54%|█████▍    | 4412/8189 [6:50:44<6:09:35,  5.87s/it]
 54%|█████▍    | 4413/8189 [6:50:50<5:56:37,  5.67s/it]
 54%|█████▍    | 4414/8189 [6:50:55<5:47:59,  5.53s/it]
 54%|█████▍    | 4415/8189 [6:51:00<5:40:45,  5.42s/it]
 54%|█████▍    | 4416/8189 [6:51:05<5:41:33,  5.43s/it]
 54%|█████▍    | 4417/8189 [6:51:11<5:36:53,  5.36s/it]
 54%|█████▍    | 4418/8189 [6:51:17<5:49:29,  5.56s/it]
 54%|█████▍    | 4419/8189 [6:51:22<5:55:52,  5.66s/it]
 54%|█████▍    | 4420/8189 [6:51:28<5:51:09,  5.59s/it]
 54%|█████▍    | 4421/8189 [6:51:34<5:56:14,  5.67s/it]
 54%|█████▍    | 4422/8189 [6:51:39<5:57:42,  5.70s/it]
 54%|█████▍    | 4423/8189 [6:51:45<5:47:07,  5.53s/it]
 54%|█████▍    | 4424/8189 [6:51:51<5:59:29,  5.73s/it]
 54%|█████▍    | 4425/8189 [6:51:57<6:05:36,  5.83s/it]
 54%|█████▍    | 4426/8189 [6:52:03<6:07:47,  5.86s/it]
 54%|█████▍    | 4427/8189 [6:52:09<6:09:13,  5.89s/it]
 54%|█████▍    | 4428/8189 [6:52:14<5:59:12,  5.73s/it]
 54%|█████▍    | 4429/8189 [6:52:20<6:02:39,  5.79s/it]
 54%|█████▍    | 4430/8189 [6:52:26<5:58:45,  5.73s/it]
 54%|█████▍    | 4431/8189 [6:52:32<6:01:34,  5.77s/it]
 54%|█████▍    | 4432/8189 [6:52:37<5:51:06,  5.61s/it]
 54%|█████▍    | 4433/8189 [6:52:42<5:50:25,  5.60s/it]
 54%|█████▍    | 4434/8189 [6:52:48<5:44:22,  5.50s/it]
 54%|█████▍    | 4435/8189 [6:52:53<5:46:25,  5.54s/it]
 54%|█████▍    | 4436/8189 [6:52:58<5:41:17,  5.46s/it]
 54%|█████▍    | 4437/8189 [6:53:04<5:43:34,  5.49s/it]
 54%|█████▍    | 4438/8189 [6:53:09<5:27:13,  5.23s/it]
 54%|█████▍    | 4439/8189 [6:53:14<5:24:21,  5.19s/it]
 54%|█████▍    | 4440/8189 [6:53:20<5:35:25,  5.37s/it]
 54%|█████▍    | 4441/8189 [6:53:26<5:49:10,  5.59s/it]
 54%|█████▍    | 4442/8189 [6:53:32<6:01:16,  5.79s/it]
 54%|█████▍    | 4443/8189 [6:53:38<6:07:08,  5.88s/it]
 54%|█████▍    | 4444/8189 [6:53:44<6:11:45,  5.96s/it]
 54%|█████▍    | 4445/8189 [6:53:49<5:57:00,  5.72s/it]
 54%|█████▍    | 4446/8189 [6:53:55<5:48:12,  5.58s/it]
 54%|█████▍    | 4447/8189 [6:54:00<5:53:25,  5.67s/it]
 54%|█████▍    | 4448/8189 [6:54:06<5:47:30,  5.57s/it]
 54%|█████▍    | 4449/8189 [6:54:13<6:10:37,  5.95s/it]
 54%|█████▍    | 4450/8189 [6:54:19<6:12:23,  5.98s/it]
 54%|█████▍    | 4451/8189 [6:54:25<6:12:46,  5.98s/it]
 54%|█████▍    | 4452/8189 [6:54:31<6:14:01,  6.01s/it]
 54%|█████▍    | 4453/8189 [6:54:37<6:21:17,  6.12s/it]
 54%|█████▍    | 4454/8189 [6:54:43<6:15:27,  6.03s/it]
 54%|█████▍    | 4455/8189 [6:54:49<6:11:18,  5.97s/it]
 54%|█████▍    | 4456/8189 [6:54:55<6:09:39,  5.94s/it]
 54%|█████▍    | 4457/8189 [6:54:59<5:48:31,  5.60s/it]
 54%|█████▍    | 4458/8189 [6:55:05<5:53:18,  5.68s/it]
 54%|█████▍    | 4459/8189 [6:55:11<6:00:44,  5.80s/it]
 54%|█████▍    | 4460/8189 [6:55:18<6:06:50,  5.90s/it]
 54%|█████▍    | 4461/8189 [6:55:23<6:05:12,  5.88s/it]
 54%|█████▍    | 4462/8189 [6:55:29<5:58:53,  5.78s/it]
 54%|█████▍    | 4463/8189 [6:55:35<6:04:06,  5.86s/it]
 55%|█████▍    | 4464/8189 [6:55:41<6:06:11,  5.90s/it]
 55%|█████▍    | 4465/8189 [6:55:46<5:59:20,  5.79s/it]
 55%|█████▍    | 4466/8189 [6:55:52<5:46:23,  5.58s/it]
 55%|█████▍    | 4467/8189 [6:55:57<5:37:19,  5.44s/it]
 55%|█████▍    | 4468/8189 [6:56:02<5:38:01,  5.45s/it]
 55%|█████▍    | 4469/8189 [6:56:08<5:46:10,  5.58s/it]
 55%|█████▍    | 4470/8189 [6:56:13<5:29:55,  5.32s/it]
 55%|█████▍    | 4471/8189 [6:56:19<5:44:22,  5.56s/it]
 55%|█████▍    | 4472/8189 [6:56:25<5:56:24,  5.75s/it]
 55%|█████▍    | 4473/8189 [6:56:32<6:11:04,  5.99s/it]
 55%|█████▍    | 4474/8189 [6:56:38<6:11:03,  5.99s/it]
 55%|█████▍    | 4475/8189 [6:56:44<6:23:47,  6.20s/it]
 55%|█████▍    | 4476/8189 [6:56:49<5:57:17,  5.77s/it]
 55%|█████▍    | 4477/8189 [6:56:55<5:55:46,  5.75s/it]
 55%|█████▍    | 4478/8189 [6:57:01<6:07:26,  5.94s/it]
 55%|█████▍    | 4479/8189 [6:57:07<6:05:15,  5.91s/it]
 55%|█████▍    | 4480/8189 [6:57:13<6:11:24,  6.01s/it]
 55%|█████▍    | 4481/8189 [6:57:19<6:09:38,  5.98s/it]
 55%|█████▍    | 4482/8189 [6:57:24<5:46:15,  5.60s/it]
 55%|█████▍    | 4483/8189 [6:57:29<5:44:32,  5.58s/it]
 55%|█████▍    | 4484/8189 [6:57:35<5:50:16,  5.67s/it]
 55%|█████▍    | 4485/8189 [6:57:41<5:48:43,  5.65s/it]
 55%|█████▍    | 4486/8189 [6:57:47<5:56:04,  5.77s/it]
 55%|█████▍    | 4487/8189 [6:57:52<5:36:52,  5.46s/it]
 55%|█████▍    | 4488/8189 [6:57:57<5:33:05,  5.40s/it]
 55%|█████▍    | 4489/8189 [6:58:03<5:35:59,  5.45s/it]
 55%|█████▍    | 4490/8189 [6:58:09<5:50:04,  5.68s/it]
 55%|█████▍    | 4491/8189 [6:58:15<5:53:12,  5.73s/it]
 55%|█████▍    | 4492/8189 [6:58:21<5:59:14,  5.83s/it]
 55%|█████▍    | 4493/8189 [6:58:26<5:54:28,  5.75s/it]
 55%|█████▍    | 4494/8189 [6:58:32<5:48:19,  5.66s/it]
 55%|█████▍    | 4495/8189 [6:58:37<5:35:59,  5.46s/it]
 55%|█████▍    | 4496/8189 [6:58:43<5:45:26,  5.61s/it]
 55%|█████▍    | 4497/8189 [6:58:50<6:09:57,  6.01s/it]
 55%|█████▍    | 4498/8189 [6:58:57<6:27:25,  6.30s/it]
 55%|█████▍    | 4499/8189 [6:59:02<6:18:54,  6.16s/it]
 55%|█████▍    | 4500/8189 [6:59:09<6:19:09,  6.17s/it]
 55%|█████▍    | 4501/8189 [6:59:14<6:05:32,  5.95s/it]
 55%|█████▍    | 4502/8189 [6:59:20<6:11:31,  6.05s/it]
 55%|█████▍    | 4503/8189 [6:59:26<6:06:33,  5.97s/it]
 55%|█████▌    | 4504/8189 [6:59:32<6:05:07,  5.95s/it]
 55%|█████▌    | 4505/8189 [6:59:38<6:07:36,  5.99s/it]
 55%|█████▌    | 4506/8189 [6:59:43<5:46:50,  5.65s/it]
 55%|█████▌    | 4507/8189 [6:59:48<5:37:52,  5.51s/it]
 55%|█████▌    | 4508/8189 [6:59:54<5:38:15,  5.51s/it]
 55%|█████▌    | 4509/8189 [7:00:00<5:46:56,  5.66s/it]
 55%|█████▌    | 4510/8189 [7:00:05<5:47:52,  5.67s/it]
 55%|█████▌    | 4511/8189 [7:00:10<5:36:12,  5.48s/it]
 55%|█████▌    | 4512/8189 [7:00:17<5:50:18,  5.72s/it]
 55%|█████▌    | 4513/8189 [7:00:22<5:46:06,  5.65s/it]
 55%|█████▌    | 4514/8189 [7:00:27<5:38:19,  5.52s/it]
 55%|█████▌    | 4515/8189 [7:00:31<5:11:45,  5.09s/it]
 55%|█████▌    | 4516/8189 [7:00:37<5:19:33,  5.22s/it]
 55%|█████▌    | 4517/8189 [7:00:42<5:23:25,  5.28s/it]
 55%|█████▌    | 4518/8189 [7:00:49<5:40:28,  5.56s/it]
 55%|█████▌    | 4519/8189 [7:00:54<5:46:00,  5.66s/it]
 55%|█████▌    | 4520/8189 [7:01:00<5:51:45,  5.75s/it]
 55%|█████▌    | 4521/8189 [7:01:06<5:41:36,  5.59s/it]
 55%|█████▌    | 4522/8189 [7:01:11<5:36:43,  5.51s/it]
 55%|█████▌    | 4523/8189 [7:01:17<5:40:23,  5.57s/it]
 55%|█████▌    | 4524/8189 [7:01:22<5:37:24,  5.52s/it]
 55%|█████▌    | 4525/8189 [7:01:28<5:50:51,  5.75s/it]
 55%|█████▌    | 4526/8189 [7:01:34<5:40:22,  5.58s/it]
 55%|█████▌    | 4527/8189 [7:01:39<5:40:39,  5.58s/it]
 55%|█████▌    | 4528/8189 [7:01:45<5:40:12,  5.58s/it]
 55%|█████▌    | 4529/8189 [7:01:50<5:43:42,  5.63s/it]
 55%|█████▌    | 4530/8189 [7:01:57<5:57:40,  5.86s/it]
 55%|█████▌    | 4531/8189 [7:02:02<5:49:32,  5.73s/it]
 55%|█████▌    | 4532/8189 [7:02:08<5:57:32,  5.87s/it]
 55%|█████▌    | 4533/8189 [7:02:14<5:54:54,  5.82s/it]
 55%|█████▌    | 4534/8189 [7:02:20<5:46:54,  5.69s/it]
 55%|█████▌    | 4535/8189 [7:02:24<5:30:46,  5.43s/it]
 55%|█████▌    | 4536/8189 [7:02:29<5:19:17,  5.24s/it]
 55%|█████▌    | 4537/8189 [7:02:34<5:20:26,  5.26s/it]
 55%|█████▌    | 4538/8189 [7:02:40<5:27:56,  5.39s/it]
 55%|█████▌    | 4539/8189 [7:02:45<5:23:45,  5.32s/it]
 55%|█████▌    | 4540/8189 [7:02:51<5:31:32,  5.45s/it]
 55%|█████▌    | 4541/8189 [7:02:57<5:32:13,  5.46s/it]
 55%|█████▌    | 4542/8189 [7:03:03<5:41:15,  5.61s/it]
 55%|█████▌    | 4543/8189 [7:03:07<5:21:21,  5.29s/it]
 55%|█████▌    | 4544/8189 [7:03:12<5:12:47,  5.15s/it]
 56%|█████▌    | 4545/8189 [7:03:17<5:10:34,  5.11s/it]
 56%|█████▌    | 4546/8189 [7:03:23<5:33:03,  5.49s/it]
 56%|█████▌    | 4547/8189 [7:03:29<5:29:34,  5.43s/it]
 56%|█████▌    | 4548/8189 [7:03:34<5:24:32,  5.35s/it]
 56%|█████▌    | 4549/8189 [7:03:40<5:35:59,  5.54s/it]
 56%|█████▌    | 4550/8189 [7:03:45<5:31:01,  5.46s/it]
 56%|█████▌    | 4551/8189 [7:03:51<5:40:01,  5.61s/it]
 56%|█████▌    | 4552/8189 [7:03:56<5:32:24,  5.48s/it]
 56%|█████▌    | 4553/8189 [7:04:01<5:14:59,  5.20s/it]
 56%|█████▌    | 4554/8189 [7:04:06<5:18:02,  5.25s/it]
 56%|█████▌    | 4555/8189 [7:04:13<5:40:22,  5.62s/it]
 56%|█████▌    | 4556/8189 [7:04:19<5:47:12,  5.73s/it]
 56%|█████▌    | 4557/8189 [7:04:25<6:03:24,  6.00s/it]
 56%|█████▌    | 4558/8189 [7:04:31<5:58:28,  5.92s/it]
 56%|█████▌    | 4559/8189 [7:04:36<5:46:46,  5.73s/it]
 56%|█████▌    | 4560/8189 [7:04:41<5:31:55,  5.49s/it]
 56%|█████▌    | 4561/8189 [7:04:47<5:30:58,  5.47s/it]
 56%|█████▌    | 4562/8189 [7:04:52<5:37:36,  5.58s/it]
 56%|█████▌    | 4563/8189 [7:04:58<5:36:05,  5.56s/it]
 56%|█████▌    | 4564/8189 [7:05:04<5:48:22,  5.77s/it]
 56%|█████▌    | 4565/8189 [7:05:09<5:31:46,  5.49s/it]
 56%|█████▌    | 4566/8189 [7:05:15<5:35:54,  5.56s/it]
 56%|█████▌    | 4567/8189 [7:05:21<5:45:25,  5.72s/it]
 56%|█████▌    | 4568/8189 [7:05:27<5:48:57,  5.78s/it]
 56%|█████▌    | 4569/8189 [7:05:32<5:46:02,  5.74s/it]
 56%|█████▌    | 4570/8189 [7:05:38<5:41:55,  5.67s/it]
 56%|█████▌    | 4571/8189 [7:05:43<5:30:46,  5.49s/it]
 56%|█████▌    | 4572/8189 [7:05:48<5:29:55,  5.47s/it]
 56%|█████▌    | 4573/8189 [7:05:53<5:22:17,  5.35s/it]
 56%|█████▌    | 4574/8189 [7:05:59<5:23:26,  5.37s/it]
 56%|█████▌    | 4575/8189 [7:06:04<5:12:34,  5.19s/it]
 56%|█████▌    | 4576/8189 [7:06:09<5:10:46,  5.16s/it]
 56%|█████▌    | 4577/8189 [7:06:15<5:27:09,  5.43s/it]
 56%|█████▌    | 4578/8189 [7:06:21<5:42:37,  5.69s/it]
 56%|█████▌    | 4579/8189 [7:06:27<5:42:52,  5.70s/it]
 56%|█████▌    | 4580/8189 [7:06:31<5:23:34,  5.38s/it]
 56%|█████▌    | 4581/8189 [7:06:37<5:32:24,  5.53s/it]
 56%|█████▌    | 4582/8189 [7:06:42<5:19:14,  5.31s/it]
 56%|█████▌    | 4583/8189 [7:06:47<5:09:39,  5.15s/it]
 56%|█████▌    | 4584/8189 [7:06:52<5:14:43,  5.24s/it]
 56%|█████▌    | 4585/8189 [7:06:58<5:17:20,  5.28s/it]
 56%|█████▌    | 4586/8189 [7:07:03<5:24:42,  5.41s/it]
 56%|█████▌    | 4587/8189 [7:07:09<5:28:42,  5.48s/it]
 56%|█████▌    | 4588/8189 [7:07:15<5:32:45,  5.54s/it]
 56%|█████▌    | 4589/8189 [7:07:20<5:27:29,  5.46s/it]
 56%|█████▌    | 4590/8189 [7:07:26<5:29:54,  5.50s/it]
 56%|█████▌    | 4591/8189 [7:07:31<5:33:49,  5.57s/it]
 56%|█████▌    | 4592/8189 [7:07:36<5:24:50,  5.42s/it]
 56%|█████▌    | 4593/8189 [7:07:42<5:34:16,  5.58s/it]
 56%|█████▌    | 4594/8189 [7:07:48<5:30:58,  5.52s/it]
 56%|█████▌    | 4595/8189 [7:07:53<5:26:37,  5.45s/it]
 56%|█████▌    | 4596/8189 [7:07:59<5:30:05,  5.51s/it]
 56%|█████▌    | 4597/8189 [7:08:04<5:28:07,  5.48s/it]
 56%|█████▌    | 4598/8189 [7:08:09<5:22:04,  5.38s/it]
 56%|█████▌    | 4599/8189 [7:08:14<5:15:39,  5.28s/it]
 56%|█████▌    | 4600/8189 [7:08:21<5:37:41,  5.65s/it]
 56%|█████▌    | 4601/8189 [7:08:27<5:44:11,  5.76s/it]
 56%|█████▌    | 4602/8189 [7:08:32<5:42:34,  5.73s/it]
 56%|█████▌    | 4603/8189 [7:08:38<5:38:19,  5.66s/it]
 56%|█████▌    | 4604/8189 [7:08:44<5:47:23,  5.81s/it]
 56%|█████▌    | 4605/8189 [7:08:50<5:45:44,  5.79s/it]
 56%|█████▌    | 4606/8189 [7:08:55<5:40:24,  5.70s/it]
 56%|█████▋    | 4607/8189 [7:09:00<5:27:17,  5.48s/it]
 56%|█████▋    | 4608/8189 [7:09:06<5:36:25,  5.64s/it]
 56%|█████▋    | 4609/8189 [7:09:13<5:52:59,  5.92s/it]
 56%|█████▋    | 4610/8189 [7:09:18<5:38:00,  5.67s/it]
 56%|█████▋    | 4611/8189 [7:09:23<5:33:43,  5.60s/it]
 56%|█████▋    | 4612/8189 [7:09:27<5:00:09,  5.03s/it]
 56%|█████▋    | 4613/8189 [7:09:32<4:59:34,  5.03s/it]
 56%|█████▋    | 4614/8189 [7:09:38<5:11:28,  5.23s/it]
 56%|█████▋    | 4615/8189 [7:09:44<5:29:25,  5.53s/it]
 56%|█████▋    | 4616/8189 [7:09:50<5:29:25,  5.53s/it]
 56%|█████▋    | 4617/8189 [7:09:54<5:16:57,  5.32s/it]
 56%|█████▋    | 4618/8189 [7:09:59<5:08:09,  5.18s/it]
 56%|█████▋    | 4619/8189 [7:10:05<5:11:14,  5.23s/it]
 56%|█████▋    | 4620/8189 [7:10:10<5:21:10,  5.40s/it]
 56%|█████▋    | 4621/8189 [7:10:16<5:29:04,  5.53s/it]
 56%|█████▋    | 4622/8189 [7:10:22<5:36:25,  5.66s/it]
 56%|█████▋    | 4623/8189 [7:10:28<5:46:32,  5.83s/it]
 56%|█████▋    | 4624/8189 [7:10:34<5:36:35,  5.66s/it]
 56%|█████▋    | 4625/8189 [7:10:39<5:27:31,  5.51s/it]
 56%|█████▋    | 4626/8189 [7:10:44<5:18:49,  5.37s/it]
 57%|█████▋    | 4627/8189 [7:10:49<5:06:57,  5.17s/it]
 57%|█████▋    | 4628/8189 [7:10:54<5:18:25,  5.37s/it]
 57%|█████▋    | 4629/8189 [7:11:00<5:26:37,  5.50s/it]
 57%|█████▋    | 4630/8189 [7:11:06<5:29:31,  5.56s/it]
 57%|█████▋    | 4631/8189 [7:11:12<5:31:50,  5.60s/it]
 57%|█████▋    | 4632/8189 [7:11:17<5:33:41,  5.63s/it]
 57%|█████▋    | 4633/8189 [7:11:24<5:44:34,  5.81s/it]
 57%|█████▋    | 4634/8189 [7:11:29<5:44:25,  5.81s/it]
 57%|█████▋    | 4635/8189 [7:11:34<5:30:27,  5.58s/it]
 57%|█████▋    | 4636/8189 [7:11:40<5:30:18,  5.58s/it]
 57%|█████▋    | 4637/8189 [7:11:45<5:24:18,  5.48s/it]
 57%|█████▋    | 4638/8189 [7:11:51<5:27:45,  5.54s/it]
 57%|█████▋    | 4639/8189 [7:11:56<5:15:02,  5.32s/it]
 57%|█████▋    | 4640/8189 [7:12:02<5:26:19,  5.52s/it]
 57%|█████▋    | 4641/8189 [7:12:08<5:34:53,  5.66s/it]
 57%|█████▋    | 4642/8189 [7:12:13<5:28:39,  5.56s/it]
 57%|█████▋    | 4643/8189 [7:12:19<5:28:37,  5.56s/it]
 57%|█████▋    | 4644/8189 [7:12:24<5:16:20,  5.35s/it]
 57%|█████▋    | 4645/8189 [7:12:28<5:09:09,  5.23s/it]
 57%|█████▋    | 4646/8189 [7:12:34<5:19:34,  5.41s/it]
 57%|█████▋    | 4647/8189 [7:12:40<5:18:16,  5.39s/it]
 57%|█████▋    | 4648/8189 [7:12:45<5:19:23,  5.41s/it]
 57%|█████▋    | 4649/8189 [7:12:50<5:10:02,  5.26s/it]
 57%|█████▋    | 4650/8189 [7:12:55<5:10:32,  5.27s/it]
 57%|█████▋    | 4651/8189 [7:13:00<5:05:16,  5.18s/it]
 57%|█████▋    | 4652/8189 [7:13:05<5:01:52,  5.12s/it]
 57%|█████▋    | 4653/8189 [7:13:11<5:08:26,  5.23s/it]
 57%|█████▋    | 4654/8189 [7:13:16<5:07:02,  5.21s/it]
 57%|█████▋    | 4655/8189 [7:13:22<5:15:26,  5.36s/it]
 57%|█████▋    | 4656/8189 [7:13:28<5:26:36,  5.55s/it]
 57%|█████▋    | 4657/8189 [7:13:34<5:36:02,  5.71s/it]
 57%|█████▋    | 4658/8189 [7:13:40<5:42:56,  5.83s/it]
 57%|█████▋    | 4659/8189 [7:13:45<5:26:54,  5.56s/it]
 57%|█████▋    | 4660/8189 [7:13:51<5:31:37,  5.64s/it]
 57%|█████▋    | 4661/8189 [7:13:57<5:44:15,  5.85s/it]
 57%|█████▋    | 4662/8189 [7:14:03<5:48:32,  5.93s/it]
 57%|█████▋    | 4663/8189 [7:14:09<5:41:59,  5.82s/it]
 57%|█████▋    | 4664/8189 [7:14:14<5:38:12,  5.76s/it]
 57%|█████▋    | 4665/8189 [7:14:20<5:35:52,  5.72s/it]
 57%|█████▋    | 4666/8189 [7:14:25<5:22:03,  5.48s/it]
 57%|█████▋    | 4667/8189 [7:14:30<5:20:35,  5.46s/it]
 57%|█████▋    | 4668/8189 [7:14:37<5:36:46,  5.74s/it]
 57%|█████▋    | 4669/8189 [7:14:42<5:30:08,  5.63s/it]
 57%|█████▋    | 4670/8189 [7:14:47<5:27:36,  5.59s/it]
 57%|█████▋    | 4671/8189 [7:14:53<5:19:31,  5.45s/it]
 57%|█████▋    | 4672/8189 [7:14:58<5:22:23,  5.50s/it]
 57%|█████▋    | 4673/8189 [7:15:03<5:13:14,  5.35s/it]
 57%|█████▋    | 4674/8189 [7:15:09<5:26:54,  5.58s/it]
 57%|█████▋    | 4675/8189 [7:15:14<5:12:54,  5.34s/it]
 57%|█████▋    | 4676/8189 [7:15:20<5:21:32,  5.49s/it]
 57%|█████▋    | 4677/8189 [7:15:25<5:17:40,  5.43s/it]
 57%|█████▋    | 4678/8189 [7:15:31<5:21:52,  5.50s/it]
 57%|█████▋    | 4679/8189 [7:15:34<4:43:04,  4.84s/it]
 57%|█████▋    | 4680/8189 [7:15:39<4:47:15,  4.91s/it]
 57%|█████▋    | 4681/8189 [7:15:45<5:06:05,  5.24s/it]
 57%|█████▋    | 4682/8189 [7:15:50<5:04:49,  5.22s/it]
 57%|█████▋    | 4683/8189 [7:15:56<5:19:05,  5.46s/it]
 57%|█████▋    | 4684/8189 [7:16:03<5:36:37,  5.76s/it]
 57%|█████▋    | 4685/8189 [7:16:09<5:37:16,  5.78s/it]
 57%|█████▋    | 4686/8189 [7:16:14<5:33:38,  5.71s/it]
 57%|█████▋    | 4687/8189 [7:16:18<5:06:26,  5.25s/it]
 57%|█████▋    | 4688/8189 [7:16:25<5:23:08,  5.54s/it]
 57%|█████▋    | 4689/8189 [7:16:29<5:08:28,  5.29s/it]
 57%|█████▋    | 4690/8189 [7:16:35<5:23:42,  5.55s/it]
 57%|█████▋    | 4691/8189 [7:16:41<5:21:52,  5.52s/it]
 57%|█████▋    | 4692/8189 [7:16:46<5:17:22,  5.45s/it]
 57%|█████▋    | 4693/8189 [7:16:52<5:18:02,  5.46s/it]
 57%|█████▋    | 4694/8189 [7:16:57<5:18:34,  5.47s/it]
 57%|█████▋    | 4695/8189 [7:17:02<5:14:33,  5.40s/it]
 57%|█████▋    | 4696/8189 [7:17:09<5:30:19,  5.67s/it]
 57%|█████▋    | 4697/8189 [7:17:14<5:17:46,  5.46s/it]
 57%|█████▋    | 4698/8189 [7:17:19<5:12:21,  5.37s/it]
 57%|█████▋    | 4699/8189 [7:17:25<5:20:01,  5.50s/it]
 57%|█████▋    | 4700/8189 [7:17:31<5:32:10,  5.71s/it]
 57%|█████▋    | 4701/8189 [7:17:37<5:39:44,  5.84s/it]
 57%|█████▋    | 4702/8189 [7:17:43<5:34:01,  5.75s/it]
 57%|█████▋    | 4703/8189 [7:17:48<5:35:45,  5.78s/it]
 57%|█████▋    | 4704/8189 [7:17:54<5:35:47,  5.78s/it]
 57%|█████▋    | 4705/8189 [7:18:00<5:35:10,  5.77s/it]
 57%|█████▋    | 4706/8189 [7:18:04<5:08:19,  5.31s/it]
 57%|█████▋    | 4707/8189 [7:18:09<5:00:58,  5.19s/it]
 57%|█████▋    | 4708/8189 [7:18:15<5:13:37,  5.41s/it]
 58%|█████▊    | 4709/8189 [7:18:21<5:24:28,  5.59s/it]
 58%|█████▊    | 4710/8189 [7:18:26<5:20:28,  5.53s/it]
 58%|█████▊    | 4711/8189 [7:18:32<5:19:00,  5.50s/it]
 58%|█████▊    | 4712/8189 [7:18:37<5:11:42,  5.38s/it]
 58%|█████▊    | 4713/8189 [7:18:42<5:14:11,  5.42s/it]
 58%|█████▊    | 4714/8189 [7:18:47<5:02:48,  5.23s/it]
 58%|█████▊    | 4715/8189 [7:18:53<5:18:23,  5.50s/it]
 58%|█████▊    | 4716/8189 [7:18:58<5:05:40,  5.28s/it]
 58%|█████▊    | 4717/8189 [7:19:04<5:20:56,  5.55s/it]
 58%|█████▊    | 4718/8189 [7:19:09<5:00:16,  5.19s/it]
 58%|█████▊    | 4719/8189 [7:19:15<5:18:04,  5.50s/it]
 58%|█████▊    | 4720/8189 [7:19:21<5:21:48,  5.57s/it]
 58%|█████▊    | 4721/8189 [7:19:27<5:27:56,  5.67s/it]
 58%|█████▊    | 4722/8189 [7:19:33<5:38:41,  5.86s/it]
 58%|█████▊    | 4723/8189 [7:19:38<5:26:43,  5.66s/it]
 58%|█████▊    | 4724/8189 [7:19:44<5:33:37,  5.78s/it]
 58%|█████▊    | 4725/8189 [7:19:50<5:33:19,  5.77s/it]
 58%|█████▊    | 4726/8189 [7:19:55<5:30:12,  5.72s/it]
 58%|█████▊    | 4727/8189 [7:20:00<5:10:16,  5.38s/it]
 58%|█████▊    | 4728/8189 [7:20:05<5:04:35,  5.28s/it]
 58%|█████▊    | 4729/8189 [7:20:10<5:06:07,  5.31s/it]
 58%|█████▊    | 4730/8189 [7:20:16<5:16:55,  5.50s/it]
 58%|█████▊    | 4731/8189 [7:20:22<5:10:55,  5.39s/it]
 58%|█████▊    | 4732/8189 [7:20:27<5:08:21,  5.35s/it]
 58%|█████▊    | 4733/8189 [7:20:33<5:17:03,  5.50s/it]
 58%|█████▊    | 4734/8189 [7:20:39<5:28:52,  5.71s/it]
 58%|█████▊    | 4735/8189 [7:20:45<5:33:17,  5.79s/it]
 58%|█████▊    | 4736/8189 [7:20:51<5:44:44,  5.99s/it]
 58%|█████▊    | 4737/8189 [7:20:58<6:00:27,  6.27s/it]
 58%|█████▊    | 4738/8189 [7:21:04<6:01:39,  6.29s/it]
 58%|█████▊    | 4739/8189 [7:21:10<5:53:15,  6.14s/it]
 58%|█████▊    | 4740/8189 [7:21:15<5:34:27,  5.82s/it]
 58%|█████▊    | 4741/8189 [7:21:21<5:32:31,  5.79s/it]
 58%|█████▊    | 4742/8189 [7:21:27<5:33:07,  5.80s/it]
 58%|█████▊    | 4743/8189 [7:21:33<5:43:58,  5.99s/it]
 58%|█████▊    | 4744/8189 [7:21:38<5:26:16,  5.68s/it]
 58%|█████▊    | 4745/8189 [7:21:45<5:38:09,  5.89s/it]
 58%|█████▊    | 4746/8189 [7:21:51<5:40:44,  5.94s/it]
 58%|█████▊    | 4747/8189 [7:21:57<5:39:36,  5.92s/it]
 58%|█████▊    | 4748/8189 [7:22:02<5:34:31,  5.83s/it]
 58%|█████▊    | 4749/8189 [7:22:08<5:25:13,  5.67s/it]
 58%|█████▊    | 4750/8189 [7:22:13<5:20:38,  5.59s/it]
 58%|█████▊    | 4751/8189 [7:22:18<5:07:39,  5.37s/it]
 58%|█████▊    | 4752/8189 [7:22:23<5:03:35,  5.30s/it]
 58%|█████▊    | 4753/8189 [7:22:27<4:48:10,  5.03s/it]
 58%|█████▊    | 4754/8189 [7:22:33<5:03:42,  5.30s/it]
 58%|█████▊    | 4755/8189 [7:22:40<5:22:41,  5.64s/it]
 58%|█████▊    | 4756/8189 [7:22:46<5:25:54,  5.70s/it]
 58%|█████▊    | 4757/8189 [7:22:51<5:24:11,  5.67s/it]
 58%|█████▊    | 4758/8189 [7:22:56<5:14:14,  5.50s/it]
 58%|█████▊    | 4759/8189 [7:23:02<5:10:36,  5.43s/it]
 58%|█████▊    | 4760/8189 [7:23:08<5:21:42,  5.63s/it]
 58%|█████▊    | 4761/8189 [7:23:12<5:06:57,  5.37s/it]
 58%|█████▊    | 4762/8189 [7:23:19<5:22:20,  5.64s/it]
 58%|█████▊    | 4763/8189 [7:23:24<5:13:16,  5.49s/it]
 58%|█████▊    | 4764/8189 [7:23:29<5:05:38,  5.35s/it]
 58%|█████▊    | 4765/8189 [7:23:34<4:54:37,  5.16s/it]
 58%|█████▊    | 4766/8189 [7:23:40<5:14:35,  5.51s/it]
 58%|█████▊    | 4767/8189 [7:23:44<4:57:52,  5.22s/it]
 58%|█████▊    | 4768/8189 [7:23:51<5:18:03,  5.58s/it]
 58%|█████▊    | 4769/8189 [7:23:56<5:10:59,  5.46s/it]
 58%|█████▊    | 4770/8189 [7:24:02<5:14:32,  5.52s/it]
 58%|█████▊    | 4771/8189 [7:24:08<5:27:54,  5.76s/it]
 58%|█████▊    | 4772/8189 [7:24:14<5:28:29,  5.77s/it]
 58%|█████▊    | 4773/8189 [7:24:19<5:19:26,  5.61s/it]
 58%|█████▊    | 4774/8189 [7:24:25<5:19:24,  5.61s/it]
 58%|█████▊    | 4775/8189 [7:24:30<5:15:00,  5.54s/it]
 58%|█████▊    | 4776/8189 [7:24:35<5:08:17,  5.42s/it]
 58%|█████▊    | 4777/8189 [7:24:41<5:08:57,  5.43s/it]
 58%|█████▊    | 4778/8189 [7:24:46<5:16:09,  5.56s/it]
 58%|█████▊    | 4779/8189 [7:24:53<5:30:24,  5.81s/it]
 58%|█████▊    | 4780/8189 [7:24:58<5:19:21,  5.62s/it]
 58%|█████▊    | 4781/8189 [7:25:03<5:06:05,  5.39s/it]
 58%|█████▊    | 4782/8189 [7:25:08<5:09:20,  5.45s/it]
 58%|█████▊    | 4783/8189 [7:25:14<5:15:53,  5.56s/it]
 58%|█████▊    | 4784/8189 [7:25:20<5:13:27,  5.52s/it]
 58%|█████▊    | 4785/8189 [7:25:25<5:13:02,  5.52s/it]
 58%|█████▊    | 4786/8189 [7:25:31<5:18:37,  5.62s/it]
 58%|█████▊    | 4787/8189 [7:25:37<5:24:07,  5.72s/it]
 58%|█████▊    | 4788/8189 [7:25:43<5:23:53,  5.71s/it]
 58%|█████▊    | 4789/8189 [7:25:47<5:04:30,  5.37s/it]
 58%|█████▊    | 4790/8189 [7:25:53<5:09:57,  5.47s/it]
 59%|█████▊    | 4791/8189 [7:25:58<4:57:11,  5.25s/it]
 59%|█████▊    | 4792/8189 [7:26:03<5:03:36,  5.36s/it]
 59%|█████▊    | 4793/8189 [7:26:09<5:16:41,  5.60s/it]
 59%|█████▊    | 4794/8189 [7:26:15<5:20:57,  5.67s/it]
 59%|█████▊    | 4795/8189 [7:26:21<5:27:52,  5.80s/it]
 59%|█████▊    | 4796/8189 [7:26:27<5:28:48,  5.81s/it]
 59%|█████▊    | 4797/8189 [7:26:33<5:30:27,  5.85s/it]
 59%|█████▊    | 4798/8189 [7:26:38<5:18:55,  5.64s/it]
 59%|█████▊    | 4799/8189 [7:26:44<5:23:46,  5.73s/it]
 59%|█████▊    | 4800/8189 [7:26:50<5:15:16,  5.58s/it]
 59%|█████▊    | 4801/8189 [7:26:55<5:15:09,  5.58s/it]
 59%|█████▊    | 4802/8189 [7:27:01<5:14:32,  5.57s/it]
 59%|█████▊    | 4803/8189 [7:27:06<5:14:43,  5.58s/it]
 59%|█████▊    | 4804/8189 [7:27:12<5:15:34,  5.59s/it]
 59%|█████▊    | 4805/8189 [7:27:18<5:21:30,  5.70s/it]
 59%|█████▊    | 4806/8189 [7:27:23<5:14:19,  5.57s/it]
 59%|█████▊    | 4807/8189 [7:27:29<5:18:35,  5.65s/it]
 59%|█████▊    | 4808/8189 [7:27:35<5:29:36,  5.85s/it]
 59%|█████▊    | 4809/8189 [7:27:41<5:22:04,  5.72s/it]
 59%|█████▊    | 4810/8189 [7:27:46<5:23:01,  5.74s/it]
 59%|█████▊    | 4811/8189 [7:27:53<5:41:45,  6.07s/it]
 59%|█████▉    | 4812/8189 [7:28:00<5:45:41,  6.14s/it]
 59%|█████▉    | 4813/8189 [7:28:06<5:43:58,  6.11s/it]
 59%|█████▉    | 4814/8189 [7:28:11<5:37:53,  6.01s/it]
 59%|█████▉    | 4815/8189 [7:28:17<5:30:16,  5.87s/it]
 59%|█████▉    | 4816/8189 [7:28:23<5:25:35,  5.79s/it]
 59%|█████▉    | 4817/8189 [7:28:28<5:10:45,  5.53s/it]
 59%|█████▉    | 4818/8189 [7:28:33<5:11:57,  5.55s/it]
 59%|█████▉    | 4819/8189 [7:28:38<5:02:03,  5.38s/it]
 59%|█████▉    | 4820/8189 [7:28:43<4:55:18,  5.26s/it]
 59%|█████▉    | 4821/8189 [7:28:49<5:13:22,  5.58s/it]
 59%|█████▉    | 4822/8189 [7:28:55<5:21:22,  5.73s/it]
 59%|█████▉    | 4823/8189 [7:29:02<5:27:42,  5.84s/it]
 59%|█████▉    | 4824/8189 [7:29:07<5:14:47,  5.61s/it]
 59%|█████▉    | 4825/8189 [7:29:13<5:20:00,  5.71s/it]
 59%|█████▉    | 4826/8189 [7:29:18<5:13:27,  5.59s/it]
 59%|█████▉    | 4827/8189 [7:29:23<5:10:14,  5.54s/it]
 59%|█████▉    | 4828/8189 [7:29:29<5:07:33,  5.49s/it]
 59%|█████▉    | 4829/8189 [7:29:34<5:12:07,  5.57s/it]
 59%|█████▉    | 4830/8189 [7:29:40<5:15:32,  5.64s/it]
 59%|█████▉    | 4831/8189 [7:29:46<5:18:41,  5.69s/it]
 59%|█████▉    | 4832/8189 [7:29:52<5:22:27,  5.76s/it]
 59%|█████▉    | 4833/8189 [7:29:57<5:12:18,  5.58s/it]
 59%|█████▉    | 4834/8189 [7:30:02<4:57:30,  5.32s/it]
 59%|█████▉    | 4835/8189 [7:30:07<4:46:16,  5.12s/it]
 59%|█████▉    | 4836/8189 [7:30:13<5:10:02,  5.55s/it]
 59%|█████▉    | 4837/8189 [7:30:18<5:02:41,  5.42s/it]
 59%|█████▉    | 4838/8189 [7:30:24<5:11:11,  5.57s/it]
 59%|█████▉    | 4839/8189 [7:30:30<5:16:46,  5.67s/it]
 59%|█████▉    | 4840/8189 [7:30:36<5:29:10,  5.90s/it]
 59%|█████▉    | 4841/8189 [7:30:41<5:09:05,  5.54s/it]
 59%|█████▉    | 4842/8189 [7:30:47<5:09:33,  5.55s/it]
 59%|█████▉    | 4843/8189 [7:30:53<5:18:24,  5.71s/it]
 59%|█████▉    | 4844/8189 [7:30:58<5:16:31,  5.68s/it]
 59%|█████▉    | 4845/8189 [7:31:04<5:16:52,  5.69s/it]
 59%|█████▉    | 4846/8189 [7:31:09<4:59:49,  5.38s/it]
 59%|█████▉    | 4847/8189 [7:31:15<5:14:04,  5.64s/it]
 59%|█████▉    | 4848/8189 [7:31:22<5:28:11,  5.89s/it]
 59%|█████▉    | 4849/8189 [7:31:26<5:12:22,  5.61s/it]
 59%|█████▉    | 4850/8189 [7:31:32<5:04:24,  5.47s/it]
 59%|█████▉    | 4851/8189 [7:31:38<5:12:44,  5.62s/it]
 59%|█████▉    | 4852/8189 [7:31:43<5:16:52,  5.70s/it]
 59%|█████▉    | 4853/8189 [7:31:49<5:08:11,  5.54s/it]
 59%|█████▉    | 4854/8189 [7:31:54<4:58:48,  5.38s/it]
 59%|█████▉    | 4855/8189 [7:31:59<5:05:10,  5.49s/it]
 59%|█████▉    | 4856/8189 [7:32:06<5:26:44,  5.88s/it]
 59%|█████▉    | 4857/8189 [7:32:12<5:17:36,  5.72s/it]
 59%|█████▉    | 4858/8189 [7:32:17<5:05:24,  5.50s/it]
 59%|█████▉    | 4859/8189 [7:32:23<5:14:43,  5.67s/it]
 59%|█████▉    | 4860/8189 [7:32:28<5:08:12,  5.55s/it]
 59%|█████▉    | 4861/8189 [7:32:33<5:04:58,  5.50s/it]
 59%|█████▉    | 4862/8189 [7:32:39<5:04:49,  5.50s/it]
 59%|█████▉    | 4863/8189 [7:32:45<5:09:31,  5.58s/it]
 59%|█████▉    | 4864/8189 [7:32:51<5:19:06,  5.76s/it]
 59%|█████▉    | 4865/8189 [7:32:56<5:12:34,  5.64s/it]
 59%|█████▉    | 4866/8189 [7:33:01<5:08:21,  5.57s/it]
 59%|█████▉    | 4867/8189 [7:33:07<5:12:52,  5.65s/it]
 59%|█████▉    | 4868/8189 [7:33:13<5:17:26,  5.74s/it]
 59%|█████▉    | 4869/8189 [7:33:19<5:19:51,  5.78s/it]
 59%|█████▉    | 4870/8189 [7:33:25<5:26:43,  5.91s/it]
 59%|█████▉    | 4871/8189 [7:33:30<5:11:33,  5.63s/it]
 59%|█████▉    | 4872/8189 [7:33:36<5:10:21,  5.61s/it]
 60%|█████▉    | 4873/8189 [7:33:42<5:17:58,  5.75s/it]
 60%|█████▉    | 4874/8189 [7:33:47<5:08:50,  5.59s/it]
 60%|█████▉    | 4875/8189 [7:33:53<5:04:56,  5.52s/it]
 60%|█████▉    | 4876/8189 [7:33:58<5:10:00,  5.61s/it]
 60%|█████▉    | 4877/8189 [7:34:05<5:19:52,  5.79s/it]
 60%|█████▉    | 4878/8189 [7:34:10<5:11:19,  5.64s/it]
 60%|█████▉    | 4879/8189 [7:34:16<5:15:21,  5.72s/it]
 60%|█████▉    | 4880/8189 [7:34:21<5:05:01,  5.53s/it]
 60%|█████▉    | 4881/8189 [7:34:26<4:53:38,  5.33s/it]
 60%|█████▉    | 4882/8189 [7:34:30<4:43:24,  5.14s/it]
 60%|█████▉    | 4883/8189 [7:34:37<5:02:26,  5.49s/it]
 60%|█████▉    | 4884/8189 [7:34:42<5:04:57,  5.54s/it]
 60%|█████▉    | 4885/8189 [7:34:48<5:12:10,  5.67s/it]
 60%|█████▉    | 4886/8189 [7:34:54<5:12:00,  5.67s/it]
 60%|█████▉    | 4887/8189 [7:34:59<4:55:31,  5.37s/it]
 60%|█████▉    | 4888/8189 [7:35:04<4:57:27,  5.41s/it]
 60%|█████▉    | 4889/8189 [7:35:09<4:44:50,  5.18s/it]
 60%|█████▉    | 4890/8189 [7:35:14<4:51:12,  5.30s/it]
 60%|█████▉    | 4891/8189 [7:35:20<4:59:17,  5.44s/it]
 60%|█████▉    | 4892/8189 [7:35:26<5:00:10,  5.46s/it]
 60%|█████▉    | 4893/8189 [7:35:31<5:04:30,  5.54s/it]
 60%|█████▉    | 4894/8189 [7:35:37<5:07:16,  5.60s/it]
 60%|█████▉    | 4895/8189 [7:35:43<5:12:29,  5.69s/it]
 60%|█████▉    | 4896/8189 [7:35:49<5:09:26,  5.64s/it]
 60%|█████▉    | 4897/8189 [7:35:55<5:15:59,  5.76s/it]
 60%|█████▉    | 4898/8189 [7:35:59<4:54:21,  5.37s/it]
 60%|█████▉    | 4899/8189 [7:36:05<5:05:03,  5.56s/it]
 60%|█████▉    | 4900/8189 [7:36:10<4:54:56,  5.38s/it]
 60%|█████▉    | 4901/8189 [7:36:15<4:53:08,  5.35s/it]
 60%|█████▉    | 4902/8189 [7:36:20<4:47:27,  5.25s/it]
 60%|█████▉    | 4903/8189 [7:36:27<5:10:05,  5.66s/it]
 60%|█████▉    | 4904/8189 [7:36:33<5:14:04,  5.74s/it]
 60%|█████▉    | 4905/8189 [7:36:39<5:20:15,  5.85s/it]
 60%|█████▉    | 4906/8189 [7:36:44<5:00:44,  5.50s/it]
 60%|█████▉    | 4907/8189 [7:36:50<5:15:19,  5.76s/it]
 60%|█████▉    | 4908/8189 [7:36:56<5:18:53,  5.83s/it]
 60%|█████▉    | 4909/8189 [7:37:01<5:09:56,  5.67s/it]
 60%|█████▉    | 4910/8189 [7:37:07<5:18:26,  5.83s/it]
 60%|█████▉    | 4911/8189 [7:37:13<5:15:43,  5.78s/it]
 60%|█████▉    | 4912/8189 [7:37:19<5:10:01,  5.68s/it]
 60%|█████▉    | 4913/8189 [7:37:24<5:04:37,  5.58s/it]
 60%|██████    | 4914/8189 [7:37:30<5:13:23,  5.74s/it]
 60%|██████    | 4915/8189 [7:37:36<5:10:37,  5.69s/it]
 60%|██████    | 4916/8189 [7:37:41<5:09:37,  5.68s/it]
 60%|██████    | 4917/8189 [7:37:47<5:08:46,  5.66s/it]
 60%|██████    | 4918/8189 [7:37:52<4:59:22,  5.49s/it]
 60%|██████    | 4919/8189 [7:37:58<5:03:32,  5.57s/it]
 60%|██████    | 4920/8189 [7:38:03<4:54:21,  5.40s/it]
 60%|██████    | 4921/8189 [7:38:09<5:01:38,  5.54s/it]
 60%|██████    | 4922/8189 [7:38:15<5:10:18,  5.70s/it]
 60%|██████    | 4923/8189 [7:38:20<5:09:03,  5.68s/it]
 60%|██████    | 4924/8189 [7:38:26<5:06:27,  5.63s/it]
 60%|██████    | 4925/8189 [7:38:31<5:06:12,  5.63s/it]
 60%|██████    | 4926/8189 [7:38:37<5:01:18,  5.54s/it]
 60%|██████    | 4927/8189 [7:38:42<4:58:30,  5.49s/it]
 60%|██████    | 4928/8189 [7:38:49<5:14:05,  5.78s/it]
 60%|██████    | 4929/8189 [7:38:54<5:11:45,  5.74s/it]
 60%|██████    | 4930/8189 [7:38:59<4:58:21,  5.49s/it]
 60%|██████    | 4931/8189 [7:39:04<4:53:51,  5.41s/it]
 60%|██████    | 4932/8189 [7:39:10<4:53:06,  5.40s/it]
 60%|██████    | 4933/8189 [7:39:15<4:51:09,  5.37s/it]
 60%|██████    | 4934/8189 [7:39:21<4:52:04,  5.38s/it]
 60%|██████    | 4935/8189 [7:39:25<4:38:02,  5.13s/it]
 60%|██████    | 4936/8189 [7:39:31<4:47:59,  5.31s/it]
 60%|██████    | 4937/8189 [7:39:36<4:52:34,  5.40s/it]
 60%|██████    | 4938/8189 [7:39:42<4:49:12,  5.34s/it]
 60%|██████    | 4939/8189 [7:39:47<4:52:01,  5.39s/it]
 60%|██████    | 4940/8189 [7:39:52<4:51:16,  5.38s/it]
 60%|██████    | 4941/8189 [7:39:59<5:04:03,  5.62s/it]
 60%|██████    | 4942/8189 [7:40:04<5:01:30,  5.57s/it]
 60%|██████    | 4943/8189 [7:40:09<4:52:52,  5.41s/it]
 60%|██████    | 4944/8189 [7:40:15<4:57:33,  5.50s/it]
 60%|██████    | 4945/8189 [7:40:20<4:53:58,  5.44s/it]
 60%|██████    | 4946/8189 [7:40:25<4:42:05,  5.22s/it]
 60%|██████    | 4947/8189 [7:40:30<4:46:53,  5.31s/it]
 60%|██████    | 4948/8189 [7:40:36<4:45:26,  5.28s/it]
 60%|██████    | 4949/8189 [7:40:41<4:51:41,  5.40s/it]
 60%|██████    | 4950/8189 [7:40:47<4:52:40,  5.42s/it]
 60%|██████    | 4951/8189 [7:40:52<4:46:25,  5.31s/it]
 60%|██████    | 4952/8189 [7:40:58<4:58:06,  5.53s/it]
 60%|██████    | 4953/8189 [7:41:04<5:06:57,  5.69s/it]
 60%|██████    | 4954/8189 [7:41:10<5:09:19,  5.74s/it]
 61%|██████    | 4955/8189 [7:41:16<5:17:48,  5.90s/it]
 61%|██████    | 4956/8189 [7:41:21<5:09:26,  5.74s/it]
 61%|██████    | 4957/8189 [7:41:27<5:01:35,  5.60s/it]
 61%|██████    | 4958/8189 [7:41:32<5:00:20,  5.58s/it]
 61%|██████    | 4959/8189 [7:41:38<5:02:38,  5.62s/it]
 61%|██████    | 4960/8189 [7:41:44<5:08:40,  5.74s/it]
 61%|██████    | 4961/8189 [7:41:49<5:05:22,  5.68s/it]
 61%|██████    | 4962/8189 [7:41:54<4:53:19,  5.45s/it]
 61%|██████    | 4963/8189 [7:42:00<4:51:38,  5.42s/it]
 61%|██████    | 4964/8189 [7:42:04<4:38:58,  5.19s/it]
 61%|██████    | 4965/8189 [7:42:09<4:27:37,  4.98s/it]
 61%|██████    | 4966/8189 [7:42:14<4:31:33,  5.06s/it]
 61%|██████    | 4967/8189 [7:42:20<4:39:31,  5.21s/it]
 61%|██████    | 4968/8189 [7:42:25<4:42:41,  5.27s/it]
 61%|██████    | 4969/8189 [7:42:30<4:42:58,  5.27s/it]
 61%|██████    | 4970/8189 [7:42:36<4:45:36,  5.32s/it]
 61%|██████    | 4971/8189 [7:42:41<4:38:09,  5.19s/it]
 61%|██████    | 4972/8189 [7:42:46<4:45:32,  5.33s/it]
 61%|██████    | 4973/8189 [7:42:52<4:51:14,  5.43s/it]
 61%|██████    | 4974/8189 [7:42:57<4:45:34,  5.33s/it]
 61%|██████    | 4975/8189 [7:43:02<4:39:16,  5.21s/it]
 61%|██████    | 4976/8189 [7:43:07<4:41:38,  5.26s/it]
 61%|██████    | 4977/8189 [7:43:12<4:31:04,  5.06s/it]
 61%|██████    | 4978/8189 [7:43:17<4:33:02,  5.10s/it]
 61%|██████    | 4979/8189 [7:43:23<4:45:44,  5.34s/it]
 61%|██████    | 4980/8189 [7:43:29<4:50:20,  5.43s/it]
 61%|██████    | 4981/8189 [7:43:35<5:00:44,  5.62s/it]
 61%|██████    | 4982/8189 [7:43:40<4:51:10,  5.45s/it]
 61%|██████    | 4983/8189 [7:43:46<5:04:30,  5.70s/it]
 61%|██████    | 4984/8189 [7:43:52<5:05:56,  5.73s/it]
 61%|██████    | 4985/8189 [7:43:58<5:04:47,  5.71s/it]
 61%|██████    | 4986/8189 [7:44:03<4:58:04,  5.58s/it]
 61%|██████    | 4987/8189 [7:44:08<4:52:27,  5.48s/it]
 61%|██████    | 4988/8189 [7:44:14<4:58:17,  5.59s/it]
 61%|██████    | 4989/8189 [7:44:20<5:06:34,  5.75s/it]
 61%|██████    | 4990/8189 [7:44:26<5:08:57,  5.79s/it]
 61%|██████    | 4991/8189 [7:44:31<5:04:46,  5.72s/it]
 61%|██████    | 4992/8189 [7:44:37<5:01:28,  5.66s/it]
 61%|██████    | 4993/8189 [7:44:42<4:57:43,  5.59s/it]
 61%|██████    | 4994/8189 [7:44:48<5:01:40,  5.67s/it]
 61%|██████    | 4995/8189 [7:44:54<4:54:55,  5.54s/it]
 61%|██████    | 4996/8189 [7:44:59<5:01:37,  5.67s/it]
 61%|██████    | 4997/8189 [7:45:05<5:02:41,  5.69s/it]
 61%|██████    | 4998/8189 [7:45:11<4:56:00,  5.57s/it]
 61%|██████    | 4999/8189 [7:45:17<5:03:58,  5.72s/it]
 61%|██████    | 5000/8189 [7:45:22<4:59:14,  5.63s/it]
                                                       

 61%|██████    | 5000/8189 [7:45:22<4:59:14,  5.63s/it]

Batches:   0%|          | 0/9 [00:00<?, ?it/s][A

Batches:  89%|████████▉ | 8/9 [00:00<00:00, 71.31it/s][A
Batches: 100%|██████████| 9/9 [00:00<00:00, 71.47it/s]


Corpus Chunks:   0%|          | 0/1 [00:00<?, ?it/s][A


Batches:   0%|          | 0/9 [00:00<?, ?it/s][A[A


Batches:  56%|█████▌    | 5/9 [00:00<00:00, 47.37it/s][A[A
Batches: 100%|██████████| 9/9 [00:00<00:00, 55.06it/s]


Corpus Chunks: 100%|██████████| 1/1 [00:00<00:00,  5.92it/s][A
Corpus Chunks: 100%|██████████| 1/1 [00:00<00:00,  5.90it/s]


Batches:   0%|          | 0/7 [00:00<?, ?it/s][A

Batches: 100%|██████████| 7/7 [00:00<00:00, 68.79it/s][A
Batches: 100%|██████████| 7/7 [00:00<00:00, 68.33it/s]


Batches:   0%|          | 0/7 [00:00<?, ?it/s][A

Batches: 100%|██████████| 7/7 [00:00<00:00, 63.46it/s][A
Batches: 100%|██████████| 7/7 [00:00<00:00, 63.06it/s]


Batches:   0%|          | 0/7 [00:00<?, ?it/s][A

Batches: 100%|██████████| 7/7 [00:00<00:00, 65.17it/s][A
Batches: 100%|██████████| 7/7 [00:00<00:00, 64.85it/s]

                                                       

 61%|██████    | 5000/8189 [7:45:23<4:59:14,  5.63s/it]

Writing model shards:   0%|          | 0/1 [00:00<?, ?it/s][A

Writing model shards: 100%|██████████| 1/1 [00:01<00:00,  1.18s/it][A
Writing model shards: 100%|██████████| 1/1 [00:01<00:00,  1.18s/it]

 61%|██████    | 5001/8189 [7:45:33<6:16:41,  7.09s/it]
 61%|██████    | 5002/8189 [7:45:39<6:02:12,  6.82s/it]
 61%|██████    | 5003/8189 [7:45:44<5:41:48,  6.44s/it]
 61%|██████    | 5004/8189 [7:45:50<5:35:15,  6.32s/it]
 61%|██████    | 5005/8189 [7:45:56<5:30:41,  6.23s/it]
 61%|██████    | 5006/8189 [7:46:02<5:19:56,  6.03s/it]
 61%|██████    | 5007/8189 [7:46:07<5:06:02,  5.77s/it]
 61%|██████    | 5008/8189 [7:46:13<5:06:37,  5.78s/it]
 61%|██████    | 5009/8189 [7:46:19<5:07:37,  5.80s/it]
 61%|██████    | 5010/8189 [7:46:25<5:08:50,  5.83s/it]
 61%|██████    | 5011/8189 [7:46:31<5:19:34,  6.03s/it]
 61%|██████    | 5012/8189 [7:46:37<5:25:09,  6.14s/it]
 61%|██████    | 5013/8189 [7:46:43<5:15:19,  5.96s/it]
 61%|██████    | 5014/8189 [7:46:49<5:14:52,  5.95s/it]
 61%|██████    | 5015/8189 [7:46:54<5:05:05,  5.77s/it]
 61%|██████▏   | 5016/8189 [7:47:00<4:57:12,  5.62s/it]
 61%|██████▏   | 5017/8189 [7:47:05<5:01:52,  5.71s/it]
 61%|██████▏   | 5018/8189 [7:47:11<4:59:20,  5.66s/it]
 61%|██████▏   | 5019/8189 [7:47:16<4:54:51,  5.58s/it]
 61%|██████▏   | 5020/8189 [7:47:22<4:55:29,  5.59s/it]
 61%|██████▏   | 5021/8189 [7:47:27<4:47:34,  5.45s/it]
 61%|██████▏   | 5022/8189 [7:47:32<4:40:48,  5.32s/it]
 61%|██████▏   | 5023/8189 [7:47:38<4:44:33,  5.39s/it]
 61%|██████▏   | 5024/8189 [7:47:44<4:53:05,  5.56s/it]
 61%|██████▏   | 5025/8189 [7:47:49<4:53:28,  5.57s/it]
 61%|██████▏   | 5026/8189 [7:47:55<4:52:03,  5.54s/it]
 61%|██████▏   | 5027/8189 [7:47:58<4:19:18,  4.92s/it]
 61%|██████▏   | 5028/8189 [7:48:04<4:30:25,  5.13s/it]
 61%|██████▏   | 5029/8189 [7:48:10<4:41:56,  5.35s/it]
 61%|██████▏   | 5030/8189 [7:48:16<4:53:34,  5.58s/it]
 61%|██████▏   | 5031/8189 [7:48:22<4:57:19,  5.65s/it]
 61%|██████▏   | 5032/8189 [7:48:27<4:59:56,  5.70s/it]
 61%|██████▏   | 5033/8189 [7:48:33<4:59:28,  5.69s/it]
 61%|██████▏   | 5034/8189 [7:48:39<5:09:43,  5.89s/it]
 61%|██████▏   | 5035/8189 [7:48:46<5:13:11,  5.96s/it]
 61%|██████▏   | 5036/8189 [7:48:52<5:16:01,  6.01s/it]
 62%|██████▏   | 5037/8189 [7:48:57<5:01:17,  5.74s/it]
 62%|██████▏   | 5038/8189 [7:49:02<4:51:17,  5.55s/it]
 62%|██████▏   | 5039/8189 [7:49:08<4:53:34,  5.59s/it]
 62%|██████▏   | 5040/8189 [7:49:13<4:49:59,  5.53s/it]
 62%|██████▏   | 5041/8189 [7:49:19<4:50:26,  5.54s/it]
 62%|██████▏   | 5042/8189 [7:49:24<4:47:18,  5.48s/it]
 62%|██████▏   | 5043/8189 [7:49:29<4:45:33,  5.45s/it]
 62%|██████▏   | 5044/8189 [7:49:35<4:54:46,  5.62s/it]
 62%|██████▏   | 5045/8189 [7:49:41<4:57:04,  5.67s/it]
 62%|██████▏   | 5046/8189 [7:49:47<4:53:24,  5.60s/it]
 62%|██████▏   | 5047/8189 [7:49:51<4:43:15,  5.41s/it]
 62%|██████▏   | 5048/8189 [7:49:57<4:46:59,  5.48s/it]
 62%|██████▏   | 5049/8189 [7:50:02<4:39:41,  5.34s/it]
 62%|██████▏   | 5050/8189 [7:50:08<4:43:13,  5.41s/it]
 62%|██████▏   | 5051/8189 [7:50:13<4:38:22,  5.32s/it]
 62%|██████▏   | 5052/8189 [7:50:18<4:38:38,  5.33s/it]
 62%|██████▏   | 5053/8189 [7:50:24<4:45:48,  5.47s/it]
 62%|██████▏   | 5054/8189 [7:50:29<4:37:06,  5.30s/it]
 62%|██████▏   | 5055/8189 [7:50:34<4:40:24,  5.37s/it]
 62%|██████▏   | 5056/8189 [7:50:40<4:49:30,  5.54s/it]
 62%|██████▏   | 5057/8189 [7:50:46<4:49:59,  5.56s/it]
 62%|██████▏   | 5058/8189 [7:50:52<5:01:59,  5.79s/it]
 62%|██████▏   | 5059/8189 [7:50:58<5:01:34,  5.78s/it]
 62%|██████▏   | 5060/8189 [7:51:04<5:05:09,  5.85s/it]
 62%|██████▏   | 5061/8189 [7:51:10<5:09:38,  5.94s/it]
 62%|██████▏   | 5062/8189 [7:51:15<4:57:35,  5.71s/it]
 62%|██████▏   | 5063/8189 [7:51:21<4:52:03,  5.61s/it]
 62%|██████▏   | 5064/8189 [7:51:26<4:40:07,  5.38s/it]
 62%|██████▏   | 5065/8189 [7:51:31<4:40:26,  5.39s/it]
 62%|██████▏   | 5066/8189 [7:51:37<4:43:05,  5.44s/it]
 62%|██████▏   | 5067/8189 [7:51:41<4:33:53,  5.26s/it]
 62%|██████▏   | 5068/8189 [7:51:47<4:45:06,  5.48s/it]
 62%|██████▏   | 5069/8189 [7:51:52<4:27:31,  5.14s/it]
 62%|██████▏   | 5070/8189 [7:51:58<4:40:27,  5.40s/it]
 62%|██████▏   | 5071/8189 [7:52:04<4:59:33,  5.76s/it]
 62%|██████▏   | 5072/8189 [7:52:10<4:55:47,  5.69s/it]
 62%|██████▏   | 5073/8189 [7:52:16<4:59:00,  5.76s/it]
 62%|██████▏   | 5074/8189 [7:52:20<4:39:04,  5.38s/it]
 62%|██████▏   | 5075/8189 [7:52:25<4:29:04,  5.18s/it]
 62%|██████▏   | 5076/8189 [7:52:30<4:30:36,  5.22s/it]
 62%|██████▏   | 5077/8189 [7:52:36<4:33:56,  5.28s/it]
 62%|██████▏   | 5078/8189 [7:52:41<4:34:16,  5.29s/it]
 62%|██████▏   | 5079/8189 [7:52:46<4:32:13,  5.25s/it]
 62%|██████▏   | 5080/8189 [7:52:52<4:36:34,  5.34s/it]
 62%|██████▏   | 5081/8189 [7:52:58<4:54:27,  5.68s/it]
 62%|██████▏   | 5082/8189 [7:53:04<4:48:21,  5.57s/it]
 62%|██████▏   | 5083/8189 [7:53:10<4:55:37,  5.71s/it]
 62%|██████▏   | 5084/8189 [7:53:14<4:35:49,  5.33s/it]
 62%|██████▏   | 5085/8189 [7:53:20<4:39:00,  5.39s/it]
 62%|██████▏   | 5086/8189 [7:53:23<4:13:26,  4.90s/it]
 62%|██████▏   | 5087/8189 [7:53:29<4:32:27,  5.27s/it]
 62%|██████▏   | 5088/8189 [7:53:35<4:34:24,  5.31s/it]
 62%|██████▏   | 5089/8189 [7:53:40<4:35:53,  5.34s/it]
 62%|██████▏   | 5090/8189 [7:53:45<4:32:57,  5.28s/it]
 62%|██████▏   | 5091/8189 [7:53:51<4:32:38,  5.28s/it]
 62%|██████▏   | 5092/8189 [7:53:56<4:28:57,  5.21s/it]
 62%|██████▏   | 5093/8189 [7:54:01<4:33:09,  5.29s/it]
 62%|██████▏   | 5094/8189 [7:54:07<4:39:41,  5.42s/it]
 62%|██████▏   | 5095/8189 [7:54:13<4:47:33,  5.58s/it]
 62%|██████▏   | 5096/8189 [7:54:19<4:48:05,  5.59s/it]
 62%|██████▏   | 5097/8189 [7:54:24<4:41:34,  5.46s/it]
 62%|██████▏   | 5098/8189 [7:54:29<4:39:31,  5.43s/it]
 62%|██████▏   | 5099/8189 [7:54:35<4:50:42,  5.64s/it]
 62%|██████▏   | 5100/8189 [7:54:40<4:35:39,  5.35s/it]
 62%|██████▏   | 5101/8189 [7:54:45<4:33:24,  5.31s/it]
 62%|██████▏   | 5102/8189 [7:54:51<4:39:54,  5.44s/it]
 62%|██████▏   | 5103/8189 [7:54:55<4:26:09,  5.17s/it]
 62%|██████▏   | 5104/8189 [7:55:00<4:23:49,  5.13s/it]
 62%|██████▏   | 5105/8189 [7:55:06<4:33:48,  5.33s/it]
 62%|██████▏   | 5106/8189 [7:55:10<4:03:53,  4.75s/it]
 62%|██████▏   | 5107/8189 [7:55:15<4:13:43,  4.94s/it]
 62%|██████▏   | 5108/8189 [7:55:20<4:19:06,  5.05s/it]
 62%|██████▏   | 5109/8189 [7:55:25<4:18:31,  5.04s/it]
 62%|██████▏   | 5110/8189 [7:55:31<4:26:24,  5.19s/it]
 62%|██████▏   | 5111/8189 [7:55:37<4:43:04,  5.52s/it]
 62%|██████▏   | 5112/8189 [7:55:43<4:55:58,  5.77s/it]
 62%|██████▏   | 5113/8189 [7:55:49<4:58:53,  5.83s/it]
 62%|██████▏   | 5114/8189 [7:55:55<4:50:39,  5.67s/it]
 62%|██████▏   | 5115/8189 [7:56:00<4:40:01,  5.47s/it]
 62%|██████▏   | 5116/8189 [7:56:06<4:44:41,  5.56s/it]
 62%|██████▏   | 5117/8189 [7:56:11<4:40:11,  5.47s/it]
 62%|██████▏   | 5118/8189 [7:56:16<4:34:53,  5.37s/it]
 63%|██████▎   | 5119/8189 [7:56:22<4:38:14,  5.44s/it]
 63%|██████▎   | 5120/8189 [7:56:26<4:29:17,  5.26s/it]
 63%|██████▎   | 5121/8189 [7:56:32<4:32:44,  5.33s/it]
 63%|██████▎   | 5122/8189 [7:56:37<4:22:25,  5.13s/it]
 63%|██████▎   | 5123/8189 [7:56:42<4:34:28,  5.37s/it]
 63%|██████▎   | 5124/8189 [7:56:48<4:36:09,  5.41s/it]
 63%|██████▎   | 5125/8189 [7:56:54<4:41:52,  5.52s/it]
 63%|██████▎   | 5126/8189 [7:57:00<4:48:09,  5.64s/it]
 63%|██████▎   | 5127/8189 [7:57:05<4:48:07,  5.65s/it]
 63%|██████▎   | 5128/8189 [7:57:11<4:52:28,  5.73s/it]
 63%|██████▎   | 5129/8189 [7:57:17<4:49:05,  5.67s/it]
 63%|██████▎   | 5130/8189 [7:57:21<4:24:09,  5.18s/it]
 63%|██████▎   | 5131/8189 [7:57:27<4:35:00,  5.40s/it]
 63%|██████▎   | 5132/8189 [7:57:32<4:30:17,  5.31s/it]
 63%|██████▎   | 5133/8189 [7:57:37<4:32:13,  5.34s/it]
 63%|██████▎   | 5134/8189 [7:57:44<4:55:32,  5.80s/it]
 63%|██████▎   | 5135/8189 [7:57:50<4:57:37,  5.85s/it]
 63%|██████▎   | 5136/8189 [7:57:56<5:06:09,  6.02s/it]
 63%|██████▎   | 5137/8189 [7:58:02<4:59:50,  5.89s/it]
 63%|██████▎   | 5138/8189 [7:58:08<4:55:17,  5.81s/it]
 63%|██████▎   | 5139/8189 [7:58:14<5:08:36,  6.07s/it]
 63%|██████▎   | 5140/8189 [7:58:20<5:02:33,  5.95s/it]
 63%|██████▎   | 5141/8189 [7:58:26<5:02:18,  5.95s/it]
 63%|██████▎   | 5142/8189 [7:58:33<5:15:26,  6.21s/it]
 63%|██████▎   | 5143/8189 [7:58:40<5:22:57,  6.36s/it]
 63%|██████▎   | 5144/8189 [7:58:46<5:25:16,  6.41s/it]
 63%|██████▎   | 5145/8189 [7:58:52<5:20:41,  6.32s/it]
 63%|██████▎   | 5146/8189 [7:58:58<5:16:39,  6.24s/it]
 63%|██████▎   | 5147/8189 [7:59:04<5:03:19,  5.98s/it]
 63%|██████▎   | 5148/8189 [7:59:09<4:56:36,  5.85s/it]
 63%|██████▎   | 5149/8189 [7:59:15<4:51:51,  5.76s/it]
 63%|██████▎   | 5150/8189 [7:59:19<4:33:51,  5.41s/it]
 63%|██████▎   | 5151/8189 [7:59:25<4:44:39,  5.62s/it]
 63%|██████▎   | 5152/8189 [7:59:31<4:40:01,  5.53s/it]
 63%|██████▎   | 5153/8189 [7:59:37<4:47:29,  5.68s/it]
 63%|██████▎   | 5154/8189 [7:59:43<4:49:55,  5.73s/it]
 63%|██████▎   | 5155/8189 [7:59:49<4:52:42,  5.79s/it]
 63%|██████▎   | 5156/8189 [7:59:54<4:44:10,  5.62s/it]
 63%|██████▎   | 5157/8189 [7:59:59<4:39:54,  5.54s/it]
 63%|██████▎   | 5158/8189 [8:00:05<4:49:54,  5.74s/it]
 63%|██████▎   | 5159/8189 [8:00:11<4:51:05,  5.76s/it]
 63%|██████▎   | 5160/8189 [8:00:17<4:46:27,  5.67s/it]
 63%|██████▎   | 5161/8189 [8:00:22<4:41:22,  5.58s/it]
 63%|██████▎   | 5162/8189 [8:00:27<4:34:50,  5.45s/it]
 63%|██████▎   | 5163/8189 [8:00:33<4:37:01,  5.49s/it]
 63%|██████▎   | 5164/8189 [8:00:38<4:32:03,  5.40s/it]
 63%|██████▎   | 5165/8189 [8:00:43<4:27:48,  5.31s/it]
 63%|██████▎   | 5166/8189 [8:00:49<4:43:23,  5.62s/it]
 63%|██████▎   | 5167/8189 [8:00:56<4:56:26,  5.89s/it]
 63%|██████▎   | 5168/8189 [8:01:01<4:42:41,  5.61s/it]
 63%|██████▎   | 5169/8189 [8:01:07<4:45:42,  5.68s/it]
 63%|██████▎   | 5170/8189 [8:01:12<4:46:27,  5.69s/it]
 63%|██████▎   | 5171/8189 [8:01:18<4:41:35,  5.60s/it]
 63%|██████▎   | 5172/8189 [8:01:24<4:49:04,  5.75s/it]
 63%|██████▎   | 5173/8189 [8:01:30<4:55:21,  5.88s/it]
 63%|██████▎   | 5174/8189 [8:01:36<4:59:42,  5.96s/it]
 63%|██████▎   | 5175/8189 [8:01:40<4:23:55,  5.25s/it]
 63%|██████▎   | 5176/8189 [8:01:46<4:34:28,  5.47s/it]
 63%|██████▎   | 5177/8189 [8:01:52<4:48:24,  5.75s/it]
 63%|██████▎   | 5178/8189 [8:01:58<4:56:30,  5.91s/it]
 63%|██████▎   | 5179/8189 [8:02:04<4:48:06,  5.74s/it]
 63%|██████▎   | 5180/8189 [8:02:09<4:38:34,  5.55s/it]
 63%|██████▎   | 5181/8189 [8:02:14<4:28:23,  5.35s/it]
 63%|██████▎   | 5182/8189 [8:02:18<4:18:22,  5.16s/it]
 63%|██████▎   | 5183/8189 [8:02:24<4:17:14,  5.13s/it]
 63%|██████▎   | 5184/8189 [8:02:30<4:29:31,  5.38s/it]
 63%|██████▎   | 5185/8189 [8:02:35<4:33:04,  5.45s/it]
 63%|██████▎   | 5186/8189 [8:02:41<4:33:38,  5.47s/it]
 63%|██████▎   | 5187/8189 [8:02:46<4:34:10,  5.48s/it]
 63%|██████▎   | 5188/8189 [8:02:52<4:36:31,  5.53s/it]
 63%|██████▎   | 5189/8189 [8:02:58<4:42:33,  5.65s/it]
 63%|██████▎   | 5190/8189 [8:03:03<4:34:47,  5.50s/it]
 63%|██████▎   | 5191/8189 [8:03:08<4:29:46,  5.40s/it]
 63%|██████▎   | 5192/8189 [8:03:13<4:30:16,  5.41s/it]
 63%|██████▎   | 5193/8189 [8:03:20<4:42:32,  5.66s/it]
 63%|██████▎   | 5194/8189 [8:03:25<4:40:42,  5.62s/it]
 63%|██████▎   | 5195/8189 [8:03:31<4:44:14,  5.70s/it]
 63%|██████▎   | 5196/8189 [8:03:37<4:44:23,  5.70s/it]
 63%|██████▎   | 5197/8189 [8:03:42<4:40:54,  5.63s/it]
 63%|██████▎   | 5198/8189 [8:03:48<4:38:29,  5.59s/it]
 63%|██████▎   | 5199/8189 [8:03:54<4:44:13,  5.70s/it]
 63%|██████▎   | 5200/8189 [8:04:00<4:52:11,  5.87s/it]
 64%|██████▎   | 5201/8189 [8:04:05<4:35:47,  5.54s/it]
 64%|██████▎   | 5202/8189 [8:04:10<4:38:07,  5.59s/it]
 64%|██████▎   | 5203/8189 [8:04:16<4:39:24,  5.61s/it]
 64%|██████▎   | 5204/8189 [8:04:21<4:35:09,  5.53s/it]
 64%|██████▎   | 5205/8189 [8:04:27<4:40:19,  5.64s/it]
 64%|██████▎   | 5206/8189 [8:04:32<4:30:13,  5.44s/it]
 64%|██████▎   | 5207/8189 [8:04:37<4:20:32,  5.24s/it]
 64%|██████▎   | 5208/8189 [8:04:42<4:20:03,  5.23s/it]
 64%|██████▎   | 5209/8189 [8:04:49<4:38:05,  5.60s/it]
 64%|██████▎   | 5210/8189 [8:04:54<4:32:28,  5.49s/it]
 64%|██████▎   | 5211/8189 [8:04:59<4:24:20,  5.33s/it]
 64%|██████▎   | 5212/8189 [8:05:05<4:28:55,  5.42s/it]
 64%|██████▎   | 5213/8189 [8:05:09<4:16:18,  5.17s/it]
 64%|██████▎   | 5214/8189 [8:05:15<4:22:01,  5.28s/it]
 64%|██████▎   | 5215/8189 [8:05:21<4:31:12,  5.47s/it]
 64%|██████▎   | 5216/8189 [8:05:26<4:28:03,  5.41s/it]
 64%|██████▎   | 5217/8189 [8:05:32<4:37:27,  5.60s/it]
 64%|██████▎   | 5218/8189 [8:05:38<4:36:52,  5.59s/it]
 64%|██████▎   | 5219/8189 [8:05:43<4:37:23,  5.60s/it]
 64%|██████▎   | 5220/8189 [8:05:48<4:18:21,  5.22s/it]
 64%|██████▍   | 5221/8189 [8:05:53<4:15:09,  5.16s/it]
 64%|██████▍   | 5222/8189 [8:05:58<4:24:03,  5.34s/it]
 64%|██████▍   | 5223/8189 [8:06:04<4:29:40,  5.46s/it]
 64%|██████▍   | 5224/8189 [8:06:09<4:17:31,  5.21s/it]
 64%|██████▍   | 5225/8189 [8:06:14<4:15:03,  5.16s/it]
 64%|██████▍   | 5226/8189 [8:06:19<4:17:33,  5.22s/it]
 64%|██████▍   | 5227/8189 [8:06:25<4:24:27,  5.36s/it]
 64%|██████▍   | 5228/8189 [8:06:30<4:17:50,  5.22s/it]
 64%|██████▍   | 5229/8189 [8:06:35<4:19:54,  5.27s/it]
 64%|██████▍   | 5230/8189 [8:06:40<4:20:09,  5.28s/it]
 64%|██████▍   | 5231/8189 [8:06:45<4:17:42,  5.23s/it]
 64%|██████▍   | 5232/8189 [8:06:51<4:19:34,  5.27s/it]
 64%|██████▍   | 5233/8189 [8:06:57<4:32:44,  5.54s/it]
 64%|██████▍   | 5234/8189 [8:07:02<4:25:00,  5.38s/it]
 64%|██████▍   | 5235/8189 [8:07:07<4:22:46,  5.34s/it]
 64%|██████▍   | 5236/8189 [8:07:13<4:23:27,  5.35s/it]
 64%|██████▍   | 5237/8189 [8:07:18<4:27:56,  5.45s/it]
 64%|██████▍   | 5238/8189 [8:07:24<4:27:51,  5.45s/it]
 64%|██████▍   | 5239/8189 [8:07:28<4:17:28,  5.24s/it]
 64%|██████▍   | 5240/8189 [8:07:33<4:02:48,  4.94s/it]
 64%|██████▍   | 5241/8189 [8:07:37<3:51:50,  4.72s/it]
 64%|██████▍   | 5242/8189 [8:07:42<3:59:45,  4.88s/it]
 64%|██████▍   | 5243/8189 [8:07:48<4:08:18,  5.06s/it]
 64%|██████▍   | 5244/8189 [8:07:53<4:10:04,  5.09s/it]
 64%|██████▍   | 5245/8189 [8:07:59<4:21:29,  5.33s/it]
 64%|██████▍   | 5246/8189 [8:08:04<4:17:29,  5.25s/it]
 64%|██████▍   | 5247/8189 [8:08:08<4:07:03,  5.04s/it]
 64%|██████▍   | 5248/8189 [8:08:13<4:03:55,  4.98s/it]
 64%|██████▍   | 5249/8189 [8:08:19<4:19:26,  5.29s/it]
 64%|██████▍   | 5250/8189 [8:08:25<4:32:17,  5.56s/it]
 64%|██████▍   | 5251/8189 [8:08:31<4:38:01,  5.68s/it]
 64%|██████▍   | 5252/8189 [8:08:36<4:20:32,  5.32s/it]
 64%|██████▍   | 5253/8189 [8:08:39<3:55:40,  4.82s/it]
 64%|██████▍   | 5254/8189 [8:08:45<4:13:53,  5.19s/it]
 64%|██████▍   | 5255/8189 [8:08:51<4:23:44,  5.39s/it]
 64%|██████▍   | 5256/8189 [8:08:57<4:28:09,  5.49s/it]
 64%|██████▍   | 5257/8189 [8:09:02<4:16:10,  5.24s/it]
 64%|██████▍   | 5258/8189 [8:09:07<4:16:22,  5.25s/it]
 64%|██████▍   | 5259/8189 [8:09:12<4:16:24,  5.25s/it]
 64%|██████▍   | 5260/8189 [8:09:17<4:08:05,  5.08s/it]
 64%|██████▍   | 5261/8189 [8:09:22<4:11:12,  5.15s/it]
 64%|██████▍   | 5262/8189 [8:09:28<4:17:49,  5.29s/it]
 64%|██████▍   | 5263/8189 [8:09:33<4:21:15,  5.36s/it]
 64%|██████▍   | 5264/8189 [8:09:39<4:19:16,  5.32s/it]
 64%|██████▍   | 5265/8189 [8:09:44<4:19:17,  5.32s/it]
 64%|██████▍   | 5266/8189 [8:09:50<4:25:01,  5.44s/it]
 64%|██████▍   | 5267/8189 [8:09:55<4:22:27,  5.39s/it]
 64%|██████▍   | 5268/8189 [8:10:00<4:21:09,  5.36s/it]
 64%|██████▍   | 5269/8189 [8:10:06<4:22:58,  5.40s/it]
 64%|██████▍   | 5270/8189 [8:10:11<4:26:57,  5.49s/it]
 64%|██████▍   | 5271/8189 [8:10:17<4:23:46,  5.42s/it]
 64%|██████▍   | 5272/8189 [8:10:22<4:19:01,  5.33s/it]
 64%|██████▍   | 5273/8189 [8:10:27<4:21:51,  5.39s/it]
 64%|██████▍   | 5274/8189 [8:10:33<4:20:24,  5.36s/it]
 64%|██████▍   | 5275/8189 [8:10:39<4:32:10,  5.60s/it]
 64%|██████▍   | 5276/8189 [8:10:45<4:38:31,  5.74s/it]
 64%|██████▍   | 5277/8189 [8:10:50<4:28:25,  5.53s/it]
 64%|██████▍   | 5278/8189 [8:10:55<4:26:16,  5.49s/it]
 64%|██████▍   | 5279/8189 [8:11:00<4:20:32,  5.37s/it]
 64%|██████▍   | 5280/8189 [8:11:05<4:14:02,  5.24s/it]
 64%|██████▍   | 5281/8189 [8:11:10<4:08:49,  5.13s/it]
 65%|██████▍   | 5282/8189 [8:11:16<4:11:58,  5.20s/it]
 65%|██████▍   | 5283/8189 [8:11:21<4:10:51,  5.18s/it]
 65%|██████▍   | 5284/8189 [8:11:27<4:21:51,  5.41s/it]
 65%|██████▍   | 5285/8189 [8:11:32<4:26:07,  5.50s/it]
 65%|██████▍   | 5286/8189 [8:11:37<4:21:01,  5.39s/it]
 65%|██████▍   | 5287/8189 [8:11:44<4:32:05,  5.63s/it]
 65%|██████▍   | 5288/8189 [8:11:49<4:25:34,  5.49s/it]
 65%|██████▍   | 5289/8189 [8:11:55<4:33:48,  5.66s/it]
 65%|██████▍   | 5290/8189 [8:12:01<4:34:07,  5.67s/it]
 65%|██████▍   | 5291/8189 [8:12:06<4:33:59,  5.67s/it]
 65%|██████▍   | 5292/8189 [8:12:12<4:31:12,  5.62s/it]
 65%|██████▍   | 5293/8189 [8:12:17<4:27:36,  5.54s/it]
 65%|██████▍   | 5294/8189 [8:12:23<4:25:43,  5.51s/it]
 65%|██████▍   | 5295/8189 [8:12:28<4:27:54,  5.55s/it]
 65%|██████▍   | 5296/8189 [8:12:34<4:28:29,  5.57s/it]
 65%|██████▍   | 5297/8189 [8:12:39<4:30:10,  5.61s/it]
 65%|██████▍   | 5298/8189 [8:12:46<4:39:48,  5.81s/it]
 65%|██████▍   | 5299/8189 [8:12:52<4:40:09,  5.82s/it]
 65%|██████▍   | 5300/8189 [8:12:57<4:29:33,  5.60s/it]
 65%|██████▍   | 5301/8189 [8:13:02<4:24:47,  5.50s/it]
 65%|██████▍   | 5302/8189 [8:13:07<4:18:39,  5.38s/it]
 65%|██████▍   | 5303/8189 [8:13:13<4:20:42,  5.42s/it]
 65%|██████▍   | 5304/8189 [8:13:18<4:22:48,  5.47s/it]
 65%|██████▍   | 5305/8189 [8:13:23<4:18:33,  5.38s/it]
 65%|██████▍   | 5306/8189 [8:13:28<4:15:20,  5.31s/it]
 65%|██████▍   | 5307/8189 [8:13:34<4:11:30,  5.24s/it]
 65%|██████▍   | 5308/8189 [8:13:39<4:18:58,  5.39s/it]
 65%|██████▍   | 5309/8189 [8:13:45<4:21:39,  5.45s/it]
 65%|██████▍   | 5310/8189 [8:13:50<4:19:17,  5.40s/it]
 65%|██████▍   | 5311/8189 [8:13:55<4:13:31,  5.29s/it]
 65%|██████▍   | 5312/8189 [8:14:01<4:18:30,  5.39s/it]
 65%|██████▍   | 5313/8189 [8:14:06<4:17:47,  5.38s/it]
 65%|██████▍   | 5314/8189 [8:14:12<4:23:37,  5.50s/it]
 65%|██████▍   | 5315/8189 [8:14:17<4:19:07,  5.41s/it]
 65%|██████▍   | 5316/8189 [8:14:22<4:08:15,  5.18s/it]
 65%|██████▍   | 5317/8189 [8:14:28<4:17:26,  5.38s/it]
 65%|██████▍   | 5318/8189 [8:14:33<4:17:13,  5.38s/it]
 65%|██████▍   | 5319/8189 [8:14:39<4:25:51,  5.56s/it]
 65%|██████▍   | 5320/8189 [8:14:44<4:21:06,  5.46s/it]
 65%|██████▍   | 5321/8189 [8:14:51<4:33:51,  5.73s/it]
 65%|██████▍   | 5322/8189 [8:14:56<4:29:14,  5.63s/it]
 65%|██████▌   | 5323/8189 [8:15:01<4:18:31,  5.41s/it]
 65%|██████▌   | 5324/8189 [8:15:06<4:15:31,  5.35s/it]
 65%|██████▌   | 5325/8189 [8:15:11<4:13:18,  5.31s/it]
 65%|██████▌   | 5326/8189 [8:15:16<4:02:24,  5.08s/it]
 65%|██████▌   | 5327/8189 [8:15:21<4:04:30,  5.13s/it]
 65%|██████▌   | 5328/8189 [8:15:27<4:16:36,  5.38s/it]
 65%|██████▌   | 5329/8189 [8:15:31<4:02:42,  5.09s/it]
 65%|██████▌   | 5330/8189 [8:15:37<4:06:20,  5.17s/it]
 65%|██████▌   | 5331/8189 [8:15:43<4:15:51,  5.37s/it]
 65%|██████▌   | 5332/8189 [8:15:47<4:04:02,  5.13s/it]
 65%|██████▌   | 5333/8189 [8:15:52<4:03:21,  5.11s/it]
 65%|██████▌   | 5334/8189 [8:15:58<4:15:26,  5.37s/it]
 65%|██████▌   | 5335/8189 [8:16:04<4:19:02,  5.45s/it]
 65%|██████▌   | 5336/8189 [8:16:10<4:31:10,  5.70s/it]
 65%|██████▌   | 5337/8189 [8:16:16<4:37:05,  5.83s/it]
 65%|██████▌   | 5338/8189 [8:16:22<4:29:15,  5.67s/it]
 65%|██████▌   | 5339/8189 [8:16:28<4:33:17,  5.75s/it]
 65%|██████▌   | 5340/8189 [8:16:33<4:31:17,  5.71s/it]
 65%|██████▌   | 5341/8189 [8:16:39<4:32:08,  5.73s/it]
 65%|██████▌   | 5342/8189 [8:16:45<4:41:09,  5.93s/it]
 65%|██████▌   | 5343/8189 [8:16:52<4:48:08,  6.07s/it]
 65%|██████▌   | 5344/8189 [8:16:57<4:35:45,  5.82s/it]
 65%|██████▌   | 5345/8189 [8:17:03<4:35:32,  5.81s/it]
 65%|██████▌   | 5346/8189 [8:17:08<4:24:06,  5.57s/it]
 65%|██████▌   | 5347/8189 [8:17:11<3:57:16,  5.01s/it]
 65%|██████▌   | 5348/8189 [8:17:16<3:55:08,  4.97s/it]
 65%|██████▌   | 5349/8189 [8:17:23<4:13:11,  5.35s/it]
 65%|██████▌   | 5350/8189 [8:17:28<4:13:58,  5.37s/it]
 65%|██████▌   | 5351/8189 [8:17:34<4:23:38,  5.57s/it]
 65%|██████▌   | 5352/8189 [8:17:40<4:31:11,  5.74s/it]
 65%|██████▌   | 5353/8189 [8:17:46<4:29:07,  5.69s/it]
 65%|██████▌   | 5354/8189 [8:17:51<4:22:01,  5.55s/it]
 65%|██████▌   | 5355/8189 [8:17:55<4:02:11,  5.13s/it]
 65%|██████▌   | 5356/8189 [8:18:01<4:09:40,  5.29s/it]
 65%|██████▌   | 5357/8189 [8:18:07<4:16:20,  5.43s/it]
 65%|██████▌   | 5358/8189 [8:18:12<4:20:58,  5.53s/it]
 65%|██████▌   | 5359/8189 [8:18:18<4:28:39,  5.70s/it]
 65%|██████▌   | 5360/8189 [8:18:25<4:40:33,  5.95s/it]
 65%|██████▌   | 5361/8189 [8:18:31<4:37:28,  5.89s/it]
 65%|██████▌   | 5362/8189 [8:18:36<4:25:28,  5.63s/it]
 65%|██████▌   | 5363/8189 [8:18:42<4:32:58,  5.80s/it]
 66%|██████▌   | 5364/8189 [8:18:48<4:33:24,  5.81s/it]
 66%|██████▌   | 5365/8189 [8:18:53<4:21:58,  5.57s/it]
 66%|██████▌   | 5366/8189 [8:18:58<4:19:28,  5.51s/it]
 66%|██████▌   | 5367/8189 [8:19:04<4:30:13,  5.75s/it]
 66%|██████▌   | 5368/8189 [8:19:10<4:28:31,  5.71s/it]
 66%|██████▌   | 5369/8189 [8:19:15<4:20:52,  5.55s/it]
 66%|██████▌   | 5370/8189 [8:19:20<4:12:46,  5.38s/it]
 66%|██████▌   | 5371/8189 [8:19:25<4:03:36,  5.19s/it]
 66%|██████▌   | 5372/8189 [8:19:30<4:06:31,  5.25s/it]
 66%|██████▌   | 5373/8189 [8:19:36<4:07:11,  5.27s/it]
 66%|██████▌   | 5374/8189 [8:19:41<4:07:44,  5.28s/it]
 66%|██████▌   | 5375/8189 [8:19:47<4:12:07,  5.38s/it]
 66%|██████▌   | 5376/8189 [8:19:53<4:24:21,  5.64s/it]
 66%|██████▌   | 5377/8189 [8:19:59<4:32:37,  5.82s/it]
 66%|██████▌   | 5378/8189 [8:20:03<4:12:41,  5.39s/it]
 66%|██████▌   | 5379/8189 [8:20:10<4:31:25,  5.80s/it]
 66%|██████▌   | 5380/8189 [8:20:16<4:34:40,  5.87s/it]
 66%|██████▌   | 5381/8189 [8:20:21<4:23:29,  5.63s/it]
 66%|██████▌   | 5382/8189 [8:20:27<4:24:00,  5.64s/it]
 66%|██████▌   | 5383/8189 [8:20:33<4:29:02,  5.75s/it]
 66%|██████▌   | 5384/8189 [8:20:39<4:27:40,  5.73s/it]
 66%|██████▌   | 5385/8189 [8:20:44<4:26:19,  5.70s/it]
 66%|██████▌   | 5386/8189 [8:20:49<4:14:17,  5.44s/it]
 66%|██████▌   | 5387/8189 [8:20:55<4:23:33,  5.64s/it]
 66%|██████▌   | 5388/8189 [8:21:01<4:28:11,  5.74s/it]
 66%|██████▌   | 5389/8189 [8:21:07<4:30:35,  5.80s/it]
 66%|██████▌   | 5390/8189 [8:21:13<4:33:27,  5.86s/it]
 66%|██████▌   | 5391/8189 [8:21:19<4:37:19,  5.95s/it]
 66%|██████▌   | 5392/8189 [8:21:25<4:40:41,  6.02s/it]
 66%|██████▌   | 5393/8189 [8:21:31<4:40:25,  6.02s/it]
 66%|██████▌   | 5394/8189 [8:21:37<4:35:34,  5.92s/it]
 66%|██████▌   | 5395/8189 [8:21:42<4:25:32,  5.70s/it]
 66%|██████▌   | 5396/8189 [8:21:48<4:29:18,  5.79s/it]
 66%|██████▌   | 5397/8189 [8:21:54<4:24:47,  5.69s/it]
 66%|██████▌   | 5398/8189 [8:21:59<4:18:52,  5.57s/it]
 66%|██████▌   | 5399/8189 [8:22:03<3:55:21,  5.06s/it]
 66%|██████▌   | 5400/8189 [8:22:09<4:07:19,  5.32s/it]
 66%|██████▌   | 5401/8189 [8:22:15<4:13:43,  5.46s/it]
 66%|██████▌   | 5402/8189 [8:22:21<4:20:45,  5.61s/it]
 66%|██████▌   | 5403/8189 [8:22:26<4:22:56,  5.66s/it]
 66%|██████▌   | 5404/8189 [8:22:33<4:30:59,  5.84s/it]
 66%|██████▌   | 5405/8189 [8:22:38<4:23:21,  5.68s/it]
 66%|██████▌   | 5406/8189 [8:22:44<4:29:56,  5.82s/it]
 66%|██████▌   | 5407/8189 [8:22:49<4:22:54,  5.67s/it]
 66%|██████▌   | 5408/8189 [8:22:55<4:16:14,  5.53s/it]
 66%|██████▌   | 5409/8189 [8:23:00<4:17:40,  5.56s/it]
 66%|██████▌   | 5410/8189 [8:23:05<4:12:17,  5.45s/it]
 66%|██████▌   | 5411/8189 [8:23:11<4:10:35,  5.41s/it]
 66%|██████▌   | 5412/8189 [8:23:16<4:10:29,  5.41s/it]
 66%|██████▌   | 5413/8189 [8:23:22<4:10:48,  5.42s/it]
 66%|██████▌   | 5414/8189 [8:23:28<4:21:47,  5.66s/it]
 66%|██████▌   | 5415/8189 [8:23:34<4:27:20,  5.78s/it]
 66%|██████▌   | 5416/8189 [8:23:40<4:30:16,  5.85s/it]
 66%|██████▌   | 5417/8189 [8:23:46<4:37:28,  6.01s/it]
 66%|██████▌   | 5418/8189 [8:23:52<4:39:11,  6.05s/it]
 66%|██████▌   | 5419/8189 [8:23:58<4:31:51,  5.89s/it]
 66%|██████▌   | 5420/8189 [8:24:04<4:34:25,  5.95s/it]
 66%|██████▌   | 5421/8189 [8:24:10<4:36:46,  6.00s/it]
 66%|██████▌   | 5422/8189 [8:24:16<4:39:09,  6.05s/it]
 66%|██████▌   | 5423/8189 [8:24:22<4:31:08,  5.88s/it]
 66%|██████▌   | 5424/8189 [8:24:28<4:32:14,  5.91s/it]
 66%|██████▌   | 5425/8189 [8:24:34<4:35:08,  5.97s/it]
 66%|██████▋   | 5426/8189 [8:24:39<4:23:21,  5.72s/it]
 66%|██████▋   | 5427/8189 [8:24:45<4:31:04,  5.89s/it]
 66%|██████▋   | 5428/8189 [8:24:51<4:26:13,  5.79s/it]
 66%|██████▋   | 5429/8189 [8:24:56<4:10:18,  5.44s/it]
 66%|██████▋   | 5430/8189 [8:25:01<4:13:01,  5.50s/it]
 66%|██████▋   | 5431/8189 [8:25:07<4:18:32,  5.62s/it]
 66%|██████▋   | 5432/8189 [8:25:13<4:17:46,  5.61s/it]
 66%|██████▋   | 5433/8189 [8:25:19<4:26:04,  5.79s/it]
 66%|██████▋   | 5434/8189 [8:25:24<4:23:22,  5.74s/it]
 66%|██████▋   | 5435/8189 [8:25:30<4:23:26,  5.74s/it]
 66%|██████▋   | 5436/8189 [8:25:36<4:26:11,  5.80s/it]
 66%|██████▋   | 5437/8189 [8:25:41<4:17:37,  5.62s/it]
 66%|██████▋   | 5438/8189 [8:25:47<4:21:12,  5.70s/it]
 66%|██████▋   | 5439/8189 [8:25:52<4:13:52,  5.54s/it]
 66%|██████▋   | 5440/8189 [8:25:58<4:19:11,  5.66s/it]
 66%|██████▋   | 5441/8189 [8:26:04<4:24:42,  5.78s/it]
 66%|██████▋   | 5442/8189 [8:26:10<4:23:08,  5.75s/it]
 66%|██████▋   | 5443/8189 [8:26:16<4:31:26,  5.93s/it]
 66%|██████▋   | 5444/8189 [8:26:22<4:28:40,  5.87s/it]
 66%|██████▋   | 5445/8189 [8:26:28<4:31:57,  5.95s/it]
 67%|██████▋   | 5446/8189 [8:26:34<4:30:59,  5.93s/it]
 67%|██████▋   | 5447/8189 [8:26:40<4:28:00,  5.86s/it]
 67%|██████▋   | 5448/8189 [8:26:45<4:22:22,  5.74s/it]
 67%|██████▋   | 5449/8189 [8:26:51<4:27:18,  5.85s/it]
 67%|██████▋   | 5450/8189 [8:26:57<4:27:43,  5.86s/it]
 67%|██████▋   | 5451/8189 [8:27:03<4:26:04,  5.83s/it]
 67%|██████▋   | 5452/8189 [8:27:08<4:18:18,  5.66s/it]
 67%|██████▋   | 5453/8189 [8:27:14<4:21:04,  5.73s/it]
 67%|██████▋   | 5454/8189 [8:27:20<4:20:32,  5.72s/it]
 67%|██████▋   | 5455/8189 [8:27:25<4:08:44,  5.46s/it]
 67%|██████▋   | 5456/8189 [8:27:30<4:00:19,  5.28s/it]
 67%|██████▋   | 5457/8189 [8:27:34<3:51:32,  5.08s/it]
 67%|██████▋   | 5458/8189 [8:27:41<4:07:03,  5.43s/it]
 67%|██████▋   | 5459/8189 [8:27:44<3:38:55,  4.81s/it]
 67%|██████▋   | 5460/8189 [8:27:49<3:47:03,  4.99s/it]
 67%|██████▋   | 5461/8189 [8:27:56<4:04:21,  5.37s/it]
 67%|██████▋   | 5462/8189 [8:28:02<4:15:55,  5.63s/it]
 67%|██████▋   | 5463/8189 [8:28:07<4:15:02,  5.61s/it]
 67%|██████▋   | 5464/8189 [8:28:13<4:17:25,  5.67s/it]
 67%|██████▋   | 5465/8189 [8:28:19<4:20:07,  5.73s/it]
 67%|██████▋   | 5466/8189 [8:28:25<4:22:13,  5.78s/it]
 67%|██████▋   | 5467/8189 [8:28:31<4:25:43,  5.86s/it]
 67%|██████▋   | 5468/8189 [8:28:37<4:25:09,  5.85s/it]
 67%|██████▋   | 5469/8189 [8:28:42<4:19:20,  5.72s/it]
 67%|██████▋   | 5470/8189 [8:28:48<4:21:27,  5.77s/it]
 67%|██████▋   | 5471/8189 [8:28:53<4:15:19,  5.64s/it]
 67%|██████▋   | 5472/8189 [8:28:59<4:20:39,  5.76s/it]
 67%|██████▋   | 5473/8189 [8:29:04<4:06:27,  5.44s/it]
 67%|██████▋   | 5474/8189 [8:29:10<4:11:02,  5.55s/it]
 67%|██████▋   | 5475/8189 [8:29:16<4:14:28,  5.63s/it]
 67%|██████▋   | 5476/8189 [8:29:21<4:12:41,  5.59s/it]
 67%|██████▋   | 5477/8189 [8:29:26<4:06:47,  5.46s/it]
 67%|██████▋   | 5478/8189 [8:29:32<4:03:33,  5.39s/it]
 67%|██████▋   | 5479/8189 [8:29:37<3:58:49,  5.29s/it]
 67%|██████▋   | 5480/8189 [8:29:43<4:06:15,  5.45s/it]
 67%|██████▋   | 5481/8189 [8:29:48<4:01:54,  5.36s/it]
 67%|██████▋   | 5482/8189 [8:29:54<4:07:49,  5.49s/it]
 67%|██████▋   | 5483/8189 [8:30:00<4:18:50,  5.74s/it]
 67%|██████▋   | 5484/8189 [8:30:06<4:29:31,  5.98s/it]
 67%|██████▋   | 5485/8189 [8:30:13<4:33:40,  6.07s/it]
 67%|██████▋   | 5486/8189 [8:30:18<4:28:00,  5.95s/it]
 67%|██████▋   | 5487/8189 [8:30:24<4:28:38,  5.97s/it]
 67%|██████▋   | 5488/8189 [8:30:30<4:24:48,  5.88s/it]
 67%|██████▋   | 5489/8189 [8:30:36<4:22:45,  5.84s/it]
 67%|██████▋   | 5490/8189 [8:30:41<4:20:10,  5.78s/it]
 67%|██████▋   | 5491/8189 [8:30:47<4:22:54,  5.85s/it]
 67%|██████▋   | 5492/8189 [8:30:52<4:12:40,  5.62s/it]
 67%|██████▋   | 5493/8189 [8:30:58<4:09:30,  5.55s/it]
 67%|██████▋   | 5494/8189 [8:31:04<4:14:33,  5.67s/it]
 67%|██████▋   | 5495/8189 [8:31:10<4:16:54,  5.72s/it]
 67%|██████▋   | 5496/8189 [8:31:16<4:20:19,  5.80s/it]
 67%|██████▋   | 5497/8189 [8:31:21<4:19:41,  5.79s/it]
 67%|██████▋   | 5498/8189 [8:31:27<4:21:02,  5.82s/it]
 67%|██████▋   | 5499/8189 [8:31:33<4:15:11,  5.69s/it]
 67%|██████▋   | 5500/8189 [8:31:37<3:58:20,  5.32s/it]
 67%|██████▋   | 5501/8189 [8:31:42<3:57:04,  5.29s/it]
 67%|██████▋   | 5502/8189 [8:31:48<3:55:26,  5.26s/it]
 67%|██████▋   | 5503/8189 [8:31:53<3:59:25,  5.35s/it]
 67%|██████▋   | 5504/8189 [8:31:58<3:51:36,  5.18s/it]
 67%|██████▋   | 5505/8189 [8:32:04<4:00:19,  5.37s/it]
 67%|██████▋   | 5506/8189 [8:32:09<4:04:02,  5.46s/it]
 67%|██████▋   | 5507/8189 [8:32:15<4:00:09,  5.37s/it]
 67%|██████▋   | 5508/8189 [8:32:19<3:52:29,  5.20s/it]
 67%|██████▋   | 5509/8189 [8:32:25<4:00:24,  5.38s/it]
 67%|██████▋   | 5510/8189 [8:32:31<4:01:43,  5.41s/it]
 67%|██████▋   | 5511/8189 [8:32:36<4:00:23,  5.39s/it]
 67%|██████▋   | 5512/8189 [8:32:41<3:51:43,  5.19s/it]
 67%|██████▋   | 5513/8189 [8:32:46<3:55:05,  5.27s/it]
 67%|██████▋   | 5514/8189 [8:32:52<4:03:39,  5.47s/it]
 67%|██████▋   | 5515/8189 [8:32:57<3:58:56,  5.36s/it]
 67%|██████▋   | 5516/8189 [8:33:03<3:59:04,  5.37s/it]
 67%|██████▋   | 5517/8189 [8:33:09<4:09:09,  5.59s/it]
 67%|██████▋   | 5518/8189 [8:33:14<4:02:38,  5.45s/it]
 67%|██████▋   | 5519/8189 [8:33:20<4:07:33,  5.56s/it]
 67%|██████▋   | 5520/8189 [8:33:26<4:13:47,  5.71s/it]
 67%|██████▋   | 5521/8189 [8:33:32<4:19:02,  5.83s/it]
 67%|██████▋   | 5522/8189 [8:33:37<4:10:44,  5.64s/it]
 67%|██████▋   | 5523/8189 [8:33:43<4:11:23,  5.66s/it]
 67%|██████▋   | 5524/8189 [8:33:49<4:22:42,  5.91s/it]
 67%|██████▋   | 5525/8189 [8:33:56<4:28:05,  6.04s/it]
 67%|██████▋   | 5526/8189 [8:34:02<4:33:15,  6.16s/it]
 67%|██████▋   | 5527/8189 [8:34:07<4:22:02,  5.91s/it]
 68%|██████▊   | 5528/8189 [8:34:12<4:12:09,  5.69s/it]
 68%|██████▊   | 5529/8189 [8:34:18<4:04:18,  5.51s/it]
 68%|██████▊   | 5530/8189 [8:34:24<4:13:17,  5.72s/it]
 68%|██████▊   | 5531/8189 [8:34:30<4:16:39,  5.79s/it]
 68%|██████▊   | 5532/8189 [8:34:37<4:31:09,  6.12s/it]
 68%|██████▊   | 5533/8189 [8:34:41<4:13:41,  5.73s/it]
 68%|██████▊   | 5534/8189 [8:34:48<4:27:10,  6.04s/it]
 68%|██████▊   | 5535/8189 [8:34:54<4:20:00,  5.88s/it]
 68%|██████▊   | 5536/8189 [8:34:59<4:12:51,  5.72s/it]
 68%|██████▊   | 5537/8189 [8:35:05<4:10:54,  5.68s/it]
 68%|██████▊   | 5538/8189 [8:35:11<4:15:10,  5.78s/it]
 68%|██████▊   | 5539/8189 [8:35:16<4:09:11,  5.64s/it]
 68%|██████▊   | 5540/8189 [8:35:22<4:11:47,  5.70s/it]
 68%|██████▊   | 5541/8189 [8:35:27<4:11:08,  5.69s/it]
 68%|██████▊   | 5542/8189 [8:35:33<4:10:18,  5.67s/it]
 68%|██████▊   | 5543/8189 [8:35:39<4:09:46,  5.66s/it]
 68%|██████▊   | 5544/8189 [8:35:45<4:14:34,  5.77s/it]
 68%|██████▊   | 5545/8189 [8:35:50<4:11:15,  5.70s/it]
 68%|██████▊   | 5546/8189 [8:35:56<4:10:05,  5.68s/it]
 68%|██████▊   | 5547/8189 [8:36:01<4:06:48,  5.60s/it]
 68%|██████▊   | 5548/8189 [8:36:07<4:08:39,  5.65s/it]
 68%|██████▊   | 5549/8189 [8:36:13<4:13:37,  5.76s/it]
 68%|██████▊   | 5550/8189 [8:36:19<4:10:11,  5.69s/it]
 68%|██████▊   | 5551/8189 [8:36:24<4:10:32,  5.70s/it]
 68%|██████▊   | 5552/8189 [8:36:30<4:05:26,  5.58s/it]
 68%|██████▊   | 5553/8189 [8:36:36<4:18:29,  5.88s/it]
 68%|██████▊   | 5554/8189 [8:36:42<4:12:36,  5.75s/it]
 68%|██████▊   | 5555/8189 [8:36:47<4:10:25,  5.70s/it]
 68%|██████▊   | 5556/8189 [8:36:52<3:56:05,  5.38s/it]
 68%|██████▊   | 5557/8189 [8:36:57<3:45:24,  5.14s/it]
 68%|██████▊   | 5558/8189 [8:37:02<3:49:19,  5.23s/it]
 68%|██████▊   | 5559/8189 [8:37:07<3:52:52,  5.31s/it]
 68%|██████▊   | 5560/8189 [8:37:13<3:58:31,  5.44s/it]
 68%|██████▊   | 5561/8189 [8:37:19<4:01:40,  5.52s/it]
 68%|██████▊   | 5562/8189 [8:37:24<3:56:44,  5.41s/it]
 68%|██████▊   | 5563/8189 [8:37:30<4:04:30,  5.59s/it]
 68%|██████▊   | 5564/8189 [8:37:36<4:03:49,  5.57s/it]
 68%|██████▊   | 5565/8189 [8:37:42<4:11:35,  5.75s/it]
 68%|██████▊   | 5566/8189 [8:37:47<4:05:27,  5.61s/it]
 68%|██████▊   | 5567/8189 [8:37:54<4:20:03,  5.95s/it]
 68%|██████▊   | 5568/8189 [8:37:59<4:10:06,  5.73s/it]
 68%|██████▊   | 5569/8189 [8:38:04<4:03:35,  5.58s/it]
 68%|██████▊   | 5570/8189 [8:38:09<3:49:00,  5.25s/it]
 68%|██████▊   | 5571/8189 [8:38:14<3:49:25,  5.26s/it]
 68%|██████▊   | 5572/8189 [8:38:19<3:49:13,  5.26s/it]
 68%|██████▊   | 5573/8189 [8:38:25<3:52:45,  5.34s/it]
 68%|██████▊   | 5574/8189 [8:38:30<3:50:59,  5.30s/it]
 68%|██████▊   | 5575/8189 [8:38:35<3:49:48,  5.27s/it]
 68%|██████▊   | 5576/8189 [8:38:40<3:49:21,  5.27s/it]
 68%|██████▊   | 5577/8189 [8:38:46<3:50:50,  5.30s/it]
 68%|██████▊   | 5578/8189 [8:38:51<3:53:15,  5.36s/it]
 68%|██████▊   | 5579/8189 [8:38:57<3:50:44,  5.30s/it]
 68%|██████▊   | 5580/8189 [8:39:02<3:56:44,  5.44s/it]
 68%|██████▊   | 5581/8189 [8:39:08<4:04:29,  5.62s/it]
 68%|██████▊   | 5582/8189 [8:39:15<4:12:09,  5.80s/it]
 68%|██████▊   | 5583/8189 [8:39:21<4:17:35,  5.93s/it]
 68%|██████▊   | 5584/8189 [8:39:26<4:12:45,  5.82s/it]
 68%|██████▊   | 5585/8189 [8:39:32<4:13:37,  5.84s/it]
 68%|██████▊   | 5586/8189 [8:39:38<4:08:25,  5.73s/it]
 68%|██████▊   | 5587/8189 [8:39:43<4:07:26,  5.71s/it]
 68%|██████▊   | 5588/8189 [8:39:49<4:07:34,  5.71s/it]
 68%|██████▊   | 5589/8189 [8:39:54<3:52:39,  5.37s/it]
 68%|██████▊   | 5590/8189 [8:39:59<3:56:56,  5.47s/it]
 68%|██████▊   | 5591/8189 [8:40:04<3:49:33,  5.30s/it]
 68%|██████▊   | 5592/8189 [8:40:10<3:56:13,  5.46s/it]
 68%|██████▊   | 5593/8189 [8:40:17<4:13:33,  5.86s/it]
 68%|██████▊   | 5594/8189 [8:40:23<4:12:33,  5.84s/it]
 68%|██████▊   | 5595/8189 [8:40:29<4:24:08,  6.11s/it]
 68%|██████▊   | 5596/8189 [8:40:35<4:20:46,  6.03s/it]
 68%|██████▊   | 5597/8189 [8:40:41<4:23:03,  6.09s/it]
 68%|██████▊   | 5598/8189 [8:40:46<4:06:49,  5.72s/it]
 68%|██████▊   | 5599/8189 [8:40:52<4:10:06,  5.79s/it]
 68%|██████▊   | 5600/8189 [8:40:59<4:17:37,  5.97s/it]
 68%|██████▊   | 5601/8189 [8:41:05<4:17:32,  5.97s/it]
 68%|██████▊   | 5602/8189 [8:41:10<4:11:52,  5.84s/it]
 68%|██████▊   | 5603/8189 [8:41:17<4:21:43,  6.07s/it]
 68%|██████▊   | 5604/8189 [8:41:23<4:17:33,  5.98s/it]
 68%|██████▊   | 5605/8189 [8:41:28<4:13:02,  5.88s/it]
 68%|██████▊   | 5606/8189 [8:41:34<4:12:58,  5.88s/it]
 68%|██████▊   | 5607/8189 [8:41:39<4:06:02,  5.72s/it]
 68%|██████▊   | 5608/8189 [8:41:45<3:58:33,  5.55s/it]
 68%|██████▊   | 5609/8189 [8:41:50<3:55:25,  5.47s/it]
 69%|██████▊   | 5610/8189 [8:41:56<4:01:44,  5.62s/it]
 69%|██████▊   | 5611/8189 [8:42:02<4:04:51,  5.70s/it]
 69%|██████▊   | 5612/8189 [8:42:07<4:03:17,  5.66s/it]
 69%|██████▊   | 5613/8189 [8:42:13<3:57:25,  5.53s/it]
 69%|██████▊   | 5614/8189 [8:42:18<3:58:29,  5.56s/it]
 69%|██████▊   | 5615/8189 [8:42:24<4:07:21,  5.77s/it]
 69%|██████▊   | 5616/8189 [8:42:30<4:10:26,  5.84s/it]
 69%|██████▊   | 5617/8189 [8:42:36<4:03:29,  5.68s/it]
 69%|██████▊   | 5618/8189 [8:42:40<3:43:32,  5.22s/it]
 69%|██████▊   | 5619/8189 [8:42:46<3:51:09,  5.40s/it]
 69%|██████▊   | 5620/8189 [8:42:51<3:47:51,  5.32s/it]
 69%|██████▊   | 5621/8189 [8:42:56<3:48:53,  5.35s/it]
 69%|██████▊   | 5622/8189 [8:43:02<3:52:49,  5.44s/it]
 69%|██████▊   | 5623/8189 [8:43:08<4:01:34,  5.65s/it]
 69%|██████▊   | 5624/8189 [8:43:14<4:06:58,  5.78s/it]
 69%|██████▊   | 5625/8189 [8:43:20<4:11:28,  5.88s/it]
 69%|██████▊   | 5626/8189 [8:43:26<4:06:14,  5.76s/it]
 69%|██████▊   | 5627/8189 [8:43:32<4:10:58,  5.88s/it]
 69%|██████▊   | 5628/8189 [8:43:37<4:06:48,  5.78s/it]
 69%|██████▊   | 5629/8189 [8:43:43<4:09:52,  5.86s/it]
 69%|██████▉   | 5630/8189 [8:43:50<4:13:15,  5.94s/it]
 69%|██████▉   | 5631/8189 [8:43:56<4:16:47,  6.02s/it]
 69%|██████▉   | 5632/8189 [8:44:01<4:02:01,  5.68s/it]
 69%|██████▉   | 5633/8189 [8:44:06<3:56:49,  5.56s/it]
 69%|██████▉   | 5634/8189 [8:44:10<3:38:43,  5.14s/it]
 69%|██████▉   | 5635/8189 [8:44:16<3:44:50,  5.28s/it]
 69%|██████▉   | 5636/8189 [8:44:21<3:44:43,  5.28s/it]
 69%|██████▉   | 5637/8189 [8:44:27<3:50:00,  5.41s/it]
 69%|██████▉   | 5638/8189 [8:44:32<3:52:14,  5.46s/it]
 69%|██████▉   | 5639/8189 [8:44:38<3:55:03,  5.53s/it]
 69%|██████▉   | 5640/8189 [8:44:43<3:52:46,  5.48s/it]
 69%|██████▉   | 5641/8189 [8:44:48<3:47:32,  5.36s/it]
 69%|██████▉   | 5642/8189 [8:44:54<3:52:24,  5.47s/it]
 69%|██████▉   | 5643/8189 [8:45:00<3:57:04,  5.59s/it]
 69%|██████▉   | 5644/8189 [8:45:05<3:42:53,  5.25s/it]
 69%|██████▉   | 5645/8189 [8:45:10<3:47:56,  5.38s/it]
 69%|██████▉   | 5646/8189 [8:45:16<3:49:22,  5.41s/it]
 69%|██████▉   | 5647/8189 [8:45:20<3:41:09,  5.22s/it]
 69%|██████▉   | 5648/8189 [8:45:26<3:39:45,  5.19s/it]
 69%|██████▉   | 5649/8189 [8:45:31<3:45:52,  5.34s/it]
 69%|██████▉   | 5650/8189 [8:45:38<4:00:30,  5.68s/it]
 69%|██████▉   | 5651/8189 [8:45:44<4:06:27,  5.83s/it]
 69%|██████▉   | 5652/8189 [8:45:50<4:10:51,  5.93s/it]
 69%|██████▉   | 5653/8189 [8:45:57<4:20:13,  6.16s/it]
 69%|██████▉   | 5654/8189 [8:46:04<4:34:40,  6.50s/it]
 69%|██████▉   | 5655/8189 [8:46:10<4:32:57,  6.46s/it]
 69%|██████▉   | 5656/8189 [8:46:16<4:25:10,  6.28s/it]
 69%|██████▉   | 5657/8189 [8:46:22<4:12:34,  5.99s/it]
 69%|██████▉   | 5658/8189 [8:46:28<4:21:10,  6.19s/it]
 69%|██████▉   | 5659/8189 [8:46:34<4:18:28,  6.13s/it]
 69%|██████▉   | 5660/8189 [8:46:39<3:58:14,  5.65s/it]
 69%|██████▉   | 5661/8189 [8:46:45<4:02:11,  5.75s/it]
 69%|██████▉   | 5662/8189 [8:46:50<4:02:09,  5.75s/it]
 69%|██████▉   | 5663/8189 [8:46:56<3:58:13,  5.66s/it]
 69%|██████▉   | 5664/8189 [8:47:00<3:34:03,  5.09s/it]
 69%|██████▉   | 5665/8189 [8:47:06<3:47:14,  5.40s/it]
 69%|██████▉   | 5666/8189 [8:47:11<3:44:47,  5.35s/it]
 69%|██████▉   | 5667/8189 [8:47:16<3:40:14,  5.24s/it]
 69%|██████▉   | 5668/8189 [8:47:21<3:34:42,  5.11s/it]
 69%|██████▉   | 5669/8189 [8:47:26<3:32:18,  5.06s/it]
 69%|██████▉   | 5670/8189 [8:47:31<3:39:48,  5.24s/it]
 69%|██████▉   | 5671/8189 [8:47:37<3:49:48,  5.48s/it]
 69%|██████▉   | 5672/8189 [8:47:43<3:55:11,  5.61s/it]
 69%|██████▉   | 5673/8189 [8:47:49<3:50:13,  5.49s/it]
 69%|██████▉   | 5674/8189 [8:47:54<3:46:14,  5.40s/it]
 69%|██████▉   | 5675/8189 [8:47:59<3:46:12,  5.40s/it]
 69%|██████▉   | 5676/8189 [8:48:05<3:45:17,  5.38s/it]
 69%|██████▉   | 5677/8189 [8:48:10<3:49:26,  5.48s/it]
 69%|██████▉   | 5678/8189 [8:48:15<3:46:37,  5.42s/it]
 69%|██████▉   | 5679/8189 [8:48:20<3:30:31,  5.03s/it]
 69%|██████▉   | 5680/8189 [8:48:25<3:30:08,  5.03s/it]
 69%|██████▉   | 5681/8189 [8:48:30<3:39:26,  5.25s/it]
 69%|██████▉   | 5682/8189 [8:48:36<3:45:17,  5.39s/it]
 69%|██████▉   | 5683/8189 [8:48:42<3:47:29,  5.45s/it]
 69%|██████▉   | 5684/8189 [8:48:47<3:51:37,  5.55s/it]
 69%|██████▉   | 5685/8189 [8:48:53<3:48:19,  5.47s/it]
 69%|██████▉   | 5686/8189 [8:48:59<3:52:24,  5.57s/it]
 69%|██████▉   | 5687/8189 [8:49:04<3:48:45,  5.49s/it]
 69%|██████▉   | 5688/8189 [8:49:09<3:42:11,  5.33s/it]
 69%|██████▉   | 5689/8189 [8:49:14<3:40:12,  5.28s/it]
 69%|██████▉   | 5690/8189 [8:49:20<3:46:10,  5.43s/it]
 69%|██████▉   | 5691/8189 [8:49:26<3:57:44,  5.71s/it]
 70%|██████▉   | 5692/8189 [8:49:31<3:51:30,  5.56s/it]
 70%|██████▉   | 5693/8189 [8:49:36<3:39:53,  5.29s/it]
 70%|██████▉   | 5694/8189 [8:49:41<3:40:35,  5.30s/it]
 70%|██████▉   | 5695/8189 [8:49:47<3:48:48,  5.50s/it]
 70%|██████▉   | 5696/8189 [8:49:54<4:02:38,  5.84s/it]
 70%|██████▉   | 5697/8189 [8:49:59<3:54:20,  5.64s/it]
 70%|██████▉   | 5698/8189 [8:50:05<4:00:42,  5.80s/it]
 70%|██████▉   | 5699/8189 [8:50:10<3:52:04,  5.59s/it]
 70%|██████▉   | 5700/8189 [8:50:16<3:54:34,  5.65s/it]
 70%|██████▉   | 5701/8189 [8:50:22<4:01:14,  5.82s/it]
 70%|██████▉   | 5702/8189 [8:50:28<3:53:10,  5.63s/it]
 70%|██████▉   | 5703/8189 [8:50:33<3:56:24,  5.71s/it]
 70%|██████▉   | 5704/8189 [8:50:39<3:56:08,  5.70s/it]
 70%|██████▉   | 5705/8189 [8:50:44<3:47:58,  5.51s/it]
 70%|██████▉   | 5706/8189 [8:50:49<3:42:59,  5.39s/it]
 70%|██████▉   | 5707/8189 [8:50:55<3:45:55,  5.46s/it]
 70%|██████▉   | 5708/8189 [8:51:00<3:40:48,  5.34s/it]
 70%|██████▉   | 5709/8189 [8:51:06<3:47:45,  5.51s/it]
 70%|██████▉   | 5710/8189 [8:51:13<4:01:33,  5.85s/it]
 70%|██████▉   | 5711/8189 [8:51:18<3:59:20,  5.80s/it]
 70%|██████▉   | 5712/8189 [8:51:24<4:01:37,  5.85s/it]
 70%|██████▉   | 5713/8189 [8:51:30<4:01:51,  5.86s/it]
 70%|██████▉   | 5714/8189 [8:51:36<4:02:42,  5.88s/it]
 70%|██████▉   | 5715/8189 [8:51:41<3:53:38,  5.67s/it]
 70%|██████▉   | 5716/8189 [8:51:47<3:51:06,  5.61s/it]
 70%|██████▉   | 5717/8189 [8:51:51<3:36:21,  5.25s/it]
 70%|██████▉   | 5718/8189 [8:51:57<3:41:38,  5.38s/it]
 70%|██████▉   | 5719/8189 [8:52:03<3:45:42,  5.48s/it]
 70%|██████▉   | 5720/8189 [8:52:08<3:47:22,  5.53s/it]
 70%|██████▉   | 5721/8189 [8:52:14<3:48:45,  5.56s/it]
 70%|██████▉   | 5722/8189 [8:52:20<3:51:18,  5.63s/it]
 70%|██████▉   | 5723/8189 [8:52:25<3:44:31,  5.46s/it]
 70%|██████▉   | 5724/8189 [8:52:31<4:01:42,  5.88s/it]
 70%|██████▉   | 5725/8189 [8:52:37<3:51:34,  5.64s/it]
 70%|██████▉   | 5726/8189 [8:52:42<3:48:03,  5.56s/it]
 70%|██████▉   | 5727/8189 [8:52:48<3:48:47,  5.58s/it]
 70%|██████▉   | 5728/8189 [8:52:54<4:00:50,  5.87s/it]
 70%|██████▉   | 5729/8189 [8:53:01<4:15:16,  6.23s/it]
 70%|██████▉   | 5730/8189 [8:53:08<4:19:20,  6.33s/it]
 70%|██████▉   | 5731/8189 [8:53:14<4:16:29,  6.26s/it]
 70%|██████▉   | 5732/8189 [8:53:20<4:14:28,  6.21s/it]
 70%|███████   | 5733/8189 [8:53:26<4:13:25,  6.19s/it]
 70%|███████   | 5734/8189 [8:53:32<4:10:46,  6.13s/it]
 70%|███████   | 5735/8189 [8:53:38<4:08:24,  6.07s/it]
 70%|███████   | 5736/8189 [8:53:45<4:18:07,  6.31s/it]
 70%|███████   | 5737/8189 [8:53:51<4:18:23,  6.32s/it]
 70%|███████   | 5738/8189 [8:53:57<4:08:25,  6.08s/it]
 70%|███████   | 5739/8189 [8:54:02<4:03:28,  5.96s/it]
 70%|███████   | 5740/8189 [8:54:08<4:04:00,  5.98s/it]
 70%|███████   | 5741/8189 [8:54:14<3:54:12,  5.74s/it]
 70%|███████   | 5742/8189 [8:54:19<3:53:47,  5.73s/it]
 70%|███████   | 5743/8189 [8:54:26<4:01:23,  5.92s/it]
 70%|███████   | 5744/8189 [8:54:31<3:57:45,  5.83s/it]
 70%|███████   | 5745/8189 [8:54:38<4:03:58,  5.99s/it]
 70%|███████   | 5746/8189 [8:54:43<3:56:52,  5.82s/it]
 70%|███████   | 5747/8189 [8:54:49<3:57:48,  5.84s/it]
 70%|███████   | 5748/8189 [8:54:55<3:57:28,  5.84s/it]
 70%|███████   | 5749/8189 [8:55:01<4:00:29,  5.91s/it]
 70%|███████   | 5750/8189 [8:55:06<3:46:44,  5.58s/it]
 70%|███████   | 5751/8189 [8:55:11<3:40:40,  5.43s/it]
 70%|███████   | 5752/8189 [8:55:17<3:47:13,  5.59s/it]
 70%|███████   | 5753/8189 [8:55:22<3:38:30,  5.38s/it]
 70%|███████   | 5754/8189 [8:55:27<3:38:05,  5.37s/it]
 70%|███████   | 5755/8189 [8:55:32<3:38:20,  5.38s/it]
 70%|███████   | 5756/8189 [8:55:38<3:43:10,  5.50s/it]
 70%|███████   | 5757/8189 [8:55:44<3:46:11,  5.58s/it]
 70%|███████   | 5758/8189 [8:55:49<3:44:06,  5.53s/it]
 70%|███████   | 5759/8189 [8:55:55<3:44:11,  5.54s/it]
 70%|███████   | 5760/8189 [8:56:00<3:41:27,  5.47s/it]
 70%|███████   | 5761/8189 [8:56:06<3:39:01,  5.41s/it]
 70%|███████   | 5762/8189 [8:56:11<3:35:05,  5.32s/it]
 70%|███████   | 5763/8189 [8:56:16<3:38:41,  5.41s/it]
 70%|███████   | 5764/8189 [8:56:22<3:36:54,  5.37s/it]
 70%|███████   | 5765/8189 [8:56:27<3:35:30,  5.33s/it]
 70%|███████   | 5766/8189 [8:56:32<3:38:00,  5.40s/it]
 70%|███████   | 5767/8189 [8:56:39<3:49:32,  5.69s/it]
 70%|███████   | 5768/8189 [8:56:44<3:49:41,  5.69s/it]
 70%|███████   | 5769/8189 [8:56:49<3:41:42,  5.50s/it]
 70%|███████   | 5770/8189 [8:56:55<3:37:58,  5.41s/it]
 70%|███████   | 5771/8189 [8:57:00<3:43:20,  5.54s/it]
 70%|███████   | 5772/8189 [8:57:06<3:45:12,  5.59s/it]
 70%|███████   | 5773/8189 [8:57:12<3:51:30,  5.75s/it]
 71%|███████   | 5774/8189 [8:57:17<3:44:36,  5.58s/it]
 71%|███████   | 5775/8189 [8:57:24<3:51:47,  5.76s/it]
 71%|███████   | 5776/8189 [8:57:29<3:51:27,  5.76s/it]
 71%|███████   | 5777/8189 [8:57:36<3:55:58,  5.87s/it]
 71%|███████   | 5778/8189 [8:57:41<3:50:37,  5.74s/it]
 71%|███████   | 5779/8189 [8:57:46<3:42:06,  5.53s/it]
 71%|███████   | 5780/8189 [8:57:52<3:46:20,  5.64s/it]
 71%|███████   | 5781/8189 [8:57:57<3:43:23,  5.57s/it]
 71%|███████   | 5782/8189 [8:58:03<3:46:04,  5.64s/it]
 71%|███████   | 5783/8189 [8:58:09<3:45:37,  5.63s/it]
 71%|███████   | 5784/8189 [8:58:13<3:28:02,  5.19s/it]
 71%|███████   | 5785/8189 [8:58:18<3:29:18,  5.22s/it]
 71%|███████   | 5786/8189 [8:58:23<3:21:17,  5.03s/it]
 71%|███████   | 5787/8189 [8:58:28<3:22:39,  5.06s/it]
 71%|███████   | 5788/8189 [8:58:32<3:15:13,  4.88s/it]
 71%|███████   | 5789/8189 [8:58:38<3:18:37,  4.97s/it]
 71%|███████   | 5790/8189 [8:58:43<3:20:51,  5.02s/it]
 71%|███████   | 5791/8189 [8:58:48<3:24:32,  5.12s/it]
 71%|███████   | 5792/8189 [8:58:54<3:35:22,  5.39s/it]
 71%|███████   | 5793/8189 [8:59:00<3:37:54,  5.46s/it]
 71%|███████   | 5794/8189 [8:59:04<3:20:57,  5.03s/it]
 71%|███████   | 5795/8189 [8:59:09<3:27:21,  5.20s/it]
 71%|███████   | 5796/8189 [8:59:16<3:40:00,  5.52s/it]
 71%|███████   | 5797/8189 [8:59:22<3:54:53,  5.89s/it]
 71%|███████   | 5798/8189 [8:59:28<3:54:08,  5.88s/it]
 71%|███████   | 5799/8189 [8:59:33<3:45:50,  5.67s/it]
 71%|███████   | 5800/8189 [8:59:38<3:34:37,  5.39s/it]
 71%|███████   | 5801/8189 [8:59:43<3:26:29,  5.19s/it]
 71%|███████   | 5802/8189 [8:59:48<3:31:44,  5.32s/it]
 71%|███████   | 5803/8189 [8:59:54<3:29:39,  5.27s/it]
 71%|███████   | 5804/8189 [8:59:59<3:37:06,  5.46s/it]
 71%|███████   | 5805/8189 [9:00:04<3:27:50,  5.23s/it]
 71%|███████   | 5806/8189 [9:00:10<3:29:08,  5.27s/it]
 71%|███████   | 5807/8189 [9:00:15<3:36:08,  5.44s/it]
 71%|███████   | 5808/8189 [9:00:20<3:31:55,  5.34s/it]
 71%|███████   | 5809/8189 [9:00:26<3:37:58,  5.50s/it]
 71%|███████   | 5810/8189 [9:00:33<3:47:21,  5.73s/it]
 71%|███████   | 5811/8189 [9:00:38<3:42:41,  5.62s/it]
 71%|███████   | 5812/8189 [9:00:43<3:40:07,  5.56s/it]
 71%|███████   | 5813/8189 [9:00:49<3:37:26,  5.49s/it]
 71%|███████   | 5814/8189 [9:00:54<3:36:36,  5.47s/it]
 71%|███████   | 5815/8189 [9:01:00<3:38:23,  5.52s/it]
 71%|███████   | 5816/8189 [9:01:05<3:38:26,  5.52s/it]
 71%|███████   | 5817/8189 [9:01:11<3:36:13,  5.47s/it]
 71%|███████   | 5818/8189 [9:01:16<3:38:36,  5.53s/it]
 71%|███████   | 5819/8189 [9:01:22<3:34:16,  5.42s/it]
 71%|███████   | 5820/8189 [9:01:27<3:38:46,  5.54s/it]
 71%|███████   | 5821/8189 [9:01:34<3:46:20,  5.73s/it]
 71%|███████   | 5822/8189 [9:01:39<3:44:47,  5.70s/it]
 71%|███████   | 5823/8189 [9:01:44<3:36:25,  5.49s/it]
 71%|███████   | 5824/8189 [9:01:50<3:41:24,  5.62s/it]
 71%|███████   | 5825/8189 [9:01:56<3:49:25,  5.82s/it]
 71%|███████   | 5826/8189 [9:02:02<3:42:58,  5.66s/it]
 71%|███████   | 5827/8189 [9:02:07<3:38:17,  5.55s/it]
 71%|███████   | 5828/8189 [9:02:11<3:21:14,  5.11s/it]
 71%|███████   | 5829/8189 [9:02:16<3:22:34,  5.15s/it]
 71%|███████   | 5830/8189 [9:02:22<3:26:09,  5.24s/it]
 71%|███████   | 5831/8189 [9:02:26<3:16:09,  4.99s/it]
 71%|███████   | 5832/8189 [9:02:31<3:15:34,  4.98s/it]
 71%|███████   | 5833/8189 [9:02:37<3:22:48,  5.16s/it]
 71%|███████   | 5834/8189 [9:02:42<3:21:41,  5.14s/it]
 71%|███████▏  | 5835/8189 [9:02:47<3:24:27,  5.21s/it]
 71%|███████▏  | 5836/8189 [9:02:54<3:38:45,  5.58s/it]
 71%|███████▏  | 5837/8189 [9:03:00<3:45:06,  5.74s/it]
 71%|███████▏  | 5838/8189 [9:03:05<3:38:32,  5.58s/it]
 71%|███████▏  | 5839/8189 [9:03:11<3:39:23,  5.60s/it]
 71%|███████▏  | 5840/8189 [9:03:17<3:51:27,  5.91s/it]
 71%|███████▏  | 5841/8189 [9:03:23<3:53:37,  5.97s/it]
 71%|███████▏  | 5842/8189 [9:03:28<3:42:21,  5.68s/it]
 71%|███████▏  | 5843/8189 [9:03:34<3:39:43,  5.62s/it]
 71%|███████▏  | 5844/8189 [9:03:40<3:46:35,  5.80s/it]
 71%|███████▏  | 5845/8189 [9:03:46<3:50:34,  5.90s/it]
 71%|███████▏  | 5846/8189 [9:03:53<3:58:42,  6.11s/it]
 71%|███████▏  | 5847/8189 [9:03:59<3:56:41,  6.06s/it]
 71%|███████▏  | 5848/8189 [9:04:04<3:52:15,  5.95s/it]
 71%|███████▏  | 5849/8189 [9:04:10<3:45:12,  5.77s/it]
 71%|███████▏  | 5850/8189 [9:04:15<3:39:27,  5.63s/it]
 71%|███████▏  | 5851/8189 [9:04:21<3:42:48,  5.72s/it]
 71%|███████▏  | 5852/8189 [9:04:26<3:40:24,  5.66s/it]
 71%|███████▏  | 5853/8189 [9:04:31<3:31:12,  5.43s/it]
 71%|███████▏  | 5854/8189 [9:04:37<3:35:09,  5.53s/it]
 71%|███████▏  | 5855/8189 [9:04:43<3:39:26,  5.64s/it]
 72%|███████▏  | 5856/8189 [9:04:49<3:47:39,  5.85s/it]
 72%|███████▏  | 5857/8189 [9:04:56<3:52:04,  5.97s/it]
 72%|███████▏  | 5858/8189 [9:05:01<3:42:07,  5.72s/it]
 72%|███████▏  | 5859/8189 [9:05:07<3:42:53,  5.74s/it]
 72%|███████▏  | 5860/8189 [9:05:13<3:45:35,  5.81s/it]
 72%|███████▏  | 5861/8189 [9:05:18<3:42:45,  5.74s/it]
 72%|███████▏  | 5862/8189 [9:05:24<3:43:14,  5.76s/it]
 72%|███████▏  | 5863/8189 [9:05:29<3:32:55,  5.49s/it]
 72%|███████▏  | 5864/8189 [9:05:34<3:35:11,  5.55s/it]
 72%|███████▏  | 5865/8189 [9:05:41<3:42:14,  5.74s/it]
 72%|███████▏  | 5866/8189 [9:05:47<3:48:46,  5.91s/it]
 72%|███████▏  | 5867/8189 [9:05:53<3:49:21,  5.93s/it]
 72%|███████▏  | 5868/8189 [9:05:58<3:43:33,  5.78s/it]
 72%|███████▏  | 5869/8189 [9:06:05<3:48:23,  5.91s/it]
 72%|███████▏  | 5870/8189 [9:06:10<3:47:50,  5.89s/it]
 72%|███████▏  | 5871/8189 [9:06:17<3:53:39,  6.05s/it]
 72%|███████▏  | 5872/8189 [9:06:23<3:52:24,  6.02s/it]
 72%|███████▏  | 5873/8189 [9:06:29<3:52:11,  6.02s/it]
 72%|███████▏  | 5874/8189 [9:06:35<3:50:51,  5.98s/it]
 72%|███████▏  | 5875/8189 [9:06:41<3:49:20,  5.95s/it]
 72%|███████▏  | 5876/8189 [9:06:46<3:43:47,  5.81s/it]
 72%|███████▏  | 5877/8189 [9:06:51<3:39:53,  5.71s/it]
 72%|███████▏  | 5878/8189 [9:06:55<3:16:59,  5.11s/it]
 72%|███████▏  | 5879/8189 [9:07:01<3:25:34,  5.34s/it]
 72%|███████▏  | 5880/8189 [9:07:06<3:24:12,  5.31s/it]
 72%|███████▏  | 5881/8189 [9:07:12<3:26:21,  5.36s/it]
 72%|███████▏  | 5882/8189 [9:07:17<3:20:05,  5.20s/it]
 72%|███████▏  | 5883/8189 [9:07:22<3:17:05,  5.13s/it]
 72%|███████▏  | 5884/8189 [9:07:27<3:14:53,  5.07s/it]
 72%|███████▏  | 5885/8189 [9:07:31<3:10:32,  4.96s/it]
 72%|███████▏  | 5886/8189 [9:07:37<3:19:20,  5.19s/it]
 72%|███████▏  | 5887/8189 [9:07:42<3:22:37,  5.28s/it]
 72%|███████▏  | 5888/8189 [9:07:48<3:30:52,  5.50s/it]
 72%|███████▏  | 5889/8189 [9:07:54<3:27:21,  5.41s/it]
 72%|███████▏  | 5890/8189 [9:07:59<3:21:51,  5.27s/it]
 72%|███████▏  | 5891/8189 [9:08:05<3:30:47,  5.50s/it]
 72%|███████▏  | 5892/8189 [9:08:09<3:22:48,  5.30s/it]
 72%|███████▏  | 5893/8189 [9:08:16<3:31:23,  5.52s/it]
 72%|███████▏  | 5894/8189 [9:08:21<3:27:04,  5.41s/it]
 72%|███████▏  | 5895/8189 [9:08:26<3:29:16,  5.47s/it]
 72%|███████▏  | 5896/8189 [9:08:32<3:28:14,  5.45s/it]
 72%|███████▏  | 5897/8189 [9:08:37<3:27:17,  5.43s/it]
 72%|███████▏  | 5898/8189 [9:08:42<3:18:59,  5.21s/it]
 72%|███████▏  | 5899/8189 [9:08:46<3:10:41,  5.00s/it]
 72%|███████▏  | 5900/8189 [9:08:52<3:21:02,  5.27s/it]
 72%|███████▏  | 5901/8189 [9:08:57<3:19:25,  5.23s/it]
 72%|███████▏  | 5902/8189 [9:09:03<3:29:29,  5.50s/it]
 72%|███████▏  | 5903/8189 [9:09:08<3:19:15,  5.23s/it]
 72%|███████▏  | 5904/8189 [9:09:14<3:27:17,  5.44s/it]
 72%|███████▏  | 5905/8189 [9:09:20<3:28:16,  5.47s/it]
 72%|███████▏  | 5906/8189 [9:09:25<3:29:23,  5.50s/it]
 72%|███████▏  | 5907/8189 [9:09:30<3:24:04,  5.37s/it]
 72%|███████▏  | 5908/8189 [9:09:34<3:11:57,  5.05s/it]
 72%|███████▏  | 5909/8189 [9:09:40<3:18:39,  5.23s/it]
 72%|███████▏  | 5910/8189 [9:09:46<3:27:25,  5.46s/it]
 72%|███████▏  | 5911/8189 [9:09:52<3:29:33,  5.52s/it]
 72%|███████▏  | 5912/8189 [9:09:57<3:31:23,  5.57s/it]
 72%|███████▏  | 5913/8189 [9:10:03<3:27:34,  5.47s/it]
 72%|███████▏  | 5914/8189 [9:10:09<3:35:11,  5.68s/it]
 72%|███████▏  | 5915/8189 [9:10:14<3:26:11,  5.44s/it]
 72%|███████▏  | 5916/8189 [9:10:20<3:30:49,  5.57s/it]
 72%|███████▏  | 5917/8189 [9:10:25<3:28:35,  5.51s/it]
 72%|███████▏  | 5918/8189 [9:10:30<3:24:49,  5.41s/it]
 72%|███████▏  | 5919/8189 [9:10:35<3:21:34,  5.33s/it]
 72%|███████▏  | 5920/8189 [9:10:40<3:16:11,  5.19s/it]
 72%|███████▏  | 5921/8189 [9:10:46<3:20:37,  5.31s/it]
 72%|███████▏  | 5922/8189 [9:10:51<3:22:58,  5.37s/it]
 72%|███████▏  | 5923/8189 [9:10:56<3:19:33,  5.28s/it]
 72%|███████▏  | 5924/8189 [9:11:02<3:22:02,  5.35s/it]
 72%|███████▏  | 5925/8189 [9:11:07<3:22:19,  5.36s/it]
 72%|███████▏  | 5926/8189 [9:11:12<3:20:53,  5.33s/it]
 72%|███████▏  | 5927/8189 [9:11:18<3:22:25,  5.37s/it]
 72%|███████▏  | 5928/8189 [9:11:24<3:27:50,  5.52s/it]
 72%|███████▏  | 5929/8189 [9:11:29<3:20:06,  5.31s/it]
 72%|███████▏  | 5930/8189 [9:11:34<3:18:51,  5.28s/it]
 72%|███████▏  | 5931/8189 [9:11:39<3:22:19,  5.38s/it]
 72%|███████▏  | 5932/8189 [9:11:45<3:18:47,  5.28s/it]
 72%|███████▏  | 5933/8189 [9:11:50<3:20:29,  5.33s/it]
 72%|███████▏  | 5934/8189 [9:11:56<3:23:30,  5.42s/it]
 72%|███████▏  | 5935/8189 [9:12:01<3:26:01,  5.48s/it]
 72%|███████▏  | 5936/8189 [9:12:06<3:19:34,  5.32s/it]
 72%|███████▏  | 5937/8189 [9:12:12<3:26:49,  5.51s/it]
 73%|███████▎  | 5938/8189 [9:12:18<3:31:24,  5.64s/it]
 73%|███████▎  | 5939/8189 [9:12:23<3:29:24,  5.58s/it]
 73%|███████▎  | 5940/8189 [9:12:29<3:26:08,  5.50s/it]
 73%|███████▎  | 5941/8189 [9:12:35<3:30:12,  5.61s/it]
 73%|███████▎  | 5942/8189 [9:12:40<3:29:18,  5.59s/it]
 73%|███████▎  | 5943/8189 [9:12:46<3:31:05,  5.64s/it]
 73%|███████▎  | 5944/8189 [9:12:52<3:34:47,  5.74s/it]
 73%|███████▎  | 5945/8189 [9:12:58<3:33:33,  5.71s/it]
 73%|███████▎  | 5946/8189 [9:13:04<3:37:35,  5.82s/it]
 73%|███████▎  | 5947/8189 [9:13:10<3:41:09,  5.92s/it]
 73%|███████▎  | 5948/8189 [9:13:15<3:36:57,  5.81s/it]
 73%|███████▎  | 5949/8189 [9:13:20<3:24:02,  5.47s/it]
 73%|███████▎  | 5950/8189 [9:13:26<3:28:00,  5.57s/it]
 73%|███████▎  | 5951/8189 [9:13:32<3:31:37,  5.67s/it]
 73%|███████▎  | 5952/8189 [9:13:38<3:33:59,  5.74s/it]
 73%|███████▎  | 5953/8189 [9:13:44<3:36:00,  5.80s/it]
 73%|███████▎  | 5954/8189 [9:13:48<3:19:05,  5.34s/it]
 73%|███████▎  | 5955/8189 [9:13:54<3:22:36,  5.44s/it]
 73%|███████▎  | 5956/8189 [9:13:59<3:23:45,  5.47s/it]
 73%|███████▎  | 5957/8189 [9:14:06<3:35:18,  5.79s/it]
 73%|███████▎  | 5958/8189 [9:14:11<3:31:21,  5.68s/it]
 73%|███████▎  | 5959/8189 [9:14:17<3:34:17,  5.77s/it]
 73%|███████▎  | 5960/8189 [9:14:22<3:30:44,  5.67s/it]
 73%|███████▎  | 5961/8189 [9:14:28<3:33:00,  5.74s/it]
 73%|███████▎  | 5962/8189 [9:14:34<3:33:32,  5.75s/it]
 73%|███████▎  | 5963/8189 [9:14:40<3:31:29,  5.70s/it]
 73%|███████▎  | 5964/8189 [9:14:45<3:24:09,  5.51s/it]
 73%|███████▎  | 5965/8189 [9:14:50<3:24:09,  5.51s/it]
 73%|███████▎  | 5966/8189 [9:14:56<3:26:25,  5.57s/it]
 73%|███████▎  | 5967/8189 [9:15:01<3:20:39,  5.42s/it]
 73%|███████▎  | 5968/8189 [9:15:06<3:19:26,  5.39s/it]
 73%|███████▎  | 5969/8189 [9:15:12<3:23:10,  5.49s/it]
 73%|███████▎  | 5970/8189 [9:15:17<3:21:16,  5.44s/it]
 73%|███████▎  | 5971/8189 [9:15:22<3:16:52,  5.33s/it]
 73%|███████▎  | 5972/8189 [9:15:27<3:11:47,  5.19s/it]
 73%|███████▎  | 5973/8189 [9:15:33<3:22:00,  5.47s/it]
 73%|███████▎  | 5974/8189 [9:15:39<3:26:12,  5.59s/it]
 73%|███████▎  | 5975/8189 [9:15:45<3:30:21,  5.70s/it]
 73%|███████▎  | 5976/8189 [9:15:51<3:35:15,  5.84s/it]
 73%|███████▎  | 5977/8189 [9:15:57<3:30:49,  5.72s/it]
 73%|███████▎  | 5978/8189 [9:16:02<3:28:21,  5.65s/it]
 73%|███████▎  | 5979/8189 [9:16:08<3:25:03,  5.57s/it]
 73%|███████▎  | 5980/8189 [9:16:14<3:27:39,  5.64s/it]
 73%|███████▎  | 5981/8189 [9:16:20<3:31:53,  5.76s/it]
 73%|███████▎  | 5982/8189 [9:16:26<3:36:37,  5.89s/it]
 73%|███████▎  | 5983/8189 [9:16:31<3:32:24,  5.78s/it]
 73%|███████▎  | 5984/8189 [9:16:36<3:24:39,  5.57s/it]
 73%|███████▎  | 5985/8189 [9:16:41<3:11:47,  5.22s/it]
 73%|███████▎  | 5986/8189 [9:16:46<3:09:55,  5.17s/it]
 73%|███████▎  | 5987/8189 [9:16:52<3:16:30,  5.35s/it]
 73%|███████▎  | 5988/8189 [9:16:57<3:18:45,  5.42s/it]
 73%|███████▎  | 5989/8189 [9:17:03<3:19:09,  5.43s/it]
 73%|███████▎  | 5990/8189 [9:17:07<3:01:23,  4.95s/it]
 73%|███████▎  | 5991/8189 [9:17:13<3:14:18,  5.30s/it]
 73%|███████▎  | 5992/8189 [9:17:18<3:09:34,  5.18s/it]
 73%|███████▎  | 5993/8189 [9:17:23<3:13:14,  5.28s/it]
 73%|███████▎  | 5994/8189 [9:17:29<3:15:25,  5.34s/it]
 73%|███████▎  | 5995/8189 [9:17:34<3:21:23,  5.51s/it]
 73%|███████▎  | 5996/8189 [9:17:40<3:21:31,  5.51s/it]
 73%|███████▎  | 5997/8189 [9:17:46<3:22:33,  5.54s/it]
 73%|███████▎  | 5998/8189 [9:17:52<3:29:02,  5.72s/it]
 73%|███████▎  | 5999/8189 [9:17:58<3:31:06,  5.78s/it]
 73%|███████▎  | 6000/8189 [9:18:02<3:20:36,  5.50s/it]
                                                       

 73%|███████▎  | 6000/8189 [9:18:02<3:20:36,  5.50s/it]

Batches:   0%|          | 0/9 [00:00<?, ?it/s][A

Batches:  56%|█████▌    | 5/9 [00:00<00:00, 48.34it/s][A
Batches: 100%|██████████| 9/9 [00:00<00:00, 52.70it/s]


Corpus Chunks:   0%|          | 0/1 [00:00<?, ?it/s][A


Batches:   0%|          | 0/9 [00:00<?, ?it/s][A[A


Batches:  67%|██████▋   | 6/9 [00:00<00:00, 53.10it/s][A[A
Batches: 100%|██████████| 9/9 [00:00<00:00, 58.08it/s]


Corpus Chunks: 100%|██████████| 1/1 [00:00<00:00,  6.21it/s][A
Corpus Chunks: 100%|██████████| 1/1 [00:00<00:00,  6.19it/s]


Batches:   0%|          | 0/7 [00:00<?, ?it/s][A

Batches: 100%|██████████| 7/7 [00:00<00:00, 60.81it/s][A
Batches: 100%|██████████| 7/7 [00:00<00:00, 60.38it/s]


Batches:   0%|          | 0/7 [00:00<?, ?it/s][A

Batches:  86%|████████▌ | 6/7 [00:00<00:00, 58.08it/s][A
Batches: 100%|██████████| 7/7 [00:00<00:00, 59.94it/s]


Batches:   0%|          | 0/7 [00:00<?, ?it/s][A
Batches: 100%|██████████| 7/7 [00:00<00:00, 70.40it/s]

                                                       

 73%|███████▎  | 6000/8189 [9:18:04<3:20:36,  5.50s/it]

Writing model shards:   0%|          | 0/1 [00:00<?, ?it/s][A

Writing model shards: 100%|██████████| 1/1 [00:01<00:00,  1.23s/it][A
Writing model shards: 100%|██████████| 1/1 [00:01<00:00,  1.23s/it]

 73%|███████▎  | 6001/8189 [9:18:13<4:17:32,  7.06s/it]
 73%|███████▎  | 6002/8189 [9:18:19<4:08:42,  6.82s/it]
 73%|███████▎  | 6003/8189 [9:18:25<3:53:51,  6.42s/it]
 73%|███████▎  | 6004/8189 [9:18:30<3:35:06,  5.91s/it]
 73%|███████▎  | 6005/8189 [9:18:35<3:34:07,  5.88s/it]
 73%|███████▎  | 6006/8189 [9:18:41<3:30:51,  5.80s/it]
 73%|███████▎  | 6007/8189 [9:18:47<3:29:13,  5.75s/it]
 73%|███████▎  | 6008/8189 [9:18:53<3:34:57,  5.91s/it]
 73%|███████▎  | 6009/8189 [9:18:59<3:31:25,  5.82s/it]
 73%|███████▎  | 6010/8189 [9:19:05<3:34:18,  5.90s/it]
 73%|███████▎  | 6011/8189 [9:19:11<3:34:15,  5.90s/it]
 73%|███████▎  | 6012/8189 [9:19:16<3:32:50,  5.87s/it]
 73%|███████▎  | 6013/8189 [9:19:22<3:24:54,  5.65s/it]
 73%|███████▎  | 6014/8189 [9:19:27<3:22:54,  5.60s/it]
 73%|███████▎  | 6015/8189 [9:19:32<3:20:33,  5.54s/it]
 73%|███████▎  | 6016/8189 [9:19:38<3:19:53,  5.52s/it]
 73%|███████▎  | 6017/8189 [9:19:45<3:37:02,  6.00s/it]
 73%|███████▎  | 6018/8189 [9:19:51<3:37:56,  6.02s/it]
 74%|███████▎  | 6019/8189 [9:19:57<3:39:17,  6.06s/it]
 74%|███████▎  | 6020/8189 [9:20:03<3:35:15,  5.95s/it]
 74%|███████▎  | 6021/8189 [9:20:08<3:27:09,  5.73s/it]
 74%|███████▎  | 6022/8189 [9:20:13<3:22:04,  5.60s/it]
 74%|███████▎  | 6023/8189 [9:20:18<3:15:17,  5.41s/it]
 74%|███████▎  | 6024/8189 [9:20:25<3:23:56,  5.65s/it]
 74%|███████▎  | 6025/8189 [9:20:30<3:23:15,  5.64s/it]
 74%|███████▎  | 6026/8189 [9:20:36<3:26:03,  5.72s/it]
 74%|███████▎  | 6027/8189 [9:20:41<3:22:10,  5.61s/it]
 74%|███████▎  | 6028/8189 [9:20:48<3:35:16,  5.98s/it]
 74%|███████▎  | 6029/8189 [9:20:54<3:30:18,  5.84s/it]
 74%|███████▎  | 6030/8189 [9:21:00<3:28:37,  5.80s/it]
 74%|███████▎  | 6031/8189 [9:21:05<3:27:03,  5.76s/it]
 74%|███████▎  | 6032/8189 [9:21:11<3:23:26,  5.66s/it]
 74%|███████▎  | 6033/8189 [9:21:16<3:24:05,  5.68s/it]
 74%|███████▎  | 6034/8189 [9:21:21<3:17:37,  5.50s/it]
 74%|███████▎  | 6035/8189 [9:21:27<3:23:18,  5.66s/it]
 74%|███████▎  | 6036/8189 [9:21:33<3:18:46,  5.54s/it]
 74%|███████▎  | 6037/8189 [9:21:38<3:13:34,  5.40s/it]
 74%|███████▎  | 6038/8189 [9:21:44<3:19:26,  5.56s/it]
 74%|███████▎  | 6039/8189 [9:21:50<3:24:54,  5.72s/it]
 74%|███████▍  | 6040/8189 [9:21:55<3:24:23,  5.71s/it]
 74%|███████▍  | 6041/8189 [9:22:01<3:22:13,  5.65s/it]
 74%|███████▍  | 6042/8189 [9:22:07<3:22:01,  5.65s/it]
 74%|███████▍  | 6043/8189 [9:22:12<3:22:05,  5.65s/it]
 74%|███████▍  | 6044/8189 [9:22:18<3:18:08,  5.54s/it]
 74%|███████▍  | 6045/8189 [9:22:24<3:23:51,  5.70s/it]
 74%|███████▍  | 6046/8189 [9:22:29<3:22:14,  5.66s/it]
 74%|███████▍  | 6047/8189 [9:22:35<3:26:18,  5.78s/it]
 74%|███████▍  | 6048/8189 [9:22:41<3:25:18,  5.75s/it]
 74%|███████▍  | 6049/8189 [9:22:46<3:17:25,  5.54s/it]
 74%|███████▍  | 6050/8189 [9:22:52<3:17:47,  5.55s/it]
 74%|███████▍  | 6051/8189 [9:22:57<3:13:28,  5.43s/it]
 74%|███████▍  | 6052/8189 [9:23:02<3:12:45,  5.41s/it]
 74%|███████▍  | 6053/8189 [9:23:08<3:13:44,  5.44s/it]
 74%|███████▍  | 6054/8189 [9:23:13<3:10:10,  5.34s/it]
 74%|███████▍  | 6055/8189 [9:23:18<3:04:39,  5.19s/it]
 74%|███████▍  | 6056/8189 [9:23:23<3:09:59,  5.34s/it]
 74%|███████▍  | 6057/8189 [9:23:27<2:57:51,  5.01s/it]
 74%|███████▍  | 6058/8189 [9:23:32<2:55:10,  4.93s/it]
 74%|███████▍  | 6059/8189 [9:23:38<3:04:16,  5.19s/it]
 74%|███████▍  | 6060/8189 [9:23:44<3:12:01,  5.41s/it]
 74%|███████▍  | 6061/8189 [9:23:49<3:12:50,  5.44s/it]
 74%|███████▍  | 6062/8189 [9:23:55<3:13:46,  5.47s/it]
 74%|███████▍  | 6063/8189 [9:24:01<3:17:40,  5.58s/it]
 74%|███████▍  | 6064/8189 [9:24:07<3:19:11,  5.62s/it]
 74%|███████▍  | 6065/8189 [9:24:11<3:08:53,  5.34s/it]
 74%|███████▍  | 6066/8189 [9:24:17<3:10:35,  5.39s/it]
 74%|███████▍  | 6067/8189 [9:24:23<3:15:23,  5.52s/it]
 74%|███████▍  | 6068/8189 [9:24:28<3:14:43,  5.51s/it]
 74%|███████▍  | 6069/8189 [9:24:33<3:10:49,  5.40s/it]
 74%|███████▍  | 6070/8189 [9:24:39<3:14:01,  5.49s/it]
 74%|███████▍  | 6071/8189 [9:24:45<3:21:14,  5.70s/it]
 74%|███████▍  | 6072/8189 [9:24:51<3:22:11,  5.73s/it]
 74%|███████▍  | 6073/8189 [9:24:57<3:24:29,  5.80s/it]
 74%|███████▍  | 6074/8189 [9:25:03<3:28:28,  5.91s/it]
 74%|███████▍  | 6075/8189 [9:25:09<3:33:06,  6.05s/it]
 74%|███████▍  | 6076/8189 [9:25:15<3:28:39,  5.92s/it]
 74%|███████▍  | 6077/8189 [9:25:21<3:23:37,  5.78s/it]
 74%|███████▍  | 6078/8189 [9:25:26<3:23:27,  5.78s/it]
 74%|███████▍  | 6079/8189 [9:25:32<3:25:06,  5.83s/it]
 74%|███████▍  | 6080/8189 [9:25:39<3:31:04,  6.00s/it]
 74%|███████▍  | 6081/8189 [9:25:44<3:28:08,  5.92s/it]
 74%|███████▍  | 6082/8189 [9:25:50<3:24:56,  5.84s/it]
 74%|███████▍  | 6083/8189 [9:25:56<3:25:00,  5.84s/it]
 74%|███████▍  | 6084/8189 [9:26:01<3:19:25,  5.68s/it]
 74%|███████▍  | 6085/8189 [9:26:07<3:22:31,  5.78s/it]
 74%|███████▍  | 6086/8189 [9:26:13<3:25:23,  5.86s/it]
 74%|███████▍  | 6087/8189 [9:26:20<3:29:44,  5.99s/it]
 74%|███████▍  | 6088/8189 [9:26:25<3:25:21,  5.86s/it]
 74%|███████▍  | 6089/8189 [9:26:31<3:24:48,  5.85s/it]
 74%|███████▍  | 6090/8189 [9:26:36<3:16:43,  5.62s/it]
 74%|███████▍  | 6091/8189 [9:26:42<3:17:18,  5.64s/it]
 74%|███████▍  | 6092/8189 [9:26:47<3:16:54,  5.63s/it]
 74%|███████▍  | 6093/8189 [9:26:52<3:09:49,  5.43s/it]
 74%|███████▍  | 6094/8189 [9:26:58<3:17:12,  5.65s/it]
 74%|███████▍  | 6095/8189 [9:27:03<3:10:55,  5.47s/it]
 74%|███████▍  | 6096/8189 [9:27:09<3:09:56,  5.44s/it]
 74%|███████▍  | 6097/8189 [9:27:15<3:13:00,  5.54s/it]
 74%|███████▍  | 6098/8189 [9:27:20<3:14:42,  5.59s/it]
 74%|███████▍  | 6099/8189 [9:27:26<3:17:17,  5.66s/it]
 74%|███████▍  | 6100/8189 [9:27:32<3:22:49,  5.83s/it]
 75%|███████▍  | 6101/8189 [9:27:37<3:13:59,  5.57s/it]
 75%|███████▍  | 6102/8189 [9:27:43<3:17:04,  5.67s/it]
 75%|███████▍  | 6103/8189 [9:27:49<3:13:55,  5.58s/it]
 75%|███████▍  | 6104/8189 [9:27:54<3:13:18,  5.56s/it]
 75%|███████▍  | 6105/8189 [9:28:00<3:18:06,  5.70s/it]
 75%|███████▍  | 6106/8189 [9:28:06<3:24:19,  5.89s/it]
 75%|███████▍  | 6107/8189 [9:28:13<3:30:02,  6.05s/it]
 75%|███████▍  | 6108/8189 [9:28:19<3:31:21,  6.09s/it]
 75%|███████▍  | 6109/8189 [9:28:25<3:26:07,  5.95s/it]
 75%|███████▍  | 6110/8189 [9:28:30<3:14:54,  5.63s/it]
 75%|███████▍  | 6111/8189 [9:28:36<3:19:21,  5.76s/it]
 75%|███████▍  | 6112/8189 [9:28:40<3:02:31,  5.27s/it]
 75%|███████▍  | 6113/8189 [9:28:46<3:07:40,  5.42s/it]
 75%|███████▍  | 6114/8189 [9:28:51<3:11:18,  5.53s/it]
 75%|███████▍  | 6115/8189 [9:28:56<3:07:04,  5.41s/it]
 75%|███████▍  | 6116/8189 [9:29:02<3:03:10,  5.30s/it]
 75%|███████▍  | 6117/8189 [9:29:05<2:48:59,  4.89s/it]
 75%|███████▍  | 6118/8189 [9:29:11<2:52:32,  5.00s/it]
 75%|███████▍  | 6119/8189 [9:29:16<2:57:04,  5.13s/it]
 75%|███████▍  | 6120/8189 [9:29:20<2:46:41,  4.83s/it]
 75%|███████▍  | 6121/8189 [9:29:26<2:56:45,  5.13s/it]
 75%|███████▍  | 6122/8189 [9:29:32<3:05:56,  5.40s/it]
 75%|███████▍  | 6123/8189 [9:29:37<3:01:57,  5.28s/it]
 75%|███████▍  | 6124/8189 [9:29:40<2:40:24,  4.66s/it]
 75%|███████▍  | 6125/8189 [9:29:46<2:50:00,  4.94s/it]
 75%|███████▍  | 6126/8189 [9:29:51<2:54:26,  5.07s/it]
 75%|███████▍  | 6127/8189 [9:29:57<3:02:27,  5.31s/it]
 75%|███████▍  | 6128/8189 [9:30:02<2:59:15,  5.22s/it]
 75%|███████▍  | 6129/8189 [9:30:08<3:06:03,  5.42s/it]
 75%|███████▍  | 6130/8189 [9:30:15<3:17:28,  5.75s/it]
 75%|███████▍  | 6131/8189 [9:30:20<3:17:38,  5.76s/it]
 75%|███████▍  | 6132/8189 [9:30:25<3:09:55,  5.54s/it]
 75%|███████▍  | 6133/8189 [9:30:31<3:11:12,  5.58s/it]
 75%|███████▍  | 6134/8189 [9:30:38<3:19:58,  5.84s/it]
 75%|███████▍  | 6135/8189 [9:30:44<3:24:56,  5.99s/it]
 75%|███████▍  | 6136/8189 [9:30:50<3:30:07,  6.14s/it]
 75%|███████▍  | 6137/8189 [9:30:56<3:26:45,  6.05s/it]
 75%|███████▍  | 6138/8189 [9:31:01<3:12:56,  5.64s/it]
 75%|███████▍  | 6139/8189 [9:31:06<3:08:41,  5.52s/it]
 75%|███████▍  | 6140/8189 [9:31:12<3:12:51,  5.65s/it]
 75%|███████▍  | 6141/8189 [9:31:18<3:14:34,  5.70s/it]
 75%|███████▌  | 6142/8189 [9:31:24<3:20:07,  5.87s/it]
 75%|███████▌  | 6143/8189 [9:31:29<3:10:41,  5.59s/it]
 75%|███████▌  | 6144/8189 [9:31:34<3:03:52,  5.39s/it]
 75%|███████▌  | 6145/8189 [9:31:40<3:08:19,  5.53s/it]
 75%|███████▌  | 6146/8189 [9:31:45<3:00:27,  5.30s/it]
 75%|███████▌  | 6147/8189 [9:31:50<3:01:14,  5.33s/it]
 75%|███████▌  | 6148/8189 [9:31:56<3:04:12,  5.42s/it]
 75%|███████▌  | 6149/8189 [9:32:01<3:07:04,  5.50s/it]
 75%|███████▌  | 6150/8189 [9:32:07<3:10:14,  5.60s/it]
 75%|███████▌  | 6151/8189 [9:32:13<3:09:15,  5.57s/it]
 75%|███████▌  | 6152/8189 [9:32:17<2:56:52,  5.21s/it]
 75%|███████▌  | 6153/8189 [9:32:22<2:51:45,  5.06s/it]
 75%|███████▌  | 6154/8189 [9:32:28<3:04:05,  5.43s/it]
 75%|███████▌  | 6155/8189 [9:32:34<3:04:48,  5.45s/it]
 75%|███████▌  | 6156/8189 [9:32:40<3:09:54,  5.60s/it]
 75%|███████▌  | 6157/8189 [9:32:45<3:12:14,  5.68s/it]
 75%|███████▌  | 6158/8189 [9:32:51<3:13:51,  5.73s/it]
 75%|███████▌  | 6159/8189 [9:32:57<3:09:19,  5.60s/it]
 75%|███████▌  | 6160/8189 [9:33:02<3:10:00,  5.62s/it]
 75%|███████▌  | 6161/8189 [9:33:08<3:13:53,  5.74s/it]
 75%|███████▌  | 6162/8189 [9:33:14<3:13:24,  5.73s/it]
 75%|███████▌  | 6163/8189 [9:33:19<3:08:52,  5.59s/it]
 75%|███████▌  | 6164/8189 [9:33:24<3:03:25,  5.43s/it]
 75%|███████▌  | 6165/8189 [9:33:30<3:02:27,  5.41s/it]
 75%|███████▌  | 6166/8189 [9:33:35<3:06:34,  5.53s/it]
 75%|███████▌  | 6167/8189 [9:33:41<3:03:10,  5.44s/it]
 75%|███████▌  | 6168/8189 [9:33:46<3:01:01,  5.37s/it]
 75%|███████▌  | 6169/8189 [9:33:52<3:04:26,  5.48s/it]
 75%|███████▌  | 6170/8189 [9:33:57<3:03:38,  5.46s/it]
 75%|███████▌  | 6171/8189 [9:34:02<2:58:12,  5.30s/it]
 75%|███████▌  | 6172/8189 [9:34:08<3:02:51,  5.44s/it]
 75%|███████▌  | 6173/8189 [9:34:13<3:01:34,  5.40s/it]
 75%|███████▌  | 6174/8189 [9:34:19<3:03:03,  5.45s/it]
 75%|███████▌  | 6175/8189 [9:34:25<3:10:35,  5.68s/it]
 75%|███████▌  | 6176/8189 [9:34:31<3:17:38,  5.89s/it]
 75%|███████▌  | 6177/8189 [9:34:37<3:13:06,  5.76s/it]
 75%|███████▌  | 6178/8189 [9:34:41<2:54:55,  5.22s/it]
 75%|███████▌  | 6179/8189 [9:34:46<2:54:54,  5.22s/it]
 75%|███████▌  | 6180/8189 [9:34:52<3:01:45,  5.43s/it]
 75%|███████▌  | 6181/8189 [9:34:56<2:50:33,  5.10s/it]
 75%|███████▌  | 6182/8189 [9:35:02<2:59:11,  5.36s/it]
 76%|███████▌  | 6183/8189 [9:35:08<3:02:07,  5.45s/it]
 76%|███████▌  | 6184/8189 [9:35:12<2:55:48,  5.26s/it]
 76%|███████▌  | 6185/8189 [9:35:18<3:00:14,  5.40s/it]
 76%|███████▌  | 6186/8189 [9:35:24<3:03:22,  5.49s/it]
 76%|███████▌  | 6187/8189 [9:35:29<3:03:36,  5.50s/it]
 76%|███████▌  | 6188/8189 [9:35:34<2:58:41,  5.36s/it]
 76%|███████▌  | 6189/8189 [9:35:41<3:07:36,  5.63s/it]
 76%|███████▌  | 6190/8189 [9:35:47<3:11:29,  5.75s/it]
 76%|███████▌  | 6191/8189 [9:35:52<3:10:32,  5.72s/it]
 76%|███████▌  | 6192/8189 [9:35:58<3:04:36,  5.55s/it]
 76%|███████▌  | 6193/8189 [9:36:03<3:06:57,  5.62s/it]
 76%|███████▌  | 6194/8189 [9:36:09<3:05:51,  5.59s/it]
 76%|███████▌  | 6195/8189 [9:36:15<3:12:16,  5.79s/it]
 76%|███████▌  | 6196/8189 [9:36:21<3:13:05,  5.81s/it]
 76%|███████▌  | 6197/8189 [9:36:27<3:11:16,  5.76s/it]
 76%|███████▌  | 6198/8189 [9:36:33<3:16:08,  5.91s/it]
 76%|███████▌  | 6199/8189 [9:36:38<3:04:07,  5.55s/it]
 76%|███████▌  | 6200/8189 [9:36:43<3:04:03,  5.55s/it]
 76%|███████▌  | 6201/8189 [9:36:48<3:02:04,  5.50s/it]
 76%|███████▌  | 6202/8189 [9:36:55<3:08:55,  5.71s/it]
 76%|███████▌  | 6203/8189 [9:37:00<3:08:27,  5.69s/it]
 76%|███████▌  | 6204/8189 [9:37:05<2:59:44,  5.43s/it]
 76%|███████▌  | 6205/8189 [9:37:11<2:59:11,  5.42s/it]
 76%|███████▌  | 6206/8189 [9:37:16<3:01:00,  5.48s/it]
 76%|███████▌  | 6207/8189 [9:37:21<2:51:36,  5.20s/it]
 76%|███████▌  | 6208/8189 [9:37:26<2:56:01,  5.33s/it]
 76%|███████▌  | 6209/8189 [9:37:32<3:03:07,  5.55s/it]
 76%|███████▌  | 6210/8189 [9:37:38<3:01:29,  5.50s/it]
 76%|███████▌  | 6211/8189 [9:37:44<3:05:45,  5.63s/it]
 76%|███████▌  | 6212/8189 [9:37:49<3:04:28,  5.60s/it]
 76%|███████▌  | 6213/8189 [9:37:55<3:07:39,  5.70s/it]
 76%|███████▌  | 6214/8189 [9:38:01<3:04:17,  5.60s/it]
 76%|███████▌  | 6215/8189 [9:38:06<3:02:47,  5.56s/it]
 76%|███████▌  | 6216/8189 [9:38:11<2:59:32,  5.46s/it]
 76%|███████▌  | 6217/8189 [9:38:16<2:54:21,  5.31s/it]
 76%|███████▌  | 6218/8189 [9:38:21<2:53:49,  5.29s/it]
 76%|███████▌  | 6219/8189 [9:38:27<2:58:18,  5.43s/it]
 76%|███████▌  | 6220/8189 [9:38:33<3:02:35,  5.56s/it]
 76%|███████▌  | 6221/8189 [9:38:39<3:08:56,  5.76s/it]
 76%|███████▌  | 6222/8189 [9:38:45<3:07:27,  5.72s/it]
 76%|███████▌  | 6223/8189 [9:38:51<3:13:05,  5.89s/it]
 76%|███████▌  | 6224/8189 [9:38:56<3:04:23,  5.63s/it]
 76%|███████▌  | 6225/8189 [9:39:01<2:57:19,  5.42s/it]
 76%|███████▌  | 6226/8189 [9:39:07<2:56:51,  5.41s/it]
 76%|███████▌  | 6227/8189 [9:39:13<3:03:36,  5.62s/it]
 76%|███████▌  | 6228/8189 [9:39:17<2:55:14,  5.36s/it]
 76%|███████▌  | 6229/8189 [9:39:22<2:51:02,  5.24s/it]
 76%|███████▌  | 6230/8189 [9:39:28<2:59:35,  5.50s/it]
 76%|███████▌  | 6231/8189 [9:39:34<2:56:33,  5.41s/it]
 76%|███████▌  | 6232/8189 [9:39:39<2:56:53,  5.42s/it]
 76%|███████▌  | 6233/8189 [9:39:44<2:55:56,  5.40s/it]
 76%|███████▌  | 6234/8189 [9:39:50<2:58:13,  5.47s/it]
 76%|███████▌  | 6235/8189 [9:39:56<3:02:23,  5.60s/it]
 76%|███████▌  | 6236/8189 [9:40:02<3:09:27,  5.82s/it]
 76%|███████▌  | 6237/8189 [9:40:08<3:07:09,  5.75s/it]
 76%|███████▌  | 6238/8189 [9:40:13<3:01:41,  5.59s/it]
 76%|███████▌  | 6239/8189 [9:40:18<2:55:22,  5.40s/it]
 76%|███████▌  | 6240/8189 [9:40:24<3:00:26,  5.56s/it]
 76%|███████▌  | 6241/8189 [9:40:30<3:00:12,  5.55s/it]
 76%|███████▌  | 6242/8189 [9:40:35<2:55:30,  5.41s/it]
 76%|███████▌  | 6243/8189 [9:40:40<2:54:13,  5.37s/it]
 76%|███████▌  | 6244/8189 [9:40:46<3:00:31,  5.57s/it]
 76%|███████▋  | 6245/8189 [9:40:52<3:08:08,  5.81s/it]
 76%|███████▋  | 6246/8189 [9:40:58<3:05:18,  5.72s/it]
 76%|███████▋  | 6247/8189 [9:41:03<2:59:13,  5.54s/it]
 76%|███████▋  | 6248/8189 [9:41:08<2:56:14,  5.45s/it]
 76%|███████▋  | 6249/8189 [9:41:12<2:44:42,  5.09s/it]
 76%|███████▋  | 6250/8189 [9:41:18<2:44:39,  5.10s/it]
 76%|███████▋  | 6251/8189 [9:41:23<2:46:45,  5.16s/it]
 76%|███████▋  | 6252/8189 [9:41:28<2:48:48,  5.23s/it]
 76%|███████▋  | 6253/8189 [9:41:34<2:49:09,  5.24s/it]
 76%|███████▋  | 6254/8189 [9:41:39<2:47:56,  5.21s/it]
 76%|███████▋  | 6255/8189 [9:41:44<2:53:25,  5.38s/it]
 76%|███████▋  | 6256/8189 [9:41:50<2:53:22,  5.38s/it]
 76%|███████▋  | 6257/8189 [9:41:56<3:00:45,  5.61s/it]
 76%|███████▋  | 6258/8189 [9:42:01<2:52:49,  5.37s/it]
 76%|███████▋  | 6259/8189 [9:42:07<2:58:48,  5.56s/it]
 76%|███████▋  | 6260/8189 [9:42:12<2:58:35,  5.55s/it]
 76%|███████▋  | 6261/8189 [9:42:18<2:57:47,  5.53s/it]
 76%|███████▋  | 6262/8189 [9:42:23<2:56:32,  5.50s/it]
 76%|███████▋  | 6263/8189 [9:42:30<3:05:56,  5.79s/it]
 76%|███████▋  | 6264/8189 [9:42:36<3:11:27,  5.97s/it]
 77%|███████▋  | 6265/8189 [9:42:43<3:18:21,  6.19s/it]
 77%|███████▋  | 6266/8189 [9:42:47<2:58:05,  5.56s/it]
 77%|███████▋  | 6267/8189 [9:42:53<3:03:52,  5.74s/it]
 77%|███████▋  | 6268/8189 [9:42:59<3:01:31,  5.67s/it]
 77%|███████▋  | 6269/8189 [9:43:04<3:00:21,  5.64s/it]
 77%|███████▋  | 6270/8189 [9:43:08<2:45:50,  5.19s/it]
 77%|███████▋  | 6271/8189 [9:43:14<2:50:13,  5.32s/it]
 77%|███████▋  | 6272/8189 [9:43:19<2:44:50,  5.16s/it]
 77%|███████▋  | 6273/8189 [9:43:24<2:46:29,  5.21s/it]
 77%|███████▋  | 6274/8189 [9:43:30<2:49:11,  5.30s/it]
 77%|███████▋  | 6275/8189 [9:43:36<3:03:42,  5.76s/it]
 77%|███████▋  | 6276/8189 [9:43:41<2:50:23,  5.34s/it]
 77%|███████▋  | 6277/8189 [9:43:47<2:55:31,  5.51s/it]
 77%|███████▋  | 6278/8189 [9:43:51<2:47:57,  5.27s/it]
 77%|███████▋  | 6279/8189 [9:43:57<2:48:48,  5.30s/it]
 77%|███████▋  | 6280/8189 [9:44:03<2:57:59,  5.59s/it]
 77%|███████▋  | 6281/8189 [9:44:08<2:54:05,  5.47s/it]
 77%|███████▋  | 6282/8189 [9:44:13<2:50:57,  5.38s/it]
 77%|███████▋  | 6283/8189 [9:44:19<2:53:33,  5.46s/it]
 77%|███████▋  | 6284/8189 [9:44:24<2:46:55,  5.26s/it]
 77%|███████▋  | 6285/8189 [9:44:30<2:52:39,  5.44s/it]
 77%|███████▋  | 6286/8189 [9:44:35<2:54:54,  5.51s/it]
 77%|███████▋  | 6287/8189 [9:44:41<2:59:16,  5.66s/it]
 77%|███████▋  | 6288/8189 [9:44:46<2:54:16,  5.50s/it]
 77%|███████▋  | 6289/8189 [9:44:52<2:57:53,  5.62s/it]
 77%|███████▋  | 6290/8189 [9:44:57<2:50:45,  5.40s/it]
 77%|███████▋  | 6291/8189 [9:45:03<2:49:54,  5.37s/it]
 77%|███████▋  | 6292/8189 [9:45:07<2:45:59,  5.25s/it]
 77%|███████▋  | 6293/8189 [9:45:13<2:50:04,  5.38s/it]
 77%|███████▋  | 6294/8189 [9:45:18<2:48:29,  5.34s/it]
 77%|███████▋  | 6295/8189 [9:45:25<2:56:12,  5.58s/it]
 77%|███████▋  | 6296/8189 [9:45:30<2:52:13,  5.46s/it]
 77%|███████▋  | 6297/8189 [9:45:35<2:53:16,  5.49s/it]
 77%|███████▋  | 6298/8189 [9:45:41<2:50:30,  5.41s/it]
 77%|███████▋  | 6299/8189 [9:45:46<2:51:21,  5.44s/it]
 77%|███████▋  | 6300/8189 [9:45:51<2:49:47,  5.39s/it]
 77%|███████▋  | 6301/8189 [9:45:57<2:49:54,  5.40s/it]
 77%|███████▋  | 6302/8189 [9:46:02<2:50:00,  5.41s/it]
 77%|███████▋  | 6303/8189 [9:46:08<2:51:04,  5.44s/it]
 77%|███████▋  | 6304/8189 [9:46:14<2:58:34,  5.68s/it]
 77%|███████▋  | 6305/8189 [9:46:20<3:00:40,  5.75s/it]
 77%|███████▋  | 6306/8189 [9:46:25<2:58:06,  5.68s/it]
 77%|███████▋  | 6307/8189 [9:46:31<2:59:35,  5.73s/it]
 77%|███████▋  | 6308/8189 [9:46:37<3:01:44,  5.80s/it]
 77%|███████▋  | 6309/8189 [9:46:43<3:00:11,  5.75s/it]
 77%|███████▋  | 6310/8189 [9:46:49<3:00:27,  5.76s/it]
 77%|███████▋  | 6311/8189 [9:46:55<3:04:30,  5.89s/it]
 77%|███████▋  | 6312/8189 [9:46:59<2:51:45,  5.49s/it]
 77%|███████▋  | 6313/8189 [9:47:05<2:49:03,  5.41s/it]
 77%|███████▋  | 6314/8189 [9:47:09<2:42:29,  5.20s/it]
 77%|███████▋  | 6315/8189 [9:47:15<2:49:35,  5.43s/it]
 77%|███████▋  | 6316/8189 [9:47:20<2:45:15,  5.29s/it]
 77%|███████▋  | 6317/8189 [9:47:25<2:42:48,  5.22s/it]
 77%|███████▋  | 6318/8189 [9:47:31<2:43:27,  5.24s/it]
 77%|███████▋  | 6319/8189 [9:47:37<2:52:55,  5.55s/it]
 77%|███████▋  | 6320/8189 [9:47:42<2:53:59,  5.59s/it]
 77%|███████▋  | 6321/8189 [9:47:48<2:56:25,  5.67s/it]
 77%|███████▋  | 6322/8189 [9:47:54<2:52:58,  5.56s/it]
 77%|███████▋  | 6323/8189 [9:47:59<2:51:12,  5.50s/it]
 77%|███████▋  | 6324/8189 [9:48:05<2:53:18,  5.58s/it]
 77%|███████▋  | 6325/8189 [9:48:11<3:00:10,  5.80s/it]
 77%|███████▋  | 6326/8189 [9:48:17<3:02:06,  5.87s/it]
 77%|███████▋  | 6327/8189 [9:48:23<3:05:10,  5.97s/it]
 77%|███████▋  | 6328/8189 [9:48:29<3:04:16,  5.94s/it]
 77%|███████▋  | 6329/8189 [9:48:35<3:02:09,  5.88s/it]
 77%|███████▋  | 6330/8189 [9:48:39<2:48:36,  5.44s/it]
 77%|███████▋  | 6331/8189 [9:48:45<2:48:05,  5.43s/it]
 77%|███████▋  | 6332/8189 [9:48:51<2:53:42,  5.61s/it]
 77%|███████▋  | 6333/8189 [9:48:57<2:58:24,  5.77s/it]
 77%|███████▋  | 6334/8189 [9:49:02<2:49:59,  5.50s/it]
 77%|███████▋  | 6335/8189 [9:49:08<2:54:12,  5.64s/it]
 77%|███████▋  | 6336/8189 [9:49:14<2:56:38,  5.72s/it]
 77%|███████▋  | 6337/8189 [9:49:20<3:00:42,  5.85s/it]
 77%|███████▋  | 6338/8189 [9:49:26<2:59:16,  5.81s/it]
 77%|███████▋  | 6339/8189 [9:49:31<2:59:24,  5.82s/it]
 77%|███████▋  | 6340/8189 [9:49:38<3:02:17,  5.92s/it]
 77%|███████▋  | 6341/8189 [9:49:43<2:59:51,  5.84s/it]
 77%|███████▋  | 6342/8189 [9:49:49<2:55:39,  5.71s/it]
 77%|███████▋  | 6343/8189 [9:49:53<2:46:27,  5.41s/it]
 77%|███████▋  | 6344/8189 [9:49:59<2:48:57,  5.49s/it]
 77%|███████▋  | 6345/8189 [9:50:05<2:56:00,  5.73s/it]
 77%|███████▋  | 6346/8189 [9:50:11<2:54:33,  5.68s/it]
 78%|███████▊  | 6347/8189 [9:50:17<2:56:24,  5.75s/it]
 78%|███████▊  | 6348/8189 [9:50:22<2:52:27,  5.62s/it]
 78%|███████▊  | 6349/8189 [9:50:28<2:54:18,  5.68s/it]
 78%|███████▊  | 6350/8189 [9:50:34<2:57:44,  5.80s/it]
 78%|███████▊  | 6351/8189 [9:50:39<2:46:51,  5.45s/it]
 78%|███████▊  | 6352/8189 [9:50:45<2:51:23,  5.60s/it]
 78%|███████▊  | 6353/8189 [9:50:50<2:49:08,  5.53s/it]
 78%|███████▊  | 6354/8189 [9:50:56<2:51:25,  5.61s/it]
 78%|███████▊  | 6355/8189 [9:51:01<2:46:00,  5.43s/it]
 78%|███████▊  | 6356/8189 [9:51:06<2:44:46,  5.39s/it]
 78%|███████▊  | 6357/8189 [9:51:11<2:37:50,  5.17s/it]
 78%|███████▊  | 6358/8189 [9:51:16<2:38:36,  5.20s/it]
 78%|███████▊  | 6359/8189 [9:51:21<2:33:51,  5.04s/it]
 78%|███████▊  | 6360/8189 [9:51:26<2:33:40,  5.04s/it]
 78%|███████▊  | 6361/8189 [9:51:31<2:38:15,  5.19s/it]
 78%|███████▊  | 6362/8189 [9:51:37<2:45:19,  5.43s/it]
 78%|███████▊  | 6363/8189 [9:51:43<2:44:33,  5.41s/it]
 78%|███████▊  | 6364/8189 [9:51:49<2:50:50,  5.62s/it]
 78%|███████▊  | 6365/8189 [9:51:54<2:52:03,  5.66s/it]
 78%|███████▊  | 6366/8189 [9:52:00<2:50:06,  5.60s/it]
 78%|███████▊  | 6367/8189 [9:52:05<2:43:16,  5.38s/it]
 78%|███████▊  | 6368/8189 [9:52:10<2:42:06,  5.34s/it]
 78%|███████▊  | 6369/8189 [9:52:14<2:34:43,  5.10s/it]
 78%|███████▊  | 6370/8189 [9:52:20<2:40:18,  5.29s/it]
 78%|███████▊  | 6371/8189 [9:52:26<2:43:21,  5.39s/it]
 78%|███████▊  | 6372/8189 [9:52:32<2:51:11,  5.65s/it]
 78%|███████▊  | 6373/8189 [9:52:37<2:48:04,  5.55s/it]
 78%|███████▊  | 6374/8189 [9:52:43<2:49:31,  5.60s/it]
 78%|███████▊  | 6375/8189 [9:52:48<2:43:20,  5.40s/it]
 78%|███████▊  | 6376/8189 [9:52:54<2:47:15,  5.54s/it]
 78%|███████▊  | 6377/8189 [9:53:00<2:52:45,  5.72s/it]
 78%|███████▊  | 6378/8189 [9:53:06<2:53:39,  5.75s/it]
 78%|███████▊  | 6379/8189 [9:53:11<2:51:21,  5.68s/it]
 78%|███████▊  | 6380/8189 [9:53:16<2:40:53,  5.34s/it]
 78%|███████▊  | 6381/8189 [9:53:20<2:31:05,  5.01s/it]
 78%|███████▊  | 6382/8189 [9:53:26<2:39:17,  5.29s/it]
 78%|███████▊  | 6383/8189 [9:53:31<2:37:25,  5.23s/it]
 78%|███████▊  | 6384/8189 [9:53:36<2:34:45,  5.14s/it]
 78%|███████▊  | 6385/8189 [9:53:41<2:33:08,  5.09s/it]
 78%|███████▊  | 6386/8189 [9:53:46<2:34:06,  5.13s/it]
 78%|███████▊  | 6387/8189 [9:53:52<2:35:02,  5.16s/it]
 78%|███████▊  | 6388/8189 [9:53:56<2:27:47,  4.92s/it]
 78%|███████▊  | 6389/8189 [9:54:01<2:30:32,  5.02s/it]
 78%|███████▊  | 6390/8189 [9:54:06<2:26:41,  4.89s/it]
 78%|███████▊  | 6391/8189 [9:54:12<2:34:39,  5.16s/it]
 78%|███████▊  | 6392/8189 [9:54:17<2:36:20,  5.22s/it]
 78%|███████▊  | 6393/8189 [9:54:23<2:39:04,  5.31s/it]
 78%|███████▊  | 6394/8189 [9:54:29<2:45:52,  5.54s/it]
 78%|███████▊  | 6395/8189 [9:54:35<2:51:31,  5.74s/it]
 78%|███████▊  | 6396/8189 [9:54:41<2:54:26,  5.84s/it]
 78%|███████▊  | 6397/8189 [9:54:46<2:48:17,  5.63s/it]
 78%|███████▊  | 6398/8189 [9:54:52<2:51:03,  5.73s/it]
 78%|███████▊  | 6399/8189 [9:54:57<2:48:03,  5.63s/it]
 78%|███████▊  | 6400/8189 [9:55:03<2:46:16,  5.58s/it]
 78%|███████▊  | 6401/8189 [9:55:08<2:46:25,  5.58s/it]
 78%|███████▊  | 6402/8189 [9:55:14<2:45:25,  5.55s/it]
 78%|███████▊  | 6403/8189 [9:55:19<2:38:49,  5.34s/it]
 78%|███████▊  | 6404/8189 [9:55:24<2:41:48,  5.44s/it]
 78%|███████▊  | 6405/8189 [9:55:30<2:39:54,  5.38s/it]
 78%|███████▊  | 6406/8189 [9:55:35<2:43:44,  5.51s/it]
 78%|███████▊  | 6407/8189 [9:55:41<2:48:14,  5.66s/it]
 78%|███████▊  | 6408/8189 [9:55:47<2:45:43,  5.58s/it]
 78%|███████▊  | 6409/8189 [9:55:52<2:37:55,  5.32s/it]
 78%|███████▊  | 6410/8189 [9:55:57<2:35:58,  5.26s/it]
 78%|███████▊  | 6411/8189 [9:56:02<2:36:25,  5.28s/it]
 78%|███████▊  | 6412/8189 [9:56:08<2:38:07,  5.34s/it]
 78%|███████▊  | 6413/8189 [9:56:13<2:36:14,  5.28s/it]
 78%|███████▊  | 6414/8189 [9:56:18<2:40:21,  5.42s/it]
 78%|███████▊  | 6415/8189 [9:56:24<2:43:40,  5.54s/it]
 78%|███████▊  | 6416/8189 [9:56:29<2:39:07,  5.39s/it]
 78%|███████▊  | 6417/8189 [9:56:35<2:44:03,  5.55s/it]
 78%|███████▊  | 6418/8189 [9:56:40<2:35:19,  5.26s/it]
 78%|███████▊  | 6419/8189 [9:56:45<2:31:59,  5.15s/it]
 78%|███████▊  | 6420/8189 [9:56:50<2:32:22,  5.17s/it]
 78%|███████▊  | 6421/8189 [9:56:56<2:38:47,  5.39s/it]
 78%|███████▊  | 6422/8189 [9:57:02<2:49:19,  5.75s/it]
 78%|███████▊  | 6423/8189 [9:57:09<2:54:41,  5.94s/it]
 78%|███████▊  | 6424/8189 [9:57:14<2:51:05,  5.82s/it]
 78%|███████▊  | 6425/8189 [9:57:21<2:55:57,  5.98s/it]
 78%|███████▊  | 6426/8189 [9:57:27<2:55:33,  5.97s/it]
 78%|███████▊  | 6427/8189 [9:57:32<2:51:26,  5.84s/it]
 78%|███████▊  | 6428/8189 [9:57:37<2:45:20,  5.63s/it]
 79%|███████▊  | 6429/8189 [9:57:43<2:45:34,  5.64s/it]
 79%|███████▊  | 6430/8189 [9:57:49<2:49:09,  5.77s/it]
 79%|███████▊  | 6431/8189 [9:57:55<2:52:30,  5.89s/it]
 79%|███████▊  | 6432/8189 [9:58:01<2:50:49,  5.83s/it]
 79%|███████▊  | 6433/8189 [9:58:06<2:48:22,  5.75s/it]
 79%|███████▊  | 6434/8189 [9:58:12<2:50:46,  5.84s/it]
 79%|███████▊  | 6435/8189 [9:58:18<2:46:40,  5.70s/it]
 79%|███████▊  | 6436/8189 [9:58:23<2:40:42,  5.50s/it]
 79%|███████▊  | 6437/8189 [9:58:28<2:37:18,  5.39s/it]
 79%|███████▊  | 6438/8189 [9:58:33<2:30:16,  5.15s/it]
 79%|███████▊  | 6439/8189 [9:58:38<2:36:10,  5.35s/it]
 79%|███████▊  | 6440/8189 [9:58:44<2:39:04,  5.46s/it]
 79%|███████▊  | 6441/8189 [9:58:50<2:43:13,  5.60s/it]
 79%|███████▊  | 6442/8189 [9:58:56<2:48:23,  5.78s/it]
 79%|███████▊  | 6443/8189 [9:59:02<2:48:26,  5.79s/it]
 79%|███████▊  | 6444/8189 [9:59:08<2:45:24,  5.69s/it]
 79%|███████▊  | 6445/8189 [9:59:13<2:42:18,  5.58s/it]
 79%|███████▊  | 6446/8189 [9:59:19<2:45:36,  5.70s/it]
 79%|███████▊  | 6447/8189 [9:59:24<2:42:07,  5.58s/it]
 79%|███████▊  | 6448/8189 [9:59:29<2:35:57,  5.37s/it]
 79%|███████▉  | 6449/8189 [9:59:35<2:37:26,  5.43s/it]
 79%|███████▉  | 6450/8189 [9:59:40<2:37:44,  5.44s/it]
 79%|███████▉  | 6451/8189 [9:59:46<2:43:04,  5.63s/it]
 79%|███████▉  | 6452/8189 [9:59:52<2:44:42,  5.69s/it]
 79%|███████▉  | 6453/8189 [9:59:58<2:43:16,  5.64s/it]
 79%|███████▉  | 6454/8189 [10:00:02<2:36:10,  5.40s/it]
 79%|███████▉  | 6455/8189 [10:00:08<2:38:16,  5.48s/it]
 79%|███████▉  | 6456/8189 [10:00:14<2:41:52,  5.60s/it]
 79%|███████▉  | 6457/8189 [10:00:19<2:37:26,  5.45s/it]
 79%|███████▉  | 6458/8189 [10:00:24<2:37:16,  5.45s/it]
 79%|███████▉  | 6459/8189 [10:00:30<2:34:51,  5.37s/it]
 79%|███████▉  | 6460/8189 [10:00:35<2:37:19,  5.46s/it]
 79%|███████▉  | 6461/8189 [10:00:41<2:41:06,  5.59s/it]
 79%|███████▉  | 6462/8189 [10:00:47<2:46:28,  5.78s/it]
 79%|███████▉  | 6463/8189 [10:00:53<2:44:01,  5.70s/it]
 79%|███████▉  | 6464/8189 [10:00:58<2:41:52,  5.63s/it]
 79%|███████▉  | 6465/8189 [10:01:04<2:44:49,  5.74s/it]
 79%|███████▉  | 6466/8189 [10:01:09<2:38:57,  5.54s/it]
 79%|███████▉  | 6467/8189 [10:01:15<2:36:36,  5.46s/it]
 79%|███████▉  | 6468/8189 [10:01:20<2:38:20,  5.52s/it]
 79%|███████▉  | 6469/8189 [10:01:25<2:33:31,  5.36s/it]
 79%|███████▉  | 6470/8189 [10:01:31<2:32:27,  5.32s/it]
 79%|███████▉  | 6471/8189 [10:01:36<2:34:11,  5.38s/it]
 79%|███████▉  | 6472/8189 [10:01:41<2:32:58,  5.35s/it]
 79%|███████▉  | 6473/8189 [10:01:47<2:37:49,  5.52s/it]
 79%|███████▉  | 6474/8189 [10:01:53<2:37:13,  5.50s/it]
 79%|███████▉  | 6475/8189 [10:01:58<2:38:32,  5.55s/it]
 79%|███████▉  | 6476/8189 [10:02:05<2:44:51,  5.77s/it]
 79%|███████▉  | 6477/8189 [10:02:10<2:42:16,  5.69s/it]
 79%|███████▉  | 6478/8189 [10:02:16<2:45:21,  5.80s/it]
 79%|███████▉  | 6479/8189 [10:02:22<2:44:48,  5.78s/it]
 79%|███████▉  | 6480/8189 [10:02:28<2:44:48,  5.79s/it]
 79%|███████▉  | 6481/8189 [10:02:33<2:42:58,  5.72s/it]
 79%|███████▉  | 6482/8189 [10:02:39<2:40:44,  5.65s/it]
 79%|███████▉  | 6483/8189 [10:02:45<2:43:21,  5.75s/it]
 79%|███████▉  | 6484/8189 [10:02:51<2:44:24,  5.79s/it]
 79%|███████▉  | 6485/8189 [10:02:55<2:28:24,  5.23s/it]
 79%|███████▉  | 6486/8189 [10:03:00<2:26:41,  5.17s/it]
 79%|███████▉  | 6487/8189 [10:03:04<2:22:51,  5.04s/it]
 79%|███████▉  | 6488/8189 [10:03:10<2:25:04,  5.12s/it]
 79%|███████▉  | 6489/8189 [10:03:14<2:20:59,  4.98s/it]
 79%|███████▉  | 6490/8189 [10:03:19<2:21:16,  4.99s/it]
 79%|███████▉  | 6491/8189 [10:03:25<2:28:36,  5.25s/it]
 79%|███████▉  | 6492/8189 [10:03:30<2:27:04,  5.20s/it]
 79%|███████▉  | 6493/8189 [10:03:36<2:31:14,  5.35s/it]
 79%|███████▉  | 6494/8189 [10:03:41<2:28:28,  5.26s/it]
 79%|███████▉  | 6495/8189 [10:03:46<2:27:47,  5.23s/it]
 79%|███████▉  | 6496/8189 [10:03:52<2:29:59,  5.32s/it]
 79%|███████▉  | 6497/8189 [10:03:57<2:29:53,  5.32s/it]
 79%|███████▉  | 6498/8189 [10:04:02<2:29:25,  5.30s/it]
 79%|███████▉  | 6499/8189 [10:04:09<2:36:56,  5.57s/it]
 79%|███████▉  | 6500/8189 [10:04:14<2:35:52,  5.54s/it]
 79%|███████▉  | 6501/8189 [10:04:19<2:33:14,  5.45s/it]
 79%|███████▉  | 6502/8189 [10:04:24<2:27:38,  5.25s/it]
 79%|███████▉  | 6503/8189 [10:04:30<2:29:38,  5.33s/it]
 79%|███████▉  | 6504/8189 [10:04:35<2:29:51,  5.34s/it]
 79%|███████▉  | 6505/8189 [10:04:41<2:34:39,  5.51s/it]
 79%|███████▉  | 6506/8189 [10:04:48<2:49:53,  6.06s/it]
 79%|███████▉  | 6507/8189 [10:04:54<2:46:41,  5.95s/it]
 79%|███████▉  | 6508/8189 [10:05:00<2:45:52,  5.92s/it]
 79%|███████▉  | 6509/8189 [10:05:05<2:39:01,  5.68s/it]
 79%|███████▉  | 6510/8189 [10:05:11<2:39:58,  5.72s/it]
 80%|███████▉  | 6511/8189 [10:05:16<2:40:27,  5.74s/it]
 80%|███████▉  | 6512/8189 [10:05:21<2:27:05,  5.26s/it]
 80%|███████▉  | 6513/8189 [10:05:26<2:28:00,  5.30s/it]
 80%|███████▉  | 6514/8189 [10:05:32<2:30:19,  5.38s/it]
 80%|███████▉  | 6515/8189 [10:05:36<2:23:28,  5.14s/it]
 80%|███████▉  | 6516/8189 [10:05:41<2:24:43,  5.19s/it]
 80%|███████▉  | 6517/8189 [10:05:48<2:34:17,  5.54s/it]
 80%|███████▉  | 6518/8189 [10:05:54<2:39:21,  5.72s/it]
 80%|███████▉  | 6519/8189 [10:06:00<2:41:03,  5.79s/it]
 80%|███████▉  | 6520/8189 [10:06:05<2:39:11,  5.72s/it]
 80%|███████▉  | 6521/8189 [10:06:11<2:38:07,  5.69s/it]
 80%|███████▉  | 6522/8189 [10:06:17<2:39:44,  5.75s/it]
 80%|███████▉  | 6523/8189 [10:06:22<2:35:42,  5.61s/it]
 80%|███████▉  | 6524/8189 [10:06:28<2:40:17,  5.78s/it]
 80%|███████▉  | 6525/8189 [10:06:34<2:38:19,  5.71s/it]
 80%|███████▉  | 6526/8189 [10:06:40<2:43:35,  5.90s/it]
 80%|███████▉  | 6527/8189 [10:06:46<2:44:25,  5.94s/it]
 80%|███████▉  | 6528/8189 [10:06:52<2:41:13,  5.82s/it]
 80%|███████▉  | 6529/8189 [10:06:57<2:37:53,  5.71s/it]
 80%|███████▉  | 6530/8189 [10:07:03<2:39:16,  5.76s/it]
 80%|███████▉  | 6531/8189 [10:07:09<2:43:57,  5.93s/it]
 80%|███████▉  | 6532/8189 [10:07:15<2:42:27,  5.88s/it]
 80%|███████▉  | 6533/8189 [10:07:22<2:45:36,  6.00s/it]
 80%|███████▉  | 6534/8189 [10:07:27<2:44:27,  5.96s/it]
 80%|███████▉  | 6535/8189 [10:07:32<2:32:51,  5.54s/it]
 80%|███████▉  | 6536/8189 [10:07:37<2:29:27,  5.42s/it]
 80%|███████▉  | 6537/8189 [10:07:42<2:21:12,  5.13s/it]
 80%|███████▉  | 6538/8189 [10:07:48<2:28:58,  5.41s/it]
 80%|███████▉  | 6539/8189 [10:07:54<2:34:15,  5.61s/it]
 80%|███████▉  | 6540/8189 [10:08:01<2:45:22,  6.02s/it]
 80%|███████▉  | 6541/8189 [10:08:07<2:44:34,  5.99s/it]
 80%|███████▉  | 6542/8189 [10:08:13<2:50:56,  6.23s/it]
 80%|███████▉  | 6543/8189 [10:08:20<2:51:17,  6.24s/it]
 80%|███████▉  | 6544/8189 [10:08:25<2:41:52,  5.90s/it]
 80%|███████▉  | 6545/8189 [10:08:30<2:39:11,  5.81s/it]
 80%|███████▉  | 6546/8189 [10:08:36<2:36:28,  5.71s/it]
 80%|███████▉  | 6547/8189 [10:08:41<2:34:51,  5.66s/it]
 80%|███████▉  | 6548/8189 [10:08:47<2:33:44,  5.62s/it]
 80%|███████▉  | 6549/8189 [10:08:53<2:33:26,  5.61s/it]
 80%|███████▉  | 6550/8189 [10:08:59<2:36:37,  5.73s/it]
 80%|███████▉  | 6551/8189 [10:09:04<2:38:20,  5.80s/it]
 80%|████████  | 6552/8189 [10:09:10<2:37:28,  5.77s/it]
 80%|████████  | 6553/8189 [10:09:16<2:33:49,  5.64s/it]
 80%|████████  | 6554/8189 [10:09:21<2:32:11,  5.58s/it]
 80%|████████  | 6555/8189 [10:09:27<2:36:26,  5.74s/it]
 80%|████████  | 6556/8189 [10:09:32<2:32:52,  5.62s/it]
 80%|████████  | 6557/8189 [10:09:38<2:35:57,  5.73s/it]
 80%|████████  | 6558/8189 [10:09:45<2:42:11,  5.97s/it]
 80%|████████  | 6559/8189 [10:09:50<2:36:48,  5.77s/it]
 80%|████████  | 6560/8189 [10:09:56<2:32:58,  5.63s/it]
 80%|████████  | 6561/8189 [10:10:02<2:36:07,  5.75s/it]
 80%|████████  | 6562/8189 [10:10:07<2:35:40,  5.74s/it]
 80%|████████  | 6563/8189 [10:10:13<2:36:03,  5.76s/it]
 80%|████████  | 6564/8189 [10:10:19<2:36:21,  5.77s/it]
 80%|████████  | 6565/8189 [10:10:24<2:33:54,  5.69s/it]
 80%|████████  | 6566/8189 [10:10:30<2:35:34,  5.75s/it]
 80%|████████  | 6567/8189 [10:10:37<2:44:27,  6.08s/it]
 80%|████████  | 6568/8189 [10:10:43<2:45:36,  6.13s/it]
 80%|████████  | 6569/8189 [10:10:50<2:46:10,  6.15s/it]
 80%|████████  | 6570/8189 [10:10:55<2:43:50,  6.07s/it]
 80%|████████  | 6571/8189 [10:11:01<2:40:32,  5.95s/it]
 80%|████████  | 6572/8189 [10:11:07<2:39:35,  5.92s/it]
 80%|████████  | 6573/8189 [10:11:13<2:36:53,  5.83s/it]
 80%|████████  | 6574/8189 [10:11:18<2:32:41,  5.67s/it]
 80%|████████  | 6575/8189 [10:11:23<2:28:57,  5.54s/it]
 80%|████████  | 6576/8189 [10:11:29<2:31:44,  5.64s/it]
 80%|████████  | 6577/8189 [10:11:34<2:30:02,  5.58s/it]
 80%|████████  | 6578/8189 [10:11:41<2:34:46,  5.76s/it]
 80%|████████  | 6579/8189 [10:11:47<2:37:58,  5.89s/it]
 80%|████████  | 6580/8189 [10:11:53<2:37:41,  5.88s/it]
 80%|████████  | 6581/8189 [10:11:58<2:34:50,  5.78s/it]
 80%|████████  | 6582/8189 [10:12:04<2:34:19,  5.76s/it]
 80%|████████  | 6583/8189 [10:12:09<2:30:07,  5.61s/it]
 80%|████████  | 6584/8189 [10:12:14<2:24:25,  5.40s/it]
 80%|████████  | 6585/8189 [10:12:20<2:29:34,  5.60s/it]
 80%|████████  | 6586/8189 [10:12:24<2:14:53,  5.05s/it]
 80%|████████  | 6587/8189 [10:12:30<2:20:05,  5.25s/it]
 80%|████████  | 6588/8189 [10:12:35<2:20:16,  5.26s/it]
 80%|████████  | 6589/8189 [10:12:41<2:25:05,  5.44s/it]
 80%|████████  | 6590/8189 [10:12:47<2:32:37,  5.73s/it]
 80%|████████  | 6591/8189 [10:12:53<2:33:42,  5.77s/it]
 80%|████████  | 6592/8189 [10:12:59<2:35:13,  5.83s/it]
 81%|████████  | 6593/8189 [10:13:05<2:35:27,  5.84s/it]
 81%|████████  | 6594/8189 [10:13:10<2:30:04,  5.65s/it]
 81%|████████  | 6595/8189 [10:13:16<2:32:34,  5.74s/it]
 81%|████████  | 6596/8189 [10:13:21<2:25:35,  5.48s/it]
 81%|████████  | 6597/8189 [10:13:26<2:19:47,  5.27s/it]
 81%|████████  | 6598/8189 [10:13:31<2:19:18,  5.25s/it]
 81%|████████  | 6599/8189 [10:13:37<2:28:05,  5.59s/it]
 81%|████████  | 6600/8189 [10:13:44<2:33:37,  5.80s/it]
 81%|████████  | 6601/8189 [10:13:49<2:32:04,  5.75s/it]
 81%|████████  | 6602/8189 [10:13:55<2:30:48,  5.70s/it]
 81%|████████  | 6603/8189 [10:14:00<2:29:34,  5.66s/it]
 81%|████████  | 6604/8189 [10:14:06<2:28:40,  5.63s/it]
 81%|████████  | 6605/8189 [10:14:12<2:30:05,  5.68s/it]
 81%|████████  | 6606/8189 [10:14:17<2:27:38,  5.60s/it]
 81%|████████  | 6607/8189 [10:14:23<2:30:21,  5.70s/it]
 81%|████████  | 6608/8189 [10:14:29<2:30:09,  5.70s/it]
 81%|████████  | 6609/8189 [10:14:34<2:27:48,  5.61s/it]
 81%|████████  | 6610/8189 [10:14:40<2:32:17,  5.79s/it]
 81%|████████  | 6611/8189 [10:14:47<2:35:40,  5.92s/it]
 81%|████████  | 6612/8189 [10:14:52<2:33:13,  5.83s/it]
 81%|████████  | 6613/8189 [10:14:58<2:29:56,  5.71s/it]
 81%|████████  | 6614/8189 [10:15:03<2:24:10,  5.49s/it]
 81%|████████  | 6615/8189 [10:15:08<2:23:31,  5.47s/it]
 81%|████████  | 6616/8189 [10:15:14<2:24:59,  5.53s/it]
 81%|████████  | 6617/8189 [10:15:20<2:27:57,  5.65s/it]
 81%|████████  | 6618/8189 [10:15:26<2:32:23,  5.82s/it]
 81%|████████  | 6619/8189 [10:15:32<2:31:46,  5.80s/it]
 81%|████████  | 6620/8189 [10:15:37<2:27:17,  5.63s/it]
 81%|████████  | 6621/8189 [10:15:43<2:27:23,  5.64s/it]
 81%|████████  | 6622/8189 [10:15:49<2:30:14,  5.75s/it]
 81%|████████  | 6623/8189 [10:15:54<2:29:47,  5.74s/it]
 81%|████████  | 6624/8189 [10:16:00<2:33:24,  5.88s/it]
 81%|████████  | 6625/8189 [10:16:06<2:29:26,  5.73s/it]
 81%|████████  | 6626/8189 [10:16:11<2:26:57,  5.64s/it]
 81%|████████  | 6627/8189 [10:16:17<2:29:18,  5.74s/it]
 81%|████████  | 6628/8189 [10:16:23<2:31:45,  5.83s/it]
 81%|████████  | 6629/8189 [10:16:29<2:29:14,  5.74s/it]
 81%|████████  | 6630/8189 [10:16:34<2:22:26,  5.48s/it]
 81%|████████  | 6631/8189 [10:16:39<2:24:28,  5.56s/it]
 81%|████████  | 6632/8189 [10:16:45<2:21:54,  5.47s/it]
 81%|████████  | 6633/8189 [10:16:50<2:22:43,  5.50s/it]
 81%|████████  | 6634/8189 [10:16:57<2:28:50,  5.74s/it]
 81%|████████  | 6635/8189 [10:17:03<2:34:45,  5.98s/it]
 81%|████████  | 6636/8189 [10:17:09<2:33:14,  5.92s/it]
 81%|████████  | 6637/8189 [10:17:14<2:24:43,  5.59s/it]
 81%|████████  | 6638/8189 [10:17:19<2:24:20,  5.58s/it]
 81%|████████  | 6639/8189 [10:17:25<2:21:11,  5.47s/it]
 81%|████████  | 6640/8189 [10:17:30<2:19:17,  5.40s/it]
 81%|████████  | 6641/8189 [10:17:36<2:23:02,  5.54s/it]
 81%|████████  | 6642/8189 [10:17:41<2:23:45,  5.58s/it]
 81%|████████  | 6643/8189 [10:17:47<2:24:30,  5.61s/it]
 81%|████████  | 6644/8189 [10:17:52<2:21:03,  5.48s/it]
 81%|████████  | 6645/8189 [10:17:57<2:17:47,  5.35s/it]
 81%|████████  | 6646/8189 [10:18:02<2:16:39,  5.31s/it]
 81%|████████  | 6647/8189 [10:18:08<2:21:16,  5.50s/it]
 81%|████████  | 6648/8189 [10:18:13<2:15:20,  5.27s/it]
 81%|████████  | 6649/8189 [10:18:19<2:18:19,  5.39s/it]
 81%|████████  | 6650/8189 [10:18:25<2:23:30,  5.59s/it]
 81%|████████  | 6651/8189 [10:18:31<2:26:24,  5.71s/it]
 81%|████████  | 6652/8189 [10:18:37<2:30:08,  5.86s/it]
 81%|████████  | 6653/8189 [10:18:42<2:20:12,  5.48s/it]
 81%|████████▏ | 6654/8189 [10:18:47<2:17:58,  5.39s/it]
 81%|████████▏ | 6655/8189 [10:18:53<2:26:42,  5.74s/it]
 81%|████████▏ | 6656/8189 [10:18:59<2:23:18,  5.61s/it]
 81%|████████▏ | 6657/8189 [10:19:04<2:25:01,  5.68s/it]
 81%|████████▏ | 6658/8189 [10:19:10<2:26:52,  5.76s/it]
 81%|████████▏ | 6659/8189 [10:19:16<2:25:18,  5.70s/it]
 81%|████████▏ | 6660/8189 [10:19:22<2:28:57,  5.85s/it]
 81%|████████▏ | 6661/8189 [10:19:28<2:27:01,  5.77s/it]
 81%|████████▏ | 6662/8189 [10:19:33<2:23:25,  5.64s/it]
 81%|████████▏ | 6663/8189 [10:19:39<2:26:11,  5.75s/it]
 81%|████████▏ | 6664/8189 [10:19:44<2:18:38,  5.45s/it]
 81%|████████▏ | 6665/8189 [10:19:49<2:15:54,  5.35s/it]
 81%|████████▏ | 6666/8189 [10:19:55<2:17:41,  5.42s/it]
 81%|████████▏ | 6667/8189 [10:19:59<2:11:48,  5.20s/it]
 81%|████████▏ | 6668/8189 [10:20:05<2:12:20,  5.22s/it]
 81%|████████▏ | 6669/8189 [10:20:10<2:15:28,  5.35s/it]
 81%|████████▏ | 6670/8189 [10:20:16<2:21:09,  5.58s/it]
 81%|████████▏ | 6671/8189 [10:20:22<2:23:44,  5.68s/it]
 81%|████████▏ | 6672/8189 [10:20:28<2:26:01,  5.78s/it]
 81%|████████▏ | 6673/8189 [10:20:34<2:25:12,  5.75s/it]
 81%|████████▏ | 6674/8189 [10:20:40<2:30:33,  5.96s/it]
 82%|████████▏ | 6675/8189 [10:20:46<2:30:17,  5.96s/it]
 82%|████████▏ | 6676/8189 [10:20:53<2:32:23,  6.04s/it]
 82%|████████▏ | 6677/8189 [10:20:59<2:32:00,  6.03s/it]
 82%|████████▏ | 6678/8189 [10:21:05<2:34:01,  6.12s/it]
 82%|████████▏ | 6679/8189 [10:21:10<2:25:42,  5.79s/it]
 82%|████████▏ | 6680/8189 [10:21:16<2:26:38,  5.83s/it]
 82%|████████▏ | 6681/8189 [10:21:22<2:27:09,  5.86s/it]
 82%|████████▏ | 6682/8189 [10:21:27<2:26:27,  5.83s/it]
 82%|████████▏ | 6683/8189 [10:21:33<2:25:27,  5.80s/it]
 82%|████████▏ | 6684/8189 [10:21:39<2:24:56,  5.78s/it]
 82%|████████▏ | 6685/8189 [10:21:45<2:26:18,  5.84s/it]
 82%|████████▏ | 6686/8189 [10:21:50<2:22:47,  5.70s/it]
 82%|████████▏ | 6687/8189 [10:21:56<2:20:02,  5.59s/it]
 82%|████████▏ | 6688/8189 [10:22:01<2:16:38,  5.46s/it]
 82%|████████▏ | 6689/8189 [10:22:07<2:18:53,  5.56s/it]
 82%|████████▏ | 6690/8189 [10:22:13<2:23:36,  5.75s/it]
 82%|████████▏ | 6691/8189 [10:22:19<2:25:40,  5.83s/it]
 82%|████████▏ | 6692/8189 [10:22:24<2:22:33,  5.71s/it]
 82%|████████▏ | 6693/8189 [10:22:30<2:24:24,  5.79s/it]
 82%|████████▏ | 6694/8189 [10:22:35<2:19:56,  5.62s/it]
 82%|████████▏ | 6695/8189 [10:22:41<2:21:29,  5.68s/it]
 82%|████████▏ | 6696/8189 [10:22:48<2:29:22,  6.00s/it]
 82%|████████▏ | 6697/8189 [10:22:54<2:30:26,  6.05s/it]
 82%|████████▏ | 6698/8189 [10:23:00<2:30:39,  6.06s/it]
 82%|████████▏ | 6699/8189 [10:23:06<2:26:47,  5.91s/it]
 82%|████████▏ | 6700/8189 [10:23:12<2:31:05,  6.09s/it]
 82%|████████▏ | 6701/8189 [10:23:18<2:26:59,  5.93s/it]
 82%|████████▏ | 6702/8189 [10:23:24<2:30:03,  6.05s/it]
 82%|████████▏ | 6703/8189 [10:23:30<2:25:37,  5.88s/it]
 82%|████████▏ | 6704/8189 [10:23:35<2:24:57,  5.86s/it]
 82%|████████▏ | 6705/8189 [10:23:41<2:22:40,  5.77s/it]
 82%|████████▏ | 6706/8189 [10:23:47<2:23:01,  5.79s/it]
 82%|████████▏ | 6707/8189 [10:23:52<2:19:57,  5.67s/it]
 82%|████████▏ | 6708/8189 [10:23:58<2:22:37,  5.78s/it]
 82%|████████▏ | 6709/8189 [10:24:04<2:25:13,  5.89s/it]
 82%|████████▏ | 6710/8189 [10:24:10<2:24:48,  5.87s/it]
 82%|████████▏ | 6711/8189 [10:24:16<2:24:52,  5.88s/it]
 82%|████████▏ | 6712/8189 [10:24:22<2:27:10,  5.98s/it]
 82%|████████▏ | 6713/8189 [10:24:28<2:27:41,  6.00s/it]
 82%|████████▏ | 6714/8189 [10:24:34<2:21:32,  5.76s/it]
 82%|████████▏ | 6715/8189 [10:24:40<2:27:56,  6.02s/it]
 82%|████████▏ | 6716/8189 [10:24:46<2:26:49,  5.98s/it]
 82%|████████▏ | 6717/8189 [10:24:52<2:28:34,  6.06s/it]
 82%|████████▏ | 6718/8189 [10:24:58<2:27:17,  6.01s/it]
 82%|████████▏ | 6719/8189 [10:25:04<2:26:53,  6.00s/it]
 82%|████████▏ | 6720/8189 [10:25:09<2:18:36,  5.66s/it]
 82%|████████▏ | 6721/8189 [10:25:14<2:14:38,  5.50s/it]
 82%|████████▏ | 6722/8189 [10:25:21<2:20:56,  5.76s/it]
 82%|████████▏ | 6723/8189 [10:25:27<2:25:14,  5.94s/it]
 82%|████████▏ | 6724/8189 [10:25:33<2:21:58,  5.81s/it]
 82%|████████▏ | 6725/8189 [10:25:38<2:20:08,  5.74s/it]
 82%|████████▏ | 6726/8189 [10:25:44<2:22:35,  5.85s/it]
 82%|████████▏ | 6727/8189 [10:25:51<2:26:32,  6.01s/it]
 82%|████████▏ | 6728/8189 [10:25:57<2:27:46,  6.07s/it]
 82%|████████▏ | 6729/8189 [10:26:03<2:28:22,  6.10s/it]
 82%|████████▏ | 6730/8189 [10:26:08<2:21:28,  5.82s/it]
 82%|████████▏ | 6731/8189 [10:26:14<2:24:09,  5.93s/it]
 82%|████████▏ | 6732/8189 [10:26:21<2:26:18,  6.03s/it]
 82%|████████▏ | 6733/8189 [10:26:26<2:21:44,  5.84s/it]
 82%|████████▏ | 6734/8189 [10:26:32<2:22:24,  5.87s/it]
 82%|████████▏ | 6735/8189 [10:26:37<2:16:32,  5.63s/it]
 82%|████████▏ | 6736/8189 [10:26:43<2:18:14,  5.71s/it]
 82%|████████▏ | 6737/8189 [10:26:48<2:12:54,  5.49s/it]
 82%|████████▏ | 6738/8189 [10:26:55<2:21:27,  5.85s/it]
 82%|████████▏ | 6739/8189 [10:27:01<2:22:01,  5.88s/it]
 82%|████████▏ | 6740/8189 [10:27:06<2:20:10,  5.80s/it]
 82%|████████▏ | 6741/8189 [10:27:13<2:24:11,  5.97s/it]
 82%|████████▏ | 6742/8189 [10:27:18<2:20:04,  5.81s/it]
 82%|████████▏ | 6743/8189 [10:27:23<2:13:53,  5.56s/it]
 82%|████████▏ | 6744/8189 [10:27:28<2:11:51,  5.48s/it]
 82%|████████▏ | 6745/8189 [10:27:33<2:05:15,  5.20s/it]
 82%|████████▏ | 6746/8189 [10:27:38<2:08:06,  5.33s/it]
 82%|████████▏ | 6747/8189 [10:27:44<2:07:46,  5.32s/it]
 82%|████████▏ | 6748/8189 [10:27:49<2:07:38,  5.32s/it]
 82%|████████▏ | 6749/8189 [10:27:55<2:16:13,  5.68s/it]
 82%|████████▏ | 6750/8189 [10:28:01<2:14:46,  5.62s/it]
 82%|████████▏ | 6751/8189 [10:28:07<2:16:04,  5.68s/it]
 82%|████████▏ | 6752/8189 [10:28:12<2:12:22,  5.53s/it]
 82%|████████▏ | 6753/8189 [10:28:17<2:12:17,  5.53s/it]
 82%|████████▏ | 6754/8189 [10:28:23<2:11:13,  5.49s/it]
 82%|████████▏ | 6755/8189 [10:28:29<2:13:12,  5.57s/it]
 83%|████████▎ | 6756/8189 [10:28:35<2:16:58,  5.73s/it]
 83%|████████▎ | 6757/8189 [10:28:41<2:17:40,  5.77s/it]
 83%|████████▎ | 6758/8189 [10:28:45<2:10:41,  5.48s/it]
 83%|████████▎ | 6759/8189 [10:28:51<2:14:29,  5.64s/it]
 83%|████████▎ | 6760/8189 [10:28:57<2:15:10,  5.68s/it]
 83%|████████▎ | 6761/8189 [10:29:03<2:16:42,  5.74s/it]
 83%|████████▎ | 6762/8189 [10:29:09<2:18:14,  5.81s/it]
 83%|████████▎ | 6763/8189 [10:29:15<2:21:01,  5.93s/it]
 83%|████████▎ | 6764/8189 [10:29:21<2:19:17,  5.87s/it]
 83%|████████▎ | 6765/8189 [10:29:27<2:17:45,  5.80s/it]
 83%|████████▎ | 6766/8189 [10:29:32<2:15:51,  5.73s/it]
 83%|████████▎ | 6767/8189 [10:29:38<2:15:23,  5.71s/it]
 83%|████████▎ | 6768/8189 [10:29:44<2:15:41,  5.73s/it]
 83%|████████▎ | 6769/8189 [10:29:49<2:12:05,  5.58s/it]
 83%|████████▎ | 6770/8189 [10:29:54<2:10:45,  5.53s/it]
 83%|████████▎ | 6771/8189 [10:30:00<2:13:24,  5.65s/it]
 83%|████████▎ | 6772/8189 [10:30:06<2:14:03,  5.68s/it]
 83%|████████▎ | 6773/8189 [10:30:12<2:16:24,  5.78s/it]
 83%|████████▎ | 6774/8189 [10:30:18<2:19:22,  5.91s/it]
 83%|████████▎ | 6775/8189 [10:30:24<2:19:34,  5.92s/it]
 83%|████████▎ | 6776/8189 [10:30:31<2:24:15,  6.13s/it]
 83%|████████▎ | 6777/8189 [10:30:36<2:21:25,  6.01s/it]
 83%|████████▎ | 6778/8189 [10:30:42<2:18:48,  5.90s/it]
 83%|████████▎ | 6779/8189 [10:30:47<2:13:30,  5.68s/it]
 83%|████████▎ | 6780/8189 [10:30:53<2:14:55,  5.75s/it]
 83%|████████▎ | 6781/8189 [10:30:58<2:10:46,  5.57s/it]
 83%|████████▎ | 6782/8189 [10:31:04<2:09:35,  5.53s/it]
 83%|████████▎ | 6783/8189 [10:31:09<2:05:40,  5.36s/it]
 83%|████████▎ | 6784/8189 [10:31:14<2:04:09,  5.30s/it]
 83%|████████▎ | 6785/8189 [10:31:19<2:04:31,  5.32s/it]
 83%|████████▎ | 6786/8189 [10:31:25<2:07:58,  5.47s/it]
 83%|████████▎ | 6787/8189 [10:31:30<2:02:20,  5.24s/it]
 83%|████████▎ | 6788/8189 [10:31:36<2:07:24,  5.46s/it]
 83%|████████▎ | 6789/8189 [10:31:41<2:08:35,  5.51s/it]
 83%|████████▎ | 6790/8189 [10:31:47<2:09:35,  5.56s/it]
 83%|████████▎ | 6791/8189 [10:31:54<2:17:43,  5.91s/it]
 83%|████████▎ | 6792/8189 [10:31:59<2:14:51,  5.79s/it]
 83%|████████▎ | 6793/8189 [10:32:04<2:07:22,  5.47s/it]
 83%|████████▎ | 6794/8189 [10:32:10<2:10:14,  5.60s/it]
 83%|████████▎ | 6795/8189 [10:32:17<2:17:23,  5.91s/it]
 83%|████████▎ | 6796/8189 [10:32:22<2:13:40,  5.76s/it]
 83%|████████▎ | 6797/8189 [10:32:28<2:13:42,  5.76s/it]
 83%|████████▎ | 6798/8189 [10:32:33<2:11:03,  5.65s/it]
 83%|████████▎ | 6799/8189 [10:32:39<2:13:01,  5.74s/it]
 83%|████████▎ | 6800/8189 [10:32:44<2:08:34,  5.55s/it]
 83%|████████▎ | 6801/8189 [10:32:50<2:07:47,  5.52s/it]
 83%|████████▎ | 6802/8189 [10:32:55<2:09:35,  5.61s/it]
 83%|████████▎ | 6803/8189 [10:33:01<2:05:37,  5.44s/it]
 83%|████████▎ | 6804/8189 [10:33:05<1:59:44,  5.19s/it]
 83%|████████▎ | 6805/8189 [10:33:10<1:58:43,  5.15s/it]
 83%|████████▎ | 6806/8189 [10:33:16<2:00:13,  5.22s/it]
 83%|████████▎ | 6807/8189 [10:33:21<1:59:36,  5.19s/it]
 83%|████████▎ | 6808/8189 [10:33:26<2:01:43,  5.29s/it]
 83%|████████▎ | 6809/8189 [10:33:32<2:01:43,  5.29s/it]
 83%|████████▎ | 6810/8189 [10:33:37<2:04:31,  5.42s/it]
 83%|████████▎ | 6811/8189 [10:33:42<2:01:09,  5.28s/it]
 83%|████████▎ | 6812/8189 [10:33:48<2:04:04,  5.41s/it]
 83%|████████▎ | 6813/8189 [10:33:53<1:59:18,  5.20s/it]
 83%|████████▎ | 6814/8189 [10:33:57<1:53:03,  4.93s/it]
 83%|████████▎ | 6815/8189 [10:34:02<1:51:27,  4.87s/it]
 83%|████████▎ | 6816/8189 [10:34:07<1:55:02,  5.03s/it]
 83%|████████▎ | 6817/8189 [10:34:12<1:53:35,  4.97s/it]
 83%|████████▎ | 6818/8189 [10:34:18<2:02:52,  5.38s/it]
 83%|████████▎ | 6819/8189 [10:34:24<2:07:22,  5.58s/it]
 83%|████████▎ | 6820/8189 [10:34:29<2:01:20,  5.32s/it]
 83%|████████▎ | 6821/8189 [10:34:34<2:02:04,  5.35s/it]
 83%|████████▎ | 6822/8189 [10:34:39<1:57:37,  5.16s/it]
 83%|████████▎ | 6823/8189 [10:34:45<1:59:20,  5.24s/it]
 83%|████████▎ | 6824/8189 [10:34:50<1:58:16,  5.20s/it]
 83%|████████▎ | 6825/8189 [10:34:55<2:00:10,  5.29s/it]
 83%|████████▎ | 6826/8189 [10:35:01<2:01:19,  5.34s/it]
 83%|████████▎ | 6827/8189 [10:35:05<1:57:21,  5.17s/it]
 83%|████████▎ | 6828/8189 [10:35:10<1:53:33,  5.01s/it]
 83%|████████▎ | 6829/8189 [10:35:15<1:55:44,  5.11s/it]
 83%|████████▎ | 6830/8189 [10:35:21<1:56:08,  5.13s/it]
 83%|████████▎ | 6831/8189 [10:35:26<1:56:24,  5.14s/it]
 83%|████████▎ | 6832/8189 [10:35:32<2:03:25,  5.46s/it]
 83%|████████▎ | 6833/8189 [10:35:38<2:05:55,  5.57s/it]
 83%|████████▎ | 6834/8189 [10:35:43<2:02:07,  5.41s/it]
 83%|████████▎ | 6835/8189 [10:35:48<2:01:41,  5.39s/it]
 83%|████████▎ | 6836/8189 [10:35:54<2:03:48,  5.49s/it]
 83%|████████▎ | 6837/8189 [10:35:59<2:03:31,  5.48s/it]
 84%|████████▎ | 6838/8189 [10:36:05<2:03:19,  5.48s/it]
 84%|████████▎ | 6839/8189 [10:36:10<2:01:34,  5.40s/it]
 84%|████████▎ | 6840/8189 [10:36:15<2:02:07,  5.43s/it]
 84%|████████▎ | 6841/8189 [10:36:20<1:57:02,  5.21s/it]
 84%|████████▎ | 6842/8189 [10:36:26<1:59:54,  5.34s/it]
 84%|████████▎ | 6843/8189 [10:36:31<1:56:56,  5.21s/it]
 84%|████████▎ | 6844/8189 [10:36:34<1:46:45,  4.76s/it]
 84%|████████▎ | 6845/8189 [10:36:41<1:56:59,  5.22s/it]
 84%|████████▎ | 6846/8189 [10:36:47<2:03:48,  5.53s/it]
 84%|████████▎ | 6847/8189 [10:36:53<2:03:43,  5.53s/it]
 84%|████████▎ | 6848/8189 [10:36:58<2:03:17,  5.52s/it]
 84%|████████▎ | 6849/8189 [10:37:05<2:10:27,  5.84s/it]
 84%|████████▎ | 6850/8189 [10:37:10<2:05:22,  5.62s/it]
 84%|████████▎ | 6851/8189 [10:37:15<2:05:33,  5.63s/it]
 84%|████████▎ | 6852/8189 [10:37:21<2:02:23,  5.49s/it]
 84%|████████▎ | 6853/8189 [10:37:26<2:00:40,  5.42s/it]
 84%|████████▎ | 6854/8189 [10:37:31<2:02:09,  5.49s/it]
 84%|████████▎ | 6855/8189 [10:37:37<1:59:17,  5.37s/it]
 84%|████████▎ | 6856/8189 [10:37:42<2:01:09,  5.45s/it]
 84%|████████▎ | 6857/8189 [10:37:48<2:01:25,  5.47s/it]
 84%|████████▎ | 6858/8189 [10:37:52<1:55:05,  5.19s/it]
 84%|████████▍ | 6859/8189 [10:37:58<1:55:44,  5.22s/it]
 84%|████████▍ | 6860/8189 [10:38:04<2:00:55,  5.46s/it]
 84%|████████▍ | 6861/8189 [10:38:10<2:05:58,  5.69s/it]
 84%|████████▍ | 6862/8189 [10:38:16<2:06:25,  5.72s/it]
 84%|████████▍ | 6863/8189 [10:38:21<2:07:45,  5.78s/it]
 84%|████████▍ | 6864/8189 [10:38:27<2:05:17,  5.67s/it]
 84%|████████▍ | 6865/8189 [10:38:32<2:03:51,  5.61s/it]
 84%|████████▍ | 6866/8189 [10:38:37<1:59:13,  5.41s/it]
 84%|████████▍ | 6867/8189 [10:38:41<1:46:02,  4.81s/it]
 84%|████████▍ | 6868/8189 [10:38:46<1:50:28,  5.02s/it]
 84%|████████▍ | 6869/8189 [10:38:52<1:57:33,  5.34s/it]
 84%|████████▍ | 6870/8189 [10:38:58<1:57:18,  5.34s/it]
 84%|████████▍ | 6871/8189 [10:39:03<1:57:22,  5.34s/it]
 84%|████████▍ | 6872/8189 [10:39:08<1:55:22,  5.26s/it]
 84%|████████▍ | 6873/8189 [10:39:14<1:58:17,  5.39s/it]
 84%|████████▍ | 6874/8189 [10:39:19<1:57:08,  5.34s/it]
 84%|████████▍ | 6875/8189 [10:39:24<1:57:31,  5.37s/it]
 84%|████████▍ | 6876/8189 [10:39:30<1:58:38,  5.42s/it]
 84%|████████▍ | 6877/8189 [10:39:36<2:01:16,  5.55s/it]
 84%|████████▍ | 6878/8189 [10:39:41<1:59:27,  5.47s/it]
 84%|████████▍ | 6879/8189 [10:39:46<1:56:40,  5.34s/it]
 84%|████████▍ | 6880/8189 [10:39:51<1:52:17,  5.15s/it]
 84%|████████▍ | 6881/8189 [10:39:56<1:50:46,  5.08s/it]
 84%|████████▍ | 6882/8189 [10:40:00<1:47:30,  4.94s/it]
 84%|████████▍ | 6883/8189 [10:40:05<1:48:13,  4.97s/it]
 84%|████████▍ | 6884/8189 [10:40:11<1:51:23,  5.12s/it]
 84%|████████▍ | 6885/8189 [10:40:16<1:48:36,  5.00s/it]
 84%|████████▍ | 6886/8189 [10:40:21<1:50:24,  5.08s/it]
 84%|████████▍ | 6887/8189 [10:40:26<1:51:44,  5.15s/it]
 84%|████████▍ | 6888/8189 [10:40:32<1:53:01,  5.21s/it]
 84%|████████▍ | 6889/8189 [10:40:38<1:58:05,  5.45s/it]
 84%|████████▍ | 6890/8189 [10:40:43<1:58:54,  5.49s/it]
 84%|████████▍ | 6891/8189 [10:40:49<2:00:07,  5.55s/it]
 84%|████████▍ | 6892/8189 [10:40:54<1:57:55,  5.46s/it]
 84%|████████▍ | 6893/8189 [10:41:00<2:02:59,  5.69s/it]
 84%|████████▍ | 6894/8189 [10:41:06<2:01:27,  5.63s/it]
 84%|████████▍ | 6895/8189 [10:41:10<1:53:42,  5.27s/it]
 84%|████████▍ | 6896/8189 [10:41:16<1:55:36,  5.36s/it]
 84%|████████▍ | 6897/8189 [10:41:21<1:51:52,  5.20s/it]
 84%|████████▍ | 6898/8189 [10:41:26<1:50:57,  5.16s/it]
 84%|████████▍ | 6899/8189 [10:41:30<1:48:24,  5.04s/it]
 84%|████████▍ | 6900/8189 [10:41:36<1:51:31,  5.19s/it]
 84%|████████▍ | 6901/8189 [10:41:42<1:53:58,  5.31s/it]
 84%|████████▍ | 6902/8189 [10:41:47<1:55:09,  5.37s/it]
 84%|████████▍ | 6903/8189 [10:41:53<1:57:13,  5.47s/it]
 84%|████████▍ | 6904/8189 [10:41:56<1:44:19,  4.87s/it]
 84%|████████▍ | 6905/8189 [10:42:01<1:42:22,  4.78s/it]
 84%|████████▍ | 6906/8189 [10:42:06<1:43:05,  4.82s/it]
 84%|████████▍ | 6907/8189 [10:42:12<1:49:38,  5.13s/it]
 84%|████████▍ | 6908/8189 [10:42:18<1:55:04,  5.39s/it]
 84%|████████▍ | 6909/8189 [10:42:23<1:55:28,  5.41s/it]
 84%|████████▍ | 6910/8189 [10:42:29<1:56:55,  5.48s/it]
 84%|████████▍ | 6911/8189 [10:42:33<1:50:09,  5.17s/it]
 84%|████████▍ | 6912/8189 [10:42:39<1:53:40,  5.34s/it]
 84%|████████▍ | 6913/8189 [10:42:45<1:55:30,  5.43s/it]
 84%|████████▍ | 6914/8189 [10:42:50<1:55:25,  5.43s/it]
 84%|████████▍ | 6915/8189 [10:42:55<1:54:40,  5.40s/it]
 84%|████████▍ | 6916/8189 [10:43:01<1:56:44,  5.50s/it]
 84%|████████▍ | 6917/8189 [10:43:07<1:58:30,  5.59s/it]
 84%|████████▍ | 6918/8189 [10:43:12<1:57:08,  5.53s/it]
 84%|████████▍ | 6919/8189 [10:43:18<1:59:03,  5.62s/it]
 85%|████████▍ | 6920/8189 [10:43:24<2:02:08,  5.78s/it]
 85%|████████▍ | 6921/8189 [10:43:29<1:57:15,  5.55s/it]
 85%|████████▍ | 6922/8189 [10:43:34<1:50:05,  5.21s/it]
 85%|████████▍ | 6923/8189 [10:43:39<1:48:52,  5.16s/it]
 85%|████████▍ | 6924/8189 [10:43:44<1:49:10,  5.18s/it]
 85%|████████▍ | 6925/8189 [10:43:50<1:53:07,  5.37s/it]
 85%|████████▍ | 6926/8189 [10:43:56<1:56:54,  5.55s/it]
 85%|████████▍ | 6927/8189 [10:44:02<2:00:05,  5.71s/it]
 85%|████████▍ | 6928/8189 [10:44:08<2:00:17,  5.72s/it]
 85%|████████▍ | 6929/8189 [10:44:12<1:50:29,  5.26s/it]
 85%|████████▍ | 6930/8189 [10:44:17<1:49:24,  5.21s/it]
 85%|████████▍ | 6931/8189 [10:44:23<1:54:48,  5.48s/it]
 85%|████████▍ | 6932/8189 [10:44:29<1:56:14,  5.55s/it]
 85%|████████▍ | 6933/8189 [10:44:34<1:56:58,  5.59s/it]
 85%|████████▍ | 6934/8189 [10:44:40<1:57:48,  5.63s/it]
 85%|████████▍ | 6935/8189 [10:44:46<1:59:46,  5.73s/it]
 85%|████████▍ | 6936/8189 [10:44:51<1:56:33,  5.58s/it]
 85%|████████▍ | 6937/8189 [10:44:57<1:58:47,  5.69s/it]
 85%|████████▍ | 6938/8189 [10:45:03<2:00:11,  5.76s/it]
 85%|████████▍ | 6939/8189 [10:45:10<2:04:37,  5.98s/it]
 85%|████████▍ | 6940/8189 [10:45:16<2:09:17,  6.21s/it]
 85%|████████▍ | 6941/8189 [10:45:22<2:08:16,  6.17s/it]
 85%|████████▍ | 6942/8189 [10:45:29<2:08:43,  6.19s/it]
 85%|████████▍ | 6943/8189 [10:45:34<2:03:22,  5.94s/it]
 85%|████████▍ | 6944/8189 [10:45:40<2:00:42,  5.82s/it]
 85%|████████▍ | 6945/8189 [10:45:44<1:49:18,  5.27s/it]
 85%|████████▍ | 6946/8189 [10:45:49<1:48:19,  5.23s/it]
 85%|████████▍ | 6947/8189 [10:45:54<1:49:33,  5.29s/it]
 85%|████████▍ | 6948/8189 [10:46:00<1:53:19,  5.48s/it]
 85%|████████▍ | 6949/8189 [10:46:05<1:47:54,  5.22s/it]
 85%|████████▍ | 6950/8189 [10:46:11<1:51:54,  5.42s/it]
 85%|████████▍ | 6951/8189 [10:46:17<1:57:23,  5.69s/it]
 85%|████████▍ | 6952/8189 [10:46:22<1:51:03,  5.39s/it]
 85%|████████▍ | 6953/8189 [10:46:26<1:48:30,  5.27s/it]
 85%|████████▍ | 6954/8189 [10:46:32<1:50:04,  5.35s/it]
 85%|████████▍ | 6955/8189 [10:46:38<1:51:37,  5.43s/it]
 85%|████████▍ | 6956/8189 [10:46:43<1:53:58,  5.55s/it]
 85%|████████▍ | 6957/8189 [10:46:50<1:58:20,  5.76s/it]
 85%|████████▍ | 6958/8189 [10:46:55<1:56:39,  5.69s/it]
 85%|████████▍ | 6959/8189 [10:47:01<1:56:57,  5.71s/it]
 85%|████████▍ | 6960/8189 [10:47:07<1:59:09,  5.82s/it]
 85%|████████▌ | 6961/8189 [10:47:14<2:05:26,  6.13s/it]
 85%|████████▌ | 6962/8189 [10:47:20<2:05:43,  6.15s/it]
 85%|████████▌ | 6963/8189 [10:47:26<2:06:31,  6.19s/it]
 85%|████████▌ | 6964/8189 [10:47:33<2:08:04,  6.27s/it]
 85%|████████▌ | 6965/8189 [10:47:39<2:09:25,  6.34s/it]
 85%|████████▌ | 6966/8189 [10:47:45<2:07:49,  6.27s/it]
 85%|████████▌ | 6967/8189 [10:47:52<2:07:42,  6.27s/it]
 85%|████████▌ | 6968/8189 [10:47:57<2:02:25,  6.02s/it]
 85%|████████▌ | 6969/8189 [10:48:03<2:00:38,  5.93s/it]
 85%|████████▌ | 6970/8189 [10:48:08<1:57:02,  5.76s/it]
 85%|████████▌ | 6971/8189 [10:48:14<1:54:04,  5.62s/it]
 85%|████████▌ | 6972/8189 [10:48:19<1:54:39,  5.65s/it]
 85%|████████▌ | 6973/8189 [10:48:25<1:52:04,  5.53s/it]
 85%|████████▌ | 6974/8189 [10:48:30<1:53:46,  5.62s/it]
 85%|████████▌ | 6975/8189 [10:48:36<1:55:52,  5.73s/it]
 85%|████████▌ | 6976/8189 [10:48:42<1:53:24,  5.61s/it]
 85%|████████▌ | 6977/8189 [10:48:48<1:56:18,  5.76s/it]
 85%|████████▌ | 6978/8189 [10:48:53<1:54:03,  5.65s/it]
 85%|████████▌ | 6979/8189 [10:48:59<1:55:09,  5.71s/it]
 85%|████████▌ | 6980/8189 [10:49:05<1:55:21,  5.73s/it]
 85%|████████▌ | 6981/8189 [10:49:11<1:56:36,  5.79s/it]
 85%|████████▌ | 6982/8189 [10:49:16<1:51:01,  5.52s/it]
 85%|████████▌ | 6983/8189 [10:49:22<1:54:23,  5.69s/it]
 85%|████████▌ | 6984/8189 [10:49:28<1:56:03,  5.78s/it]
 85%|████████▌ | 6985/8189 [10:49:33<1:55:07,  5.74s/it]
 85%|████████▌ | 6986/8189 [10:49:39<1:55:41,  5.77s/it]
 85%|████████▌ | 6987/8189 [10:49:44<1:49:24,  5.46s/it]
 85%|████████▌ | 6988/8189 [10:49:49<1:49:40,  5.48s/it]
 85%|████████▌ | 6989/8189 [10:49:56<1:54:12,  5.71s/it]
 85%|████████▌ | 6990/8189 [10:50:01<1:48:44,  5.44s/it]
 85%|████████▌ | 6991/8189 [10:50:07<1:53:06,  5.66s/it]
 85%|████████▌ | 6992/8189 [10:50:13<1:54:16,  5.73s/it]
 85%|████████▌ | 6993/8189 [10:50:18<1:53:46,  5.71s/it]
 85%|████████▌ | 6994/8189 [10:50:24<1:52:43,  5.66s/it]
 85%|████████▌ | 6995/8189 [10:50:29<1:52:27,  5.65s/it]
 85%|████████▌ | 6996/8189 [10:50:35<1:53:18,  5.70s/it]
 85%|████████▌ | 6997/8189 [10:50:41<1:52:02,  5.64s/it]
 85%|████████▌ | 6998/8189 [10:50:45<1:45:53,  5.33s/it]
 85%|████████▌ | 6999/8189 [10:50:51<1:47:57,  5.44s/it]
 85%|████████▌ | 7000/8189 [10:50:57<1:49:18,  5.52s/it]
                                                        

 85%|████████▌ | 7000/8189 [10:50:57<1:49:18,  5.52s/it]

Batches:   0%|          | 0/9 [00:00<?, ?it/s][A

Batches:  44%|████▍     | 4/9 [00:00<00:00, 38.09it/s][A
Batches: 100%|██████████| 9/9 [00:00<00:00, 47.04it/s]


Corpus Chunks:   0%|          | 0/1 [00:00<?, ?it/s][A


Batches:   0%|          | 0/9 [00:00<?, ?it/s][A[A


Batches:  67%|██████▋   | 6/9 [00:00<00:00, 59.27it/s][A[A
Batches: 100%|██████████| 9/9 [00:00<00:00, 65.25it/s]


Corpus Chunks: 100%|██████████| 1/1 [00:00<00:00,  6.96it/s][A
Corpus Chunks: 100%|██████████| 1/1 [00:00<00:00,  6.94it/s]


Batches:   0%|          | 0/7 [00:00<?, ?it/s][A
Batches: 100%|██████████| 7/7 [00:00<00:00, 75.08it/s]


Batches:   0%|          | 0/7 [00:00<?, ?it/s][A

Batches:  86%|████████▌ | 6/7 [00:00<00:00, 55.41it/s][A
Batches: 100%|██████████| 7/7 [00:00<00:00, 57.48it/s]


Batches:   0%|          | 0/7 [00:00<?, ?it/s][A

Batches: 100%|██████████| 7/7 [00:00<00:00, 68.76it/s][A
Batches: 100%|██████████| 7/7 [00:00<00:00, 68.31it/s]

                                                        

 85%|████████▌ | 7000/8189 [10:50:58<1:49:18,  5.52s/it]

Writing model shards:   0%|          | 0/1 [00:00<?, ?it/s][A

Writing model shards: 100%|██████████| 1/1 [00:01<00:00,  1.08s/it][A
Writing model shards: 100%|██████████| 1/1 [00:01<00:00,  1.08s/it]

 85%|████████▌ | 7001/8189 [10:51:07<2:19:11,  7.03s/it]
 86%|████████▌ | 7002/8189 [10:51:13<2:12:09,  6.68s/it]
 86%|████████▌ | 7003/8189 [10:51:20<2:11:06,  6.63s/it]
 86%|████████▌ | 7004/8189 [10:51:25<2:03:33,  6.26s/it]
 86%|████████▌ | 7005/8189 [10:51:31<2:01:25,  6.15s/it]
 86%|████████▌ | 7006/8189 [10:51:37<1:58:05,  5.99s/it]
 86%|████████▌ | 7007/8189 [10:51:42<1:55:21,  5.86s/it]
 86%|████████▌ | 7008/8189 [10:51:48<1:54:17,  5.81s/it]
 86%|████████▌ | 7009/8189 [10:51:53<1:48:56,  5.54s/it]
 86%|████████▌ | 7010/8189 [10:51:58<1:48:53,  5.54s/it]
 86%|████████▌ | 7011/8189 [10:52:04<1:50:37,  5.63s/it]
 86%|████████▌ | 7012/8189 [10:52:10<1:51:10,  5.67s/it]
 86%|████████▌ | 7013/8189 [10:52:16<1:51:26,  5.69s/it]
 86%|████████▌ | 7014/8189 [10:52:21<1:51:47,  5.71s/it]
 86%|████████▌ | 7015/8189 [10:52:27<1:53:46,  5.81s/it]
 86%|████████▌ | 7016/8189 [10:52:34<1:55:37,  5.91s/it]
 86%|████████▌ | 7017/8189 [10:52:39<1:52:48,  5.78s/it]
 86%|████████▌ | 7018/8189 [10:52:44<1:48:29,  5.56s/it]
 86%|████████▌ | 7019/8189 [10:52:49<1:47:05,  5.49s/it]
 86%|████████▌ | 7020/8189 [10:52:56<1:50:38,  5.68s/it]
 86%|████████▌ | 7021/8189 [10:53:01<1:51:53,  5.75s/it]
 86%|████████▌ | 7022/8189 [10:53:08<1:55:11,  5.92s/it]
 86%|████████▌ | 7023/8189 [10:53:13<1:51:12,  5.72s/it]
 86%|████████▌ | 7024/8189 [10:53:19<1:50:41,  5.70s/it]
 86%|████████▌ | 7025/8189 [10:53:24<1:46:56,  5.51s/it]
 86%|████████▌ | 7026/8189 [10:53:29<1:47:23,  5.54s/it]
 86%|████████▌ | 7027/8189 [10:53:35<1:48:31,  5.60s/it]
 86%|████████▌ | 7028/8189 [10:53:41<1:52:39,  5.82s/it]
 86%|████████▌ | 7029/8189 [10:53:48<1:56:22,  6.02s/it]
 86%|████████▌ | 7030/8189 [10:53:53<1:50:02,  5.70s/it]
 86%|████████▌ | 7031/8189 [10:53:58<1:47:39,  5.58s/it]
 86%|████████▌ | 7032/8189 [10:54:04<1:49:27,  5.68s/it]
 86%|████████▌ | 7033/8189 [10:54:10<1:51:05,  5.77s/it]
 86%|████████▌ | 7034/8189 [10:54:17<1:56:44,  6.06s/it]
 86%|████████▌ | 7035/8189 [10:54:22<1:53:26,  5.90s/it]
 86%|████████▌ | 7036/8189 [10:54:28<1:51:28,  5.80s/it]
 86%|████████▌ | 7037/8189 [10:54:33<1:48:28,  5.65s/it]
 86%|████████▌ | 7038/8189 [10:54:39<1:47:45,  5.62s/it]
 86%|████████▌ | 7039/8189 [10:54:44<1:46:16,  5.55s/it]
 86%|████████▌ | 7040/8189 [10:54:49<1:40:56,  5.27s/it]
 86%|████████▌ | 7041/8189 [10:54:54<1:39:11,  5.18s/it]
 86%|████████▌ | 7042/8189 [10:54:59<1:36:52,  5.07s/it]
 86%|████████▌ | 7043/8189 [10:55:04<1:38:35,  5.16s/it]
 86%|████████▌ | 7044/8189 [10:55:09<1:35:45,  5.02s/it]
 86%|████████▌ | 7045/8189 [10:55:15<1:42:02,  5.35s/it]
 86%|████████▌ | 7046/8189 [10:55:20<1:42:01,  5.36s/it]
 86%|████████▌ | 7047/8189 [10:55:26<1:43:16,  5.43s/it]
 86%|████████▌ | 7048/8189 [10:55:31<1:44:50,  5.51s/it]
 86%|████████▌ | 7049/8189 [10:55:37<1:43:20,  5.44s/it]
 86%|████████▌ | 7050/8189 [10:55:41<1:38:38,  5.20s/it]
 86%|████████▌ | 7051/8189 [10:55:47<1:41:03,  5.33s/it]
 86%|████████▌ | 7052/8189 [10:55:52<1:38:07,  5.18s/it]
 86%|████████▌ | 7053/8189 [10:55:57<1:39:56,  5.28s/it]
 86%|████████▌ | 7054/8189 [10:56:01<1:33:44,  4.96s/it]
 86%|████████▌ | 7055/8189 [10:56:07<1:38:53,  5.23s/it]
 86%|████████▌ | 7056/8189 [10:56:12<1:36:03,  5.09s/it]
 86%|████████▌ | 7057/8189 [10:56:17<1:35:18,  5.05s/it]
 86%|████████▌ | 7058/8189 [10:56:23<1:38:33,  5.23s/it]
 86%|████████▌ | 7059/8189 [10:56:28<1:41:32,  5.39s/it]
 86%|████████▌ | 7060/8189 [10:56:33<1:39:22,  5.28s/it]
 86%|████████▌ | 7061/8189 [10:56:39<1:43:24,  5.50s/it]
 86%|████████▌ | 7062/8189 [10:56:45<1:43:42,  5.52s/it]
 86%|████████▌ | 7063/8189 [10:56:51<1:46:11,  5.66s/it]
 86%|████████▋ | 7064/8189 [10:56:56<1:44:45,  5.59s/it]
 86%|████████▋ | 7065/8189 [10:57:02<1:44:55,  5.60s/it]
 86%|████████▋ | 7066/8189 [10:57:08<1:44:23,  5.58s/it]
 86%|████████▋ | 7067/8189 [10:57:12<1:39:20,  5.31s/it]
 86%|████████▋ | 7068/8189 [10:57:17<1:37:47,  5.23s/it]
 86%|████████▋ | 7069/8189 [10:57:23<1:39:30,  5.33s/it]
 86%|████████▋ | 7070/8189 [10:57:29<1:45:33,  5.66s/it]
 86%|████████▋ | 7071/8189 [10:57:35<1:45:29,  5.66s/it]
 86%|████████▋ | 7072/8189 [10:57:40<1:44:14,  5.60s/it]
 86%|████████▋ | 7073/8189 [10:57:46<1:45:27,  5.67s/it]
 86%|████████▋ | 7074/8189 [10:57:52<1:46:29,  5.73s/it]
 86%|████████▋ | 7075/8189 [10:57:58<1:47:31,  5.79s/it]
 86%|████████▋ | 7076/8189 [10:58:04<1:49:51,  5.92s/it]
 86%|████████▋ | 7077/8189 [10:58:10<1:48:54,  5.88s/it]
 86%|████████▋ | 7078/8189 [10:58:16<1:49:22,  5.91s/it]
 86%|████████▋ | 7079/8189 [10:58:22<1:49:43,  5.93s/it]
 86%|████████▋ | 7080/8189 [10:58:28<1:47:15,  5.80s/it]
 86%|████████▋ | 7081/8189 [10:58:34<1:50:13,  5.97s/it]
 86%|████████▋ | 7082/8189 [10:58:40<1:48:41,  5.89s/it]
 86%|████████▋ | 7083/8189 [10:58:45<1:44:12,  5.65s/it]
 87%|████████▋ | 7084/8189 [10:58:50<1:41:31,  5.51s/it]
 87%|████████▋ | 7085/8189 [10:58:55<1:40:58,  5.49s/it]
 87%|████████▋ | 7086/8189 [10:59:00<1:38:32,  5.36s/it]
 87%|████████▋ | 7087/8189 [10:59:06<1:38:42,  5.37s/it]
 87%|████████▋ | 7088/8189 [10:59:11<1:38:13,  5.35s/it]
 87%|████████▋ | 7089/8189 [10:59:17<1:41:40,  5.55s/it]
 87%|████████▋ | 7090/8189 [10:59:22<1:40:21,  5.48s/it]
 87%|████████▋ | 7091/8189 [10:59:29<1:44:43,  5.72s/it]
 87%|████████▋ | 7092/8189 [10:59:35<1:46:27,  5.82s/it]
 87%|████████▋ | 7093/8189 [10:59:39<1:40:15,  5.49s/it]
 87%|████████▋ | 7094/8189 [10:59:46<1:43:53,  5.69s/it]
 87%|████████▋ | 7095/8189 [10:59:51<1:43:28,  5.68s/it]
 87%|████████▋ | 7096/8189 [10:59:56<1:40:31,  5.52s/it]
 87%|████████▋ | 7097/8189 [11:00:01<1:37:50,  5.38s/it]
 87%|████████▋ | 7098/8189 [11:00:07<1:41:09,  5.56s/it]
 87%|████████▋ | 7099/8189 [11:00:12<1:36:21,  5.30s/it]
 87%|████████▋ | 7100/8189 [11:00:18<1:40:12,  5.52s/it]
 87%|████████▋ | 7101/8189 [11:00:24<1:42:34,  5.66s/it]
 87%|████████▋ | 7102/8189 [11:00:29<1:40:31,  5.55s/it]
 87%|████████▋ | 7103/8189 [11:00:35<1:37:40,  5.40s/it]
 87%|████████▋ | 7104/8189 [11:00:41<1:40:42,  5.57s/it]
 87%|████████▋ | 7105/8189 [11:00:45<1:36:24,  5.34s/it]
 87%|████████▋ | 7106/8189 [11:00:51<1:36:47,  5.36s/it]
 87%|████████▋ | 7107/8189 [11:00:57<1:42:54,  5.71s/it]
 87%|████████▋ | 7108/8189 [11:01:03<1:44:17,  5.79s/it]
 87%|████████▋ | 7109/8189 [11:01:09<1:43:39,  5.76s/it]
 87%|████████▋ | 7110/8189 [11:01:14<1:41:05,  5.62s/it]
 87%|████████▋ | 7111/8189 [11:01:20<1:41:10,  5.63s/it]
 87%|████████▋ | 7112/8189 [11:01:26<1:43:48,  5.78s/it]
 87%|████████▋ | 7113/8189 [11:01:32<1:45:44,  5.90s/it]
 87%|████████▋ | 7114/8189 [11:01:38<1:43:34,  5.78s/it]
 87%|████████▋ | 7115/8189 [11:01:43<1:38:39,  5.51s/it]
 87%|████████▋ | 7116/8189 [11:01:49<1:41:27,  5.67s/it]
 87%|████████▋ | 7117/8189 [11:01:54<1:37:53,  5.48s/it]
 87%|████████▋ | 7118/8189 [11:01:58<1:30:50,  5.09s/it]
 87%|████████▋ | 7119/8189 [11:02:03<1:29:34,  5.02s/it]
 87%|████████▋ | 7120/8189 [11:02:07<1:25:49,  4.82s/it]
 87%|████████▋ | 7121/8189 [11:02:12<1:27:11,  4.90s/it]
 87%|████████▋ | 7122/8189 [11:02:18<1:29:51,  5.05s/it]
 87%|████████▋ | 7123/8189 [11:02:23<1:33:42,  5.27s/it]
 87%|████████▋ | 7124/8189 [11:02:28<1:28:36,  4.99s/it]
 87%|████████▋ | 7125/8189 [11:02:33<1:32:31,  5.22s/it]
 87%|████████▋ | 7126/8189 [11:02:40<1:38:08,  5.54s/it]
 87%|████████▋ | 7127/8189 [11:02:45<1:38:34,  5.57s/it]
 87%|████████▋ | 7128/8189 [11:02:51<1:40:22,  5.68s/it]
 87%|████████▋ | 7129/8189 [11:02:58<1:43:52,  5.88s/it]
 87%|████████▋ | 7130/8189 [11:03:03<1:42:15,  5.79s/it]
 87%|████████▋ | 7131/8189 [11:03:08<1:38:24,  5.58s/it]
 87%|████████▋ | 7132/8189 [11:03:13<1:36:15,  5.46s/it]
 87%|████████▋ | 7133/8189 [11:03:19<1:36:52,  5.50s/it]
 87%|████████▋ | 7134/8189 [11:03:25<1:38:08,  5.58s/it]
 87%|████████▋ | 7135/8189 [11:03:30<1:35:34,  5.44s/it]
 87%|████████▋ | 7136/8189 [11:03:36<1:36:58,  5.53s/it]
 87%|████████▋ | 7137/8189 [11:03:41<1:37:18,  5.55s/it]
 87%|████████▋ | 7138/8189 [11:03:47<1:40:10,  5.72s/it]
 87%|████████▋ | 7139/8189 [11:03:53<1:39:31,  5.69s/it]
 87%|████████▋ | 7140/8189 [11:03:59<1:40:26,  5.74s/it]
 87%|████████▋ | 7141/8189 [11:04:04<1:36:50,  5.54s/it]
 87%|████████▋ | 7142/8189 [11:04:10<1:37:27,  5.59s/it]
 87%|████████▋ | 7143/8189 [11:04:16<1:39:09,  5.69s/it]
 87%|████████▋ | 7144/8189 [11:04:21<1:40:23,  5.76s/it]
 87%|████████▋ | 7145/8189 [11:04:27<1:41:11,  5.82s/it]
 87%|████████▋ | 7146/8189 [11:04:32<1:34:47,  5.45s/it]
 87%|████████▋ | 7147/8189 [11:04:38<1:36:45,  5.57s/it]
 87%|████████▋ | 7148/8189 [11:04:44<1:37:43,  5.63s/it]
 87%|████████▋ | 7149/8189 [11:04:49<1:36:53,  5.59s/it]
 87%|████████▋ | 7150/8189 [11:04:55<1:36:36,  5.58s/it]
 87%|████████▋ | 7151/8189 [11:05:00<1:36:20,  5.57s/it]
 87%|████████▋ | 7152/8189 [11:05:05<1:33:37,  5.42s/it]
 87%|████████▋ | 7153/8189 [11:05:11<1:33:55,  5.44s/it]
 87%|████████▋ | 7154/8189 [11:05:16<1:30:55,  5.27s/it]
 87%|████████▋ | 7155/8189 [11:05:21<1:32:45,  5.38s/it]
 87%|████████▋ | 7156/8189 [11:05:27<1:35:26,  5.54s/it]
 87%|████████▋ | 7157/8189 [11:05:33<1:36:26,  5.61s/it]
 87%|████████▋ | 7158/8189 [11:05:39<1:38:08,  5.71s/it]
 87%|████████▋ | 7159/8189 [11:05:45<1:37:37,  5.69s/it]
 87%|████████▋ | 7160/8189 [11:05:50<1:35:16,  5.56s/it]
 87%|████████▋ | 7161/8189 [11:05:56<1:37:50,  5.71s/it]
 87%|████████▋ | 7162/8189 [11:06:02<1:38:37,  5.76s/it]
 87%|████████▋ | 7163/8189 [11:06:07<1:38:11,  5.74s/it]
 87%|████████▋ | 7164/8189 [11:06:14<1:39:51,  5.85s/it]
 87%|████████▋ | 7165/8189 [11:06:19<1:39:25,  5.83s/it]
 88%|████████▊ | 7166/8189 [11:06:25<1:36:35,  5.67s/it]
 88%|████████▊ | 7167/8189 [11:06:30<1:32:28,  5.43s/it]
 88%|████████▊ | 7168/8189 [11:06:35<1:35:06,  5.59s/it]
 88%|████████▊ | 7169/8189 [11:06:42<1:37:18,  5.72s/it]
 88%|████████▊ | 7170/8189 [11:06:46<1:32:15,  5.43s/it]
 88%|████████▊ | 7171/8189 [11:06:52<1:32:31,  5.45s/it]
 88%|████████▊ | 7172/8189 [11:06:58<1:35:58,  5.66s/it]
 88%|████████▊ | 7173/8189 [11:07:04<1:38:31,  5.82s/it]
 88%|████████▊ | 7174/8189 [11:07:09<1:35:46,  5.66s/it]
 88%|████████▊ | 7175/8189 [11:07:16<1:39:25,  5.88s/it]
 88%|████████▊ | 7176/8189 [11:07:22<1:38:30,  5.83s/it]
 88%|████████▊ | 7177/8189 [11:07:27<1:37:45,  5.80s/it]
 88%|████████▊ | 7178/8189 [11:07:34<1:40:51,  5.99s/it]
 88%|████████▊ | 7179/8189 [11:07:39<1:38:26,  5.85s/it]
 88%|████████▊ | 7180/8189 [11:07:45<1:39:47,  5.93s/it]
 88%|████████▊ | 7181/8189 [11:07:51<1:36:37,  5.75s/it]
 88%|████████▊ | 7182/8189 [11:07:57<1:37:36,  5.82s/it]
 88%|████████▊ | 7183/8189 [11:08:02<1:36:15,  5.74s/it]
 88%|████████▊ | 7184/8189 [11:08:08<1:37:36,  5.83s/it]
 88%|████████▊ | 7185/8189 [11:08:14<1:37:06,  5.80s/it]
 88%|████████▊ | 7186/8189 [11:08:20<1:37:35,  5.84s/it]
 88%|████████▊ | 7187/8189 [11:08:25<1:34:26,  5.66s/it]
 88%|████████▊ | 7188/8189 [11:08:30<1:32:49,  5.56s/it]
 88%|████████▊ | 7189/8189 [11:08:36<1:31:19,  5.48s/it]
 88%|████████▊ | 7190/8189 [11:08:41<1:32:10,  5.54s/it]
 88%|████████▊ | 7191/8189 [11:08:48<1:39:01,  5.95s/it]
 88%|████████▊ | 7192/8189 [11:08:54<1:38:49,  5.95s/it]
 88%|████████▊ | 7193/8189 [11:09:00<1:38:13,  5.92s/it]
 88%|████████▊ | 7194/8189 [11:09:05<1:33:38,  5.65s/it]
 88%|████████▊ | 7195/8189 [11:09:11<1:35:18,  5.75s/it]
 88%|████████▊ | 7196/8189 [11:09:16<1:30:28,  5.47s/it]
 88%|████████▊ | 7197/8189 [11:09:22<1:31:36,  5.54s/it]
 88%|████████▊ | 7198/8189 [11:09:26<1:27:38,  5.31s/it]
 88%|████████▊ | 7199/8189 [11:09:32<1:27:58,  5.33s/it]
 88%|████████▊ | 7200/8189 [11:09:38<1:30:53,  5.51s/it]
 88%|████████▊ | 7201/8189 [11:09:43<1:30:59,  5.53s/it]
 88%|████████▊ | 7202/8189 [11:09:48<1:27:44,  5.33s/it]
 88%|████████▊ | 7203/8189 [11:09:54<1:30:29,  5.51s/it]
 88%|████████▊ | 7204/8189 [11:10:00<1:30:48,  5.53s/it]
 88%|████████▊ | 7205/8189 [11:10:06<1:35:45,  5.84s/it]
 88%|████████▊ | 7206/8189 [11:10:11<1:32:27,  5.64s/it]
 88%|████████▊ | 7207/8189 [11:10:16<1:26:53,  5.31s/it]
 88%|████████▊ | 7208/8189 [11:10:21<1:27:15,  5.34s/it]
 88%|████████▊ | 7209/8189 [11:10:27<1:27:15,  5.34s/it]
 88%|████████▊ | 7210/8189 [11:10:33<1:30:43,  5.56s/it]
 88%|████████▊ | 7211/8189 [11:10:38<1:31:02,  5.59s/it]
 88%|████████▊ | 7212/8189 [11:10:44<1:32:11,  5.66s/it]
 88%|████████▊ | 7213/8189 [11:10:50<1:32:11,  5.67s/it]
 88%|████████▊ | 7214/8189 [11:10:56<1:34:13,  5.80s/it]
 88%|████████▊ | 7215/8189 [11:11:02<1:32:46,  5.71s/it]
 88%|████████▊ | 7216/8189 [11:11:06<1:27:15,  5.38s/it]
 88%|████████▊ | 7217/8189 [11:11:12<1:27:45,  5.42s/it]
 88%|████████▊ | 7218/8189 [11:11:17<1:26:15,  5.33s/it]
 88%|████████▊ | 7219/8189 [11:11:24<1:32:56,  5.75s/it]
 88%|████████▊ | 7220/8189 [11:11:30<1:35:34,  5.92s/it]
 88%|████████▊ | 7221/8189 [11:11:35<1:31:05,  5.65s/it]
 88%|████████▊ | 7222/8189 [11:11:41<1:31:56,  5.70s/it]
 88%|████████▊ | 7223/8189 [11:11:46<1:30:01,  5.59s/it]
 88%|████████▊ | 7224/8189 [11:11:52<1:32:58,  5.78s/it]
 88%|████████▊ | 7225/8189 [11:11:57<1:29:56,  5.60s/it]
 88%|████████▊ | 7226/8189 [11:12:03<1:31:34,  5.71s/it]
 88%|████████▊ | 7227/8189 [11:12:09<1:29:33,  5.59s/it]
 88%|████████▊ | 7228/8189 [11:12:15<1:33:59,  5.87s/it]
 88%|████████▊ | 7229/8189 [11:12:21<1:32:06,  5.76s/it]
 88%|████████▊ | 7230/8189 [11:12:26<1:31:42,  5.74s/it]
 88%|████████▊ | 7231/8189 [11:12:33<1:33:49,  5.88s/it]
 88%|████████▊ | 7232/8189 [11:12:39<1:36:19,  6.04s/it]
 88%|████████▊ | 7233/8189 [11:12:43<1:26:07,  5.41s/it]
 88%|████████▊ | 7234/8189 [11:12:49<1:27:40,  5.51s/it]
 88%|████████▊ | 7235/8189 [11:12:54<1:28:08,  5.54s/it]
 88%|████████▊ | 7236/8189 [11:13:00<1:30:13,  5.68s/it]
 88%|████████▊ | 7237/8189 [11:13:06<1:29:06,  5.62s/it]
 88%|████████▊ | 7238/8189 [11:13:11<1:29:11,  5.63s/it]
 88%|████████▊ | 7239/8189 [11:13:17<1:29:09,  5.63s/it]
 88%|████████▊ | 7240/8189 [11:13:23<1:29:20,  5.65s/it]
 88%|████████▊ | 7241/8189 [11:13:28<1:27:29,  5.54s/it]
 88%|████████▊ | 7242/8189 [11:13:34<1:27:23,  5.54s/it]
 88%|████████▊ | 7243/8189 [11:13:39<1:27:34,  5.55s/it]
 88%|████████▊ | 7244/8189 [11:13:45<1:28:17,  5.61s/it]
 88%|████████▊ | 7245/8189 [11:13:51<1:28:33,  5.63s/it]
 88%|████████▊ | 7246/8189 [11:13:57<1:31:00,  5.79s/it]
 88%|████████▊ | 7247/8189 [11:14:02<1:29:42,  5.71s/it]
 89%|████████▊ | 7248/8189 [11:14:09<1:32:28,  5.90s/it]
 89%|████████▊ | 7249/8189 [11:14:15<1:33:21,  5.96s/it]
 89%|████████▊ | 7250/8189 [11:14:21<1:35:00,  6.07s/it]
 89%|████████▊ | 7251/8189 [11:14:27<1:35:45,  6.12s/it]
 89%|████████▊ | 7252/8189 [11:14:33<1:32:12,  5.90s/it]
 89%|████████▊ | 7253/8189 [11:14:38<1:29:15,  5.72s/it]
 89%|████████▊ | 7254/8189 [11:14:44<1:29:56,  5.77s/it]
 89%|████████▊ | 7255/8189 [11:14:49<1:28:57,  5.72s/it]
 89%|████████▊ | 7256/8189 [11:14:55<1:28:21,  5.68s/it]
 89%|████████▊ | 7257/8189 [11:15:01<1:28:51,  5.72s/it]
 89%|████████▊ | 7258/8189 [11:15:07<1:30:05,  5.81s/it]
 89%|████████▊ | 7259/8189 [11:15:12<1:28:53,  5.73s/it]
 89%|████████▊ | 7260/8189 [11:15:18<1:28:52,  5.74s/it]
 89%|████████▊ | 7261/8189 [11:15:23<1:26:34,  5.60s/it]
 89%|████████▊ | 7262/8189 [11:15:30<1:29:01,  5.76s/it]
 89%|████████▊ | 7263/8189 [11:15:36<1:30:18,  5.85s/it]
 89%|████████▊ | 7264/8189 [11:15:41<1:27:57,  5.71s/it]
 89%|████████▊ | 7265/8189 [11:15:47<1:27:07,  5.66s/it]
 89%|████████▊ | 7266/8189 [11:15:53<1:30:15,  5.87s/it]
 89%|████████▊ | 7267/8189 [11:15:59<1:31:00,  5.92s/it]
 89%|████████▉ | 7268/8189 [11:16:05<1:30:33,  5.90s/it]
 89%|████████▉ | 7269/8189 [11:16:10<1:27:56,  5.74s/it]
 89%|████████▉ | 7270/8189 [11:16:16<1:27:39,  5.72s/it]
 89%|████████▉ | 7271/8189 [11:16:21<1:26:10,  5.63s/it]
 89%|████████▉ | 7272/8189 [11:16:27<1:26:37,  5.67s/it]
 89%|████████▉ | 7273/8189 [11:16:33<1:27:03,  5.70s/it]
 89%|████████▉ | 7274/8189 [11:16:39<1:27:58,  5.77s/it]
 89%|████████▉ | 7275/8189 [11:16:45<1:29:13,  5.86s/it]
 89%|████████▉ | 7276/8189 [11:16:51<1:31:31,  6.01s/it]
 89%|████████▉ | 7277/8189 [11:16:57<1:31:15,  6.00s/it]
 89%|████████▉ | 7278/8189 [11:17:03<1:28:25,  5.82s/it]
 89%|████████▉ | 7279/8189 [11:17:07<1:22:32,  5.44s/it]
 89%|████████▉ | 7280/8189 [11:17:13<1:23:03,  5.48s/it]
 89%|████████▉ | 7281/8189 [11:17:18<1:23:11,  5.50s/it]
 89%|████████▉ | 7282/8189 [11:17:24<1:25:06,  5.63s/it]
 89%|████████▉ | 7283/8189 [11:17:30<1:26:43,  5.74s/it]
 89%|████████▉ | 7284/8189 [11:17:35<1:24:38,  5.61s/it]
 89%|████████▉ | 7285/8189 [11:17:41<1:23:25,  5.54s/it]
 89%|████████▉ | 7286/8189 [11:17:46<1:20:50,  5.37s/it]
 89%|████████▉ | 7287/8189 [11:17:52<1:22:24,  5.48s/it]
 89%|████████▉ | 7288/8189 [11:17:57<1:21:16,  5.41s/it]
 89%|████████▉ | 7289/8189 [11:18:02<1:20:13,  5.35s/it]
 89%|████████▉ | 7290/8189 [11:18:08<1:24:00,  5.61s/it]
 89%|████████▉ | 7291/8189 [11:18:14<1:26:42,  5.79s/it]
 89%|████████▉ | 7292/8189 [11:18:20<1:25:37,  5.73s/it]
 89%|████████▉ | 7293/8189 [11:18:26<1:25:21,  5.72s/it]
 89%|████████▉ | 7294/8189 [11:18:31<1:24:47,  5.68s/it]
 89%|████████▉ | 7295/8189 [11:18:38<1:28:08,  5.92s/it]
 89%|████████▉ | 7296/8189 [11:18:44<1:28:36,  5.95s/it]
 89%|████████▉ | 7297/8189 [11:18:49<1:24:26,  5.68s/it]
 89%|████████▉ | 7298/8189 [11:18:54<1:22:59,  5.59s/it]
 89%|████████▉ | 7299/8189 [11:19:00<1:22:43,  5.58s/it]
 89%|████████▉ | 7300/8189 [11:19:05<1:22:49,  5.59s/it]
 89%|████████▉ | 7301/8189 [11:19:11<1:22:52,  5.60s/it]
 89%|████████▉ | 7302/8189 [11:19:16<1:21:04,  5.48s/it]
 89%|████████▉ | 7303/8189 [11:19:22<1:21:34,  5.52s/it]
 89%|████████▉ | 7304/8189 [11:19:28<1:23:17,  5.65s/it]
 89%|████████▉ | 7305/8189 [11:19:33<1:22:28,  5.60s/it]
 89%|████████▉ | 7306/8189 [11:19:38<1:20:24,  5.46s/it]
 89%|████████▉ | 7307/8189 [11:19:44<1:22:35,  5.62s/it]
 89%|████████▉ | 7308/8189 [11:19:50<1:21:29,  5.55s/it]
 89%|████████▉ | 7309/8189 [11:19:55<1:21:32,  5.56s/it]
 89%|████████▉ | 7310/8189 [11:20:00<1:16:40,  5.23s/it]
 89%|████████▉ | 7311/8189 [11:20:06<1:19:10,  5.41s/it]
 89%|████████▉ | 7312/8189 [11:20:11<1:18:46,  5.39s/it]
 89%|████████▉ | 7313/8189 [11:20:16<1:18:06,  5.35s/it]
 89%|████████▉ | 7314/8189 [11:20:22<1:20:45,  5.54s/it]
 89%|████████▉ | 7315/8189 [11:20:28<1:21:22,  5.59s/it]
 89%|████████▉ | 7316/8189 [11:20:34<1:21:26,  5.60s/it]
 89%|████████▉ | 7317/8189 [11:20:39<1:20:43,  5.55s/it]
 89%|████████▉ | 7318/8189 [11:20:45<1:20:17,  5.53s/it]
 89%|████████▉ | 7319/8189 [11:20:50<1:21:30,  5.62s/it]
 89%|████████▉ | 7320/8189 [11:20:56<1:23:03,  5.73s/it]
 89%|████████▉ | 7321/8189 [11:21:02<1:21:08,  5.61s/it]
 89%|████████▉ | 7322/8189 [11:21:07<1:21:40,  5.65s/it]
 89%|████████▉ | 7323/8189 [11:21:13<1:21:35,  5.65s/it]
 89%|████████▉ | 7324/8189 [11:21:19<1:21:22,  5.65s/it]
 89%|████████▉ | 7325/8189 [11:21:24<1:20:12,  5.57s/it]
 89%|████████▉ | 7326/8189 [11:21:29<1:19:21,  5.52s/it]
 89%|████████▉ | 7327/8189 [11:21:36<1:23:15,  5.80s/it]
 89%|████████▉ | 7328/8189 [11:21:42<1:22:24,  5.74s/it]
 89%|████████▉ | 7329/8189 [11:21:48<1:23:45,  5.84s/it]
 90%|████████▉ | 7330/8189 [11:21:54<1:24:02,  5.87s/it]
 90%|████████▉ | 7331/8189 [11:22:00<1:25:23,  5.97s/it]
 90%|████████▉ | 7332/8189 [11:22:05<1:22:25,  5.77s/it]
 90%|████████▉ | 7333/8189 [11:22:11<1:21:09,  5.69s/it]
 90%|████████▉ | 7334/8189 [11:22:16<1:21:44,  5.74s/it]
 90%|████████▉ | 7335/8189 [11:22:22<1:19:06,  5.56s/it]
 90%|████████▉ | 7336/8189 [11:22:28<1:21:18,  5.72s/it]
 90%|████████▉ | 7337/8189 [11:22:32<1:15:25,  5.31s/it]
 90%|████████▉ | 7338/8189 [11:22:37<1:14:50,  5.28s/it]
 90%|████████▉ | 7339/8189 [11:22:42<1:13:52,  5.21s/it]
 90%|████████▉ | 7340/8189 [11:22:48<1:15:59,  5.37s/it]
 90%|████████▉ | 7341/8189 [11:22:53<1:15:44,  5.36s/it]
 90%|████████▉ | 7342/8189 [11:22:58<1:12:20,  5.12s/it]
 90%|████████▉ | 7343/8189 [11:23:03<1:12:11,  5.12s/it]
 90%|████████▉ | 7344/8189 [11:23:09<1:14:39,  5.30s/it]
 90%|████████▉ | 7345/8189 [11:23:14<1:15:01,  5.33s/it]
 90%|████████▉ | 7346/8189 [11:23:20<1:17:41,  5.53s/it]
 90%|████████▉ | 7347/8189 [11:23:26<1:17:39,  5.53s/it]
 90%|████████▉ | 7348/8189 [11:23:32<1:19:45,  5.69s/it]
 90%|████████▉ | 7349/8189 [11:23:38<1:21:11,  5.80s/it]
 90%|████████▉ | 7350/8189 [11:23:43<1:19:02,  5.65s/it]
 90%|████████▉ | 7351/8189 [11:23:48<1:17:34,  5.55s/it]
 90%|████████▉ | 7352/8189 [11:23:54<1:19:07,  5.67s/it]
 90%|████████▉ | 7353/8189 [11:24:01<1:22:20,  5.91s/it]
 90%|████████▉ | 7354/8189 [11:24:07<1:22:48,  5.95s/it]
 90%|████████▉ | 7355/8189 [11:24:12<1:18:53,  5.68s/it]
 90%|████████▉ | 7356/8189 [11:24:18<1:19:52,  5.75s/it]
 90%|████████▉ | 7357/8189 [11:24:24<1:20:45,  5.82s/it]
 90%|████████▉ | 7358/8189 [11:24:29<1:18:46,  5.69s/it]
 90%|████████▉ | 7359/8189 [11:24:35<1:18:59,  5.71s/it]
 90%|████████▉ | 7360/8189 [11:24:41<1:19:30,  5.75s/it]
 90%|████████▉ | 7361/8189 [11:24:46<1:16:16,  5.53s/it]
 90%|████████▉ | 7362/8189 [11:24:52<1:19:50,  5.79s/it]
 90%|████████▉ | 7363/8189 [11:24:58<1:18:14,  5.68s/it]
 90%|████████▉ | 7364/8189 [11:25:04<1:18:48,  5.73s/it]
 90%|████████▉ | 7365/8189 [11:25:09<1:18:00,  5.68s/it]
 90%|████████▉ | 7366/8189 [11:25:15<1:18:24,  5.72s/it]
 90%|████████▉ | 7367/8189 [11:25:20<1:16:01,  5.55s/it]
 90%|████████▉ | 7368/8189 [11:25:25<1:15:14,  5.50s/it]
 90%|████████▉ | 7369/8189 [11:25:31<1:15:35,  5.53s/it]
 90%|████████▉ | 7370/8189 [11:25:36<1:12:47,  5.33s/it]
 90%|█████████ | 7371/8189 [11:25:41<1:12:59,  5.35s/it]
 90%|█████████ | 7372/8189 [11:25:46<1:11:21,  5.24s/it]
 90%|█████████ | 7373/8189 [11:25:52<1:12:40,  5.34s/it]
 90%|█████████ | 7374/8189 [11:25:56<1:08:51,  5.07s/it]
 90%|█████████ | 7375/8189 [11:26:01<1:08:26,  5.05s/it]
 90%|█████████ | 7376/8189 [11:26:07<1:11:12,  5.26s/it]
 90%|█████████ | 7377/8189 [11:26:12<1:10:25,  5.20s/it]
 90%|█████████ | 7378/8189 [11:26:18<1:12:01,  5.33s/it]
 90%|█████████ | 7379/8189 [11:26:23<1:12:55,  5.40s/it]
 90%|█████████ | 7380/8189 [11:26:27<1:07:06,  4.98s/it]
 90%|█████████ | 7381/8189 [11:26:33<1:11:01,  5.27s/it]
 90%|█████████ | 7382/8189 [11:26:38<1:10:36,  5.25s/it]
 90%|█████████ | 7383/8189 [11:26:45<1:14:31,  5.55s/it]
 90%|█████████ | 7384/8189 [11:26:51<1:15:31,  5.63s/it]
 90%|█████████ | 7385/8189 [11:26:57<1:18:00,  5.82s/it]
 90%|█████████ | 7386/8189 [11:27:02<1:15:15,  5.62s/it]
 90%|█████████ | 7387/8189 [11:27:09<1:19:15,  5.93s/it]
 90%|█████████ | 7388/8189 [11:27:13<1:13:53,  5.54s/it]
 90%|█████████ | 7389/8189 [11:27:19<1:16:34,  5.74s/it]
 90%|█████████ | 7390/8189 [11:27:25<1:15:30,  5.67s/it]
 90%|█████████ | 7391/8189 [11:27:30<1:13:41,  5.54s/it]
 90%|█████████ | 7392/8189 [11:27:36<1:13:13,  5.51s/it]
 90%|█████████ | 7393/8189 [11:27:42<1:15:18,  5.68s/it]
 90%|█████████ | 7394/8189 [11:27:47<1:14:04,  5.59s/it]
 90%|█████████ | 7395/8189 [11:27:53<1:14:57,  5.66s/it]
 90%|█████████ | 7396/8189 [11:27:59<1:16:43,  5.81s/it]
 90%|█████████ | 7397/8189 [11:28:05<1:16:30,  5.80s/it]
 90%|█████████ | 7398/8189 [11:28:10<1:15:08,  5.70s/it]
 90%|█████████ | 7399/8189 [11:28:16<1:16:48,  5.83s/it]
 90%|█████████ | 7400/8189 [11:28:22<1:15:04,  5.71s/it]
 90%|█████████ | 7401/8189 [11:28:27<1:13:21,  5.59s/it]
 90%|█████████ | 7402/8189 [11:28:33<1:14:06,  5.65s/it]
 90%|█████████ | 7403/8189 [11:28:39<1:17:10,  5.89s/it]
 90%|█████████ | 7404/8189 [11:28:45<1:14:31,  5.70s/it]
 90%|█████████ | 7405/8189 [11:28:50<1:13:56,  5.66s/it]
 90%|█████████ | 7406/8189 [11:28:56<1:13:26,  5.63s/it]
 90%|█████████ | 7407/8189 [11:29:01<1:11:36,  5.49s/it]
 90%|█████████ | 7408/8189 [11:29:05<1:07:31,  5.19s/it]
 90%|█████████ | 7409/8189 [11:29:10<1:04:36,  4.97s/it]
 90%|█████████ | 7410/8189 [11:29:15<1:06:48,  5.15s/it]
 90%|█████████ | 7411/8189 [11:29:20<1:03:29,  4.90s/it]
 91%|█████████ | 7412/8189 [11:29:26<1:07:08,  5.18s/it]
 91%|█████████ | 7413/8189 [11:29:31<1:09:07,  5.34s/it]
 91%|█████████ | 7414/8189 [11:29:37<1:10:20,  5.45s/it]
 91%|█████████ | 7415/8189 [11:29:43<1:14:01,  5.74s/it]
 91%|█████████ | 7416/8189 [11:29:50<1:15:46,  5.88s/it]
 91%|█████████ | 7417/8189 [11:29:56<1:15:57,  5.90s/it]
 91%|█████████ | 7418/8189 [11:30:01<1:13:42,  5.74s/it]
 91%|█████████ | 7419/8189 [11:30:06<1:12:20,  5.64s/it]
 91%|█████████ | 7420/8189 [11:30:12<1:11:28,  5.58s/it]
 91%|█████████ | 7421/8189 [11:30:15<1:03:44,  4.98s/it]
 91%|█████████ | 7422/8189 [11:30:21<1:04:26,  5.04s/it]
 91%|█████████ | 7423/8189 [11:30:26<1:05:25,  5.12s/it]
 91%|█████████ | 7424/8189 [11:30:32<1:09:39,  5.46s/it]
 91%|█████████ | 7425/8189 [11:30:37<1:08:06,  5.35s/it]
 91%|█████████ | 7426/8189 [11:30:43<1:10:09,  5.52s/it]
 91%|█████████ | 7427/8189 [11:30:49<1:09:36,  5.48s/it]
 91%|█████████ | 7428/8189 [11:30:53<1:05:53,  5.20s/it]
 91%|█████████ | 7429/8189 [11:30:59<1:07:18,  5.31s/it]
 91%|█████████ | 7430/8189 [11:31:04<1:09:02,  5.46s/it]
 91%|█████████ | 7431/8189 [11:31:09<1:06:11,  5.24s/it]
 91%|█████████ | 7432/8189 [11:31:15<1:07:26,  5.35s/it]
 91%|█████████ | 7433/8189 [11:31:20<1:06:22,  5.27s/it]
 91%|█████████ | 7434/8189 [11:31:25<1:07:05,  5.33s/it]
 91%|█████████ | 7435/8189 [11:31:31<1:08:48,  5.48s/it]
 91%|█████████ | 7436/8189 [11:31:37<1:09:46,  5.56s/it]
 91%|█████████ | 7437/8189 [11:31:43<1:10:14,  5.60s/it]
 91%|█████████ | 7438/8189 [11:31:49<1:13:59,  5.91s/it]
 91%|█████████ | 7439/8189 [11:31:56<1:16:30,  6.12s/it]
 91%|█████████ | 7440/8189 [11:32:01<1:14:36,  5.98s/it]
 91%|█████████ | 7441/8189 [11:32:07<1:11:04,  5.70s/it]
 91%|█████████ | 7442/8189 [11:32:13<1:13:02,  5.87s/it]
 91%|█████████ | 7443/8189 [11:32:18<1:12:18,  5.82s/it]
 91%|█████████ | 7444/8189 [11:32:25<1:15:05,  6.05s/it]
 91%|█████████ | 7445/8189 [11:32:31<1:14:43,  6.03s/it]
 91%|█████████ | 7446/8189 [11:32:37<1:13:38,  5.95s/it]
 91%|█████████ | 7447/8189 [11:32:42<1:11:43,  5.80s/it]
 91%|█████████ | 7448/8189 [11:32:48<1:09:32,  5.63s/it]
 91%|█████████ | 7449/8189 [11:32:53<1:08:18,  5.54s/it]
 91%|█████████ | 7450/8189 [11:32:59<1:10:15,  5.70s/it]
 91%|█████████ | 7451/8189 [11:33:05<1:10:54,  5.77s/it]
 91%|█████████ | 7452/8189 [11:33:11<1:11:25,  5.82s/it]
 91%|█████████ | 7453/8189 [11:33:16<1:10:20,  5.73s/it]
 91%|█████████ | 7454/8189 [11:33:22<1:09:02,  5.64s/it]
 91%|█████████ | 7455/8189 [11:33:28<1:12:27,  5.92s/it]
 91%|█████████ | 7456/8189 [11:33:33<1:09:40,  5.70s/it]
 91%|█████████ | 7457/8189 [11:33:38<1:06:16,  5.43s/it]
 91%|█████████ | 7458/8189 [11:33:44<1:06:42,  5.48s/it]
 91%|█████████ | 7459/8189 [11:33:49<1:06:27,  5.46s/it]
 91%|█████████ | 7460/8189 [11:33:56<1:11:17,  5.87s/it]
 91%|█████████ | 7461/8189 [11:34:02<1:10:00,  5.77s/it]
 91%|█████████ | 7462/8189 [11:34:07<1:09:14,  5.71s/it]
 91%|█████████ | 7463/8189 [11:34:13<1:07:50,  5.61s/it]
 91%|█████████ | 7464/8189 [11:34:19<1:09:26,  5.75s/it]
 91%|█████████ | 7465/8189 [11:34:24<1:07:03,  5.56s/it]
 91%|█████████ | 7466/8189 [11:34:29<1:05:56,  5.47s/it]
 91%|█████████ | 7467/8189 [11:34:35<1:07:22,  5.60s/it]
 91%|█████████ | 7468/8189 [11:34:40<1:06:29,  5.53s/it]
 91%|█████████ | 7469/8189 [11:34:46<1:06:59,  5.58s/it]
 91%|█████████ | 7470/8189 [11:34:52<1:07:43,  5.65s/it]
 91%|█████████ | 7471/8189 [11:34:58<1:09:13,  5.79s/it]
 91%|█████████ | 7472/8189 [11:35:04<1:11:36,  5.99s/it]
 91%|█████████▏| 7473/8189 [11:35:11<1:13:23,  6.15s/it]
 91%|█████████▏| 7474/8189 [11:35:17<1:11:44,  6.02s/it]
 91%|█████████▏| 7475/8189 [11:35:22<1:10:53,  5.96s/it]
 91%|█████████▏| 7476/8189 [11:35:28<1:09:44,  5.87s/it]
 91%|█████████▏| 7477/8189 [11:35:33<1:07:16,  5.67s/it]
 91%|█████████▏| 7478/8189 [11:35:39<1:06:08,  5.58s/it]
 91%|█████████▏| 7479/8189 [11:35:45<1:06:52,  5.65s/it]
 91%|█████████▏| 7480/8189 [11:35:51<1:08:44,  5.82s/it]
 91%|█████████▏| 7481/8189 [11:35:56<1:06:58,  5.68s/it]
 91%|█████████▏| 7482/8189 [11:36:02<1:06:12,  5.62s/it]
 91%|█████████▏| 7483/8189 [11:36:07<1:05:29,  5.57s/it]
 91%|█████████▏| 7484/8189 [11:36:13<1:05:16,  5.56s/it]
 91%|█████████▏| 7485/8189 [11:36:19<1:07:01,  5.71s/it]
 91%|█████████▏| 7486/8189 [11:36:24<1:06:04,  5.64s/it]
 91%|█████████▏| 7487/8189 [11:36:30<1:05:28,  5.60s/it]
 91%|█████████▏| 7488/8189 [11:36:35<1:05:32,  5.61s/it]
 91%|█████████▏| 7489/8189 [11:36:41<1:05:46,  5.64s/it]
 91%|█████████▏| 7490/8189 [11:36:47<1:08:16,  5.86s/it]
 91%|█████████▏| 7491/8189 [11:36:53<1:07:16,  5.78s/it]
 91%|█████████▏| 7492/8189 [11:36:59<1:06:33,  5.73s/it]
 92%|█████████▏| 7493/8189 [11:37:04<1:06:49,  5.76s/it]
 92%|█████████▏| 7494/8189 [11:37:10<1:07:07,  5.80s/it]
 92%|█████████▏| 7495/8189 [11:37:16<1:07:46,  5.86s/it]
 92%|█████████▏| 7496/8189 [11:37:22<1:08:12,  5.90s/it]
 92%|█████████▏| 7497/8189 [11:37:28<1:08:48,  5.97s/it]
 92%|█████████▏| 7498/8189 [11:37:34<1:06:45,  5.80s/it]
 92%|█████████▏| 7499/8189 [11:37:39<1:05:27,  5.69s/it]
 92%|█████████▏| 7500/8189 [11:37:45<1:04:36,  5.63s/it]
 92%|█████████▏| 7501/8189 [11:37:51<1:06:16,  5.78s/it]
 92%|█████████▏| 7502/8189 [11:37:57<1:07:34,  5.90s/it]
 92%|█████████▏| 7503/8189 [11:38:03<1:07:29,  5.90s/it]
 92%|█████████▏| 7504/8189 [11:38:09<1:08:22,  5.99s/it]
 92%|█████████▏| 7505/8189 [11:38:15<1:07:51,  5.95s/it]
 92%|█████████▏| 7506/8189 [11:38:20<1:05:13,  5.73s/it]
 92%|█████████▏| 7507/8189 [11:38:26<1:04:59,  5.72s/it]
 92%|█████████▏| 7508/8189 [11:38:32<1:06:31,  5.86s/it]
 92%|█████████▏| 7509/8189 [11:38:38<1:05:28,  5.78s/it]
 92%|█████████▏| 7510/8189 [11:38:43<1:03:26,  5.61s/it]
 92%|█████████▏| 7511/8189 [11:38:48<1:00:33,  5.36s/it]
 92%|█████████▏| 7512/8189 [11:38:53<1:01:45,  5.47s/it]
 92%|█████████▏| 7513/8189 [11:38:59<1:02:52,  5.58s/it]
 92%|█████████▏| 7514/8189 [11:39:06<1:05:20,  5.81s/it]
 92%|█████████▏| 7515/8189 [11:39:11<1:04:48,  5.77s/it]
 92%|█████████▏| 7516/8189 [11:39:17<1:04:12,  5.72s/it]
 92%|█████████▏| 7517/8189 [11:39:23<1:04:02,  5.72s/it]
 92%|█████████▏| 7518/8189 [11:39:28<1:01:54,  5.54s/it]
 92%|█████████▏| 7519/8189 [11:39:33<1:02:53,  5.63s/it]
 92%|█████████▏| 7520/8189 [11:39:39<1:03:58,  5.74s/it]
 92%|█████████▏| 7521/8189 [11:39:45<1:04:25,  5.79s/it]
 92%|█████████▏| 7522/8189 [11:39:51<1:02:11,  5.59s/it]
 92%|█████████▏| 7523/8189 [11:39:56<1:01:01,  5.50s/it]
 92%|█████████▏| 7524/8189 [11:40:01<59:46,  5.39s/it]  
 92%|█████████▏| 7525/8189 [11:40:06<59:01,  5.33s/it]
 92%|█████████▏| 7526/8189 [11:40:12<1:01:51,  5.60s/it]
 92%|█████████▏| 7527/8189 [11:40:18<1:00:39,  5.50s/it]
 92%|█████████▏| 7528/8189 [11:40:23<1:00:19,  5.48s/it]
 92%|█████████▏| 7529/8189 [11:40:29<1:01:22,  5.58s/it]
 92%|█████████▏| 7530/8189 [11:40:34<1:00:19,  5.49s/it]
 92%|█████████▏| 7531/8189 [11:40:40<1:00:38,  5.53s/it]
 92%|█████████▏| 7532/8189 [11:40:45<1:00:29,  5.53s/it]
 92%|█████████▏| 7533/8189 [11:40:51<1:00:49,  5.56s/it]
 92%|█████████▏| 7534/8189 [11:40:56<59:42,  5.47s/it]  
 92%|█████████▏| 7535/8189 [11:41:02<1:01:30,  5.64s/it]
 92%|█████████▏| 7536/8189 [11:41:08<1:01:29,  5.65s/it]
 92%|█████████▏| 7537/8189 [11:41:14<1:03:01,  5.80s/it]
 92%|█████████▏| 7538/8189 [11:41:20<1:03:39,  5.87s/it]
 92%|█████████▏| 7539/8189 [11:41:25<1:01:20,  5.66s/it]
 92%|█████████▏| 7540/8189 [11:41:31<1:01:54,  5.72s/it]
 92%|█████████▏| 7541/8189 [11:41:36<1:00:13,  5.58s/it]
 92%|█████████▏| 7542/8189 [11:41:42<1:01:09,  5.67s/it]
 92%|█████████▏| 7543/8189 [11:41:48<59:49,  5.56s/it]  
 92%|█████████▏| 7544/8189 [11:41:53<1:00:59,  5.67s/it]
 92%|█████████▏| 7545/8189 [11:42:00<1:02:33,  5.83s/it]
 92%|█████████▏| 7546/8189 [11:42:05<1:02:21,  5.82s/it]
 92%|█████████▏| 7547/8189 [11:42:10<59:28,  5.56s/it]  
 92%|█████████▏| 7548/8189 [11:42:16<1:00:06,  5.63s/it]
 92%|█████████▏| 7549/8189 [11:42:22<59:44,  5.60s/it]  
 92%|█████████▏| 7550/8189 [11:42:27<59:55,  5.63s/it]
 92%|█████████▏| 7551/8189 [11:42:33<58:11,  5.47s/it]
 92%|█████████▏| 7552/8189 [11:42:38<56:41,  5.34s/it]
 92%|█████████▏| 7553/8189 [11:42:43<57:09,  5.39s/it]
 92%|█████████▏| 7554/8189 [11:42:49<59:21,  5.61s/it]
 92%|█████████▏| 7555/8189 [11:42:55<1:01:06,  5.78s/it]
 92%|█████████▏| 7556/8189 [11:43:00<58:11,  5.52s/it]  
 92%|█████████▏| 7557/8189 [11:43:06<58:59,  5.60s/it]
 92%|█████████▏| 7558/8189 [11:43:13<1:02:34,  5.95s/it]
 92%|█████████▏| 7559/8189 [11:43:17<56:26,  5.38s/it]  
 92%|█████████▏| 7560/8189 [11:43:23<57:46,  5.51s/it]
 92%|█████████▏| 7561/8189 [11:43:28<57:16,  5.47s/it]
 92%|█████████▏| 7562/8189 [11:43:34<57:00,  5.46s/it]
 92%|█████████▏| 7563/8189 [11:43:38<54:21,  5.21s/it]
 92%|█████████▏| 7564/8189 [11:43:44<57:32,  5.52s/it]
 92%|█████████▏| 7565/8189 [11:43:50<59:07,  5.69s/it]
 92%|█████████▏| 7566/8189 [11:43:57<1:02:27,  6.01s/it]
 92%|█████████▏| 7567/8189 [11:44:04<1:03:35,  6.14s/it]
 92%|█████████▏| 7568/8189 [11:44:09<1:01:57,  5.99s/it]
 92%|█████████▏| 7569/8189 [11:44:15<1:02:10,  6.02s/it]
 92%|█████████▏| 7570/8189 [11:44:22<1:04:18,  6.23s/it]
 92%|█████████▏| 7571/8189 [11:44:29<1:05:09,  6.33s/it]
 92%|█████████▏| 7572/8189 [11:44:35<1:05:50,  6.40s/it]
 92%|█████████▏| 7573/8189 [11:44:41<1:04:27,  6.28s/it]
 92%|█████████▏| 7574/8189 [11:44:48<1:06:09,  6.45s/it]
 93%|█████████▎| 7575/8189 [11:44:55<1:06:37,  6.51s/it]
 93%|█████████▎| 7576/8189 [11:45:01<1:05:26,  6.41s/it]
 93%|█████████▎| 7577/8189 [11:45:06<1:02:08,  6.09s/it]
 93%|█████████▎| 7578/8189 [11:45:12<1:01:54,  6.08s/it]
 93%|█████████▎| 7579/8189 [11:45:19<1:03:35,  6.25s/it]
 93%|█████████▎| 7580/8189 [11:45:25<1:02:14,  6.13s/it]
 93%|█████████▎| 7581/8189 [11:45:31<1:02:58,  6.21s/it]
 93%|█████████▎| 7582/8189 [11:45:37<1:02:01,  6.13s/it]
 93%|█████████▎| 7583/8189 [11:45:43<1:02:13,  6.16s/it]
 93%|█████████▎| 7584/8189 [11:45:49<1:00:06,  5.96s/it]
 93%|█████████▎| 7585/8189 [11:45:54<56:40,  5.63s/it]  
 93%|█████████▎| 7586/8189 [11:45:59<54:30,  5.42s/it]
 93%|█████████▎| 7587/8189 [11:46:05<56:10,  5.60s/it]
 93%|█████████▎| 7588/8189 [11:46:10<55:01,  5.49s/it]
 93%|█████████▎| 7589/8189 [11:46:16<55:43,  5.57s/it]
 93%|█████████▎| 7590/8189 [11:46:21<54:25,  5.45s/it]
 93%|█████████▎| 7591/8189 [11:46:26<53:29,  5.37s/it]
 93%|█████████▎| 7592/8189 [11:46:31<52:32,  5.28s/it]
 93%|█████████▎| 7593/8189 [11:46:36<51:46,  5.21s/it]
 93%|█████████▎| 7594/8189 [11:46:42<54:42,  5.52s/it]
 93%|█████████▎| 7595/8189 [11:46:48<55:40,  5.62s/it]
 93%|█████████▎| 7596/8189 [11:46:53<53:21,  5.40s/it]
 93%|█████████▎| 7597/8189 [11:46:59<53:28,  5.42s/it]
 93%|█████████▎| 7598/8189 [11:47:04<53:25,  5.42s/it]
 93%|█████████▎| 7599/8189 [11:47:10<54:09,  5.51s/it]
 93%|█████████▎| 7600/8189 [11:47:15<52:17,  5.33s/it]
 93%|█████████▎| 7601/8189 [11:47:20<52:05,  5.32s/it]
 93%|█████████▎| 7602/8189 [11:47:25<51:13,  5.24s/it]
 93%|█████████▎| 7603/8189 [11:47:31<52:26,  5.37s/it]
 93%|█████████▎| 7604/8189 [11:47:37<54:31,  5.59s/it]
 93%|█████████▎| 7605/8189 [11:47:42<54:28,  5.60s/it]
 93%|█████████▎| 7606/8189 [11:47:49<56:16,  5.79s/it]
 93%|█████████▎| 7607/8189 [11:47:53<51:58,  5.36s/it]
 93%|█████████▎| 7608/8189 [11:47:59<54:04,  5.58s/it]
 93%|█████████▎| 7609/8189 [11:48:04<52:11,  5.40s/it]
 93%|█████████▎| 7610/8189 [11:48:10<53:50,  5.58s/it]
 93%|█████████▎| 7611/8189 [11:48:16<53:40,  5.57s/it]
 93%|█████████▎| 7612/8189 [11:48:21<53:11,  5.53s/it]
 93%|█████████▎| 7613/8189 [11:48:27<54:55,  5.72s/it]
 93%|█████████▎| 7614/8189 [11:48:33<54:54,  5.73s/it]
 93%|█████████▎| 7615/8189 [11:48:39<55:06,  5.76s/it]
 93%|█████████▎| 7616/8189 [11:48:44<52:13,  5.47s/it]
 93%|█████████▎| 7617/8189 [11:48:50<53:35,  5.62s/it]
 93%|█████████▎| 7618/8189 [11:48:56<54:25,  5.72s/it]
 93%|█████████▎| 7619/8189 [11:49:02<55:35,  5.85s/it]
 93%|█████████▎| 7620/8189 [11:49:07<54:25,  5.74s/it]
 93%|█████████▎| 7621/8189 [11:49:13<53:55,  5.70s/it]
 93%|█████████▎| 7622/8189 [11:49:18<52:08,  5.52s/it]
 93%|█████████▎| 7623/8189 [11:49:22<48:17,  5.12s/it]
 93%|█████████▎| 7624/8189 [11:49:28<50:10,  5.33s/it]
 93%|█████████▎| 7625/8189 [11:49:34<51:03,  5.43s/it]
 93%|█████████▎| 7626/8189 [11:49:39<51:20,  5.47s/it]
 93%|█████████▎| 7627/8189 [11:49:45<52:21,  5.59s/it]
 93%|█████████▎| 7628/8189 [11:49:51<54:12,  5.80s/it]
 93%|█████████▎| 7629/8189 [11:49:57<53:46,  5.76s/it]
 93%|█████████▎| 7630/8189 [11:50:01<49:48,  5.35s/it]
 93%|█████████▎| 7631/8189 [11:50:07<50:41,  5.45s/it]
 93%|█████████▎| 7632/8189 [11:50:13<51:05,  5.50s/it]
 93%|█████████▎| 7633/8189 [11:50:19<52:48,  5.70s/it]
 93%|█████████▎| 7634/8189 [11:50:24<51:47,  5.60s/it]
 93%|█████████▎| 7635/8189 [11:50:30<51:30,  5.58s/it]
 93%|█████████▎| 7636/8189 [11:50:35<52:02,  5.65s/it]
 93%|█████████▎| 7637/8189 [11:50:41<52:54,  5.75s/it]
 93%|█████████▎| 7638/8189 [11:50:48<53:44,  5.85s/it]
 93%|█████████▎| 7639/8189 [11:50:53<53:25,  5.83s/it]
 93%|█████████▎| 7640/8189 [11:50:59<52:50,  5.77s/it]
 93%|█████████▎| 7641/8189 [11:51:05<53:54,  5.90s/it]
 93%|█████████▎| 7642/8189 [11:51:11<53:06,  5.83s/it]
 93%|█████████▎| 7643/8189 [11:51:17<52:48,  5.80s/it]
 93%|█████████▎| 7644/8189 [11:51:22<51:27,  5.66s/it]
 93%|█████████▎| 7645/8189 [11:51:28<53:10,  5.87s/it]
 93%|█████████▎| 7646/8189 [11:51:33<48:57,  5.41s/it]
 93%|█████████▎| 7647/8189 [11:51:38<49:59,  5.53s/it]
 93%|█████████▎| 7648/8189 [11:51:44<51:11,  5.68s/it]
 93%|█████████▎| 7649/8189 [11:51:50<49:48,  5.53s/it]
 93%|█████████▎| 7650/8189 [11:51:55<48:57,  5.45s/it]
 93%|█████████▎| 7651/8189 [11:52:00<47:24,  5.29s/it]
 93%|█████████▎| 7652/8189 [11:52:06<49:29,  5.53s/it]
 93%|█████████▎| 7653/8189 [11:52:12<51:04,  5.72s/it]
 93%|█████████▎| 7654/8189 [11:52:18<50:27,  5.66s/it]
 93%|█████████▎| 7655/8189 [11:52:23<49:41,  5.58s/it]
 93%|█████████▎| 7656/8189 [11:52:29<49:58,  5.63s/it]
 94%|█████████▎| 7657/8189 [11:52:35<51:02,  5.76s/it]
 94%|█████████▎| 7658/8189 [11:52:40<48:34,  5.49s/it]
 94%|█████████▎| 7659/8189 [11:52:45<48:52,  5.53s/it]
 94%|█████████▎| 7660/8189 [11:52:51<48:05,  5.45s/it]
 94%|█████████▎| 7661/8189 [11:52:56<48:38,  5.53s/it]
 94%|█████████▎| 7662/8189 [11:53:02<49:23,  5.62s/it]
 94%|█████████▎| 7663/8189 [11:53:08<50:07,  5.72s/it]
 94%|█████████▎| 7664/8189 [11:53:14<51:20,  5.87s/it]
 94%|█████████▎| 7665/8189 [11:53:19<48:58,  5.61s/it]
 94%|█████████▎| 7666/8189 [11:53:25<49:58,  5.73s/it]
 94%|█████████▎| 7667/8189 [11:53:31<50:26,  5.80s/it]
 94%|█████████▎| 7668/8189 [11:53:37<50:16,  5.79s/it]
 94%|█████████▎| 7669/8189 [11:53:42<49:22,  5.70s/it]
 94%|█████████▎| 7670/8189 [11:53:47<46:50,  5.41s/it]
 94%|█████████▎| 7671/8189 [11:53:53<47:33,  5.51s/it]
 94%|█████████▎| 7672/8189 [11:53:59<48:21,  5.61s/it]
 94%|█████████▎| 7673/8189 [11:54:04<48:14,  5.61s/it]
 94%|█████████▎| 7674/8189 [11:54:10<49:15,  5.74s/it]
 94%|█████████▎| 7675/8189 [11:54:16<48:52,  5.71s/it]
 94%|█████████▎| 7676/8189 [11:54:22<48:38,  5.69s/it]
 94%|█████████▎| 7677/8189 [11:54:28<48:55,  5.73s/it]
 94%|█████████▍| 7678/8189 [11:54:34<49:37,  5.83s/it]
 94%|█████████▍| 7679/8189 [11:54:39<48:46,  5.74s/it]
 94%|█████████▍| 7680/8189 [11:54:44<46:21,  5.47s/it]
 94%|█████████▍| 7681/8189 [11:54:50<47:13,  5.58s/it]
 94%|█████████▍| 7682/8189 [11:54:56<48:07,  5.70s/it]
 94%|█████████▍| 7683/8189 [11:55:01<46:48,  5.55s/it]
 94%|█████████▍| 7684/8189 [11:55:06<45:24,  5.39s/it]
 94%|█████████▍| 7685/8189 [11:55:12<45:51,  5.46s/it]
 94%|█████████▍| 7686/8189 [11:55:18<47:12,  5.63s/it]
 94%|█████████▍| 7687/8189 [11:55:24<48:11,  5.76s/it]
 94%|█████████▍| 7688/8189 [11:55:29<47:28,  5.69s/it]
 94%|█████████▍| 7689/8189 [11:55:35<47:31,  5.70s/it]
 94%|█████████▍| 7690/8189 [11:55:41<47:34,  5.72s/it]
 94%|█████████▍| 7691/8189 [11:55:47<48:46,  5.88s/it]
 94%|█████████▍| 7692/8189 [11:55:52<47:22,  5.72s/it]
 94%|█████████▍| 7693/8189 [11:55:58<46:34,  5.63s/it]
 94%|█████████▍| 7694/8189 [11:56:03<45:48,  5.55s/it]
 94%|█████████▍| 7695/8189 [11:56:09<46:58,  5.71s/it]
 94%|█████████▍| 7696/8189 [11:56:15<46:46,  5.69s/it]
 94%|█████████▍| 7697/8189 [11:56:19<42:13,  5.15s/it]
 94%|█████████▍| 7698/8189 [11:56:25<45:00,  5.50s/it]
 94%|█████████▍| 7699/8189 [11:56:31<45:18,  5.55s/it]
 94%|█████████▍| 7700/8189 [11:56:36<45:12,  5.55s/it]
 94%|█████████▍| 7701/8189 [11:56:42<45:45,  5.63s/it]
 94%|█████████▍| 7702/8189 [11:56:48<46:30,  5.73s/it]
 94%|█████████▍| 7703/8189 [11:56:54<46:09,  5.70s/it]
 94%|█████████▍| 7704/8189 [11:56:59<45:33,  5.64s/it]
 94%|█████████▍| 7705/8189 [11:57:04<44:06,  5.47s/it]
 94%|█████████▍| 7706/8189 [11:57:10<44:58,  5.59s/it]
 94%|█████████▍| 7707/8189 [11:57:16<45:31,  5.67s/it]
 94%|█████████▍| 7708/8189 [11:57:21<44:58,  5.61s/it]
 94%|█████████▍| 7709/8189 [11:57:27<43:50,  5.48s/it]
 94%|█████████▍| 7710/8189 [11:57:31<41:17,  5.17s/it]
 94%|█████████▍| 7711/8189 [11:57:37<43:02,  5.40s/it]
 94%|█████████▍| 7712/8189 [11:57:42<42:32,  5.35s/it]
 94%|█████████▍| 7713/8189 [11:57:47<41:54,  5.28s/it]
 94%|█████████▍| 7714/8189 [11:57:52<41:09,  5.20s/it]
 94%|█████████▍| 7715/8189 [11:57:58<42:33,  5.39s/it]
 94%|█████████▍| 7716/8189 [11:58:04<43:57,  5.58s/it]
 94%|█████████▍| 7717/8189 [11:58:10<43:27,  5.52s/it]
 94%|█████████▍| 7718/8189 [11:58:16<44:20,  5.65s/it]
 94%|█████████▍| 7719/8189 [11:58:22<44:56,  5.74s/it]
 94%|█████████▍| 7720/8189 [11:58:27<45:02,  5.76s/it]
 94%|█████████▍| 7721/8189 [11:58:33<45:34,  5.84s/it]
 94%|█████████▍| 7722/8189 [11:58:39<45:04,  5.79s/it]
 94%|█████████▍| 7723/8189 [11:58:45<45:24,  5.85s/it]
 94%|█████████▍| 7724/8189 [11:58:51<44:44,  5.77s/it]
 94%|█████████▍| 7725/8189 [11:58:56<43:40,  5.65s/it]
 94%|█████████▍| 7726/8189 [11:59:02<43:51,  5.68s/it]
 94%|█████████▍| 7727/8189 [11:59:07<43:07,  5.60s/it]
 94%|█████████▍| 7728/8189 [11:59:13<43:09,  5.62s/it]
 94%|█████████▍| 7729/8189 [11:59:18<41:05,  5.36s/it]
 94%|█████████▍| 7730/8189 [11:59:23<41:48,  5.46s/it]
 94%|█████████▍| 7731/8189 [11:59:28<40:45,  5.34s/it]
 94%|█████████▍| 7732/8189 [11:59:34<41:45,  5.48s/it]
 94%|█████████▍| 7733/8189 [11:59:39<40:20,  5.31s/it]
 94%|█████████▍| 7734/8189 [11:59:44<40:33,  5.35s/it]
 94%|█████████▍| 7735/8189 [11:59:50<41:08,  5.44s/it]
 94%|█████████▍| 7736/8189 [11:59:56<42:05,  5.58s/it]
 94%|█████████▍| 7737/8189 [12:00:01<40:55,  5.43s/it]
 94%|█████████▍| 7738/8189 [12:00:05<38:25,  5.11s/it]
 95%|█████████▍| 7739/8189 [12:00:11<40:02,  5.34s/it]
 95%|█████████▍| 7740/8189 [12:00:17<40:21,  5.39s/it]
 95%|█████████▍| 7741/8189 [12:00:22<40:29,  5.42s/it]
 95%|█████████▍| 7742/8189 [12:00:28<41:46,  5.61s/it]
 95%|█████████▍| 7743/8189 [12:00:34<41:42,  5.61s/it]
 95%|█████████▍| 7744/8189 [12:00:40<41:34,  5.61s/it]
 95%|█████████▍| 7745/8189 [12:00:45<41:00,  5.54s/it]
 95%|█████████▍| 7746/8189 [12:00:50<40:30,  5.49s/it]
 95%|█████████▍| 7747/8189 [12:00:56<40:35,  5.51s/it]
 95%|█████████▍| 7748/8189 [12:01:01<39:36,  5.39s/it]
 95%|█████████▍| 7749/8189 [12:01:07<40:11,  5.48s/it]
 95%|█████████▍| 7750/8189 [12:01:10<35:37,  4.87s/it]
 95%|█████████▍| 7751/8189 [12:01:16<37:03,  5.08s/it]
 95%|█████████▍| 7752/8189 [12:01:22<38:55,  5.34s/it]
 95%|█████████▍| 7753/8189 [12:01:27<39:08,  5.39s/it]
 95%|█████████▍| 7754/8189 [12:01:32<37:48,  5.22s/it]
 95%|█████████▍| 7755/8189 [12:01:37<36:56,  5.11s/it]
 95%|█████████▍| 7756/8189 [12:01:42<37:37,  5.21s/it]
 95%|█████████▍| 7757/8189 [12:01:48<38:16,  5.32s/it]
 95%|█████████▍| 7758/8189 [12:01:53<37:24,  5.21s/it]
 95%|█████████▍| 7759/8189 [12:01:58<38:12,  5.33s/it]
 95%|█████████▍| 7760/8189 [12:02:04<39:36,  5.54s/it]
 95%|█████████▍| 7761/8189 [12:02:10<40:07,  5.63s/it]
 95%|█████████▍| 7762/8189 [12:02:16<40:41,  5.72s/it]
 95%|█████████▍| 7763/8189 [12:02:22<40:32,  5.71s/it]
 95%|█████████▍| 7764/8189 [12:02:28<40:44,  5.75s/it]
 95%|█████████▍| 7765/8189 [12:02:33<39:35,  5.60s/it]
 95%|█████████▍| 7766/8189 [12:02:39<39:28,  5.60s/it]
 95%|█████████▍| 7767/8189 [12:02:44<38:54,  5.53s/it]
 95%|█████████▍| 7768/8189 [12:02:49<38:38,  5.51s/it]
 95%|█████████▍| 7769/8189 [12:02:55<38:16,  5.47s/it]
 95%|█████████▍| 7770/8189 [12:03:00<36:44,  5.26s/it]
 95%|█████████▍| 7771/8189 [12:03:05<37:25,  5.37s/it]
 95%|█████████▍| 7772/8189 [12:03:10<36:56,  5.32s/it]
 95%|█████████▍| 7773/8189 [12:03:17<38:38,  5.57s/it]
 95%|█████████▍| 7774/8189 [12:03:22<38:12,  5.53s/it]
 95%|█████████▍| 7775/8189 [12:03:28<38:19,  5.55s/it]
 95%|█████████▍| 7776/8189 [12:03:33<38:40,  5.62s/it]
 95%|█████████▍| 7777/8189 [12:03:39<38:56,  5.67s/it]
 95%|█████████▍| 7778/8189 [12:03:45<39:23,  5.75s/it]
 95%|█████████▍| 7779/8189 [12:03:51<38:38,  5.65s/it]
 95%|█████████▌| 7780/8189 [12:03:57<39:21,  5.78s/it]
 95%|█████████▌| 7781/8189 [12:04:03<40:00,  5.88s/it]
 95%|█████████▌| 7782/8189 [12:04:09<40:08,  5.92s/it]
 95%|█████████▌| 7783/8189 [12:04:15<40:21,  5.96s/it]
 95%|█████████▌| 7784/8189 [12:04:21<39:44,  5.89s/it]
 95%|█████████▌| 7785/8189 [12:04:24<35:24,  5.26s/it]
 95%|█████████▌| 7786/8189 [12:04:29<34:59,  5.21s/it]
 95%|█████████▌| 7787/8189 [12:04:35<36:09,  5.40s/it]
 95%|█████████▌| 7788/8189 [12:04:41<37:22,  5.59s/it]
 95%|█████████▌| 7789/8189 [12:04:47<37:47,  5.67s/it]
 95%|█████████▌| 7790/8189 [12:04:52<36:15,  5.45s/it]
 95%|█████████▌| 7791/8189 [12:04:57<35:44,  5.39s/it]
 95%|█████████▌| 7792/8189 [12:05:03<35:24,  5.35s/it]
 95%|█████████▌| 7793/8189 [12:05:09<36:29,  5.53s/it]
 95%|█████████▌| 7794/8189 [12:05:14<36:23,  5.53s/it]
 95%|█████████▌| 7795/8189 [12:05:20<37:01,  5.64s/it]
 95%|█████████▌| 7796/8189 [12:05:25<36:11,  5.53s/it]
 95%|█████████▌| 7797/8189 [12:05:31<35:50,  5.49s/it]
 95%|█████████▌| 7798/8189 [12:05:36<36:23,  5.58s/it]
 95%|█████████▌| 7799/8189 [12:05:42<35:28,  5.46s/it]
 95%|█████████▌| 7800/8189 [12:05:47<35:08,  5.42s/it]
 95%|█████████▌| 7801/8189 [12:05:53<35:46,  5.53s/it]
 95%|█████████▌| 7802/8189 [12:05:59<36:25,  5.65s/it]
 95%|█████████▌| 7803/8189 [12:06:04<35:50,  5.57s/it]
 95%|█████████▌| 7804/8189 [12:06:09<34:36,  5.39s/it]
 95%|█████████▌| 7805/8189 [12:06:15<35:06,  5.49s/it]
 95%|█████████▌| 7806/8189 [12:06:20<35:22,  5.54s/it]
 95%|█████████▌| 7807/8189 [12:06:26<35:02,  5.50s/it]
 95%|█████████▌| 7808/8189 [12:06:32<35:30,  5.59s/it]
 95%|█████████▌| 7809/8189 [12:06:37<35:15,  5.57s/it]
 95%|█████████▌| 7810/8189 [12:06:43<35:32,  5.63s/it]
 95%|█████████▌| 7811/8189 [12:06:48<35:27,  5.63s/it]
 95%|█████████▌| 7812/8189 [12:06:54<35:32,  5.66s/it]
 95%|█████████▌| 7813/8189 [12:06:59<34:17,  5.47s/it]
 95%|█████████▌| 7814/8189 [12:07:05<34:37,  5.54s/it]
 95%|█████████▌| 7815/8189 [12:07:11<35:01,  5.62s/it]
 95%|█████████▌| 7816/8189 [12:07:17<35:16,  5.68s/it]
 95%|█████████▌| 7817/8189 [12:07:22<35:26,  5.72s/it]
 95%|█████████▌| 7818/8189 [12:07:28<35:24,  5.73s/it]
 95%|█████████▌| 7819/8189 [12:07:33<34:13,  5.55s/it]
 95%|█████████▌| 7820/8189 [12:07:39<34:06,  5.54s/it]
 96%|█████████▌| 7821/8189 [12:07:43<31:36,  5.15s/it]
 96%|█████████▌| 7822/8189 [12:07:48<31:49,  5.20s/it]
 96%|█████████▌| 7823/8189 [12:07:53<31:13,  5.12s/it]
 96%|█████████▌| 7824/8189 [12:07:58<31:11,  5.13s/it]
 96%|█████████▌| 7825/8189 [12:08:04<32:23,  5.34s/it]
 96%|█████████▌| 7826/8189 [12:08:10<32:15,  5.33s/it]
 96%|█████████▌| 7827/8189 [12:08:15<32:05,  5.32s/it]
 96%|█████████▌| 7828/8189 [12:08:21<32:52,  5.46s/it]
 96%|█████████▌| 7829/8189 [12:08:26<33:17,  5.55s/it]
 96%|█████████▌| 7830/8189 [12:08:32<33:45,  5.64s/it]
 96%|█████████▌| 7831/8189 [12:08:38<34:13,  5.74s/it]
 96%|█████████▌| 7832/8189 [12:08:44<34:30,  5.80s/it]
 96%|█████████▌| 7833/8189 [12:08:50<33:49,  5.70s/it]
 96%|█████████▌| 7834/8189 [12:08:55<33:51,  5.72s/it]
 96%|█████████▌| 7835/8189 [12:09:01<33:36,  5.70s/it]
 96%|█████████▌| 7836/8189 [12:09:07<34:15,  5.82s/it]
 96%|█████████▌| 7837/8189 [12:09:13<34:09,  5.82s/it]
 96%|█████████▌| 7838/8189 [12:09:18<33:01,  5.64s/it]
 96%|█████████▌| 7839/8189 [12:09:24<33:22,  5.72s/it]
 96%|█████████▌| 7840/8189 [12:09:30<34:17,  5.90s/it]
 96%|█████████▌| 7841/8189 [12:09:36<34:24,  5.93s/it]
 96%|█████████▌| 7842/8189 [12:09:42<33:20,  5.77s/it]
 96%|█████████▌| 7843/8189 [12:09:48<33:58,  5.89s/it]
 96%|█████████▌| 7844/8189 [12:09:54<33:27,  5.82s/it]
 96%|█████████▌| 7845/8189 [12:09:59<33:21,  5.82s/it]
 96%|█████████▌| 7846/8189 [12:10:04<31:42,  5.55s/it]
 96%|█████████▌| 7847/8189 [12:10:10<32:00,  5.61s/it]
 96%|█████████▌| 7848/8189 [12:10:16<31:46,  5.59s/it]
 96%|█████████▌| 7849/8189 [12:10:21<31:27,  5.55s/it]
 96%|█████████▌| 7850/8189 [12:10:26<30:54,  5.47s/it]
 96%|█████████▌| 7851/8189 [12:10:32<30:26,  5.40s/it]
 96%|█████████▌| 7852/8189 [12:10:38<31:07,  5.54s/it]
 96%|█████████▌| 7853/8189 [12:10:42<29:44,  5.31s/it]
 96%|█████████▌| 7854/8189 [12:10:48<30:10,  5.40s/it]
 96%|█████████▌| 7855/8189 [12:10:53<29:09,  5.24s/it]
 96%|█████████▌| 7856/8189 [12:10:58<29:26,  5.31s/it]
 96%|█████████▌| 7857/8189 [12:11:04<30:40,  5.55s/it]
 96%|█████████▌| 7858/8189 [12:11:09<29:35,  5.36s/it]
 96%|█████████▌| 7859/8189 [12:11:15<30:30,  5.55s/it]
 96%|█████████▌| 7860/8189 [12:11:20<29:46,  5.43s/it]
 96%|█████████▌| 7861/8189 [12:11:26<30:11,  5.52s/it]
 96%|█████████▌| 7862/8189 [12:11:32<30:38,  5.62s/it]
 96%|█████████▌| 7863/8189 [12:11:37<29:57,  5.51s/it]
 96%|█████████▌| 7864/8189 [12:11:43<30:25,  5.62s/it]
 96%|█████████▌| 7865/8189 [12:11:49<30:16,  5.61s/it]
 96%|█████████▌| 7866/8189 [12:11:53<27:51,  5.18s/it]
 96%|█████████▌| 7867/8189 [12:11:59<29:10,  5.44s/it]
 96%|█████████▌| 7868/8189 [12:12:05<29:44,  5.56s/it]
 96%|█████████▌| 7869/8189 [12:12:11<30:10,  5.66s/it]
 96%|█████████▌| 7870/8189 [12:12:16<29:58,  5.64s/it]
 96%|█████████▌| 7871/8189 [12:12:22<29:46,  5.62s/it]
 96%|█████████▌| 7872/8189 [12:12:28<30:11,  5.71s/it]
 96%|█████████▌| 7873/8189 [12:12:34<30:35,  5.81s/it]
 96%|█████████▌| 7874/8189 [12:12:39<30:10,  5.75s/it]
 96%|█████████▌| 7875/8189 [12:12:45<29:16,  5.59s/it]
 96%|█████████▌| 7876/8189 [12:12:51<29:51,  5.72s/it]
 96%|█████████▌| 7877/8189 [12:12:55<27:43,  5.33s/it]
 96%|█████████▌| 7878/8189 [12:13:01<27:54,  5.38s/it]
 96%|█████████▌| 7879/8189 [12:13:06<27:24,  5.31s/it]
 96%|█████████▌| 7880/8189 [12:13:11<27:50,  5.41s/it]
 96%|█████████▌| 7881/8189 [12:13:17<28:04,  5.47s/it]
 96%|█████████▋| 7882/8189 [12:13:23<28:38,  5.60s/it]
 96%|█████████▋| 7883/8189 [12:13:28<28:25,  5.57s/it]
 96%|█████████▋| 7884/8189 [12:13:33<27:30,  5.41s/it]
 96%|█████████▋| 7885/8189 [12:13:39<28:08,  5.55s/it]
 96%|█████████▋| 7886/8189 [12:13:44<27:15,  5.40s/it]
 96%|█████████▋| 7887/8189 [12:13:49<26:20,  5.23s/it]
 96%|█████████▋| 7888/8189 [12:13:54<26:13,  5.23s/it]
 96%|█████████▋| 7889/8189 [12:14:00<27:08,  5.43s/it]
 96%|█████████▋| 7890/8189 [12:14:06<28:07,  5.65s/it]
 96%|█████████▋| 7891/8189 [12:14:13<28:38,  5.77s/it]
 96%|█████████▋| 7892/8189 [12:14:18<27:55,  5.64s/it]
 96%|█████████▋| 7893/8189 [12:14:24<28:44,  5.83s/it]
 96%|█████████▋| 7894/8189 [12:14:29<27:08,  5.52s/it]
 96%|█████████▋| 7895/8189 [12:14:35<27:14,  5.56s/it]
 96%|█████████▋| 7896/8189 [12:14:41<27:47,  5.69s/it]
 96%|█████████▋| 7897/8189 [12:14:47<28:13,  5.80s/it]
 96%|█████████▋| 7898/8189 [12:14:52<28:14,  5.82s/it]
 96%|█████████▋| 7899/8189 [12:14:58<27:38,  5.72s/it]
 96%|█████████▋| 7900/8189 [12:15:04<28:05,  5.83s/it]
 96%|█████████▋| 7901/8189 [12:15:08<25:05,  5.23s/it]
 96%|█████████▋| 7902/8189 [12:15:14<25:59,  5.43s/it]
 97%|█████████▋| 7903/8189 [12:15:20<26:54,  5.64s/it]
 97%|█████████▋| 7904/8189 [12:15:25<25:49,  5.44s/it]
 97%|█████████▋| 7905/8189 [12:15:31<26:10,  5.53s/it]
 97%|█████████▋| 7906/8189 [12:15:36<25:10,  5.34s/it]
 97%|█████████▋| 7907/8189 [12:15:40<24:00,  5.11s/it]
 97%|█████████▋| 7908/8189 [12:15:46<25:19,  5.41s/it]
 97%|█████████▋| 7909/8189 [12:15:52<25:44,  5.52s/it]
 97%|█████████▋| 7910/8189 [12:15:56<24:12,  5.21s/it]
 97%|█████████▋| 7911/8189 [12:16:02<24:50,  5.36s/it]
 97%|█████████▋| 7912/8189 [12:16:08<25:43,  5.57s/it]
 97%|█████████▋| 7913/8189 [12:16:14<25:59,  5.65s/it]
 97%|█████████▋| 7914/8189 [12:16:20<25:49,  5.64s/it]
 97%|█████████▋| 7915/8189 [12:16:25<25:44,  5.64s/it]
 97%|█████████▋| 7916/8189 [12:16:30<24:52,  5.47s/it]
 97%|█████████▋| 7917/8189 [12:16:36<24:43,  5.45s/it]
 97%|█████████▋| 7918/8189 [12:16:41<24:27,  5.42s/it]
 97%|█████████▋| 7919/8189 [12:16:47<24:37,  5.47s/it]
 97%|█████████▋| 7920/8189 [12:16:52<24:33,  5.48s/it]
 97%|█████████▋| 7921/8189 [12:16:58<24:49,  5.56s/it]
 97%|█████████▋| 7922/8189 [12:17:04<25:10,  5.66s/it]
 97%|█████████▋| 7923/8189 [12:17:10<25:32,  5.76s/it]
 97%|█████████▋| 7924/8189 [12:17:16<25:35,  5.80s/it]
 97%|█████████▋| 7925/8189 [12:17:22<25:40,  5.83s/it]
 97%|█████████▋| 7926/8189 [12:17:27<25:07,  5.73s/it]
 97%|█████████▋| 7927/8189 [12:17:32<24:05,  5.52s/it]
 97%|█████████▋| 7928/8189 [12:17:38<23:55,  5.50s/it]
 97%|█████████▋| 7929/8189 [12:17:43<24:13,  5.59s/it]
 97%|█████████▋| 7930/8189 [12:17:47<21:56,  5.08s/it]
 97%|█████████▋| 7931/8189 [12:17:51<20:32,  4.78s/it]
 97%|█████████▋| 7932/8189 [12:17:57<21:54,  5.11s/it]
 97%|█████████▋| 7933/8189 [12:18:02<21:00,  4.92s/it]
 97%|█████████▋| 7934/8189 [12:18:08<22:11,  5.22s/it]
 97%|█████████▋| 7935/8189 [12:18:13<22:22,  5.29s/it]
 97%|█████████▋| 7936/8189 [12:18:19<22:36,  5.36s/it]
 97%|█████████▋| 7937/8189 [12:18:24<22:27,  5.35s/it]
 97%|█████████▋| 7938/8189 [12:18:29<22:23,  5.35s/it]
 97%|█████████▋| 7939/8189 [12:18:35<22:25,  5.38s/it]
 97%|█████████▋| 7940/8189 [12:18:40<22:13,  5.35s/it]
 97%|█████████▋| 7941/8189 [12:18:46<22:50,  5.53s/it]
 97%|█████████▋| 7942/8189 [12:18:52<23:01,  5.59s/it]
 97%|█████████▋| 7943/8189 [12:18:57<22:38,  5.52s/it]
 97%|█████████▋| 7944/8189 [12:19:02<21:58,  5.38s/it]
 97%|█████████▋| 7945/8189 [12:19:09<23:07,  5.69s/it]
 97%|█████████▋| 7946/8189 [12:19:14<22:29,  5.55s/it]
 97%|█████████▋| 7947/8189 [12:19:19<22:28,  5.57s/it]
 97%|█████████▋| 7948/8189 [12:19:26<23:04,  5.74s/it]
 97%|█████████▋| 7949/8189 [12:19:32<23:30,  5.88s/it]
 97%|█████████▋| 7950/8189 [12:19:38<23:42,  5.95s/it]
 97%|█████████▋| 7951/8189 [12:19:44<23:54,  6.03s/it]
 97%|█████████▋| 7952/8189 [12:19:49<22:25,  5.68s/it]
 97%|█████████▋| 7953/8189 [12:19:54<22:02,  5.60s/it]
 97%|█████████▋| 7954/8189 [12:20:00<22:12,  5.67s/it]
 97%|█████████▋| 7955/8189 [12:20:06<22:38,  5.81s/it]
 97%|█████████▋| 7956/8189 [12:20:12<21:51,  5.63s/it]
 97%|█████████▋| 7957/8189 [12:20:17<21:49,  5.65s/it]
 97%|█████████▋| 7958/8189 [12:20:23<21:50,  5.68s/it]
 97%|█████████▋| 7959/8189 [12:20:29<22:20,  5.83s/it]
 97%|█████████▋| 7960/8189 [12:20:35<21:41,  5.68s/it]
 97%|█████████▋| 7961/8189 [12:20:40<21:16,  5.60s/it]
 97%|█████████▋| 7962/8189 [12:20:45<20:42,  5.48s/it]
 97%|█████████▋| 7963/8189 [12:20:51<21:02,  5.58s/it]
 97%|█████████▋| 7964/8189 [12:20:57<21:03,  5.61s/it]
 97%|█████████▋| 7965/8189 [12:21:01<19:44,  5.29s/it]
 97%|█████████▋| 7966/8189 [12:21:07<19:59,  5.38s/it]
 97%|█████████▋| 7967/8189 [12:21:12<20:18,  5.49s/it]
 97%|█████████▋| 7968/8189 [12:21:19<20:55,  5.68s/it]
 97%|█████████▋| 7969/8189 [12:21:24<20:54,  5.70s/it]
 97%|█████████▋| 7970/8189 [12:21:30<20:54,  5.73s/it]
 97%|█████████▋| 7971/8189 [12:21:36<20:24,  5.62s/it]
 97%|█████████▋| 7972/8189 [12:21:41<20:05,  5.56s/it]
 97%|█████████▋| 7973/8189 [12:21:47<20:09,  5.60s/it]
 97%|█████████▋| 7974/8189 [12:21:52<20:14,  5.65s/it]
 97%|█████████▋| 7975/8189 [12:21:58<20:24,  5.72s/it]
 97%|█████████▋| 7976/8189 [12:22:04<19:49,  5.58s/it]
 97%|█████████▋| 7977/8189 [12:22:09<19:53,  5.63s/it]
 97%|█████████▋| 7978/8189 [12:22:15<19:36,  5.58s/it]
 97%|█████████▋| 7979/8189 [12:22:20<19:31,  5.58s/it]
 97%|█████████▋| 7980/8189 [12:22:26<19:16,  5.53s/it]
 97%|█████████▋| 7981/8189 [12:22:32<19:42,  5.68s/it]
 97%|█████████▋| 7982/8189 [12:22:38<19:54,  5.77s/it]
 97%|█████████▋| 7983/8189 [12:22:43<19:23,  5.65s/it]
 97%|█████████▋| 7984/8189 [12:22:48<18:35,  5.44s/it]
 98%|█████████▊| 7985/8189 [12:22:54<18:37,  5.48s/it]
 98%|█████████▊| 7986/8189 [12:22:59<18:17,  5.41s/it]
 98%|█████████▊| 7987/8189 [12:23:05<18:36,  5.53s/it]
 98%|█████████▊| 7988/8189 [12:23:11<19:05,  5.70s/it]
 98%|█████████▊| 7989/8189 [12:23:17<19:27,  5.84s/it]
 98%|█████████▊| 7990/8189 [12:23:23<19:26,  5.86s/it]
 98%|█████████▊| 7991/8189 [12:23:29<19:18,  5.85s/it]
 98%|█████████▊| 7992/8189 [12:23:34<19:09,  5.84s/it]
 98%|█████████▊| 7993/8189 [12:23:40<18:58,  5.81s/it]
 98%|█████████▊| 7994/8189 [12:23:43<16:22,  5.04s/it]
 98%|█████████▊| 7995/8189 [12:23:47<14:33,  4.50s/it]
 98%|█████████▊| 7996/8189 [12:23:52<15:41,  4.88s/it]
 98%|█████████▊| 7997/8189 [12:23:58<16:27,  5.14s/it]
 98%|█████████▊| 7998/8189 [12:24:04<17:19,  5.44s/it]
 98%|█████████▊| 7999/8189 [12:24:10<17:40,  5.58s/it]
 98%|█████████▊| 8000/8189 [12:24:16<17:40,  5.61s/it]
                                                      

 98%|█████████▊| 8000/8189 [12:24:16<17:40,  5.61s/it]

Batches:   0%|          | 0/9 [00:00<?, ?it/s][A

Batches:  67%|██████▋   | 6/9 [00:00<00:00, 52.15it/s][A
Batches: 100%|██████████| 9/9 [00:00<00:00, 56.71it/s]


Corpus Chunks:   0%|          | 0/1 [00:00<?, ?it/s][A


Batches:   0%|          | 0/9 [00:00<?, ?it/s][A[A


Batches:  67%|██████▋   | 6/9 [00:00<00:00, 55.46it/s][A[A
Batches: 100%|██████████| 9/9 [00:00<00:00, 60.52it/s]


Corpus Chunks: 100%|██████████| 1/1 [00:00<00:00,  6.48it/s][A
Corpus Chunks: 100%|██████████| 1/1 [00:00<00:00,  6.46it/s]


Batches:   0%|          | 0/7 [00:00<?, ?it/s][A
Batches: 100%|██████████| 7/7 [00:00<00:00, 76.19it/s]


Batches:   0%|          | 0/7 [00:00<?, ?it/s][A

Batches: 100%|██████████| 7/7 [00:00<00:00, 64.19it/s][A
Batches: 100%|██████████| 7/7 [00:00<00:00, 63.85it/s]


Batches:   0%|          | 0/7 [00:00<?, ?it/s][A

Batches:  71%|███████▏  | 5/7 [00:00<00:00, 43.43it/s][A
Batches: 100%|██████████| 7/7 [00:00<00:00, 45.14it/s]

                                                      

 98%|█████████▊| 8000/8189 [12:24:17<17:40,  5.61s/it]

Writing model shards:   0%|          | 0/1 [00:00<?, ?it/s][A

Writing model shards: 100%|██████████| 1/1 [00:01<00:00,  1.14s/it][A
Writing model shards: 100%|██████████| 1/1 [00:01<00:00,  1.14s/it]

 98%|█████████▊| 8001/8189 [12:24:27<22:22,  7.14s/it]
 98%|█████████▊| 8002/8189 [12:24:32<20:39,  6.63s/it]
 98%|█████████▊| 8003/8189 [12:24:38<19:23,  6.26s/it]
 98%|█████████▊| 8004/8189 [12:24:43<18:36,  6.04s/it]
 98%|█████████▊| 8005/8189 [12:24:49<18:40,  6.09s/it]
 98%|█████████▊| 8006/8189 [12:24:54<17:37,  5.78s/it]
 98%|█████████▊| 8007/8189 [12:25:00<17:48,  5.87s/it]
 98%|█████████▊| 8008/8189 [12:25:06<17:19,  5.74s/it]
 98%|█████████▊| 8009/8189 [12:25:12<17:17,  5.76s/it]
 98%|█████████▊| 8010/8189 [12:25:17<16:30,  5.53s/it]
 98%|█████████▊| 8011/8189 [12:25:22<16:26,  5.54s/it]
 98%|█████████▊| 8012/8189 [12:25:28<16:57,  5.75s/it]
 98%|█████████▊| 8013/8189 [12:25:34<16:50,  5.74s/it]
 98%|█████████▊| 8014/8189 [12:25:40<16:36,  5.69s/it]
 98%|█████████▊| 8015/8189 [12:25:45<16:10,  5.58s/it]
 98%|█████████▊| 8016/8189 [12:25:51<16:27,  5.71s/it]
 98%|█████████▊| 8017/8189 [12:25:57<16:53,  5.89s/it]
 98%|█████████▊| 8018/8189 [12:26:03<16:37,  5.83s/it]
 98%|█████████▊| 8019/8189 [12:26:09<16:16,  5.75s/it]
 98%|█████████▊| 8020/8189 [12:26:14<15:49,  5.62s/it]
 98%|█████████▊| 8021/8189 [12:26:20<15:59,  5.71s/it]
 98%|█████████▊| 8022/8189 [12:26:25<15:36,  5.61s/it]
 98%|█████████▊| 8023/8189 [12:26:31<15:16,  5.52s/it]
 98%|█████████▊| 8024/8189 [12:26:36<15:07,  5.50s/it]
 98%|█████████▊| 8025/8189 [12:26:41<14:54,  5.46s/it]
 98%|█████████▊| 8026/8189 [12:26:47<14:38,  5.39s/it]
 98%|█████████▊| 8027/8189 [12:26:52<14:50,  5.50s/it]
 98%|█████████▊| 8028/8189 [12:26:57<14:26,  5.38s/it]
 98%|█████████▊| 8029/8189 [12:27:03<14:38,  5.49s/it]
 98%|█████████▊| 8030/8189 [12:27:08<14:19,  5.41s/it]
 98%|█████████▊| 8031/8189 [12:27:14<14:01,  5.32s/it]
 98%|█████████▊| 8032/8189 [12:27:19<13:50,  5.29s/it]
 98%|█████████▊| 8033/8189 [12:27:24<13:38,  5.24s/it]
 98%|█████████▊| 8034/8189 [12:27:29<13:23,  5.18s/it]
 98%|█████████▊| 8035/8189 [12:27:34<13:23,  5.22s/it]
 98%|█████████▊| 8036/8189 [12:27:40<13:42,  5.38s/it]
 98%|█████████▊| 8037/8189 [12:27:46<13:55,  5.50s/it]
 98%|█████████▊| 8038/8189 [12:27:51<13:41,  5.44s/it]
 98%|█████████▊| 8039/8189 [12:27:57<13:43,  5.49s/it]
 98%|█████████▊| 8040/8189 [12:28:02<13:26,  5.42s/it]
 98%|█████████▊| 8041/8189 [12:28:08<13:40,  5.55s/it]
 98%|█████████▊| 8042/8189 [12:28:12<12:51,  5.25s/it]
 98%|█████████▊| 8043/8189 [12:28:17<12:30,  5.14s/it]
 98%|█████████▊| 8044/8189 [12:28:23<12:55,  5.35s/it]
 98%|█████████▊| 8045/8189 [12:28:29<13:16,  5.53s/it]
 98%|█████████▊| 8046/8189 [12:28:34<13:07,  5.51s/it]
 98%|█████████▊| 8047/8189 [12:28:41<13:31,  5.71s/it]
 98%|█████████▊| 8048/8189 [12:28:46<13:28,  5.73s/it]
 98%|█████████▊| 8049/8189 [12:28:53<13:45,  5.90s/it]
 98%|█████████▊| 8050/8189 [12:28:59<13:37,  5.88s/it]
 98%|█████████▊| 8051/8189 [12:29:05<13:43,  5.97s/it]
 98%|█████████▊| 8052/8189 [12:29:11<13:35,  5.95s/it]
 98%|█████████▊| 8053/8189 [12:29:16<13:25,  5.92s/it]
 98%|█████████▊| 8054/8189 [12:29:21<12:41,  5.64s/it]
 98%|█████████▊| 8055/8189 [12:29:27<12:23,  5.55s/it]
 98%|█████████▊| 8056/8189 [12:29:33<12:52,  5.81s/it]
 98%|█████████▊| 8057/8189 [12:29:38<12:26,  5.66s/it]
 98%|█████████▊| 8058/8189 [12:29:44<12:27,  5.71s/it]
 98%|█████████▊| 8059/8189 [12:29:50<12:21,  5.70s/it]
 98%|█████████▊| 8060/8189 [12:29:56<12:32,  5.83s/it]
 98%|█████████▊| 8061/8189 [12:30:02<12:20,  5.79s/it]
 98%|█████████▊| 8062/8189 [12:30:07<12:08,  5.73s/it]
 98%|█████████▊| 8063/8189 [12:30:13<11:39,  5.55s/it]
 98%|█████████▊| 8064/8189 [12:30:18<11:12,  5.38s/it]
 98%|█████████▊| 8065/8189 [12:30:24<11:38,  5.63s/it]
 98%|█████████▊| 8066/8189 [12:30:30<11:51,  5.78s/it]
 99%|█████████▊| 8067/8189 [12:30:36<11:50,  5.83s/it]
 99%|█████████▊| 8068/8189 [12:30:42<12:04,  5.99s/it]
 99%|█████████▊| 8069/8189 [12:30:48<11:55,  5.97s/it]
 99%|█████████▊| 8070/8189 [12:30:54<11:31,  5.81s/it]
 99%|█████████▊| 8071/8189 [12:30:59<11:07,  5.66s/it]
 99%|█████████▊| 8072/8189 [12:31:03<10:11,  5.23s/it]
 99%|█████████▊| 8073/8189 [12:31:09<10:28,  5.41s/it]
 99%|█████████▊| 8074/8189 [12:31:14<10:27,  5.45s/it]
 99%|█████████▊| 8075/8189 [12:31:20<10:10,  5.35s/it]
 99%|█████████▊| 8076/8189 [12:31:25<10:17,  5.46s/it]
 99%|█████████▊| 8077/8189 [12:31:31<10:22,  5.56s/it]
 99%|█████████▊| 8078/8189 [12:31:37<10:12,  5.52s/it]
 99%|█████████▊| 8079/8189 [12:31:42<10:16,  5.60s/it]
 99%|█████████▊| 8080/8189 [12:31:48<10:18,  5.68s/it]
 99%|█████████▊| 8081/8189 [12:31:54<10:12,  5.67s/it]
 99%|█████████▊| 8082/8189 [12:32:00<10:10,  5.70s/it]
 99%|█████████▊| 8083/8189 [12:32:06<10:15,  5.81s/it]
 99%|█████████▊| 8084/8189 [12:32:11<10:00,  5.72s/it]
 99%|█████████▊| 8085/8189 [12:32:16<09:14,  5.33s/it]
 99%|█████████▊| 8086/8189 [12:32:21<09:25,  5.49s/it]
 99%|█████████▉| 8087/8189 [12:32:27<09:33,  5.63s/it]
 99%|█████████▉| 8088/8189 [12:32:33<09:32,  5.67s/it]
 99%|█████████▉| 8089/8189 [12:32:38<08:47,  5.28s/it]
 99%|█████████▉| 8090/8189 [12:32:43<08:37,  5.22s/it]
 99%|█████████▉| 8091/8189 [12:32:48<08:43,  5.34s/it]
 99%|█████████▉| 8092/8189 [12:32:55<09:04,  5.62s/it]
 99%|█████████▉| 8093/8189 [12:33:00<09:01,  5.65s/it]
 99%|█████████▉| 8094/8189 [12:33:06<08:52,  5.61s/it]
 99%|█████████▉| 8095/8189 [12:33:11<08:49,  5.63s/it]
 99%|█████████▉| 8096/8189 [12:33:17<08:42,  5.62s/it]
 99%|█████████▉| 8097/8189 [12:33:23<08:45,  5.72s/it]
 99%|█████████▉| 8098/8189 [12:33:28<08:17,  5.47s/it]
 99%|█████████▉| 8099/8189 [12:33:34<08:21,  5.57s/it]
 99%|█████████▉| 8100/8189 [12:33:39<08:20,  5.62s/it]
 99%|█████████▉| 8101/8189 [12:33:44<07:57,  5.43s/it]
 99%|█████████▉| 8102/8189 [12:33:50<07:52,  5.43s/it]
 99%|█████████▉| 8103/8189 [12:33:55<07:48,  5.45s/it]
 99%|█████████▉| 8104/8189 [12:34:00<07:27,  5.26s/it]
 99%|█████████▉| 8105/8189 [12:34:05<07:24,  5.29s/it]
 99%|█████████▉| 8106/8189 [12:34:11<07:18,  5.29s/it]
 99%|█████████▉| 8107/8189 [12:34:16<07:18,  5.35s/it]
 99%|█████████▉| 8108/8189 [12:34:22<07:11,  5.33s/it]
 99%|█████████▉| 8109/8189 [12:34:27<07:13,  5.41s/it]
 99%|█████████▉| 8110/8189 [12:34:32<07:05,  5.39s/it]
 99%|█████████▉| 8111/8189 [12:34:38<07:11,  5.53s/it]
 99%|█████████▉| 8112/8189 [12:34:44<07:15,  5.66s/it]
 99%|█████████▉| 8113/8189 [12:34:50<07:11,  5.68s/it]
 99%|█████████▉| 8114/8189 [12:34:56<07:20,  5.87s/it]
 99%|█████████▉| 8115/8189 [12:35:02<07:04,  5.73s/it]
 99%|█████████▉| 8116/8189 [12:35:07<06:55,  5.69s/it]
 99%|█████████▉| 8117/8189 [12:35:13<06:40,  5.56s/it]
 99%|█████████▉| 8118/8189 [12:35:18<06:40,  5.65s/it]
 99%|█████████▉| 8119/8189 [12:35:24<06:37,  5.69s/it]
 99%|█████████▉| 8120/8189 [12:35:30<06:34,  5.71s/it]
 99%|█████████▉| 8121/8189 [12:35:36<06:27,  5.69s/it]
 99%|█████████▉| 8122/8189 [12:35:41<06:16,  5.62s/it]
 99%|█████████▉| 8123/8189 [12:35:46<05:59,  5.45s/it]
 99%|█████████▉| 8124/8189 [12:35:52<05:58,  5.51s/it]
 99%|█████████▉| 8125/8189 [12:35:57<05:50,  5.47s/it]
 99%|█████████▉| 8126/8189 [12:36:03<05:57,  5.68s/it]
 99%|█████████▉| 8127/8189 [12:36:09<05:49,  5.64s/it]
 99%|█████████▉| 8128/8189 [12:36:14<05:28,  5.39s/it]
 99%|█████████▉| 8129/8189 [12:36:20<05:30,  5.51s/it]
 99%|█████████▉| 8130/8189 [12:36:24<05:15,  5.35s/it]
 99%|█████████▉| 8131/8189 [12:36:30<05:16,  5.46s/it]
 99%|█████████▉| 8132/8189 [12:36:35<05:02,  5.31s/it]
 99%|█████████▉| 8133/8189 [12:36:41<05:00,  5.37s/it]
 99%|█████████▉| 8134/8189 [12:36:46<05:01,  5.47s/it]
 99%|█████████▉| 8135/8189 [12:36:52<05:01,  5.58s/it]
 99%|█████████▉| 8136/8189 [12:36:57<04:49,  5.46s/it]
 99%|█████████▉| 8137/8189 [12:37:02<04:32,  5.24s/it]
 99%|█████████▉| 8138/8189 [12:37:08<04:35,  5.41s/it]
 99%|█████████▉| 8139/8189 [12:37:14<04:41,  5.62s/it]
 99%|█████████▉| 8140/8189 [12:37:20<04:35,  5.63s/it]
 99%|█████████▉| 8141/8189 [12:37:25<04:30,  5.64s/it]
 99%|█████████▉| 8142/8189 [12:37:31<04:27,  5.70s/it]
 99%|█████████▉| 8143/8189 [12:37:37<04:24,  5.74s/it]
 99%|█████████▉| 8144/8189 [12:37:43<04:18,  5.75s/it]
 99%|█████████▉| 8145/8189 [12:37:49<04:13,  5.76s/it]
 99%|█████████▉| 8146/8189 [12:37:55<04:12,  5.87s/it]
 99%|█████████▉| 8147/8189 [12:38:00<04:04,  5.83s/it]
 99%|█████████▉| 8148/8189 [12:38:06<03:58,  5.82s/it]
100%|█████████▉| 8149/8189 [12:38:12<03:54,  5.86s/it]
100%|█████████▉| 8150/8189 [12:38:18<03:51,  5.93s/it]
100%|█████████▉| 8151/8189 [12:38:24<03:41,  5.84s/it]
100%|█████████▉| 8152/8189 [12:38:30<03:35,  5.82s/it]
100%|█████████▉| 8153/8189 [12:38:36<03:30,  5.83s/it]
100%|█████████▉| 8154/8189 [12:38:41<03:20,  5.73s/it]
100%|█████████▉| 8155/8189 [12:38:47<03:19,  5.86s/it]
100%|█████████▉| 8156/8189 [12:38:53<03:12,  5.83s/it]
100%|█████████▉| 8157/8189 [12:38:59<03:07,  5.85s/it]
100%|█████████▉| 8158/8189 [12:39:05<03:03,  5.92s/it]
100%|█████████▉| 8159/8189 [12:39:11<02:58,  5.95s/it]
100%|█████████▉| 8160/8189 [12:39:15<02:37,  5.42s/it]
100%|█████████▉| 8161/8189 [12:39:21<02:34,  5.53s/it]
100%|█████████▉| 8162/8189 [12:39:26<02:23,  5.30s/it]
100%|█████████▉| 8163/8189 [12:39:32<02:23,  5.53s/it]
100%|█████████▉| 8164/8189 [12:39:37<02:18,  5.53s/it]
100%|█████████▉| 8165/8189 [12:39:42<02:09,  5.40s/it]
100%|█████████▉| 8166/8189 [12:39:48<02:07,  5.56s/it]
100%|█████████▉| 8167/8189 [12:39:53<01:59,  5.41s/it]
100%|█████████▉| 8168/8189 [12:39:59<01:56,  5.57s/it]
100%|█████████▉| 8169/8189 [12:40:05<01:51,  5.57s/it]
100%|█████████▉| 8170/8189 [12:40:10<01:43,  5.45s/it]
100%|█████████▉| 8171/8189 [12:40:16<01:38,  5.50s/it]
100%|█████████▉| 8172/8189 [12:40:21<01:34,  5.56s/it]
100%|█████████▉| 8173/8189 [12:40:27<01:28,  5.54s/it]
100%|█████████▉| 8174/8189 [12:40:32<01:22,  5.47s/it]
100%|█████████▉| 8175/8189 [12:40:38<01:17,  5.52s/it]
100%|█████████▉| 8176/8189 [12:40:43<01:11,  5.53s/it]
100%|█████████▉| 8177/8189 [12:40:49<01:07,  5.59s/it]
100%|█████████▉| 8178/8189 [12:40:55<01:01,  5.55s/it]
100%|█████████▉| 8179/8189 [12:41:00<00:56,  5.65s/it]
100%|█████████▉| 8180/8189 [12:41:06<00:50,  5.61s/it]
100%|█████████▉| 8181/8189 [12:41:11<00:43,  5.43s/it]
100%|█████████▉| 8182/8189 [12:41:17<00:39,  5.62s/it]
100%|█████████▉| 8183/8189 [12:41:22<00:33,  5.52s/it]
100%|█████████▉| 8184/8189 [12:41:28<00:28,  5.69s/it]
100%|█████████▉| 8185/8189 [12:41:34<00:23,  5.80s/it]
100%|█████████▉| 8186/8189 [12:41:39<00:15,  5.31s/it]
100%|█████████▉| 8187/8189 [12:41:44<00:10,  5.40s/it]
100%|█████████▉| 8188/8189 [12:41:49<00:05,  5.32s/it]
100%|██████████| 8189/8189 [12:41:55<00:00,  5.41s/it]

Batches:   0%|          | 0/9 [00:00<?, ?it/s][A

Batches:  56%|█████▌    | 5/9 [00:00<00:00, 42.10it/s][A
Batches: 100%|██████████| 9/9 [00:00<00:00, 47.51it/s]


Corpus Chunks:   0%|          | 0/1 [00:00<?, ?it/s][A


Batches:   0%|          | 0/9 [00:00<?, ?it/s][A[A


Batches:  56%|█████▌    | 5/9 [00:00<00:00, 46.93it/s][A[A
Batches: 100%|██████████| 9/9 [00:00<00:00, 50.95it/s]


Corpus Chunks: 100%|██████████| 1/1 [00:00<00:00,  5.44it/s][A
Corpus Chunks: 100%|██████████| 1/1 [00:00<00:00,  5.42it/s]


Batches:   0%|          | 0/7 [00:00<?, ?it/s][A

Batches:  86%|████████▌ | 6/7 [00:00<00:00, 59.74it/s][A
Batches: 100%|██████████| 7/7 [00:00<00:00, 61.26it/s]


Batches:   0%|          | 0/7 [00:00<?, ?it/s][A

Batches:  86%|████████▌ | 6/7 [00:00<00:00, 57.58it/s][A
Batches: 100%|██████████| 7/7 [00:00<00:00, 59.89it/s]


Batches:   0%|          | 0/7 [00:00<?, ?it/s][A
Batches: 100%|██████████| 7/7 [00:00<00:00, 69.97it/s]

                                                      

100%|██████████| 8189/8189 [12:41:56<00:00,  5.41s/it]

Writing model shards:   0%|          | 0/1 [00:00<?, ?it/s][A

Writing model shards: 100%|██████████| 1/1 [00:01<00:00,  1.43s/it][A
Writing model shards: 100%|██████████| 1/1 [00:01<00:00,  1.43s/it]

                                                      

100%|██████████| 8189/8189 [12:42:00<00:00,  5.41s/it]
100%|██████████| 8189/8189 [12:42:00<00:00,  5.58s/it]

Writing model shards:   0%|          | 0/1 [00:00<?, ?it/s]
Writing model shards: 100%|██████████| 1/1 [00:00<00:00,  1.04it/s]
Writing model shards: 100%|██████████| 1/1 [00:00<00:00,  1.04it/s]
wandb: Adding directory to artifact (../models/nrows_None__nsrc_None/timestamp_20260510_11-25-29/mpnet-base/final_model)... Done. 1.5s
wandb: uploading artifact final-sentence-transformer-model; updating run metadata
wandb: uploading artifact final-sentence-transformer-model; uploading config.yaml
wandb: uploading artifact final-sentence-transformer-model
wandb: uploading artifact final-sentence-transformer-model; uploading history steps 17-19, summary, console lines 126-126
wandb: uploading artifact final-sentence-transformer-model
wandb: 
wandb: Run history:
wandb:                   annealed_tanh/beta ▁▃▄▅▆▇▇█
wandb:  eval/ir_evaluator_cosine_accuracy@1 ▃▆█▁▃▆▆▆▆
wandb: eval/ir_evaluator_cosine_accuracy@10 ▁▁▁▁▁▁▁▁▁
wandb:  eval/ir_evaluator_cosine_accuracy@5 ▁▁▁▁▁▁▁▁▁
wandb:       eval/ir_evaluator_cosine_map@1 ▃▆█▁▃▆▆▆▆
wandb:      eval/ir_evaluator_cosine_map@10 ▃▅█▁▄▇▆▆▆
wandb:       eval/ir_evaluator_cosine_map@5 ▃▅█▁▄▇▆▆▆
wandb:       eval/ir_evaluator_cosine_mrr@1 ▃▆█▁▃▆▆▆▆
wandb:      eval/ir_evaluator_cosine_mrr@10 ▃▅█▁▄▇▆▆▆
wandb:       eval/ir_evaluator_cosine_mrr@5 ▃▅█▁▄▇▆▆▆
wandb:                                  +23 ...
wandb: 
wandb: Run summary:
wandb:                   annealed_tanh/beta 20.02498
wandb:  eval/ir_evaluator_cosine_accuracy@1 0.97857
wandb: eval/ir_evaluator_cosine_accuracy@10 1
wandb:  eval/ir_evaluator_cosine_accuracy@5 1
wandb:       eval/ir_evaluator_cosine_map@1 0.97857
wandb:      eval/ir_evaluator_cosine_map@10 0.9875
wandb:       eval/ir_evaluator_cosine_map@5 0.9875
wandb:       eval/ir_evaluator_cosine_mrr@1 0.97857
wandb:      eval/ir_evaluator_cosine_mrr@10 0.9875
wandb:       eval/ir_evaluator_cosine_mrr@5 0.9875
wandb:                                  +28 ...
wandb: 
wandb: 🚀 View run drawn-spaceship-57 at: https://wandb.ai/sajil-awale-nasa-impact-uah/scale_emb_retrieval/runs/t7u3a2j3
wandb: ⭐️ View project at: https://wandb.ai/sajil-awale-nasa-impact-uah/scale_emb_retrieval
wandb: Synced 5 W&B file(s), 0 media file(s), 7 artifact file(s) and 0 other file(s)
wandb: Find logs at: ./wandb/run-20260510_112531-t7u3a2j3/logs
/nas/rhome/sawale/thesis/experiments/../src/train.py:21: DeprecationWarning: Importing from 'sentence_transformers.models' is deprecated and will be removed in a future version. Please use 'sentence_transformers.sentence_transformer.modules' instead.
  from sentence_transformers import (
/nas/rhome/sawale/thesis/experiments/../src/train.py:27: DeprecationWarning: Importing from 'sentence_transformers.evaluation' is deprecated and will be removed in a future version. Please use 'sentence_transformers.sentence_transformer.evaluation' instead.
  from sentence_transformers.evaluation import (
/nas/rhome/sawale/thesis/experiments/../src/train.py:32: DeprecationWarning: Importing from 'sentence_transformers.losses' is deprecated and will be removed in a future version. Please use 'sentence_transformers.sentence_transformer.losses' instead.
  from sentence_transformers.losses import MultipleNegativesRankingLoss, MatryoshkaLoss
/nas/rhome/sawale/thesis/experiments/../src/train.py:38: DeprecationWarning: Importing from 'sentence_transformers.training_args' is deprecated and will be removed in a future version. Please use 'sentence_transformers.sentence_transformer.training_args' instead.
  from sentence_transformers.training_args import (
wandb: Appending key for api.wandb.ai to your netrc file: /rhome/sawale/.netrc
wandb: Currently logged in as: sajil-awale (sajil-awale-nasa-impact-uah) to https://api.wandb.ai. Use `wandb login --relogin` to force relogin
wandb: Tracking run with wandb version 0.23.0
wandb: Run data is saved locally in /nas/rhome/sawale/thesis/experiments/wandb/run-20260511_001134-dsfj07h4
wandb: Run `wandb offline` to turn off syncing.
wandb: Syncing run proud-vortex-61
wandb: ⭐️ View project at https://wandb.ai/sajil-awale-nasa-impact-uah/scale_emb_retrieval
wandb: 🚀 View run at https://wandb.ai/sajil-awale-nasa-impact-uah/scale_emb_retrieval/runs/dsfj07h4

Loading weights:   0%|          | 0/197 [00:00<?, ?it/s]
Loading weights: 100%|██████████| 197/197 [00:00<00:00, 4881.10it/s]
[transformers] [1mMPNetModel LOAD REPORT[0m from: microsoft/mpnet-base
Key                       | Status     | 
--------------------------+------------+-
lm_head.decoder.weight    | UNEXPECTED | 
lm_head.decoder.bias      | UNEXPECTED | 
lm_head.layer_norm.weight | UNEXPECTED | 
lm_head.bias              | UNEXPECTED | 
lm_head.dense.weight      | UNEXPECTED | 
lm_head.layer_norm.bias   | UNEXPECTED | 
lm_head.dense.bias        | UNEXPECTED | 
pooler.dense.weight       | MISSING    | 
pooler.dense.bias         | MISSING    | 

Notes:
- UNEXPECTED:	can be ignored when loading from different task/architecture; not ok if you expect identical arch.
- MISSING:	those params were newly initialized because missing from the checkpoint. Consider training on your downstream task.
/nas/rhome/sawale/thesis/experiments/../src/train.py:423: FutureWarning: The `get_word_embedding_dimension` method has been renamed to `get_embedding_dimension`.
  word_embedding_model.get_word_embedding_dimension(),
The `tokenizer_kwargs` argument was renamed and is now deprecated. Please use `processor_kwargs` instead.
The `warmup_ratio` argument is deprecated in Transformers v5+, and will also be removed from Sentence Transformers once support for Transformers v4 is dropped. Since you're using Transformers v5+, please use `warmup_steps` (as a float) to specify the warmup ratio instead.
When using DistributedDataParallel (DDP), it is recommended to set `dataloader_drop_last=True` to avoid hanging issues with an uneven last batch. Setting `dataloader_drop_last=True`.
[RANK 0] Detected kernel version 3.10.0, which is below the recommended minimum of 5.5.0; this can cause the process to hang. It is recommended to upgrade the kernel to the minimum version or higher.

Computing widget examples:   0%|          | 0/4 [00:00<?, ?example/s]
Computing widget examples:  25%|██▌       | 1/4 [00:00<00:00,  9.67example/s]
Computing widget examples:  50%|█████     | 2/4 [00:00<00:00,  4.99example/s]
Computing widget examples:  75%|███████▌  | 3/4 [00:01<00:00,  1.98example/s]
                                                                             

  0%|          | 0/8189 [00:00<?, ?it/s]
  0%|          | 1/8189 [00:09<22:26:42,  9.87s/it]
  0%|          | 2/8189 [00:15<16:52:35,  7.42s/it]
  0%|          | 3/8189 [00:21<15:09:29,  6.67s/it]
  0%|          | 4/8189 [00:27<14:25:59,  6.35s/it]
  0%|          | 5/8189 [00:34<15:05:44,  6.64s/it]
  0%|          | 6/8189 [00:40<14:58:31,  6.59s/it]
  0%|          | 7/8189 [00:47<14:52:38,  6.55s/it]
  0%|          | 8/8189 [00:52<14:09:21,  6.23s/it]
  0%|          | 9/8189 [00:59<14:05:48,  6.20s/it]
  0%|          | 10/8189 [01:05<14:19:31,  6.31s/it]
  0%|          | 11/8189 [01:11<13:57:25,  6.14s/it]
  0%|          | 12/8189 [01:16<13:22:17,  5.89s/it]
  0%|          | 13/8189 [01:22<13:17:15,  5.85s/it]
  0%|          | 14/8189 [01:27<13:01:49,  5.74s/it]
  0%|          | 15/8189 [01:34<13:23:51,  5.90s/it]
  0%|          | 16/8189 [01:40<13:35:31,  5.99s/it]
  0%|          | 17/8189 [01:46<13:35:49,  5.99s/it]
  0%|          | 18/8189 [01:51<13:13:30,  5.83s/it]
  0%|          | 19/8189 [01:57<13:24:56,  5.91s/it]
  0%|          | 20/8189 [02:03<12:53:24,  5.68s/it]
  0%|          | 21/8189 [02:09<13:21:05,  5.88s/it]
  0%|          | 22/8189 [02:15<13:38:53,  6.02s/it]
  0%|          | 23/8189 [02:21<13:45:09,  6.06s/it]
  0%|          | 24/8189 [02:28<13:57:53,  6.16s/it]
  0%|          | 25/8189 [02:34<14:05:39,  6.22s/it]
  0%|          | 26/8189 [02:41<14:25:15,  6.36s/it]
  0%|          | 27/8189 [02:47<14:12:16,  6.27s/it]
  0%|          | 28/8189 [02:53<14:04:22,  6.21s/it]
  0%|          | 29/8189 [03:00<14:21:08,  6.33s/it]
  0%|          | 30/8189 [03:06<14:40:08,  6.47s/it]
  0%|          | 31/8189 [03:13<14:28:57,  6.39s/it]
  0%|          | 32/8189 [03:19<14:27:19,  6.38s/it]
  0%|          | 33/8189 [03:25<14:02:01,  6.19s/it]
  0%|          | 34/8189 [03:29<12:50:43,  5.67s/it]
  0%|          | 35/8189 [03:34<12:31:27,  5.53s/it]
  0%|          | 36/8189 [03:39<12:16:22,  5.42s/it]
  0%|          | 37/8189 [03:46<12:41:35,  5.61s/it]
  0%|          | 38/8189 [03:51<12:40:37,  5.60s/it]
  0%|          | 39/8189 [03:57<13:01:50,  5.76s/it]
  0%|          | 40/8189 [04:03<13:03:34,  5.77s/it]
  1%|          | 41/8189 [04:09<13:30:27,  5.97s/it]
  1%|          | 42/8189 [04:15<13:31:43,  5.98s/it]
  1%|          | 43/8189 [04:21<13:24:20,  5.92s/it]
  1%|          | 44/8189 [04:27<13:35:53,  6.01s/it]
  1%|          | 45/8189 [04:34<13:58:02,  6.17s/it]
  1%|          | 46/8189 [04:40<13:34:30,  6.00s/it]
  1%|          | 47/8189 [04:45<13:28:46,  5.96s/it]
  1%|          | 48/8189 [04:51<13:15:24,  5.86s/it]
  1%|          | 49/8189 [04:57<13:27:21,  5.95s/it]
  1%|          | 50/8189 [05:03<13:20:48,  5.90s/it]
  1%|          | 51/8189 [05:09<13:36:34,  6.02s/it]
  1%|          | 52/8189 [05:15<13:37:12,  6.03s/it]
  1%|          | 53/8189 [05:21<13:13:03,  5.85s/it]
  1%|          | 54/8189 [05:27<13:16:51,  5.88s/it]
  1%|          | 55/8189 [05:33<13:33:08,  6.00s/it]
  1%|          | 56/8189 [05:39<13:43:11,  6.07s/it]
  1%|          | 57/8189 [05:44<13:05:35,  5.80s/it]
  1%|          | 58/8189 [05:50<12:38:37,  5.60s/it]
  1%|          | 59/8189 [05:56<13:18:11,  5.89s/it]
  1%|          | 60/8189 [06:02<13:23:42,  5.93s/it]
  1%|          | 61/8189 [06:07<12:37:12,  5.59s/it]
  1%|          | 62/8189 [06:12<12:34:04,  5.57s/it]
  1%|          | 63/8189 [06:18<12:20:38,  5.47s/it]
  1%|          | 64/8189 [06:23<12:19:09,  5.46s/it]
  1%|          | 65/8189 [06:29<12:20:29,  5.47s/it]
  1%|          | 66/8189 [06:35<12:55:41,  5.73s/it]
  1%|          | 67/8189 [06:41<13:15:02,  5.87s/it]
  1%|          | 68/8189 [06:47<13:29:20,  5.98s/it]
  1%|          | 69/8189 [06:52<12:35:31,  5.58s/it]
  1%|          | 70/8189 [06:58<12:48:24,  5.68s/it]
  1%|          | 71/8189 [07:03<12:20:13,  5.47s/it]
  1%|          | 72/8189 [07:09<12:33:46,  5.57s/it]
  1%|          | 73/8189 [07:14<12:08:01,  5.38s/it]
  1%|          | 74/8189 [07:20<12:42:13,  5.64s/it]
  1%|          | 75/8189 [07:26<12:40:49,  5.63s/it]
  1%|          | 76/8189 [07:31<12:35:03,  5.58s/it]
  1%|          | 77/8189 [07:37<12:40:17,  5.62s/it]
  1%|          | 78/8189 [07:42<12:39:06,  5.62s/it]
  1%|          | 79/8189 [07:48<12:38:18,  5.61s/it]
  1%|          | 80/8189 [07:53<11:59:31,  5.32s/it]
  1%|          | 81/8189 [07:59<12:31:59,  5.56s/it]
  1%|          | 82/8189 [08:04<12:31:47,  5.56s/it]
  1%|          | 83/8189 [08:11<13:03:23,  5.80s/it]
  1%|          | 84/8189 [08:16<12:30:37,  5.56s/it]
  1%|          | 85/8189 [08:21<12:06:59,  5.38s/it]
  1%|          | 86/8189 [08:26<12:12:23,  5.42s/it]
  1%|          | 87/8189 [08:32<12:26:56,  5.53s/it]
  1%|          | 88/8189 [08:36<11:30:49,  5.12s/it]
  1%|          | 89/8189 [08:41<11:15:00,  5.00s/it]
  1%|          | 90/8189 [08:46<11:31:59,  5.13s/it]
  1%|          | 91/8189 [08:52<11:56:26,  5.31s/it]
  1%|          | 92/8189 [08:57<11:50:37,  5.27s/it]
  1%|          | 93/8189 [09:03<12:19:18,  5.48s/it]
  1%|          | 94/8189 [09:10<13:11:04,  5.86s/it]
  1%|          | 95/8189 [09:16<13:14:19,  5.89s/it]
  1%|          | 96/8189 [09:22<13:35:59,  6.05s/it]
  1%|          | 97/8189 [09:27<13:01:35,  5.80s/it]
  1%|          | 98/8189 [09:34<13:19:37,  5.93s/it]
  1%|          | 99/8189 [09:40<13:26:50,  5.98s/it]
  1%|          | 100/8189 [09:45<13:09:30,  5.86s/it]
  1%|          | 101/8189 [09:52<13:26:38,  5.98s/it]
  1%|          | 102/8189 [09:57<12:59:50,  5.79s/it]
  1%|▏         | 103/8189 [10:03<13:13:56,  5.89s/it]
  1%|▏         | 104/8189 [10:09<13:19:30,  5.93s/it]
  1%|▏         | 105/8189 [10:13<11:46:14,  5.24s/it]
  1%|▏         | 106/8189 [10:18<11:34:38,  5.16s/it]
  1%|▏         | 107/8189 [10:22<11:02:40,  4.92s/it]
  1%|▏         | 108/8189 [10:28<11:47:14,  5.25s/it]
  1%|▏         | 109/8189 [10:34<12:10:44,  5.43s/it]
  1%|▏         | 110/8189 [10:39<12:13:13,  5.45s/it]
  1%|▏         | 111/8189 [10:46<12:40:10,  5.65s/it]
  1%|▏         | 112/8189 [10:52<12:59:37,  5.79s/it]
  1%|▏         | 113/8189 [10:56<12:11:46,  5.44s/it]
  1%|▏         | 114/8189 [11:03<12:46:08,  5.69s/it]
  1%|▏         | 115/8189 [11:08<12:52:20,  5.74s/it]
  1%|▏         | 116/8189 [11:14<12:38:06,  5.63s/it]
  1%|▏         | 117/8189 [11:20<12:43:16,  5.67s/it]
  1%|▏         | 118/8189 [11:26<12:55:40,  5.77s/it]
  1%|▏         | 119/8189 [11:30<12:09:33,  5.42s/it]
  1%|▏         | 120/8189 [11:35<11:55:52,  5.32s/it]
  1%|▏         | 121/8189 [11:41<12:20:25,  5.51s/it]
  1%|▏         | 122/8189 [11:47<12:38:51,  5.64s/it]
  2%|▏         | 123/8189 [11:53<12:42:09,  5.67s/it]
  2%|▏         | 124/8189 [11:59<13:10:10,  5.88s/it]
  2%|▏         | 125/8189 [12:06<13:27:17,  6.01s/it]
  2%|▏         | 126/8189 [12:11<13:13:51,  5.91s/it]
  2%|▏         | 127/8189 [12:18<13:49:21,  6.17s/it]
  2%|▏         | 128/8189 [12:23<13:08:06,  5.87s/it]
  2%|▏         | 129/8189 [12:29<13:13:03,  5.90s/it]
  2%|▏         | 130/8189 [12:35<13:12:47,  5.90s/it]
  2%|▏         | 131/8189 [12:41<13:25:38,  6.00s/it]
  2%|▏         | 132/8189 [12:47<13:11:12,  5.89s/it]
  2%|▏         | 133/8189 [12:52<12:34:25,  5.62s/it]
  2%|▏         | 134/8189 [12:57<12:10:08,  5.44s/it]
  2%|▏         | 135/8189 [13:02<12:10:00,  5.44s/it]
  2%|▏         | 136/8189 [13:07<11:37:49,  5.20s/it]
  2%|▏         | 137/8189 [13:13<11:57:51,  5.35s/it]
  2%|▏         | 138/8189 [13:17<11:07:11,  4.97s/it]
  2%|▏         | 139/8189 [13:22<11:20:05,  5.07s/it]
  2%|▏         | 140/8189 [13:28<12:00:06,  5.37s/it]
  2%|▏         | 141/8189 [13:34<12:22:53,  5.54s/it]
  2%|▏         | 142/8189 [13:39<11:37:26,  5.20s/it]
  2%|▏         | 143/8189 [13:45<12:19:57,  5.52s/it]
  2%|▏         | 144/8189 [13:50<11:53:24,  5.32s/it]
  2%|▏         | 145/8189 [13:56<12:16:41,  5.49s/it]
  2%|▏         | 146/8189 [14:01<12:22:37,  5.54s/it]
  2%|▏         | 147/8189 [14:06<11:46:37,  5.27s/it]
  2%|▏         | 148/8189 [14:12<12:36:36,  5.65s/it]
  2%|▏         | 149/8189 [14:18<12:24:34,  5.56s/it]
  2%|▏         | 150/8189 [14:23<12:23:38,  5.55s/it]
  2%|▏         | 151/8189 [14:29<12:45:29,  5.71s/it]
  2%|▏         | 152/8189 [14:35<12:46:47,  5.72s/it]
  2%|▏         | 153/8189 [14:41<12:57:22,  5.80s/it]
  2%|▏         | 154/8189 [14:46<12:39:51,  5.67s/it]
  2%|▏         | 155/8189 [14:53<12:56:59,  5.80s/it]
  2%|▏         | 156/8189 [14:58<12:42:30,  5.70s/it]
  2%|▏         | 157/8189 [15:05<13:18:38,  5.97s/it]
  2%|▏         | 158/8189 [15:09<12:16:14,  5.50s/it]
  2%|▏         | 159/8189 [15:15<12:26:57,  5.58s/it]
  2%|▏         | 160/8189 [15:21<12:39:50,  5.68s/it]
  2%|▏         | 161/8189 [15:26<12:24:08,  5.56s/it]
  2%|▏         | 162/8189 [15:31<12:09:58,  5.46s/it]
  2%|▏         | 163/8189 [15:37<12:29:20,  5.60s/it]
  2%|▏         | 164/8189 [15:43<12:24:41,  5.57s/it]
  2%|▏         | 165/8189 [15:49<12:44:41,  5.72s/it]
  2%|▏         | 166/8189 [15:54<12:45:59,  5.73s/it]
  2%|▏         | 167/8189 [16:00<12:47:31,  5.74s/it]
  2%|▏         | 168/8189 [16:05<12:05:46,  5.43s/it]
  2%|▏         | 169/8189 [16:10<11:58:45,  5.38s/it]
  2%|▏         | 170/8189 [16:16<12:09:57,  5.46s/it]
  2%|▏         | 171/8189 [16:22<12:32:18,  5.63s/it]
  2%|▏         | 172/8189 [16:27<12:26:40,  5.59s/it]
  2%|▏         | 173/8189 [16:33<12:26:34,  5.59s/it]
  2%|▏         | 174/8189 [16:38<11:59:49,  5.39s/it]
  2%|▏         | 175/8189 [16:43<12:02:09,  5.41s/it]
  2%|▏         | 176/8189 [16:47<10:51:36,  4.88s/it]
  2%|▏         | 177/8189 [16:53<11:23:54,  5.12s/it]
  2%|▏         | 178/8189 [16:58<11:43:55,  5.27s/it]
  2%|▏         | 179/8189 [17:04<11:59:25,  5.39s/it]
  2%|▏         | 180/8189 [17:10<12:44:05,  5.72s/it]
  2%|▏         | 181/8189 [17:16<12:28:25,  5.61s/it]
  2%|▏         | 182/8189 [17:22<12:44:14,  5.73s/it]
  2%|▏         | 183/8189 [17:27<12:30:15,  5.62s/it]
  2%|▏         | 184/8189 [17:34<13:13:26,  5.95s/it]
  2%|▏         | 185/8189 [17:39<12:53:46,  5.80s/it]
  2%|▏         | 186/8189 [17:45<12:56:39,  5.82s/it]
  2%|▏         | 187/8189 [17:51<13:04:59,  5.89s/it]
  2%|▏         | 188/8189 [17:57<13:03:25,  5.87s/it]
  2%|▏         | 189/8189 [18:02<12:40:12,  5.70s/it]
  2%|▏         | 190/8189 [18:08<12:32:26,  5.64s/it]
  2%|▏         | 191/8189 [18:14<12:49:23,  5.77s/it]
  2%|▏         | 192/8189 [18:19<12:28:49,  5.62s/it]
  2%|▏         | 193/8189 [18:25<12:46:20,  5.75s/it]
  2%|▏         | 194/8189 [18:31<12:33:55,  5.66s/it]
  2%|▏         | 195/8189 [18:37<12:53:51,  5.81s/it]
  2%|▏         | 196/8189 [18:42<12:39:22,  5.70s/it]
  2%|▏         | 197/8189 [18:48<12:53:23,  5.81s/it]
  2%|▏         | 198/8189 [18:54<12:34:59,  5.67s/it]
  2%|▏         | 199/8189 [19:00<12:47:42,  5.76s/it]
  2%|▏         | 200/8189 [19:06<13:02:47,  5.88s/it]
  2%|▏         | 201/8189 [19:11<12:48:01,  5.77s/it]
  2%|▏         | 202/8189 [19:18<13:29:06,  6.08s/it]
  2%|▏         | 203/8189 [19:24<13:39:43,  6.16s/it]
  2%|▏         | 204/8189 [19:31<13:34:16,  6.12s/it]
  3%|▎         | 205/8189 [19:36<13:06:26,  5.91s/it]
  3%|▎         | 206/8189 [19:41<12:51:02,  5.80s/it]
  3%|▎         | 207/8189 [19:47<12:33:47,  5.67s/it]
  3%|▎         | 208/8189 [19:53<12:36:02,  5.68s/it]
  3%|▎         | 209/8189 [19:58<12:36:35,  5.69s/it]
  3%|▎         | 210/8189 [20:04<12:32:35,  5.66s/it]
  3%|▎         | 211/8189 [20:09<12:15:36,  5.53s/it]
  3%|▎         | 212/8189 [20:15<12:42:34,  5.74s/it]
  3%|▎         | 213/8189 [20:21<12:24:46,  5.60s/it]
  3%|▎         | 214/8189 [20:26<12:10:03,  5.49s/it]
  3%|▎         | 215/8189 [20:32<12:30:05,  5.64s/it]
  3%|▎         | 216/8189 [20:37<12:25:23,  5.61s/it]
  3%|▎         | 217/8189 [20:43<12:36:33,  5.69s/it]
  3%|▎         | 218/8189 [20:49<12:40:08,  5.72s/it]
  3%|▎         | 219/8189 [20:54<11:58:37,  5.41s/it]
  3%|▎         | 220/8189 [20:59<12:04:10,  5.45s/it]
  3%|▎         | 221/8189 [21:06<12:42:51,  5.74s/it]
  3%|▎         | 222/8189 [21:12<12:58:16,  5.86s/it]
  3%|▎         | 223/8189 [21:17<12:46:03,  5.77s/it]
  3%|▎         | 224/8189 [21:23<12:31:49,  5.66s/it]
  3%|▎         | 225/8189 [21:29<12:36:21,  5.70s/it]
  3%|▎         | 226/8189 [21:34<12:07:49,  5.48s/it]
  3%|▎         | 227/8189 [21:39<11:57:49,  5.41s/it]
  3%|▎         | 228/8189 [21:44<11:42:18,  5.29s/it]
  3%|▎         | 229/8189 [21:49<11:34:11,  5.23s/it]
  3%|▎         | 230/8189 [21:55<12:02:53,  5.45s/it]
  3%|▎         | 231/8189 [22:01<12:32:39,  5.67s/it]
  3%|▎         | 232/8189 [22:07<12:49:00,  5.80s/it]
  3%|▎         | 233/8189 [22:12<12:28:16,  5.64s/it]
  3%|▎         | 234/8189 [22:18<12:33:52,  5.69s/it]
  3%|▎         | 235/8189 [22:24<12:39:42,  5.73s/it]
  3%|▎         | 236/8189 [22:29<12:14:16,  5.54s/it]
  3%|▎         | 237/8189 [22:35<12:37:12,  5.71s/it]
  3%|▎         | 238/8189 [22:42<13:01:18,  5.90s/it]
  3%|▎         | 239/8189 [22:48<13:19:13,  6.03s/it]
  3%|▎         | 240/8189 [22:53<13:00:22,  5.89s/it]
  3%|▎         | 241/8189 [22:59<12:54:17,  5.85s/it]
  3%|▎         | 242/8189 [23:06<13:13:22,  5.99s/it]
  3%|▎         | 243/8189 [23:11<13:09:23,  5.96s/it]
  3%|▎         | 244/8189 [23:17<12:47:34,  5.80s/it]
  3%|▎         | 245/8189 [23:23<12:59:39,  5.89s/it]
  3%|▎         | 246/8189 [23:29<13:06:49,  5.94s/it]
  3%|▎         | 247/8189 [23:34<12:42:52,  5.76s/it]
  3%|▎         | 248/8189 [23:39<12:05:34,  5.48s/it]
  3%|▎         | 249/8189 [23:45<12:31:44,  5.68s/it]
  3%|▎         | 250/8189 [23:51<12:29:00,  5.66s/it]
  3%|▎         | 251/8189 [23:56<12:21:12,  5.60s/it]
  3%|▎         | 252/8189 [24:02<12:21:56,  5.61s/it]
  3%|▎         | 253/8189 [24:08<12:19:36,  5.59s/it]
  3%|▎         | 254/8189 [24:14<12:32:26,  5.69s/it]
  3%|▎         | 255/8189 [24:19<12:40:45,  5.75s/it]
  3%|▎         | 256/8189 [24:26<13:12:42,  6.00s/it]
  3%|▎         | 257/8189 [24:32<13:00:20,  5.90s/it]
  3%|▎         | 258/8189 [24:37<12:39:37,  5.75s/it]
  3%|▎         | 259/8189 [24:42<11:56:19,  5.42s/it]
  3%|▎         | 260/8189 [24:47<11:59:00,  5.44s/it]
  3%|▎         | 261/8189 [24:54<12:33:45,  5.70s/it]
  3%|▎         | 262/8189 [25:00<12:54:39,  5.86s/it]
  3%|▎         | 263/8189 [25:05<12:45:24,  5.79s/it]
  3%|▎         | 264/8189 [25:12<13:06:39,  5.96s/it]
  3%|▎         | 265/8189 [25:17<12:44:44,  5.79s/it]
  3%|▎         | 266/8189 [25:23<12:58:35,  5.90s/it]
  3%|▎         | 267/8189 [25:29<12:41:00,  5.76s/it]
  3%|▎         | 268/8189 [25:36<13:29:10,  6.13s/it]
  3%|▎         | 269/8189 [25:42<13:23:02,  6.08s/it]
  3%|▎         | 270/8189 [25:47<12:54:32,  5.87s/it]
  3%|▎         | 271/8189 [25:52<12:33:48,  5.71s/it]
  3%|▎         | 272/8189 [25:58<12:23:17,  5.63s/it]
  3%|▎         | 273/8189 [26:04<12:24:56,  5.65s/it]
  3%|▎         | 274/8189 [26:09<12:26:16,  5.66s/it]
  3%|▎         | 275/8189 [26:15<12:38:14,  5.75s/it]
  3%|▎         | 276/8189 [26:20<12:20:04,  5.61s/it]
  3%|▎         | 277/8189 [26:26<12:23:17,  5.64s/it]
  3%|▎         | 278/8189 [26:32<12:12:27,  5.56s/it]
  3%|▎         | 279/8189 [26:37<12:01:07,  5.47s/it]
  3%|▎         | 280/8189 [26:42<11:51:02,  5.39s/it]
  3%|▎         | 281/8189 [26:48<12:06:04,  5.51s/it]
  3%|▎         | 282/8189 [26:53<11:38:49,  5.30s/it]
  3%|▎         | 283/8189 [26:59<12:04:59,  5.50s/it]
  3%|▎         | 284/8189 [27:04<12:09:02,  5.53s/it]
  3%|▎         | 285/8189 [27:09<11:54:58,  5.43s/it]
  3%|▎         | 286/8189 [27:15<11:44:07,  5.35s/it]
  4%|▎         | 287/8189 [27:21<12:17:35,  5.60s/it]
  4%|▎         | 288/8189 [27:26<12:11:28,  5.55s/it]
  4%|▎         | 289/8189 [27:33<12:50:02,  5.85s/it]
  4%|▎         | 290/8189 [27:39<13:12:05,  6.02s/it]
  4%|▎         | 291/8189 [27:45<13:16:26,  6.05s/it]
  4%|▎         | 292/8189 [27:51<13:03:02,  5.95s/it]
  4%|▎         | 293/8189 [27:58<13:34:22,  6.19s/it]
  4%|▎         | 294/8189 [28:04<13:34:06,  6.19s/it]
  4%|▎         | 295/8189 [28:10<13:43:53,  6.26s/it]
  4%|▎         | 296/8189 [28:17<14:01:01,  6.39s/it]
  4%|▎         | 297/8189 [28:22<12:47:24,  5.83s/it]
  4%|▎         | 298/8189 [28:27<12:50:49,  5.86s/it]
  4%|▎         | 299/8189 [28:33<12:47:39,  5.84s/it]
  4%|▎         | 300/8189 [28:38<12:07:44,  5.53s/it]
  4%|▎         | 301/8189 [28:44<12:33:14,  5.73s/it]
  4%|▎         | 302/8189 [28:50<12:42:27,  5.80s/it]
  4%|▎         | 303/8189 [28:56<12:37:27,  5.76s/it]
  4%|▎         | 304/8189 [29:02<12:48:51,  5.85s/it]
  4%|▎         | 305/8189 [29:08<12:39:20,  5.78s/it]
  4%|▎         | 306/8189 [29:14<12:49:23,  5.86s/it]
  4%|▎         | 307/8189 [29:19<12:39:21,  5.78s/it]
  4%|▍         | 308/8189 [29:25<12:57:10,  5.92s/it]
  4%|▍         | 309/8189 [29:31<12:56:39,  5.91s/it]
  4%|▍         | 310/8189 [29:38<13:19:46,  6.09s/it]
  4%|▍         | 311/8189 [29:44<13:15:17,  6.06s/it]
  4%|▍         | 312/8189 [29:50<13:09:55,  6.02s/it]
  4%|▍         | 313/8189 [29:56<13:10:50,  6.02s/it]
  4%|▍         | 314/8189 [30:02<13:03:41,  5.97s/it]
  4%|▍         | 315/8189 [30:07<12:44:37,  5.83s/it]
  4%|▍         | 316/8189 [30:12<12:18:54,  5.63s/it]
  4%|▍         | 317/8189 [30:19<12:45:50,  5.84s/it]
  4%|▍         | 318/8189 [30:25<13:02:43,  5.97s/it]
  4%|▍         | 319/8189 [30:31<13:05:02,  5.99s/it]
  4%|▍         | 320/8189 [30:37<13:24:39,  6.14s/it]
  4%|▍         | 321/8189 [30:44<13:35:11,  6.22s/it]
  4%|▍         | 322/8189 [30:50<13:36:28,  6.23s/it]
  4%|▍         | 323/8189 [30:56<13:27:54,  6.16s/it]
  4%|▍         | 324/8189 [31:03<13:38:32,  6.24s/it]
  4%|▍         | 325/8189 [31:09<13:36:59,  6.23s/it]
  4%|▍         | 326/8189 [31:15<13:50:16,  6.34s/it]
  4%|▍         | 327/8189 [31:21<13:21:36,  6.12s/it]
  4%|▍         | 328/8189 [31:27<13:16:20,  6.08s/it]
  4%|▍         | 329/8189 [31:33<13:13:42,  6.06s/it]
  4%|▍         | 330/8189 [31:39<13:20:32,  6.11s/it]
  4%|▍         | 331/8189 [31:45<13:26:37,  6.16s/it]
  4%|▍         | 332/8189 [31:49<11:46:28,  5.39s/it]
  4%|▍         | 333/8189 [31:55<12:27:38,  5.71s/it]
  4%|▍         | 334/8189 [32:01<12:33:50,  5.76s/it]
  4%|▍         | 335/8189 [32:06<12:08:03,  5.56s/it]
  4%|▍         | 336/8189 [32:13<12:41:49,  5.82s/it]
  4%|▍         | 337/8189 [32:19<12:41:34,  5.82s/it]
  4%|▍         | 338/8189 [32:25<12:50:38,  5.89s/it]
  4%|▍         | 339/8189 [32:30<12:25:02,  5.69s/it]
  4%|▍         | 340/8189 [32:35<12:16:13,  5.63s/it]
  4%|▍         | 341/8189 [32:41<12:31:42,  5.75s/it]
  4%|▍         | 342/8189 [32:47<12:07:08,  5.56s/it]
  4%|▍         | 343/8189 [32:52<12:12:04,  5.60s/it]
  4%|▍         | 344/8189 [32:58<12:06:09,  5.55s/it]
  4%|▍         | 345/8189 [33:03<12:08:36,  5.57s/it]
  4%|▍         | 346/8189 [33:09<12:21:08,  5.67s/it]
  4%|▍         | 347/8189 [33:14<11:48:27,  5.42s/it]
  4%|▍         | 348/8189 [33:20<12:04:23,  5.54s/it]
  4%|▍         | 349/8189 [33:26<12:16:22,  5.64s/it]
  4%|▍         | 350/8189 [33:31<11:54:00,  5.47s/it]
  4%|▍         | 351/8189 [33:36<11:39:19,  5.35s/it]
  4%|▍         | 352/8189 [33:42<12:08:38,  5.58s/it]
  4%|▍         | 353/8189 [33:49<12:54:50,  5.93s/it]
  4%|▍         | 354/8189 [33:55<12:47:04,  5.87s/it]
  4%|▍         | 355/8189 [34:00<12:27:41,  5.73s/it]
  4%|▍         | 356/8189 [34:06<12:50:32,  5.90s/it]
  4%|▍         | 357/8189 [34:12<12:47:34,  5.88s/it]
  4%|▍         | 358/8189 [34:17<12:23:12,  5.69s/it]
  4%|▍         | 359/8189 [34:24<12:49:07,  5.89s/it]
  4%|▍         | 360/8189 [34:30<12:56:35,  5.95s/it]
  4%|▍         | 361/8189 [34:35<12:19:18,  5.67s/it]
  4%|▍         | 362/8189 [34:40<12:08:40,  5.59s/it]
  4%|▍         | 363/8189 [34:46<12:07:11,  5.58s/it]
  4%|▍         | 364/8189 [34:51<11:58:21,  5.51s/it]
  4%|▍         | 365/8189 [34:57<12:08:41,  5.59s/it]
  4%|▍         | 366/8189 [35:02<11:34:41,  5.33s/it]
  4%|▍         | 367/8189 [35:07<11:41:02,  5.38s/it]
  4%|▍         | 368/8189 [35:14<12:45:21,  5.87s/it]
  5%|▍         | 369/8189 [35:21<13:16:46,  6.11s/it]
  5%|▍         | 370/8189 [35:27<13:17:54,  6.12s/it]
  5%|▍         | 371/8189 [35:34<13:45:20,  6.33s/it]
  5%|▍         | 372/8189 [35:40<13:38:11,  6.28s/it]
  5%|▍         | 373/8189 [35:45<13:09:12,  6.06s/it]
  5%|▍         | 374/8189 [35:51<13:09:48,  6.06s/it]
  5%|▍         | 375/8189 [35:56<12:20:33,  5.69s/it]
  5%|▍         | 376/8189 [36:02<12:16:18,  5.65s/it]
  5%|▍         | 377/8189 [36:07<11:44:47,  5.41s/it]
  5%|▍         | 378/8189 [36:12<11:40:56,  5.38s/it]
  5%|▍         | 379/8189 [36:17<11:07:48,  5.13s/it]
  5%|▍         | 380/8189 [36:22<11:03:56,  5.10s/it]
  5%|▍         | 381/8189 [36:27<11:21:20,  5.24s/it]
  5%|▍         | 382/8189 [36:33<11:44:54,  5.42s/it]
  5%|▍         | 383/8189 [36:39<12:02:49,  5.56s/it]
  5%|▍         | 384/8189 [36:45<12:05:39,  5.58s/it]
  5%|▍         | 385/8189 [36:50<12:02:23,  5.55s/it]
  5%|▍         | 386/8189 [36:56<12:17:09,  5.67s/it]
  5%|▍         | 387/8189 [37:02<12:29:45,  5.77s/it]
  5%|▍         | 388/8189 [37:09<13:03:56,  6.03s/it]
  5%|▍         | 389/8189 [37:14<12:56:47,  5.98s/it]
  5%|▍         | 390/8189 [37:18<11:37:42,  5.37s/it]
  5%|▍         | 391/8189 [37:23<11:08:35,  5.14s/it]
  5%|▍         | 392/8189 [37:29<11:43:12,  5.41s/it]
  5%|▍         | 393/8189 [37:34<11:43:00,  5.41s/it]
  5%|▍         | 394/8189 [37:40<11:30:15,  5.31s/it]
  5%|▍         | 395/8189 [37:45<11:24:54,  5.27s/it]
  5%|▍         | 396/8189 [37:51<11:46:52,  5.44s/it]
  5%|▍         | 397/8189 [37:56<11:56:32,  5.52s/it]
  5%|▍         | 398/8189 [38:02<12:23:00,  5.72s/it]
  5%|▍         | 399/8189 [38:08<12:27:46,  5.76s/it]
  5%|▍         | 400/8189 [38:14<12:10:41,  5.63s/it]
  5%|▍         | 401/8189 [38:19<11:56:52,  5.52s/it]
  5%|▍         | 402/8189 [38:25<12:00:13,  5.55s/it]
  5%|▍         | 403/8189 [38:31<12:20:49,  5.71s/it]
  5%|▍         | 404/8189 [38:37<12:59:25,  6.01s/it]
  5%|▍         | 405/8189 [38:44<13:08:25,  6.08s/it]
  5%|▍         | 406/8189 [38:49<13:01:41,  6.03s/it]
  5%|▍         | 407/8189 [38:55<12:47:13,  5.92s/it]
  5%|▍         | 408/8189 [39:01<13:00:19,  6.02s/it]
  5%|▍         | 409/8189 [39:07<12:53:29,  5.97s/it]
  5%|▌         | 410/8189 [39:14<13:17:12,  6.15s/it]
  5%|▌         | 411/8189 [39:20<13:21:52,  6.19s/it]
  5%|▌         | 412/8189 [39:26<13:16:04,  6.14s/it]
  5%|▌         | 413/8189 [39:31<12:47:39,  5.92s/it]
  5%|▌         | 414/8189 [39:37<12:42:12,  5.88s/it]
  5%|▌         | 415/8189 [39:44<12:57:21,  6.00s/it]
  5%|▌         | 416/8189 [39:50<13:05:47,  6.07s/it]
  5%|▌         | 417/8189 [39:56<13:00:03,  6.02s/it]
  5%|▌         | 418/8189 [40:01<12:17:38,  5.70s/it]
  5%|▌         | 419/8189 [40:06<12:12:37,  5.66s/it]
  5%|▌         | 420/8189 [40:12<12:09:04,  5.63s/it]
  5%|▌         | 421/8189 [40:16<11:08:18,  5.16s/it]
  5%|▌         | 422/8189 [40:21<11:06:43,  5.15s/it]
  5%|▌         | 423/8189 [40:26<11:10:29,  5.18s/it]
  5%|▌         | 424/8189 [40:32<11:22:23,  5.27s/it]
  5%|▌         | 425/8189 [40:38<11:56:28,  5.54s/it]
  5%|▌         | 426/8189 [40:45<12:51:59,  5.97s/it]
  5%|▌         | 427/8189 [40:51<13:07:49,  6.09s/it]
  5%|▌         | 428/8189 [40:56<12:13:03,  5.67s/it]
  5%|▌         | 429/8189 [41:01<12:01:19,  5.58s/it]
  5%|▌         | 430/8189 [41:07<12:17:17,  5.70s/it]
  5%|▌         | 431/8189 [41:13<12:37:27,  5.86s/it]
  5%|▌         | 432/8189 [41:19<12:08:13,  5.63s/it]
  5%|▌         | 433/8189 [41:24<11:44:59,  5.45s/it]
  5%|▌         | 434/8189 [41:29<11:38:13,  5.40s/it]
  5%|▌         | 435/8189 [41:35<12:03:36,  5.60s/it]
  5%|▌         | 436/8189 [41:41<12:02:10,  5.59s/it]
  5%|▌         | 437/8189 [41:45<11:20:12,  5.26s/it]
  5%|▌         | 438/8189 [41:51<11:30:01,  5.34s/it]
  5%|▌         | 439/8189 [41:56<11:40:10,  5.42s/it]
  5%|▌         | 440/8189 [42:02<11:49:35,  5.49s/it]
  5%|▌         | 441/8189 [42:07<11:48:28,  5.49s/it]
  5%|▌         | 442/8189 [42:14<12:25:35,  5.77s/it]
  5%|▌         | 443/8189 [42:19<12:14:09,  5.69s/it]
  5%|▌         | 444/8189 [42:26<12:53:37,  5.99s/it]
  5%|▌         | 445/8189 [42:32<12:57:53,  6.03s/it]
  5%|▌         | 446/8189 [42:38<12:41:48,  5.90s/it]
  5%|▌         | 447/8189 [42:43<12:17:50,  5.72s/it]
  5%|▌         | 448/8189 [42:48<12:06:18,  5.63s/it]
  5%|▌         | 449/8189 [42:53<11:44:24,  5.46s/it]
  5%|▌         | 450/8189 [42:59<11:53:52,  5.53s/it]
  6%|▌         | 451/8189 [43:04<11:46:27,  5.48s/it]
  6%|▌         | 452/8189 [43:09<11:24:30,  5.31s/it]
  6%|▌         | 453/8189 [43:15<11:28:34,  5.34s/it]
  6%|▌         | 454/8189 [43:21<11:54:33,  5.54s/it]
  6%|▌         | 455/8189 [43:26<11:43:07,  5.45s/it]
  6%|▌         | 456/8189 [43:33<12:23:06,  5.77s/it]
  6%|▌         | 457/8189 [43:38<12:08:02,  5.65s/it]
  6%|▌         | 458/8189 [43:44<12:10:32,  5.67s/it]
  6%|▌         | 459/8189 [43:49<12:00:13,  5.59s/it]
  6%|▌         | 460/8189 [43:54<11:47:58,  5.50s/it]
  6%|▌         | 461/8189 [44:00<11:38:53,  5.43s/it]
  6%|▌         | 462/8189 [44:06<12:04:30,  5.63s/it]
  6%|▌         | 463/8189 [44:12<12:13:55,  5.70s/it]
  6%|▌         | 464/8189 [44:18<12:30:34,  5.83s/it]
  6%|▌         | 465/8189 [44:24<12:46:12,  5.95s/it]
  6%|▌         | 466/8189 [44:30<12:51:27,  5.99s/it]
  6%|▌         | 467/8189 [44:36<12:39:50,  5.90s/it]
  6%|▌         | 468/8189 [44:41<12:34:22,  5.86s/it]
  6%|▌         | 469/8189 [44:47<12:18:34,  5.74s/it]
  6%|▌         | 470/8189 [44:53<12:18:45,  5.74s/it]
  6%|▌         | 471/8189 [44:59<12:29:44,  5.83s/it]
  6%|▌         | 472/8189 [45:04<12:24:54,  5.79s/it]
  6%|▌         | 473/8189 [45:10<12:13:07,  5.70s/it]
  6%|▌         | 474/8189 [45:15<11:57:02,  5.58s/it]
  6%|▌         | 475/8189 [45:20<11:43:53,  5.47s/it]
  6%|▌         | 476/8189 [45:26<11:32:17,  5.39s/it]
  6%|▌         | 477/8189 [45:31<11:50:50,  5.53s/it]
  6%|▌         | 478/8189 [45:37<11:57:36,  5.58s/it]
  6%|▌         | 479/8189 [45:43<12:05:35,  5.65s/it]
  6%|▌         | 480/8189 [45:48<11:55:00,  5.56s/it]
  6%|▌         | 481/8189 [45:54<12:09:17,  5.68s/it]
  6%|▌         | 482/8189 [46:00<11:59:16,  5.60s/it]
  6%|▌         | 483/8189 [46:06<12:23:12,  5.79s/it]
  6%|▌         | 484/8189 [46:12<12:34:31,  5.88s/it]
  6%|▌         | 485/8189 [46:17<12:15:53,  5.73s/it]
  6%|▌         | 486/8189 [46:23<11:52:59,  5.55s/it]
  6%|▌         | 487/8189 [46:28<11:37:57,  5.44s/it]
  6%|▌         | 488/8189 [46:33<11:49:59,  5.53s/it]
  6%|▌         | 489/8189 [46:39<11:40:49,  5.46s/it]
  6%|▌         | 490/8189 [46:44<11:44:17,  5.49s/it]
  6%|▌         | 491/8189 [46:50<11:48:54,  5.53s/it]
  6%|▌         | 492/8189 [46:55<11:45:33,  5.50s/it]
  6%|▌         | 493/8189 [47:02<12:21:11,  5.78s/it]
  6%|▌         | 494/8189 [47:08<12:32:41,  5.87s/it]
  6%|▌         | 495/8189 [47:12<11:33:09,  5.41s/it]
  6%|▌         | 496/8189 [47:18<12:02:50,  5.64s/it]
  6%|▌         | 497/8189 [47:25<12:30:55,  5.86s/it]
  6%|▌         | 498/8189 [47:30<12:17:06,  5.75s/it]
  6%|▌         | 499/8189 [47:36<12:02:49,  5.64s/it]
  6%|▌         | 500/8189 [47:41<11:57:55,  5.60s/it]
  6%|▌         | 501/8189 [47:47<11:59:32,  5.62s/it]
  6%|▌         | 502/8189 [47:52<11:51:19,  5.55s/it]
  6%|▌         | 503/8189 [47:58<11:53:35,  5.57s/it]
  6%|▌         | 504/8189 [48:03<11:29:20,  5.38s/it]
  6%|▌         | 505/8189 [48:09<11:46:02,  5.51s/it]
  6%|▌         | 506/8189 [48:14<11:39:35,  5.46s/it]
  6%|▌         | 507/8189 [48:20<11:48:11,  5.53s/it]
  6%|▌         | 508/8189 [48:26<12:11:14,  5.71s/it]
  6%|▌         | 509/8189 [48:32<12:13:59,  5.73s/it]
  6%|▌         | 510/8189 [48:37<11:57:53,  5.61s/it]
  6%|▌         | 511/8189 [48:42<11:34:45,  5.43s/it]
  6%|▋         | 512/8189 [48:48<11:43:47,  5.50s/it]
  6%|▋         | 513/8189 [48:54<12:18:14,  5.77s/it]
  6%|▋         | 514/8189 [49:00<12:16:29,  5.76s/it]
  6%|▋         | 515/8189 [49:06<12:31:23,  5.87s/it]
  6%|▋         | 516/8189 [49:10<11:27:12,  5.37s/it]
  6%|▋         | 517/8189 [49:15<10:57:07,  5.14s/it]
  6%|▋         | 518/8189 [49:20<11:09:17,  5.23s/it]
  6%|▋         | 519/8189 [49:26<11:35:52,  5.44s/it]
  6%|▋         | 520/8189 [49:31<11:27:07,  5.38s/it]
  6%|▋         | 521/8189 [49:36<11:12:11,  5.26s/it]
  6%|▋         | 522/8189 [49:41<10:48:08,  5.07s/it]
  6%|▋         | 523/8189 [49:46<10:48:42,  5.08s/it]
  6%|▋         | 524/8189 [49:52<11:09:01,  5.24s/it]
  6%|▋         | 525/8189 [49:57<11:07:04,  5.22s/it]
  6%|▋         | 526/8189 [50:02<11:16:54,  5.30s/it]
  6%|▋         | 527/8189 [50:08<11:22:07,  5.34s/it]
  6%|▋         | 528/8189 [50:13<11:26:02,  5.37s/it]
  6%|▋         | 529/8189 [50:19<12:02:01,  5.66s/it]
  6%|▋         | 530/8189 [50:25<11:49:42,  5.56s/it]
  6%|▋         | 531/8189 [50:30<11:57:54,  5.62s/it]
  6%|▋         | 532/8189 [50:37<12:21:22,  5.81s/it]
  7%|▋         | 533/8189 [50:42<12:11:06,  5.73s/it]
  7%|▋         | 534/8189 [50:46<10:41:01,  5.02s/it]
  7%|▋         | 535/8189 [50:51<10:37:26,  5.00s/it]
  7%|▋         | 536/8189 [50:56<10:36:10,  4.99s/it]
  7%|▋         | 537/8189 [51:00<10:11:42,  4.80s/it]
  7%|▋         | 538/8189 [51:05<10:23:04,  4.89s/it]
  7%|▋         | 539/8189 [51:10<10:22:50,  4.89s/it]
  7%|▋         | 540/8189 [51:15<10:26:36,  4.92s/it]
  7%|▋         | 541/8189 [51:20<10:21:43,  4.88s/it]
  7%|▋         | 542/8189 [51:24<10:11:55,  4.80s/it]
  7%|▋         | 543/8189 [51:30<10:45:15,  5.06s/it]
  7%|▋         | 544/8189 [51:35<10:44:05,  5.06s/it]
  7%|▋         | 545/8189 [51:40<10:24:29,  4.90s/it]
  7%|▋         | 546/8189 [51:45<10:49:43,  5.10s/it]
  7%|▋         | 547/8189 [51:50<10:54:43,  5.14s/it]
  7%|▋         | 548/8189 [51:56<10:57:23,  5.16s/it]
  7%|▋         | 549/8189 [52:02<11:30:11,  5.42s/it]
  7%|▋         | 550/8189 [52:07<11:49:04,  5.57s/it]
  7%|▋         | 551/8189 [52:13<11:41:40,  5.51s/it]
  7%|▋         | 552/8189 [52:19<12:11:14,  5.75s/it]
  7%|▋         | 553/8189 [52:25<12:10:36,  5.74s/it]
  7%|▋         | 554/8189 [52:31<12:14:15,  5.77s/it]
  7%|▋         | 555/8189 [52:37<12:25:39,  5.86s/it]
  7%|▋         | 556/8189 [52:42<11:55:07,  5.62s/it]
  7%|▋         | 557/8189 [52:48<12:01:11,  5.67s/it]
  7%|▋         | 558/8189 [52:53<12:05:04,  5.70s/it]
  7%|▋         | 559/8189 [52:59<12:01:19,  5.67s/it]
  7%|▋         | 560/8189 [53:05<12:26:48,  5.87s/it]
  7%|▋         | 561/8189 [53:10<11:55:28,  5.63s/it]
  7%|▋         | 562/8189 [53:16<12:12:30,  5.76s/it]
  7%|▋         | 563/8189 [53:22<12:10:23,  5.75s/it]
  7%|▋         | 564/8189 [53:29<12:35:11,  5.94s/it]
  7%|▋         | 565/8189 [53:35<12:45:59,  6.03s/it]
  7%|▋         | 566/8189 [53:40<12:21:06,  5.83s/it]
  7%|▋         | 567/8189 [53:45<11:41:59,  5.53s/it]
  7%|▋         | 568/8189 [53:50<11:16:33,  5.33s/it]
  7%|▋         | 569/8189 [53:55<10:54:27,  5.15s/it]
  7%|▋         | 570/8189 [54:01<11:42:58,  5.54s/it]
  7%|▋         | 571/8189 [54:06<11:36:32,  5.49s/it]
  7%|▋         | 572/8189 [54:13<12:02:19,  5.69s/it]
  7%|▋         | 573/8189 [54:18<12:04:55,  5.71s/it]
  7%|▋         | 574/8189 [54:24<11:53:15,  5.62s/it]
  7%|▋         | 575/8189 [54:30<12:26:46,  5.88s/it]
  7%|▋         | 576/8189 [54:36<12:26:03,  5.88s/it]
  7%|▋         | 577/8189 [54:41<12:04:09,  5.71s/it]
  7%|▋         | 578/8189 [54:47<11:53:54,  5.63s/it]
  7%|▋         | 579/8189 [54:52<11:50:43,  5.60s/it]
  7%|▋         | 580/8189 [54:58<11:47:39,  5.58s/it]
  7%|▋         | 581/8189 [55:04<12:06:54,  5.73s/it]
  7%|▋         | 582/8189 [55:11<12:58:45,  6.14s/it]
  7%|▋         | 583/8189 [55:15<11:48:38,  5.59s/it]
  7%|▋         | 584/8189 [55:21<11:39:58,  5.52s/it]
  7%|▋         | 585/8189 [55:27<11:46:50,  5.58s/it]
  7%|▋         | 586/8189 [55:32<11:39:00,  5.52s/it]
  7%|▋         | 587/8189 [55:37<11:11:28,  5.30s/it]
  7%|▋         | 588/8189 [55:42<11:00:30,  5.21s/it]
  7%|▋         | 589/8189 [55:47<11:10:07,  5.29s/it]
  7%|▋         | 590/8189 [55:54<11:50:53,  5.61s/it]
  7%|▋         | 591/8189 [55:59<11:28:04,  5.43s/it]
  7%|▋         | 592/8189 [56:04<11:15:28,  5.33s/it]
  7%|▋         | 593/8189 [56:08<10:55:24,  5.18s/it]
  7%|▋         | 594/8189 [56:14<10:53:36,  5.16s/it]
  7%|▋         | 595/8189 [56:20<11:29:44,  5.45s/it]
  7%|▋         | 596/8189 [56:25<11:16:14,  5.34s/it]
  7%|▋         | 597/8189 [56:30<11:27:58,  5.44s/it]
  7%|▋         | 598/8189 [56:36<11:48:21,  5.60s/it]
  7%|▋         | 599/8189 [56:42<11:38:50,  5.52s/it]
  7%|▋         | 600/8189 [56:48<11:51:08,  5.62s/it]
  7%|▋         | 601/8189 [56:54<12:08:17,  5.76s/it]
  7%|▋         | 602/8189 [57:00<12:10:16,  5.78s/it]
  7%|▋         | 603/8189 [57:05<11:53:52,  5.65s/it]
  7%|▋         | 604/8189 [57:09<11:07:16,  5.28s/it]
  7%|▋         | 605/8189 [57:15<11:23:45,  5.41s/it]
  7%|▋         | 606/8189 [57:21<11:55:21,  5.66s/it]
  7%|▋         | 607/8189 [57:26<11:37:47,  5.52s/it]
  7%|▋         | 608/8189 [57:32<11:41:05,  5.55s/it]
  7%|▋         | 609/8189 [57:38<11:55:02,  5.66s/it]
  7%|▋         | 610/8189 [57:44<12:05:41,  5.74s/it]
  7%|▋         | 611/8189 [57:49<11:57:01,  5.68s/it]
  7%|▋         | 612/8189 [57:54<11:06:52,  5.28s/it]
  7%|▋         | 613/8189 [57:59<11:22:15,  5.40s/it]
  7%|▋         | 614/8189 [58:05<11:38:34,  5.53s/it]
  8%|▊         | 615/8189 [58:12<12:05:12,  5.74s/it]
  8%|▊         | 616/8189 [58:17<12:08:24,  5.77s/it]
  8%|▊         | 617/8189 [58:22<11:37:14,  5.52s/it]
  8%|▊         | 618/8189 [58:28<11:53:17,  5.65s/it]
  8%|▊         | 619/8189 [58:34<11:53:59,  5.66s/it]
  8%|▊         | 620/8189 [58:40<11:58:33,  5.70s/it]
  8%|▊         | 621/8189 [58:46<12:04:11,  5.74s/it]
  8%|▊         | 622/8189 [58:51<11:44:45,  5.59s/it]
  8%|▊         | 623/8189 [58:56<11:16:58,  5.37s/it]
  8%|▊         | 624/8189 [58:59<9:57:40,  4.74s/it] 
  8%|▊         | 625/8189 [59:04<9:55:17,  4.72s/it]
  8%|▊         | 626/8189 [59:09<10:19:38,  4.92s/it]
  8%|▊         | 627/8189 [59:14<10:21:55,  4.93s/it]
  8%|▊         | 628/8189 [59:20<10:52:13,  5.18s/it]
  8%|▊         | 629/8189 [59:26<11:18:25,  5.38s/it]
  8%|▊         | 630/8189 [59:30<10:54:37,  5.20s/it]
  8%|▊         | 631/8189 [59:36<11:04:19,  5.27s/it]
  8%|▊         | 632/8189 [59:40<10:39:56,  5.08s/it]
  8%|▊         | 633/8189 [59:45<10:17:48,  4.91s/it]
  8%|▊         | 634/8189 [59:50<10:24:15,  4.96s/it]
  8%|▊         | 635/8189 [59:56<11:04:22,  5.28s/it]
  8%|▊         | 636/8189 [1:00:02<11:23:15,  5.43s/it]
  8%|▊         | 637/8189 [1:00:08<11:51:44,  5.65s/it]
  8%|▊         | 638/8189 [1:00:14<11:50:10,  5.64s/it]
  8%|▊         | 639/8189 [1:00:19<11:55:08,  5.68s/it]
  8%|▊         | 640/8189 [1:00:24<11:23:43,  5.43s/it]
  8%|▊         | 641/8189 [1:00:29<11:10:37,  5.33s/it]
  8%|▊         | 642/8189 [1:00:34<10:56:52,  5.22s/it]
  8%|▊         | 643/8189 [1:00:40<10:56:32,  5.22s/it]
  8%|▊         | 644/8189 [1:00:44<10:43:15,  5.12s/it]
  8%|▊         | 645/8189 [1:00:50<11:09:08,  5.32s/it]
  8%|▊         | 646/8189 [1:00:56<11:33:05,  5.51s/it]
  8%|▊         | 647/8189 [1:01:02<11:39:26,  5.56s/it]
  8%|▊         | 648/8189 [1:01:08<11:46:36,  5.62s/it]
  8%|▊         | 649/8189 [1:01:13<11:52:11,  5.67s/it]
  8%|▊         | 650/8189 [1:01:18<11:22:12,  5.43s/it]
  8%|▊         | 651/8189 [1:01:23<11:07:43,  5.31s/it]
  8%|▊         | 652/8189 [1:01:29<11:14:11,  5.37s/it]
  8%|▊         | 653/8189 [1:01:34<11:06:47,  5.31s/it]
  8%|▊         | 654/8189 [1:01:40<11:22:53,  5.44s/it]
  8%|▊         | 655/8189 [1:01:45<11:22:06,  5.43s/it]
  8%|▊         | 656/8189 [1:01:50<10:57:22,  5.24s/it]
  8%|▊         | 657/8189 [1:01:55<10:44:36,  5.13s/it]
  8%|▊         | 658/8189 [1:01:59<10:09:25,  4.86s/it]
  8%|▊         | 659/8189 [1:02:04<10:18:13,  4.93s/it]
  8%|▊         | 660/8189 [1:02:09<10:07:43,  4.84s/it]
  8%|▊         | 661/8189 [1:02:14<10:26:52,  5.00s/it]
  8%|▊         | 662/8189 [1:02:19<10:20:35,  4.95s/it]
  8%|▊         | 663/8189 [1:02:25<10:52:14,  5.20s/it]
  8%|▊         | 664/8189 [1:02:30<10:45:08,  5.14s/it]
  8%|▊         | 665/8189 [1:02:36<11:26:31,  5.47s/it]
  8%|▊         | 666/8189 [1:02:41<11:05:23,  5.31s/it]
  8%|▊         | 667/8189 [1:02:46<10:57:51,  5.25s/it]
  8%|▊         | 668/8189 [1:02:51<10:54:29,  5.22s/it]
  8%|▊         | 669/8189 [1:02:57<11:02:52,  5.29s/it]
  8%|▊         | 670/8189 [1:03:02<11:04:50,  5.31s/it]
  8%|▊         | 671/8189 [1:03:07<10:52:00,  5.20s/it]
  8%|▊         | 672/8189 [1:03:13<11:17:32,  5.41s/it]
  8%|▊         | 673/8189 [1:03:18<11:27:08,  5.49s/it]
  8%|▊         | 674/8189 [1:03:24<11:10:48,  5.36s/it]
  8%|▊         | 675/8189 [1:03:29<11:16:59,  5.41s/it]
  8%|▊         | 676/8189 [1:03:36<12:15:30,  5.87s/it]
  8%|▊         | 677/8189 [1:03:42<12:20:16,  5.91s/it]
  8%|▊         | 678/8189 [1:03:47<11:46:49,  5.65s/it]
  8%|▊         | 679/8189 [1:03:54<12:27:56,  5.98s/it]
  8%|▊         | 680/8189 [1:04:00<12:33:48,  6.02s/it]
  8%|▊         | 681/8189 [1:04:07<13:03:20,  6.26s/it]
  8%|▊         | 682/8189 [1:04:13<13:07:56,  6.30s/it]
  8%|▊         | 683/8189 [1:04:19<12:52:44,  6.18s/it]
  8%|▊         | 684/8189 [1:04:24<11:51:40,  5.69s/it]
  8%|▊         | 685/8189 [1:04:29<11:58:15,  5.74s/it]
  8%|▊         | 686/8189 [1:04:35<12:00:28,  5.76s/it]
  8%|▊         | 687/8189 [1:04:41<12:01:48,  5.77s/it]
  8%|▊         | 688/8189 [1:04:46<11:40:19,  5.60s/it]
  8%|▊         | 689/8189 [1:04:52<12:01:37,  5.77s/it]
  8%|▊         | 690/8189 [1:04:58<12:04:15,  5.79s/it]
  8%|▊         | 691/8189 [1:05:04<11:52:16,  5.70s/it]
  8%|▊         | 692/8189 [1:05:09<11:21:53,  5.46s/it]
  8%|▊         | 693/8189 [1:05:14<11:31:17,  5.53s/it]
  8%|▊         | 694/8189 [1:05:20<11:23:33,  5.47s/it]
  8%|▊         | 695/8189 [1:05:26<11:40:15,  5.61s/it]
  8%|▊         | 696/8189 [1:05:32<12:05:40,  5.81s/it]
  9%|▊         | 697/8189 [1:05:37<11:30:57,  5.53s/it]
  9%|▊         | 698/8189 [1:05:42<11:23:17,  5.47s/it]
  9%|▊         | 699/8189 [1:05:47<11:19:31,  5.44s/it]
  9%|▊         | 700/8189 [1:05:53<11:35:40,  5.57s/it]
  9%|▊         | 701/8189 [1:06:00<11:59:54,  5.77s/it]
  9%|▊         | 702/8189 [1:06:06<12:07:44,  5.83s/it]
  9%|▊         | 703/8189 [1:06:12<12:16:38,  5.90s/it]
  9%|▊         | 704/8189 [1:06:17<12:08:21,  5.84s/it]
  9%|▊         | 705/8189 [1:06:22<11:39:34,  5.61s/it]
  9%|▊         | 706/8189 [1:06:28<11:34:46,  5.57s/it]
  9%|▊         | 707/8189 [1:06:34<11:49:26,  5.69s/it]
  9%|▊         | 708/8189 [1:06:40<11:50:37,  5.70s/it]
  9%|▊         | 709/8189 [1:06:45<11:52:22,  5.71s/it]
  9%|▊         | 710/8189 [1:06:52<12:17:19,  5.92s/it]
  9%|▊         | 711/8189 [1:06:56<11:34:01,  5.57s/it]
  9%|▊         | 712/8189 [1:07:03<12:16:41,  5.91s/it]
  9%|▊         | 713/8189 [1:07:09<12:18:59,  5.93s/it]
  9%|▊         | 714/8189 [1:07:14<11:55:42,  5.74s/it]
  9%|▊         | 715/8189 [1:07:20<11:38:47,  5.61s/it]
  9%|▊         | 716/8189 [1:07:25<11:16:36,  5.43s/it]
  9%|▉         | 717/8189 [1:07:31<11:50:25,  5.70s/it]
  9%|▉         | 718/8189 [1:07:36<11:09:28,  5.38s/it]
  9%|▉         | 719/8189 [1:07:41<10:54:16,  5.26s/it]
  9%|▉         | 720/8189 [1:07:47<11:21:12,  5.47s/it]
  9%|▉         | 721/8189 [1:07:53<11:43:42,  5.65s/it]
  9%|▉         | 722/8189 [1:07:58<11:42:06,  5.64s/it]
  9%|▉         | 723/8189 [1:08:03<11:07:24,  5.36s/it]
  9%|▉         | 724/8189 [1:08:09<11:17:55,  5.45s/it]
  9%|▉         | 725/8189 [1:08:14<11:09:05,  5.38s/it]
  9%|▉         | 726/8189 [1:08:19<11:08:51,  5.38s/it]
  9%|▉         | 727/8189 [1:08:26<11:44:31,  5.66s/it]
  9%|▉         | 728/8189 [1:08:32<11:54:15,  5.74s/it]
  9%|▉         | 729/8189 [1:08:37<12:00:10,  5.79s/it]
  9%|▉         | 730/8189 [1:08:43<11:50:31,  5.72s/it]
  9%|▉         | 731/8189 [1:08:49<12:14:19,  5.91s/it]
  9%|▉         | 732/8189 [1:08:55<12:06:51,  5.85s/it]
  9%|▉         | 733/8189 [1:09:01<12:00:40,  5.80s/it]
  9%|▉         | 734/8189 [1:09:06<11:40:04,  5.63s/it]
  9%|▉         | 735/8189 [1:09:12<11:35:29,  5.60s/it]
  9%|▉         | 736/8189 [1:09:18<11:54:55,  5.76s/it]
  9%|▉         | 737/8189 [1:09:24<12:08:07,  5.86s/it]
  9%|▉         | 738/8189 [1:09:29<12:03:29,  5.83s/it]
  9%|▉         | 739/8189 [1:09:36<12:17:08,  5.94s/it]
  9%|▉         | 740/8189 [1:09:42<12:13:24,  5.91s/it]
  9%|▉         | 741/8189 [1:09:47<11:42:23,  5.66s/it]
  9%|▉         | 742/8189 [1:09:52<11:14:40,  5.44s/it]
  9%|▉         | 743/8189 [1:09:57<11:32:15,  5.58s/it]
  9%|▉         | 744/8189 [1:10:03<11:15:32,  5.44s/it]
  9%|▉         | 745/8189 [1:10:08<10:57:10,  5.30s/it]
  9%|▉         | 746/8189 [1:10:13<11:03:59,  5.35s/it]
  9%|▉         | 747/8189 [1:10:19<11:33:30,  5.59s/it]
  9%|▉         | 748/8189 [1:10:24<11:23:00,  5.51s/it]
  9%|▉         | 749/8189 [1:10:30<11:22:40,  5.51s/it]
  9%|▉         | 750/8189 [1:10:36<11:37:01,  5.62s/it]
  9%|▉         | 751/8189 [1:10:40<10:47:15,  5.22s/it]
  9%|▉         | 752/8189 [1:10:45<10:37:48,  5.15s/it]
  9%|▉         | 753/8189 [1:10:51<10:56:44,  5.30s/it]
  9%|▉         | 754/8189 [1:10:56<10:58:40,  5.32s/it]
  9%|▉         | 755/8189 [1:11:02<11:27:36,  5.55s/it]
  9%|▉         | 756/8189 [1:11:07<11:04:57,  5.37s/it]
  9%|▉         | 757/8189 [1:11:14<11:52:49,  5.75s/it]
  9%|▉         | 758/8189 [1:11:20<12:17:37,  5.96s/it]
  9%|▉         | 759/8189 [1:11:26<12:24:50,  6.01s/it]
  9%|▉         | 760/8189 [1:11:32<11:51:48,  5.75s/it]
  9%|▉         | 761/8189 [1:11:38<12:04:40,  5.85s/it]
  9%|▉         | 762/8189 [1:11:44<12:26:33,  6.03s/it]
  9%|▉         | 763/8189 [1:11:50<12:22:12,  6.00s/it]
  9%|▉         | 764/8189 [1:11:56<12:37:13,  6.12s/it]
  9%|▉         | 765/8189 [1:12:02<12:07:02,  5.88s/it]
  9%|▉         | 766/8189 [1:12:08<12:05:08,  5.86s/it]
  9%|▉         | 767/8189 [1:12:13<11:56:05,  5.79s/it]
  9%|▉         | 768/8189 [1:12:19<11:40:42,  5.67s/it]
  9%|▉         | 769/8189 [1:12:24<11:24:04,  5.53s/it]
  9%|▉         | 770/8189 [1:12:30<11:36:53,  5.64s/it]
  9%|▉         | 771/8189 [1:12:35<11:34:22,  5.62s/it]
  9%|▉         | 772/8189 [1:12:42<12:01:44,  5.84s/it]
  9%|▉         | 773/8189 [1:12:47<11:55:26,  5.79s/it]
  9%|▉         | 774/8189 [1:12:54<12:19:20,  5.98s/it]
  9%|▉         | 775/8189 [1:13:00<12:44:38,  6.19s/it]
  9%|▉         | 776/8189 [1:13:06<12:33:32,  6.10s/it]
  9%|▉         | 777/8189 [1:13:13<12:44:36,  6.19s/it]
 10%|▉         | 778/8189 [1:13:19<12:38:49,  6.14s/it]
 10%|▉         | 779/8189 [1:13:25<12:41:16,  6.16s/it]
 10%|▉         | 780/8189 [1:13:31<12:22:28,  6.01s/it]
 10%|▉         | 781/8189 [1:13:37<12:50:50,  6.24s/it]
 10%|▉         | 782/8189 [1:13:44<12:53:56,  6.27s/it]
 10%|▉         | 783/8189 [1:13:50<12:51:56,  6.25s/it]
 10%|▉         | 784/8189 [1:13:56<13:04:53,  6.36s/it]
 10%|▉         | 785/8189 [1:14:02<12:32:44,  6.10s/it]
 10%|▉         | 786/8189 [1:14:08<12:15:07,  5.96s/it]
 10%|▉         | 787/8189 [1:14:14<12:23:08,  6.02s/it]
 10%|▉         | 788/8189 [1:14:20<12:29:31,  6.08s/it]
 10%|▉         | 789/8189 [1:14:25<11:42:26,  5.70s/it]
 10%|▉         | 790/8189 [1:14:30<11:23:15,  5.54s/it]
 10%|▉         | 791/8189 [1:14:36<11:39:09,  5.67s/it]
 10%|▉         | 792/8189 [1:14:42<11:38:25,  5.67s/it]
 10%|▉         | 793/8189 [1:14:46<10:52:05,  5.29s/it]
 10%|▉         | 794/8189 [1:14:51<10:58:17,  5.34s/it]
 10%|▉         | 795/8189 [1:14:57<10:50:25,  5.28s/it]
 10%|▉         | 796/8189 [1:15:02<11:14:43,  5.48s/it]
 10%|▉         | 797/8189 [1:15:08<11:23:00,  5.54s/it]
 10%|▉         | 798/8189 [1:15:13<10:47:52,  5.26s/it]
 10%|▉         | 799/8189 [1:15:18<10:48:49,  5.27s/it]
 10%|▉         | 800/8189 [1:15:23<10:53:21,  5.31s/it]
 10%|▉         | 801/8189 [1:15:30<11:25:07,  5.56s/it]
 10%|▉         | 802/8189 [1:15:34<10:33:06,  5.14s/it]
 10%|▉         | 803/8189 [1:15:39<10:30:24,  5.12s/it]
 10%|▉         | 804/8189 [1:15:45<11:00:40,  5.37s/it]
 10%|▉         | 805/8189 [1:15:51<11:39:42,  5.69s/it]
 10%|▉         | 806/8189 [1:15:58<12:25:05,  6.06s/it]
 10%|▉         | 807/8189 [1:16:05<12:44:24,  6.21s/it]
 10%|▉         | 808/8189 [1:16:10<12:09:07,  5.93s/it]
 10%|▉         | 809/8189 [1:16:15<11:32:51,  5.63s/it]
 10%|▉         | 810/8189 [1:16:21<11:40:47,  5.70s/it]
 10%|▉         | 811/8189 [1:16:26<11:19:13,  5.52s/it]
 10%|▉         | 812/8189 [1:16:31<10:54:39,  5.32s/it]
 10%|▉         | 813/8189 [1:16:37<11:15:36,  5.50s/it]
 10%|▉         | 814/8189 [1:16:42<11:06:06,  5.42s/it]
 10%|▉         | 815/8189 [1:16:48<11:15:45,  5.50s/it]
 10%|▉         | 816/8189 [1:16:54<11:38:05,  5.68s/it]
 10%|▉         | 817/8189 [1:17:00<11:57:07,  5.84s/it]
 10%|▉         | 818/8189 [1:17:05<11:44:09,  5.73s/it]
 10%|█         | 819/8189 [1:17:11<11:30:01,  5.62s/it]
 10%|█         | 820/8189 [1:17:16<11:23:56,  5.57s/it]
 10%|█         | 821/8189 [1:17:22<11:26:08,  5.59s/it]
 10%|█         | 822/8189 [1:17:27<11:19:04,  5.53s/it]
 10%|█         | 823/8189 [1:17:33<11:32:23,  5.64s/it]
 10%|█         | 824/8189 [1:17:39<11:26:51,  5.60s/it]
 10%|█         | 825/8189 [1:17:44<11:06:47,  5.43s/it]
 10%|█         | 826/8189 [1:17:50<11:26:34,  5.59s/it]
 10%|█         | 827/8189 [1:17:55<11:33:14,  5.65s/it]
 10%|█         | 828/8189 [1:18:01<11:23:01,  5.57s/it]
 10%|█         | 829/8189 [1:18:07<11:29:36,  5.62s/it]
 10%|█         | 830/8189 [1:18:12<11:12:22,  5.48s/it]
 10%|█         | 831/8189 [1:18:17<10:59:29,  5.38s/it]
 10%|█         | 832/8189 [1:18:23<11:17:28,  5.53s/it]
 10%|█         | 833/8189 [1:18:28<11:26:46,  5.60s/it]
 10%|█         | 834/8189 [1:18:34<11:36:10,  5.68s/it]
 10%|█         | 835/8189 [1:18:40<11:21:40,  5.56s/it]
 10%|█         | 836/8189 [1:18:45<11:32:32,  5.65s/it]
 10%|█         | 837/8189 [1:18:51<11:37:21,  5.69s/it]
 10%|█         | 838/8189 [1:18:57<11:30:48,  5.64s/it]
 10%|█         | 839/8189 [1:19:02<11:22:04,  5.57s/it]
 10%|█         | 840/8189 [1:19:08<11:27:20,  5.61s/it]
 10%|█         | 841/8189 [1:19:13<10:56:50,  5.36s/it]
 10%|█         | 842/8189 [1:19:18<10:51:22,  5.32s/it]
 10%|█         | 843/8189 [1:19:23<10:39:36,  5.22s/it]
 10%|█         | 844/8189 [1:19:28<10:18:23,  5.05s/it]
 10%|█         | 845/8189 [1:19:33<10:42:20,  5.25s/it]
 10%|█         | 846/8189 [1:19:38<10:38:01,  5.21s/it]
 10%|█         | 847/8189 [1:19:43<10:27:42,  5.13s/it]
 10%|█         | 848/8189 [1:19:49<10:59:07,  5.39s/it]
 10%|█         | 849/8189 [1:19:55<11:03:33,  5.42s/it]
 10%|█         | 850/8189 [1:20:01<11:29:50,  5.64s/it]
 10%|█         | 851/8189 [1:20:06<11:13:34,  5.51s/it]
 10%|█         | 852/8189 [1:20:12<11:32:02,  5.66s/it]
 10%|█         | 853/8189 [1:20:18<11:30:03,  5.64s/it]
 10%|█         | 854/8189 [1:20:24<11:32:46,  5.67s/it]
 10%|█         | 855/8189 [1:20:30<11:54:32,  5.85s/it]
 10%|█         | 856/8189 [1:20:35<11:39:30,  5.72s/it]
 10%|█         | 857/8189 [1:20:41<11:57:46,  5.87s/it]
 10%|█         | 858/8189 [1:20:48<12:07:17,  5.95s/it]
 10%|█         | 859/8189 [1:20:54<12:08:20,  5.96s/it]
 11%|█         | 860/8189 [1:20:59<11:33:33,  5.68s/it]
 11%|█         | 861/8189 [1:21:04<11:09:01,  5.48s/it]
 11%|█         | 862/8189 [1:21:10<11:38:33,  5.72s/it]
 11%|█         | 863/8189 [1:21:15<11:23:05,  5.59s/it]
 11%|█         | 864/8189 [1:21:21<11:44:09,  5.77s/it]
 11%|█         | 865/8189 [1:21:27<11:45:28,  5.78s/it]
 11%|█         | 866/8189 [1:21:32<11:09:11,  5.48s/it]
 11%|█         | 867/8189 [1:21:37<10:57:02,  5.38s/it]
 11%|█         | 868/8189 [1:21:43<11:15:25,  5.54s/it]
 11%|█         | 869/8189 [1:21:49<11:43:49,  5.77s/it]
 11%|█         | 870/8189 [1:21:55<11:54:35,  5.86s/it]
 11%|█         | 871/8189 [1:22:01<11:58:13,  5.89s/it]
 11%|█         | 872/8189 [1:22:06<11:22:19,  5.60s/it]
 11%|█         | 873/8189 [1:22:12<11:43:26,  5.77s/it]
 11%|█         | 874/8189 [1:22:17<10:48:34,  5.32s/it]
 11%|█         | 875/8189 [1:22:21<10:22:59,  5.11s/it]
 11%|█         | 876/8189 [1:22:27<10:43:58,  5.28s/it]
 11%|█         | 877/8189 [1:22:34<11:40:18,  5.75s/it]
 11%|█         | 878/8189 [1:22:40<11:47:13,  5.80s/it]
 11%|█         | 879/8189 [1:22:45<11:20:16,  5.58s/it]
 11%|█         | 880/8189 [1:22:50<11:19:22,  5.58s/it]
 11%|█         | 881/8189 [1:22:56<11:21:32,  5.60s/it]
 11%|█         | 882/8189 [1:23:01<10:53:13,  5.36s/it]
 11%|█         | 883/8189 [1:23:06<10:58:09,  5.41s/it]
 11%|█         | 884/8189 [1:23:12<10:56:40,  5.39s/it]
 11%|█         | 885/8189 [1:23:17<11:07:02,  5.48s/it]
 11%|█         | 886/8189 [1:23:23<11:16:20,  5.56s/it]
 11%|█         | 887/8189 [1:23:28<10:44:13,  5.29s/it]
 11%|█         | 888/8189 [1:23:34<10:59:53,  5.42s/it]
 11%|█         | 889/8189 [1:23:40<11:32:51,  5.69s/it]
 11%|█         | 890/8189 [1:23:45<11:29:16,  5.67s/it]
 11%|█         | 891/8189 [1:23:52<11:56:50,  5.89s/it]
 11%|█         | 892/8189 [1:23:58<11:59:12,  5.91s/it]
 11%|█         | 893/8189 [1:24:04<11:51:43,  5.85s/it]
 11%|█         | 894/8189 [1:24:10<12:05:36,  5.97s/it]
 11%|█         | 895/8189 [1:24:15<11:52:39,  5.86s/it]
 11%|█         | 896/8189 [1:24:21<11:45:34,  5.80s/it]
 11%|█         | 897/8189 [1:24:26<11:30:07,  5.68s/it]
 11%|█         | 898/8189 [1:24:32<11:38:44,  5.75s/it]
 11%|█         | 899/8189 [1:24:38<11:21:44,  5.61s/it]
 11%|█         | 900/8189 [1:24:43<11:18:06,  5.58s/it]
 11%|█         | 901/8189 [1:24:50<12:03:32,  5.96s/it]
 11%|█         | 902/8189 [1:24:56<12:05:21,  5.97s/it]
 11%|█         | 903/8189 [1:25:01<11:46:52,  5.82s/it]
 11%|█         | 904/8189 [1:25:07<11:40:19,  5.77s/it]
 11%|█         | 905/8189 [1:25:13<11:29:11,  5.68s/it]
 11%|█         | 906/8189 [1:25:19<11:49:22,  5.84s/it]
 11%|█         | 907/8189 [1:25:24<11:25:13,  5.65s/it]
 11%|█         | 908/8189 [1:25:30<11:34:38,  5.72s/it]
 11%|█         | 909/8189 [1:25:36<11:37:55,  5.75s/it]
 11%|█         | 910/8189 [1:25:42<11:46:40,  5.83s/it]
 11%|█         | 911/8189 [1:25:47<11:29:39,  5.69s/it]
 11%|█         | 912/8189 [1:25:53<11:29:34,  5.69s/it]
 11%|█         | 913/8189 [1:25:58<11:28:15,  5.68s/it]
 11%|█         | 914/8189 [1:26:04<11:27:09,  5.67s/it]
 11%|█         | 915/8189 [1:26:10<11:36:40,  5.75s/it]
 11%|█         | 916/8189 [1:26:16<11:35:48,  5.74s/it]
 11%|█         | 917/8189 [1:26:22<11:37:13,  5.75s/it]
 11%|█         | 918/8189 [1:26:27<11:36:24,  5.75s/it]
 11%|█         | 919/8189 [1:26:34<12:00:55,  5.95s/it]
 11%|█         | 920/8189 [1:26:39<11:48:27,  5.85s/it]
 11%|█         | 921/8189 [1:26:45<11:57:27,  5.92s/it]
 11%|█▏        | 922/8189 [1:26:51<11:38:18,  5.77s/it]
 11%|█▏        | 923/8189 [1:26:56<11:32:56,  5.72s/it]
 11%|█▏        | 924/8189 [1:27:03<11:47:57,  5.85s/it]
 11%|█▏        | 925/8189 [1:27:09<12:00:52,  5.95s/it]
 11%|█▏        | 926/8189 [1:27:15<11:57:05,  5.92s/it]
 11%|█▏        | 927/8189 [1:27:20<11:38:59,  5.78s/it]
 11%|█▏        | 928/8189 [1:27:26<11:40:45,  5.79s/it]
 11%|█▏        | 929/8189 [1:27:31<11:14:45,  5.58s/it]
 11%|█▏        | 930/8189 [1:27:37<11:43:27,  5.81s/it]
 11%|█▏        | 931/8189 [1:27:42<11:18:03,  5.61s/it]
 11%|█▏        | 932/8189 [1:27:48<11:14:10,  5.57s/it]
 11%|█▏        | 933/8189 [1:27:54<11:31:49,  5.72s/it]
 11%|█▏        | 934/8189 [1:28:00<11:34:56,  5.75s/it]
 11%|█▏        | 935/8189 [1:28:04<10:46:29,  5.35s/it]
 11%|█▏        | 936/8189 [1:28:08<9:56:22,  4.93s/it] 
 11%|█▏        | 937/8189 [1:28:14<10:21:49,  5.14s/it]
 11%|█▏        | 938/8189 [1:28:20<10:47:22,  5.36s/it]
 11%|█▏        | 939/8189 [1:28:26<11:17:10,  5.60s/it]
 11%|█▏        | 940/8189 [1:28:32<11:47:28,  5.86s/it]
 11%|█▏        | 941/8189 [1:28:38<11:58:59,  5.95s/it]
 12%|█▏        | 942/8189 [1:28:44<11:50:21,  5.88s/it]
 12%|█▏        | 943/8189 [1:28:50<11:34:19,  5.75s/it]
 12%|█▏        | 944/8189 [1:28:55<11:30:32,  5.72s/it]
 12%|█▏        | 945/8189 [1:29:01<11:23:54,  5.66s/it]
 12%|█▏        | 946/8189 [1:29:07<11:41:46,  5.81s/it]
 12%|█▏        | 947/8189 [1:29:12<11:18:37,  5.62s/it]
 12%|█▏        | 948/8189 [1:29:18<11:22:31,  5.66s/it]
 12%|█▏        | 949/8189 [1:29:23<11:11:08,  5.56s/it]
 12%|█▏        | 950/8189 [1:29:29<11:31:19,  5.73s/it]
 12%|█▏        | 951/8189 [1:29:35<11:27:12,  5.70s/it]
 12%|█▏        | 952/8189 [1:29:41<11:23:12,  5.66s/it]
 12%|█▏        | 953/8189 [1:29:45<10:39:03,  5.30s/it]
 12%|█▏        | 954/8189 [1:29:50<10:39:11,  5.30s/it]
 12%|█▏        | 955/8189 [1:29:56<10:52:14,  5.41s/it]
 12%|█▏        | 956/8189 [1:30:01<10:49:47,  5.39s/it]
 12%|█▏        | 957/8189 [1:30:07<11:01:24,  5.49s/it]
 12%|█▏        | 958/8189 [1:30:14<11:42:21,  5.83s/it]
 12%|█▏        | 959/8189 [1:30:20<11:45:03,  5.85s/it]
 12%|█▏        | 960/8189 [1:30:25<11:24:18,  5.68s/it]
 12%|█▏        | 961/8189 [1:30:31<11:40:16,  5.81s/it]
 12%|█▏        | 962/8189 [1:30:37<11:58:13,  5.96s/it]
 12%|█▏        | 963/8189 [1:30:43<11:56:58,  5.95s/it]
 12%|█▏        | 964/8189 [1:30:49<11:57:15,  5.96s/it]
 12%|█▏        | 965/8189 [1:30:55<11:44:56,  5.85s/it]
 12%|█▏        | 966/8189 [1:31:00<11:20:49,  5.66s/it]
 12%|█▏        | 967/8189 [1:31:06<11:33:26,  5.76s/it]
 12%|█▏        | 968/8189 [1:31:12<11:31:07,  5.74s/it]
 12%|█▏        | 969/8189 [1:31:16<10:52:02,  5.42s/it]
 12%|█▏        | 970/8189 [1:31:21<10:12:07,  5.09s/it]
 12%|█▏        | 971/8189 [1:31:26<10:22:18,  5.17s/it]
 12%|█▏        | 972/8189 [1:31:31<10:19:26,  5.15s/it]
 12%|█▏        | 973/8189 [1:31:37<10:48:00,  5.39s/it]
 12%|█▏        | 974/8189 [1:31:42<10:40:50,  5.33s/it]
 12%|█▏        | 975/8189 [1:31:48<11:00:48,  5.50s/it]
 12%|█▏        | 976/8189 [1:31:53<10:44:28,  5.36s/it]
 12%|█▏        | 977/8189 [1:31:59<10:54:46,  5.45s/it]
 12%|█▏        | 978/8189 [1:32:05<11:17:13,  5.63s/it]
 12%|█▏        | 979/8189 [1:32:10<11:13:25,  5.60s/it]
 12%|█▏        | 980/8189 [1:32:16<11:15:09,  5.62s/it]
 12%|█▏        | 981/8189 [1:32:22<11:38:21,  5.81s/it]
 12%|█▏        | 982/8189 [1:32:28<11:45:35,  5.87s/it]
 12%|█▏        | 983/8189 [1:32:34<11:45:24,  5.87s/it]
 12%|█▏        | 984/8189 [1:32:40<11:45:30,  5.88s/it]
 12%|█▏        | 985/8189 [1:32:46<11:37:24,  5.81s/it]
 12%|█▏        | 986/8189 [1:32:51<11:14:09,  5.62s/it]
 12%|█▏        | 987/8189 [1:32:57<11:36:27,  5.80s/it]
 12%|█▏        | 988/8189 [1:33:01<10:33:05,  5.28s/it]
 12%|█▏        | 989/8189 [1:33:05<9:25:36,  4.71s/it] 
 12%|█▏        | 990/8189 [1:33:10<9:52:45,  4.94s/it]
 12%|█▏        | 991/8189 [1:33:16<10:28:51,  5.24s/it]
 12%|█▏        | 992/8189 [1:33:21<10:25:09,  5.21s/it]
 12%|█▏        | 993/8189 [1:33:27<10:31:40,  5.27s/it]
 12%|█▏        | 994/8189 [1:33:32<10:41:24,  5.35s/it]
 12%|█▏        | 995/8189 [1:33:37<10:27:17,  5.23s/it]
 12%|█▏        | 996/8189 [1:33:43<10:42:08,  5.36s/it]
 12%|█▏        | 997/8189 [1:33:49<11:07:12,  5.57s/it]
 12%|█▏        | 998/8189 [1:33:54<11:11:58,  5.61s/it]
 12%|█▏        | 999/8189 [1:34:00<10:57:02,  5.48s/it]
 12%|█▏        | 1000/8189 [1:34:05<11:05:48,  5.56s/it]
                                                        

 12%|█▏        | 1000/8189 [1:34:05<11:05:48,  5.56s/it]

Batches:   0%|          | 0/9 [00:00<?, ?it/s][A

Batches:  56%|█████▌    | 5/9 [00:00<00:00, 41.42it/s][A
Batches: 100%|██████████| 9/9 [00:00<00:00, 47.28it/s]


Corpus Chunks:   0%|          | 0/1 [00:00<?, ?it/s][A


Batches:   0%|          | 0/9 [00:00<?, ?it/s][A[A


Batches:  56%|█████▌    | 5/9 [00:00<00:00, 42.06it/s][A[A
Batches: 100%|██████████| 9/9 [00:00<00:00, 49.67it/s]


Corpus Chunks: 100%|██████████| 1/1 [00:00<00:00,  5.09it/s][A
Corpus Chunks: 100%|██████████| 1/1 [00:00<00:00,  5.08it/s]


Batches:   0%|          | 0/7 [00:00<?, ?it/s][A

Batches: 100%|██████████| 7/7 [00:00<00:00, 52.23it/s][A
Batches: 100%|██████████| 7/7 [00:00<00:00, 51.91it/s]


Batches:   0%|          | 0/7 [00:00<?, ?it/s][A

Batches:  57%|█████▋    | 4/7 [00:00<00:00, 38.02it/s][A
Batches: 100%|██████████| 7/7 [00:00<00:00, 46.03it/s]


Batches:   0%|          | 0/7 [00:00<?, ?it/s][A

Batches: 100%|██████████| 7/7 [00:00<00:00, 63.27it/s][A
Batches: 100%|██████████| 7/7 [00:00<00:00, 62.70it/s]

                                                        

 12%|█▏        | 1000/8189 [1:34:07<11:05:48,  5.56s/it]

Writing model shards:   0%|          | 0/1 [00:00<?, ?it/s][A

Writing model shards: 100%|██████████| 1/1 [00:01<00:00,  1.16s/it][A
Writing model shards: 100%|██████████| 1/1 [00:01<00:00,  1.16s/it]

 12%|█▏        | 1001/8189 [1:34:16<14:01:05,  7.02s/it]
 12%|█▏        | 1002/8189 [1:34:22<13:16:18,  6.65s/it]
 12%|█▏        | 1003/8189 [1:34:27<12:40:31,  6.35s/it]
 12%|█▏        | 1004/8189 [1:34:33<12:25:41,  6.23s/it]
 12%|█▏        | 1005/8189 [1:34:38<11:45:51,  5.90s/it]
 12%|█▏        | 1006/8189 [1:34:43<11:06:20,  5.57s/it]
 12%|█▏        | 1007/8189 [1:34:49<11:19:50,  5.68s/it]
 12%|█▏        | 1008/8189 [1:34:54<11:08:54,  5.59s/it]
 12%|█▏        | 1009/8189 [1:35:00<11:06:53,  5.57s/it]
 12%|█▏        | 1010/8189 [1:35:07<11:52:49,  5.96s/it]
 12%|█▏        | 1011/8189 [1:35:13<12:06:03,  6.07s/it]
 12%|█▏        | 1012/8189 [1:35:19<12:00:11,  6.02s/it]
 12%|█▏        | 1013/8189 [1:35:25<12:07:43,  6.08s/it]
 12%|█▏        | 1014/8189 [1:35:31<11:56:49,  5.99s/it]
 12%|█▏        | 1015/8189 [1:35:37<11:54:38,  5.98s/it]
 12%|█▏        | 1016/8189 [1:35:43<11:54:53,  5.98s/it]
 12%|█▏        | 1017/8189 [1:35:49<12:00:45,  6.03s/it]
 12%|█▏        | 1018/8189 [1:35:54<11:27:10,  5.75s/it]
 12%|█▏        | 1019/8189 [1:36:00<11:09:37,  5.60s/it]
 12%|█▏        | 1020/8189 [1:36:05<11:17:37,  5.67s/it]
 12%|█▏        | 1021/8189 [1:36:11<11:15:52,  5.66s/it]
 12%|█▏        | 1022/8189 [1:36:17<11:25:46,  5.74s/it]
 12%|█▏        | 1023/8189 [1:36:23<11:48:23,  5.93s/it]
 13%|█▎        | 1024/8189 [1:36:29<11:32:44,  5.80s/it]
 13%|█▎        | 1025/8189 [1:36:34<11:14:31,  5.65s/it]
 13%|█▎        | 1026/8189 [1:36:40<11:27:34,  5.76s/it]
 13%|█▎        | 1027/8189 [1:36:46<11:43:16,  5.89s/it]
 13%|█▎        | 1028/8189 [1:36:52<11:47:20,  5.93s/it]
 13%|█▎        | 1029/8189 [1:36:58<11:39:26,  5.86s/it]
 13%|█▎        | 1030/8189 [1:37:04<11:47:46,  5.93s/it]
 13%|█▎        | 1031/8189 [1:37:10<11:52:38,  5.97s/it]
 13%|█▎        | 1032/8189 [1:37:16<11:29:30,  5.78s/it]
 13%|█▎        | 1033/8189 [1:37:21<11:25:26,  5.75s/it]
 13%|█▎        | 1034/8189 [1:37:27<11:24:25,  5.74s/it]
 13%|█▎        | 1035/8189 [1:37:33<11:25:03,  5.75s/it]
 13%|█▎        | 1036/8189 [1:37:38<11:12:26,  5.64s/it]
 13%|█▎        | 1037/8189 [1:37:44<11:10:07,  5.62s/it]
 13%|█▎        | 1038/8189 [1:37:50<11:32:38,  5.81s/it]
 13%|█▎        | 1039/8189 [1:37:56<11:29:21,  5.78s/it]
 13%|█▎        | 1040/8189 [1:38:02<11:40:59,  5.88s/it]
 13%|█▎        | 1041/8189 [1:38:08<11:40:01,  5.88s/it]
 13%|█▎        | 1042/8189 [1:38:14<11:45:33,  5.92s/it]
 13%|█▎        | 1043/8189 [1:38:20<11:44:02,  5.91s/it]
 13%|█▎        | 1044/8189 [1:38:25<11:34:05,  5.83s/it]
 13%|█▎        | 1045/8189 [1:38:31<11:30:03,  5.80s/it]
 13%|█▎        | 1046/8189 [1:38:37<11:25:40,  5.76s/it]
 13%|█▎        | 1047/8189 [1:38:42<11:25:30,  5.76s/it]
 13%|█▎        | 1048/8189 [1:38:48<11:28:35,  5.79s/it]
 13%|█▎        | 1049/8189 [1:38:53<11:03:22,  5.57s/it]
 13%|█▎        | 1050/8189 [1:38:59<10:59:14,  5.54s/it]
 13%|█▎        | 1051/8189 [1:39:04<10:55:41,  5.51s/it]
 13%|█▎        | 1052/8189 [1:39:09<10:45:14,  5.42s/it]
 13%|█▎        | 1053/8189 [1:39:15<10:39:28,  5.38s/it]
 13%|█▎        | 1054/8189 [1:39:20<10:52:30,  5.49s/it]
 13%|█▎        | 1055/8189 [1:39:26<10:49:18,  5.46s/it]
 13%|█▎        | 1056/8189 [1:39:30<10:18:10,  5.20s/it]
 13%|█▎        | 1057/8189 [1:39:37<11:23:46,  5.75s/it]
 13%|█▎        | 1058/8189 [1:39:43<11:17:16,  5.70s/it]
 13%|█▎        | 1059/8189 [1:39:49<11:22:44,  5.75s/it]
 13%|█▎        | 1060/8189 [1:39:54<11:14:04,  5.67s/it]
 13%|█▎        | 1061/8189 [1:40:00<11:31:11,  5.82s/it]
 13%|█▎        | 1062/8189 [1:40:07<11:47:33,  5.96s/it]
 13%|█▎        | 1063/8189 [1:40:13<11:42:37,  5.92s/it]
 13%|█▎        | 1064/8189 [1:40:19<12:14:53,  6.19s/it]
 13%|█▎        | 1065/8189 [1:40:26<12:33:29,  6.35s/it]
 13%|█▎        | 1066/8189 [1:40:31<11:44:10,  5.93s/it]
 13%|█▎        | 1067/8189 [1:40:36<11:19:38,  5.73s/it]
 13%|█▎        | 1068/8189 [1:40:43<11:42:52,  5.92s/it]
 13%|█▎        | 1069/8189 [1:40:49<12:07:52,  6.13s/it]
 13%|█▎        | 1070/8189 [1:40:55<11:47:36,  5.96s/it]
 13%|█▎        | 1071/8189 [1:41:02<12:17:14,  6.21s/it]
 13%|█▎        | 1072/8189 [1:41:08<12:14:16,  6.19s/it]
 13%|█▎        | 1073/8189 [1:41:14<12:13:51,  6.19s/it]
 13%|█▎        | 1074/8189 [1:41:19<11:42:18,  5.92s/it]
 13%|█▎        | 1075/8189 [1:41:25<11:38:38,  5.89s/it]
 13%|█▎        | 1076/8189 [1:41:30<11:07:14,  5.63s/it]
 13%|█▎        | 1077/8189 [1:41:36<11:13:24,  5.68s/it]
 13%|█▎        | 1078/8189 [1:41:41<10:58:51,  5.56s/it]
 13%|█▎        | 1079/8189 [1:41:46<10:37:59,  5.38s/it]
 13%|█▎        | 1080/8189 [1:41:52<10:46:11,  5.45s/it]
 13%|█▎        | 1081/8189 [1:41:57<10:41:28,  5.41s/it]
 13%|█▎        | 1082/8189 [1:42:03<10:44:49,  5.44s/it]
 13%|█▎        | 1083/8189 [1:42:08<10:55:44,  5.54s/it]
 13%|█▎        | 1084/8189 [1:42:14<11:13:38,  5.69s/it]
 13%|█▎        | 1085/8189 [1:42:20<11:02:56,  5.60s/it]
 13%|█▎        | 1086/8189 [1:42:25<10:48:09,  5.48s/it]
 13%|█▎        | 1087/8189 [1:42:31<10:53:51,  5.52s/it]
 13%|█▎        | 1088/8189 [1:42:36<10:48:26,  5.48s/it]
 13%|█▎        | 1089/8189 [1:42:41<10:24:05,  5.27s/it]
 13%|█▎        | 1090/8189 [1:42:46<10:19:47,  5.24s/it]
 13%|█▎        | 1091/8189 [1:42:51<10:16:50,  5.21s/it]
 13%|█▎        | 1092/8189 [1:42:57<10:47:00,  5.47s/it]
 13%|█▎        | 1093/8189 [1:43:03<10:53:43,  5.53s/it]
 13%|█▎        | 1094/8189 [1:43:09<11:04:32,  5.62s/it]
 13%|█▎        | 1095/8189 [1:43:14<10:45:40,  5.46s/it]
 13%|█▎        | 1096/8189 [1:43:19<10:45:42,  5.46s/it]
 13%|█▎        | 1097/8189 [1:43:25<11:08:24,  5.65s/it]
 13%|█▎        | 1098/8189 [1:43:32<11:41:24,  5.93s/it]
 13%|█▎        | 1099/8189 [1:43:38<11:34:37,  5.88s/it]
 13%|█▎        | 1100/8189 [1:43:43<11:19:59,  5.76s/it]
 13%|█▎        | 1101/8189 [1:43:49<11:16:53,  5.73s/it]
 13%|█▎        | 1102/8189 [1:43:54<11:09:02,  5.66s/it]
 13%|█▎        | 1103/8189 [1:43:59<10:48:01,  5.49s/it]
 13%|█▎        | 1104/8189 [1:44:05<11:06:17,  5.64s/it]
 13%|█▎        | 1105/8189 [1:44:12<11:21:25,  5.77s/it]
 14%|█▎        | 1106/8189 [1:44:17<11:26:53,  5.82s/it]
 14%|█▎        | 1107/8189 [1:44:23<11:02:05,  5.61s/it]
 14%|█▎        | 1108/8189 [1:44:28<10:47:09,  5.48s/it]
 14%|█▎        | 1109/8189 [1:44:34<11:02:12,  5.61s/it]
 14%|█▎        | 1110/8189 [1:44:40<11:42:54,  5.96s/it]
 14%|█▎        | 1111/8189 [1:44:47<12:07:03,  6.16s/it]
 14%|█▎        | 1112/8189 [1:44:53<12:12:09,  6.21s/it]
 14%|█▎        | 1113/8189 [1:45:00<12:15:33,  6.24s/it]
 14%|█▎        | 1114/8189 [1:45:05<11:42:03,  5.95s/it]
 14%|█▎        | 1115/8189 [1:45:11<11:50:50,  6.03s/it]
 14%|█▎        | 1116/8189 [1:45:18<12:00:18,  6.11s/it]
 14%|█▎        | 1117/8189 [1:45:23<11:30:19,  5.86s/it]
 14%|█▎        | 1118/8189 [1:45:29<11:43:22,  5.97s/it]
 14%|█▎        | 1119/8189 [1:45:34<11:13:16,  5.71s/it]
 14%|█▎        | 1120/8189 [1:45:39<10:44:36,  5.47s/it]
 14%|█▎        | 1121/8189 [1:45:45<10:48:45,  5.51s/it]
 14%|█▎        | 1122/8189 [1:45:50<10:43:30,  5.46s/it]
 14%|█▎        | 1123/8189 [1:45:56<10:48:56,  5.51s/it]
 14%|█▎        | 1124/8189 [1:46:02<11:35:01,  5.90s/it]
 14%|█▎        | 1125/8189 [1:46:09<11:48:01,  6.01s/it]
 14%|█▍        | 1126/8189 [1:46:14<11:33:37,  5.89s/it]
 14%|█▍        | 1127/8189 [1:46:21<11:59:20,  6.11s/it]
 14%|█▍        | 1128/8189 [1:46:28<12:30:09,  6.37s/it]
 14%|█▍        | 1129/8189 [1:46:33<11:30:34,  5.87s/it]
 14%|█▍        | 1130/8189 [1:46:39<11:45:33,  6.00s/it]
 14%|█▍        | 1131/8189 [1:46:44<11:21:36,  5.79s/it]
 14%|█▍        | 1132/8189 [1:46:50<11:12:11,  5.72s/it]
 14%|█▍        | 1133/8189 [1:46:55<11:10:23,  5.70s/it]
 14%|█▍        | 1134/8189 [1:47:01<11:12:59,  5.72s/it]
 14%|█▍        | 1135/8189 [1:47:08<11:44:03,  5.99s/it]
 14%|█▍        | 1136/8189 [1:47:13<11:30:29,  5.87s/it]
 14%|█▍        | 1137/8189 [1:47:19<11:10:30,  5.70s/it]
 14%|█▍        | 1138/8189 [1:47:24<11:11:20,  5.71s/it]
 14%|█▍        | 1139/8189 [1:47:29<10:14:37,  5.23s/it]
 14%|█▍        | 1140/8189 [1:47:34<10:27:41,  5.34s/it]
 14%|█▍        | 1141/8189 [1:47:40<10:34:37,  5.40s/it]
 14%|█▍        | 1142/8189 [1:47:45<10:30:38,  5.37s/it]
 14%|█▍        | 1143/8189 [1:47:50<10:16:18,  5.25s/it]
 14%|█▍        | 1144/8189 [1:47:56<10:57:03,  5.60s/it]
 14%|█▍        | 1145/8189 [1:48:02<10:49:12,  5.53s/it]
 14%|█▍        | 1146/8189 [1:48:07<10:54:49,  5.58s/it]
 14%|█▍        | 1147/8189 [1:48:14<11:12:35,  5.73s/it]
 14%|█▍        | 1148/8189 [1:48:19<11:15:31,  5.76s/it]
 14%|█▍        | 1149/8189 [1:48:25<11:24:18,  5.83s/it]
 14%|█▍        | 1150/8189 [1:48:31<11:09:51,  5.71s/it]
 14%|█▍        | 1151/8189 [1:48:36<10:54:51,  5.58s/it]
 14%|█▍        | 1152/8189 [1:48:41<10:49:40,  5.54s/it]
 14%|█▍        | 1153/8189 [1:48:46<10:16:42,  5.26s/it]
 14%|█▍        | 1154/8189 [1:48:51<10:10:52,  5.21s/it]
 14%|█▍        | 1155/8189 [1:48:57<10:32:05,  5.39s/it]
 14%|█▍        | 1156/8189 [1:49:02<10:20:27,  5.29s/it]
 14%|█▍        | 1157/8189 [1:49:08<10:49:50,  5.54s/it]
 14%|█▍        | 1158/8189 [1:49:14<11:13:30,  5.75s/it]
 14%|█▍        | 1159/8189 [1:49:19<10:29:17,  5.37s/it]
 14%|█▍        | 1160/8189 [1:49:24<10:21:27,  5.30s/it]
 14%|█▍        | 1161/8189 [1:49:30<10:50:08,  5.55s/it]
 14%|█▍        | 1162/8189 [1:49:35<10:36:23,  5.43s/it]
 14%|█▍        | 1163/8189 [1:49:42<11:13:38,  5.75s/it]
 14%|█▍        | 1164/8189 [1:49:47<11:04:34,  5.68s/it]
 14%|█▍        | 1165/8189 [1:49:53<11:12:11,  5.74s/it]
 14%|█▍        | 1166/8189 [1:49:59<11:26:13,  5.86s/it]
 14%|█▍        | 1167/8189 [1:50:07<12:15:32,  6.28s/it]
 14%|█▍        | 1168/8189 [1:50:12<11:48:08,  6.05s/it]
 14%|█▍        | 1169/8189 [1:50:18<11:48:25,  6.05s/it]
 14%|█▍        | 1170/8189 [1:50:25<11:59:45,  6.15s/it]
 14%|█▍        | 1171/8189 [1:50:30<11:22:35,  5.84s/it]
 14%|█▍        | 1172/8189 [1:50:36<11:30:09,  5.90s/it]
 14%|█▍        | 1173/8189 [1:50:42<11:31:18,  5.91s/it]
 14%|█▍        | 1174/8189 [1:50:48<11:37:13,  5.96s/it]
 14%|█▍        | 1175/8189 [1:50:53<11:20:36,  5.82s/it]
 14%|█▍        | 1176/8189 [1:50:58<10:55:56,  5.61s/it]
 14%|█▍        | 1177/8189 [1:51:04<11:00:33,  5.65s/it]
 14%|█▍        | 1178/8189 [1:51:10<11:10:27,  5.74s/it]
 14%|█▍        | 1179/8189 [1:51:15<10:46:48,  5.54s/it]
 14%|█▍        | 1180/8189 [1:51:20<10:24:56,  5.35s/it]
 14%|█▍        | 1181/8189 [1:51:26<10:41:51,  5.50s/it]
 14%|█▍        | 1182/8189 [1:51:32<10:46:15,  5.53s/it]
 14%|█▍        | 1183/8189 [1:51:38<11:06:52,  5.71s/it]
 14%|█▍        | 1184/8189 [1:51:43<10:37:21,  5.46s/it]
 14%|█▍        | 1185/8189 [1:51:46<9:27:08,  4.86s/it] 
 14%|█▍        | 1186/8189 [1:51:52<10:12:05,  5.24s/it]
 14%|█▍        | 1187/8189 [1:51:58<10:48:55,  5.56s/it]
 15%|█▍        | 1188/8189 [1:52:05<11:15:39,  5.79s/it]
 15%|█▍        | 1189/8189 [1:52:10<10:55:42,  5.62s/it]
 15%|█▍        | 1190/8189 [1:52:16<11:12:50,  5.77s/it]
 15%|█▍        | 1191/8189 [1:52:21<10:39:59,  5.49s/it]
 15%|█▍        | 1192/8189 [1:52:27<10:57:52,  5.64s/it]
 15%|█▍        | 1193/8189 [1:52:33<11:11:58,  5.76s/it]
 15%|█▍        | 1194/8189 [1:52:39<11:09:42,  5.74s/it]
 15%|█▍        | 1195/8189 [1:52:44<11:08:29,  5.73s/it]
 15%|█▍        | 1196/8189 [1:52:49<10:16:07,  5.29s/it]
 15%|█▍        | 1197/8189 [1:52:54<10:29:18,  5.40s/it]
 15%|█▍        | 1198/8189 [1:53:00<10:44:43,  5.53s/it]
 15%|█▍        | 1199/8189 [1:53:05<10:18:05,  5.31s/it]
 15%|█▍        | 1200/8189 [1:53:10<10:18:34,  5.31s/it]
 15%|█▍        | 1201/8189 [1:53:16<10:34:15,  5.45s/it]
 15%|█▍        | 1202/8189 [1:53:21<10:25:25,  5.37s/it]
 15%|█▍        | 1203/8189 [1:53:27<10:31:06,  5.42s/it]
 15%|█▍        | 1204/8189 [1:53:33<10:49:17,  5.58s/it]
 15%|█▍        | 1205/8189 [1:53:38<10:26:35,  5.38s/it]
 15%|█▍        | 1206/8189 [1:53:43<10:15:18,  5.29s/it]
 15%|█▍        | 1207/8189 [1:53:49<10:47:51,  5.57s/it]
 15%|█▍        | 1208/8189 [1:53:54<10:29:43,  5.41s/it]
 15%|█▍        | 1209/8189 [1:53:59<10:13:37,  5.27s/it]
 15%|█▍        | 1210/8189 [1:54:05<10:51:59,  5.61s/it]
 15%|█▍        | 1211/8189 [1:54:12<11:14:35,  5.80s/it]
 15%|█▍        | 1212/8189 [1:54:17<10:54:40,  5.63s/it]
 15%|█▍        | 1213/8189 [1:54:22<10:52:55,  5.62s/it]
 15%|█▍        | 1214/8189 [1:54:28<10:57:26,  5.66s/it]
 15%|█▍        | 1215/8189 [1:54:34<10:51:44,  5.61s/it]
 15%|█▍        | 1216/8189 [1:54:37<9:44:49,  5.03s/it] 
 15%|█▍        | 1217/8189 [1:54:42<9:50:00,  5.08s/it]
 15%|█▍        | 1218/8189 [1:54:48<10:05:49,  5.21s/it]
 15%|█▍        | 1219/8189 [1:54:53<10:06:25,  5.22s/it]
 15%|█▍        | 1220/8189 [1:54:59<10:15:16,  5.30s/it]
 15%|█▍        | 1221/8189 [1:55:05<10:35:36,  5.47s/it]
 15%|█▍        | 1222/8189 [1:55:10<10:42:54,  5.54s/it]
 15%|█▍        | 1223/8189 [1:55:15<10:27:58,  5.41s/it]
 15%|█▍        | 1224/8189 [1:55:22<10:57:03,  5.66s/it]
 15%|█▍        | 1225/8189 [1:55:28<11:15:49,  5.82s/it]
 15%|█▍        | 1226/8189 [1:55:33<10:58:04,  5.67s/it]
 15%|█▍        | 1227/8189 [1:55:38<10:43:34,  5.55s/it]
 15%|█▍        | 1228/8189 [1:55:44<10:39:38,  5.51s/it]
 15%|█▌        | 1229/8189 [1:55:50<10:58:10,  5.67s/it]
 15%|█▌        | 1230/8189 [1:55:56<10:57:13,  5.67s/it]
 15%|█▌        | 1231/8189 [1:56:01<10:54:07,  5.64s/it]
 15%|█▌        | 1232/8189 [1:56:06<10:40:34,  5.52s/it]
 15%|█▌        | 1233/8189 [1:56:12<10:34:23,  5.47s/it]
 15%|█▌        | 1234/8189 [1:56:17<10:36:41,  5.49s/it]
 15%|█▌        | 1235/8189 [1:56:23<10:32:46,  5.46s/it]
 15%|█▌        | 1236/8189 [1:56:29<11:00:15,  5.70s/it]
 15%|█▌        | 1237/8189 [1:56:34<10:53:38,  5.64s/it]
 15%|█▌        | 1238/8189 [1:56:40<10:39:27,  5.52s/it]
 15%|█▌        | 1239/8189 [1:56:45<10:46:38,  5.58s/it]
 15%|█▌        | 1240/8189 [1:56:51<10:38:44,  5.52s/it]
 15%|█▌        | 1241/8189 [1:56:55<9:45:28,  5.06s/it] 
 15%|█▌        | 1242/8189 [1:57:00<9:57:28,  5.16s/it]
 15%|█▌        | 1243/8189 [1:57:06<10:15:03,  5.31s/it]
 15%|█▌        | 1244/8189 [1:57:10<9:54:05,  5.13s/it] 
 15%|█▌        | 1245/8189 [1:57:16<10:23:17,  5.39s/it]
 15%|█▌        | 1246/8189 [1:57:22<10:44:29,  5.57s/it]
 15%|█▌        | 1247/8189 [1:57:29<11:02:04,  5.72s/it]
 15%|█▌        | 1248/8189 [1:57:34<11:09:47,  5.79s/it]
 15%|█▌        | 1249/8189 [1:57:39<10:14:52,  5.32s/it]
 15%|█▌        | 1250/8189 [1:57:45<10:36:24,  5.50s/it]
 15%|█▌        | 1251/8189 [1:57:50<10:38:47,  5.52s/it]
 15%|█▌        | 1252/8189 [1:57:55<10:29:28,  5.44s/it]
 15%|█▌        | 1253/8189 [1:58:00<10:15:02,  5.32s/it]
 15%|█▌        | 1254/8189 [1:58:05<9:54:56,  5.15s/it] 
 15%|█▌        | 1255/8189 [1:58:11<9:59:54,  5.19s/it]
 15%|█▌        | 1256/8189 [1:58:16<10:26:44,  5.42s/it]
 15%|█▌        | 1257/8189 [1:58:23<10:49:42,  5.62s/it]
 15%|█▌        | 1258/8189 [1:58:28<10:44:35,  5.58s/it]
 15%|█▌        | 1259/8189 [1:58:34<10:52:49,  5.65s/it]
 15%|█▌        | 1260/8189 [1:58:39<10:33:35,  5.49s/it]
 15%|█▌        | 1261/8189 [1:58:46<11:13:39,  5.83s/it]
 15%|█▌        | 1262/8189 [1:58:51<10:55:47,  5.68s/it]
 15%|█▌        | 1263/8189 [1:58:57<10:59:57,  5.72s/it]
 15%|█▌        | 1264/8189 [1:59:03<11:05:09,  5.76s/it]
 15%|█▌        | 1265/8189 [1:59:08<11:01:18,  5.73s/it]
 15%|█▌        | 1266/8189 [1:59:13<10:43:06,  5.57s/it]
 15%|█▌        | 1267/8189 [1:59:19<10:57:57,  5.70s/it]
 15%|█▌        | 1268/8189 [1:59:25<10:50:52,  5.64s/it]
 15%|█▌        | 1269/8189 [1:59:30<10:45:26,  5.60s/it]
 16%|█▌        | 1270/8189 [1:59:36<10:27:57,  5.45s/it]
 16%|█▌        | 1271/8189 [1:59:42<10:49:36,  5.63s/it]
 16%|█▌        | 1272/8189 [1:59:48<10:57:24,  5.70s/it]
 16%|█▌        | 1273/8189 [1:59:54<11:12:00,  5.83s/it]
 16%|█▌        | 1274/8189 [1:59:59<11:06:03,  5.78s/it]
 16%|█▌        | 1275/8189 [2:00:05<11:00:31,  5.73s/it]
 16%|█▌        | 1276/8189 [2:00:11<11:15:34,  5.86s/it]
 16%|█▌        | 1277/8189 [2:00:17<11:20:29,  5.91s/it]
 16%|█▌        | 1278/8189 [2:00:22<11:00:36,  5.74s/it]
 16%|█▌        | 1279/8189 [2:00:28<10:53:49,  5.68s/it]
 16%|█▌        | 1280/8189 [2:00:34<10:48:44,  5.63s/it]
 16%|█▌        | 1281/8189 [2:00:40<11:11:14,  5.83s/it]
 16%|█▌        | 1282/8189 [2:00:46<11:07:10,  5.80s/it]
 16%|█▌        | 1283/8189 [2:00:51<10:58:57,  5.73s/it]
 16%|█▌        | 1284/8189 [2:00:57<11:10:15,  5.82s/it]
 16%|█▌        | 1285/8189 [2:01:02<10:44:00,  5.60s/it]
 16%|█▌        | 1286/8189 [2:01:08<10:43:38,  5.59s/it]
 16%|█▌        | 1287/8189 [2:01:13<10:46:58,  5.62s/it]
 16%|█▌        | 1288/8189 [2:01:19<10:56:45,  5.71s/it]
 16%|█▌        | 1289/8189 [2:01:25<10:54:59,  5.70s/it]
 16%|█▌        | 1290/8189 [2:01:31<10:48:01,  5.64s/it]
 16%|█▌        | 1291/8189 [2:01:36<10:44:02,  5.60s/it]
 16%|█▌        | 1292/8189 [2:01:42<10:46:45,  5.63s/it]
 16%|█▌        | 1293/8189 [2:01:47<10:48:11,  5.64s/it]
 16%|█▌        | 1294/8189 [2:01:52<10:25:06,  5.44s/it]
 16%|█▌        | 1295/8189 [2:01:59<10:49:08,  5.65s/it]
 16%|█▌        | 1296/8189 [2:02:04<10:38:54,  5.56s/it]
 16%|█▌        | 1297/8189 [2:02:09<10:24:47,  5.44s/it]
 16%|█▌        | 1298/8189 [2:02:15<10:31:22,  5.50s/it]
 16%|█▌        | 1299/8189 [2:02:21<10:49:02,  5.65s/it]
 16%|█▌        | 1300/8189 [2:02:27<11:07:21,  5.81s/it]
 16%|█▌        | 1301/8189 [2:02:33<11:14:49,  5.88s/it]
 16%|█▌        | 1302/8189 [2:02:39<11:22:16,  5.94s/it]
 16%|█▌        | 1303/8189 [2:02:45<11:10:24,  5.84s/it]
 16%|█▌        | 1304/8189 [2:02:50<11:01:40,  5.77s/it]
 16%|█▌        | 1305/8189 [2:02:56<10:53:40,  5.70s/it]
 16%|█▌        | 1306/8189 [2:03:01<10:39:36,  5.58s/it]
 16%|█▌        | 1307/8189 [2:03:07<10:37:23,  5.56s/it]
 16%|█▌        | 1308/8189 [2:03:12<10:47:54,  5.65s/it]
 16%|█▌        | 1309/8189 [2:03:18<10:40:45,  5.59s/it]
 16%|█▌        | 1310/8189 [2:03:23<10:20:53,  5.42s/it]
 16%|█▌        | 1311/8189 [2:03:28<10:14:25,  5.36s/it]
 16%|█▌        | 1312/8189 [2:03:34<10:39:44,  5.58s/it]
 16%|█▌        | 1313/8189 [2:03:39<10:27:47,  5.48s/it]
 16%|█▌        | 1314/8189 [2:03:45<10:32:58,  5.52s/it]
 16%|█▌        | 1315/8189 [2:03:51<10:32:53,  5.52s/it]
 16%|█▌        | 1316/8189 [2:03:56<10:35:02,  5.54s/it]
 16%|█▌        | 1317/8189 [2:04:02<10:30:04,  5.50s/it]
 16%|█▌        | 1318/8189 [2:04:07<10:38:29,  5.58s/it]
 16%|█▌        | 1319/8189 [2:04:13<10:33:41,  5.53s/it]
 16%|█▌        | 1320/8189 [2:04:19<10:48:00,  5.66s/it]
 16%|█▌        | 1321/8189 [2:04:24<10:19:24,  5.41s/it]
 16%|█▌        | 1322/8189 [2:04:30<10:48:33,  5.67s/it]
 16%|█▌        | 1323/8189 [2:04:35<10:38:06,  5.58s/it]
 16%|█▌        | 1324/8189 [2:04:41<10:50:31,  5.69s/it]
 16%|█▌        | 1325/8189 [2:04:47<10:51:09,  5.69s/it]
 16%|█▌        | 1326/8189 [2:04:53<10:53:52,  5.72s/it]
 16%|█▌        | 1327/8189 [2:04:57<10:22:00,  5.44s/it]
 16%|█▌        | 1328/8189 [2:05:03<10:19:56,  5.42s/it]
 16%|█▌        | 1329/8189 [2:05:09<10:31:53,  5.53s/it]
 16%|█▌        | 1330/8189 [2:05:14<10:14:12,  5.37s/it]
 16%|█▋        | 1331/8189 [2:05:18<9:54:53,  5.20s/it] 
 16%|█▋        | 1332/8189 [2:05:24<9:57:22,  5.23s/it]
 16%|█▋        | 1333/8189 [2:05:29<9:54:07,  5.20s/it]
 16%|█▋        | 1334/8189 [2:05:34<10:01:21,  5.26s/it]
 16%|█▋        | 1335/8189 [2:05:38<9:17:55,  4.88s/it] 
 16%|█▋        | 1336/8189 [2:05:44<9:45:51,  5.13s/it]
 16%|█▋        | 1337/8189 [2:05:49<9:37:19,  5.06s/it]
 16%|█▋        | 1338/8189 [2:05:55<10:08:30,  5.33s/it]
 16%|█▋        | 1339/8189 [2:06:00<9:58:44,  5.24s/it] 
 16%|█▋        | 1340/8189 [2:06:05<10:02:50,  5.28s/it]
 16%|█▋        | 1341/8189 [2:06:11<10:14:18,  5.38s/it]
 16%|█▋        | 1342/8189 [2:06:16<10:14:51,  5.39s/it]
 16%|█▋        | 1343/8189 [2:06:21<9:52:19,  5.19s/it] 
 16%|█▋        | 1344/8189 [2:06:26<9:51:06,  5.18s/it]
 16%|█▋        | 1345/8189 [2:06:32<10:08:22,  5.33s/it]
 16%|█▋        | 1346/8189 [2:06:37<10:10:08,  5.35s/it]
 16%|█▋        | 1347/8189 [2:06:43<10:17:49,  5.42s/it]
 16%|█▋        | 1348/8189 [2:06:49<10:49:47,  5.70s/it]
 16%|█▋        | 1349/8189 [2:06:54<10:39:50,  5.61s/it]
 16%|█▋        | 1350/8189 [2:07:00<10:30:33,  5.53s/it]
 16%|█▋        | 1351/8189 [2:07:05<10:02:19,  5.29s/it]
 17%|█▋        | 1352/8189 [2:07:10<10:07:45,  5.33s/it]
 17%|█▋        | 1353/8189 [2:07:16<10:29:04,  5.52s/it]
 17%|█▋        | 1354/8189 [2:07:22<10:54:06,  5.74s/it]
 17%|█▋        | 1355/8189 [2:07:28<10:56:48,  5.77s/it]
 17%|█▋        | 1356/8189 [2:07:34<10:57:38,  5.77s/it]
 17%|█▋        | 1357/8189 [2:07:40<11:03:13,  5.82s/it]
 17%|█▋        | 1358/8189 [2:07:44<10:24:55,  5.49s/it]
 17%|█▋        | 1359/8189 [2:07:50<10:20:09,  5.45s/it]
 17%|█▋        | 1360/8189 [2:07:56<10:49:37,  5.71s/it]
 17%|█▋        | 1361/8189 [2:08:02<10:40:27,  5.63s/it]
 17%|█▋        | 1362/8189 [2:08:07<10:20:05,  5.45s/it]
 17%|█▋        | 1363/8189 [2:08:12<10:13:24,  5.39s/it]
 17%|█▋        | 1364/8189 [2:08:18<10:41:44,  5.64s/it]
 17%|█▋        | 1365/8189 [2:08:24<10:51:43,  5.73s/it]
 17%|█▋        | 1366/8189 [2:08:29<10:37:07,  5.60s/it]
 17%|█▋        | 1367/8189 [2:08:35<10:23:23,  5.48s/it]
 17%|█▋        | 1368/8189 [2:08:40<10:15:59,  5.42s/it]
 17%|█▋        | 1369/8189 [2:08:45<10:08:45,  5.36s/it]
 17%|█▋        | 1370/8189 [2:08:51<10:22:08,  5.47s/it]
 17%|█▋        | 1371/8189 [2:08:56<10:15:26,  5.42s/it]
 17%|█▋        | 1372/8189 [2:09:02<10:32:14,  5.56s/it]
 17%|█▋        | 1373/8189 [2:09:08<10:51:32,  5.74s/it]
 17%|█▋        | 1374/8189 [2:09:14<10:50:26,  5.73s/it]
 17%|█▋        | 1375/8189 [2:09:20<11:07:03,  5.87s/it]
 17%|█▋        | 1376/8189 [2:09:25<10:34:44,  5.59s/it]
 17%|█▋        | 1377/8189 [2:09:30<10:32:34,  5.57s/it]
 17%|█▋        | 1378/8189 [2:09:37<10:49:17,  5.72s/it]
 17%|█▋        | 1379/8189 [2:09:43<11:06:21,  5.87s/it]
 17%|█▋        | 1380/8189 [2:09:48<10:54:13,  5.76s/it]
 17%|█▋        | 1381/8189 [2:09:54<10:53:42,  5.76s/it]
 17%|█▋        | 1382/8189 [2:09:58<9:56:07,  5.25s/it] 
 17%|█▋        | 1383/8189 [2:10:04<10:09:33,  5.37s/it]
 17%|█▋        | 1384/8189 [2:10:10<10:25:48,  5.52s/it]
 17%|█▋        | 1385/8189 [2:10:15<10:27:23,  5.53s/it]
 17%|█▋        | 1386/8189 [2:10:21<10:32:47,  5.58s/it]
 17%|█▋        | 1387/8189 [2:10:26<10:25:22,  5.52s/it]
 17%|█▋        | 1388/8189 [2:10:32<10:47:53,  5.72s/it]
 17%|█▋        | 1389/8189 [2:10:39<11:01:51,  5.84s/it]
 17%|█▋        | 1390/8189 [2:10:44<10:42:38,  5.67s/it]
 17%|█▋        | 1391/8189 [2:10:50<11:02:34,  5.85s/it]
 17%|█▋        | 1392/8189 [2:10:56<11:07:05,  5.89s/it]
 17%|█▋        | 1393/8189 [2:11:02<10:57:23,  5.80s/it]
 17%|█▋        | 1394/8189 [2:11:07<10:47:50,  5.72s/it]
 17%|█▋        | 1395/8189 [2:11:12<10:22:31,  5.50s/it]
 17%|█▋        | 1396/8189 [2:11:18<10:38:34,  5.64s/it]
 17%|█▋        | 1397/8189 [2:11:24<10:33:40,  5.60s/it]
 17%|█▋        | 1398/8189 [2:11:30<10:46:35,  5.71s/it]
 17%|█▋        | 1399/8189 [2:11:35<10:39:08,  5.65s/it]
 17%|█▋        | 1400/8189 [2:11:41<10:49:58,  5.74s/it]
 17%|█▋        | 1401/8189 [2:11:46<10:32:02,  5.59s/it]
 17%|█▋        | 1402/8189 [2:11:52<10:21:43,  5.50s/it]
 17%|█▋        | 1403/8189 [2:11:58<10:36:42,  5.63s/it]
 17%|█▋        | 1404/8189 [2:12:03<10:33:35,  5.60s/it]
 17%|█▋        | 1405/8189 [2:12:09<10:53:17,  5.78s/it]
 17%|█▋        | 1406/8189 [2:12:14<10:22:47,  5.51s/it]
 17%|█▋        | 1407/8189 [2:12:21<10:53:27,  5.78s/it]
 17%|█▋        | 1408/8189 [2:12:26<10:35:06,  5.62s/it]
 17%|█▋        | 1409/8189 [2:12:31<10:36:20,  5.63s/it]
 17%|█▋        | 1410/8189 [2:12:37<10:33:30,  5.61s/it]
 17%|█▋        | 1411/8189 [2:12:42<10:09:14,  5.39s/it]
 17%|█▋        | 1412/8189 [2:12:47<10:00:56,  5.32s/it]
 17%|█▋        | 1413/8189 [2:12:53<10:15:56,  5.45s/it]
 17%|█▋        | 1414/8189 [2:12:58<10:20:31,  5.50s/it]
 17%|█▋        | 1415/8189 [2:13:04<10:07:46,  5.38s/it]
 17%|█▋        | 1416/8189 [2:13:09<10:14:07,  5.44s/it]
 17%|█▋        | 1417/8189 [2:13:15<10:13:25,  5.43s/it]
 17%|█▋        | 1418/8189 [2:13:21<10:49:46,  5.76s/it]
 17%|█▋        | 1419/8189 [2:13:26<10:28:34,  5.57s/it]
 17%|█▋        | 1420/8189 [2:13:32<10:44:48,  5.72s/it]
 17%|█▋        | 1421/8189 [2:13:38<10:36:17,  5.64s/it]
 17%|█▋        | 1422/8189 [2:13:44<10:51:59,  5.78s/it]
 17%|█▋        | 1423/8189 [2:13:49<10:40:22,  5.68s/it]
 17%|█▋        | 1424/8189 [2:13:55<10:33:21,  5.62s/it]
 17%|█▋        | 1425/8189 [2:14:01<10:44:52,  5.72s/it]
 17%|█▋        | 1426/8189 [2:14:06<10:18:49,  5.49s/it]
 17%|█▋        | 1427/8189 [2:14:11<10:02:01,  5.34s/it]
 17%|█▋        | 1428/8189 [2:14:17<10:38:55,  5.67s/it]
 17%|█▋        | 1429/8189 [2:14:22<10:25:28,  5.55s/it]
 17%|█▋        | 1430/8189 [2:14:29<10:52:45,  5.79s/it]
 17%|█▋        | 1431/8189 [2:14:34<10:22:27,  5.53s/it]
 17%|█▋        | 1432/8189 [2:14:38<9:59:04,  5.32s/it] 
 17%|█▋        | 1433/8189 [2:14:43<9:49:04,  5.23s/it]
 18%|█▊        | 1434/8189 [2:14:50<10:16:59,  5.48s/it]
 18%|█▊        | 1435/8189 [2:14:55<10:09:55,  5.42s/it]
 18%|█▊        | 1436/8189 [2:15:00<10:06:02,  5.38s/it]
 18%|█▊        | 1437/8189 [2:15:06<10:16:35,  5.48s/it]
 18%|█▊        | 1438/8189 [2:15:12<10:30:31,  5.60s/it]
 18%|█▊        | 1439/8189 [2:15:16<9:39:42,  5.15s/it] 
 18%|█▊        | 1440/8189 [2:15:21<9:38:47,  5.15s/it]
 18%|█▊        | 1441/8189 [2:15:26<9:44:58,  5.20s/it]
 18%|█▊        | 1442/8189 [2:15:32<10:04:11,  5.37s/it]
 18%|█▊        | 1443/8189 [2:15:37<9:44:21,  5.20s/it] 
 18%|█▊        | 1444/8189 [2:15:43<10:15:08,  5.47s/it]
 18%|█▊        | 1445/8189 [2:15:48<10:03:21,  5.37s/it]
 18%|█▊        | 1446/8189 [2:15:53<9:46:38,  5.22s/it] 
 18%|█▊        | 1447/8189 [2:15:59<10:14:15,  5.47s/it]
 18%|█▊        | 1448/8189 [2:16:05<10:24:13,  5.56s/it]
 18%|█▊        | 1449/8189 [2:16:10<10:23:46,  5.55s/it]
 18%|█▊        | 1450/8189 [2:16:16<10:20:42,  5.53s/it]
 18%|█▊        | 1451/8189 [2:16:20<9:38:53,  5.15s/it] 
 18%|█▊        | 1452/8189 [2:16:25<9:31:40,  5.09s/it]
 18%|█▊        | 1453/8189 [2:16:30<9:28:32,  5.06s/it]
 18%|█▊        | 1454/8189 [2:16:35<9:27:49,  5.06s/it]
 18%|█▊        | 1455/8189 [2:16:41<9:56:02,  5.31s/it]
 18%|█▊        | 1456/8189 [2:16:47<10:32:00,  5.63s/it]
 18%|█▊        | 1457/8189 [2:16:53<10:34:23,  5.65s/it]
 18%|█▊        | 1458/8189 [2:16:58<9:56:25,  5.32s/it] 
 18%|█▊        | 1459/8189 [2:17:03<10:06:21,  5.41s/it]
 18%|█▊        | 1460/8189 [2:17:09<10:17:07,  5.50s/it]
 18%|█▊        | 1461/8189 [2:17:14<10:04:52,  5.39s/it]
 18%|█▊        | 1462/8189 [2:17:20<10:16:57,  5.50s/it]
 18%|█▊        | 1463/8189 [2:17:26<10:42:26,  5.73s/it]
 18%|█▊        | 1464/8189 [2:17:31<10:17:40,  5.51s/it]
 18%|█▊        | 1465/8189 [2:17:37<10:32:45,  5.65s/it]
 18%|█▊        | 1466/8189 [2:17:43<10:33:21,  5.65s/it]
 18%|█▊        | 1467/8189 [2:17:48<10:26:19,  5.59s/it]
 18%|█▊        | 1468/8189 [2:17:53<10:17:59,  5.52s/it]
 18%|█▊        | 1469/8189 [2:17:59<10:02:02,  5.38s/it]
 18%|█▊        | 1470/8189 [2:18:04<10:11:19,  5.46s/it]
 18%|█▊        | 1471/8189 [2:18:10<10:15:50,  5.50s/it]
 18%|█▊        | 1472/8189 [2:18:15<10:02:13,  5.38s/it]
 18%|█▊        | 1473/8189 [2:18:20<9:49:14,  5.26s/it] 
 18%|█▊        | 1474/8189 [2:18:25<9:51:59,  5.29s/it]
 18%|█▊        | 1475/8189 [2:18:30<9:34:32,  5.13s/it]
 18%|█▊        | 1476/8189 [2:18:35<9:33:34,  5.13s/it]
 18%|█▊        | 1477/8189 [2:18:41<9:59:56,  5.36s/it]
 18%|█▊        | 1478/8189 [2:18:46<9:45:30,  5.23s/it]
 18%|█▊        | 1479/8189 [2:18:51<9:31:49,  5.11s/it]
 18%|█▊        | 1480/8189 [2:18:55<9:15:49,  4.97s/it]
 18%|█▊        | 1481/8189 [2:19:02<10:03:06,  5.39s/it]
 18%|█▊        | 1482/8189 [2:19:07<9:58:24,  5.35s/it] 
 18%|█▊        | 1483/8189 [2:19:13<10:02:22,  5.39s/it]
 18%|█▊        | 1484/8189 [2:19:19<10:40:51,  5.73s/it]
 18%|█▊        | 1485/8189 [2:19:24<10:26:43,  5.61s/it]
 18%|█▊        | 1486/8189 [2:19:30<10:38:54,  5.72s/it]
 18%|█▊        | 1487/8189 [2:19:35<10:10:16,  5.46s/it]
 18%|█▊        | 1488/8189 [2:19:41<10:25:06,  5.60s/it]
 18%|█▊        | 1489/8189 [2:19:47<10:27:51,  5.62s/it]
 18%|█▊        | 1490/8189 [2:19:52<10:10:50,  5.47s/it]
 18%|█▊        | 1491/8189 [2:19:57<10:09:41,  5.46s/it]
 18%|█▊        | 1492/8189 [2:20:03<10:20:35,  5.56s/it]
 18%|█▊        | 1493/8189 [2:20:08<10:10:08,  5.47s/it]
 18%|█▊        | 1494/8189 [2:20:13<9:46:12,  5.25s/it] 
 18%|█▊        | 1495/8189 [2:20:19<9:58:23,  5.36s/it]
 18%|█▊        | 1496/8189 [2:20:25<10:23:14,  5.59s/it]
 18%|█▊        | 1497/8189 [2:20:30<10:22:27,  5.58s/it]
 18%|█▊        | 1498/8189 [2:20:36<10:24:52,  5.60s/it]
 18%|█▊        | 1499/8189 [2:20:42<10:19:19,  5.55s/it]
 18%|█▊        | 1500/8189 [2:20:48<10:35:02,  5.70s/it]
 18%|█▊        | 1501/8189 [2:20:54<10:49:26,  5.83s/it]
 18%|█▊        | 1502/8189 [2:20:59<10:32:54,  5.68s/it]
 18%|█▊        | 1503/8189 [2:21:05<10:50:10,  5.83s/it]
 18%|█▊        | 1504/8189 [2:21:11<10:52:48,  5.86s/it]
 18%|█▊        | 1505/8189 [2:21:17<10:50:22,  5.84s/it]
 18%|█▊        | 1506/8189 [2:21:22<10:39:35,  5.74s/it]
 18%|█▊        | 1507/8189 [2:21:28<10:29:43,  5.65s/it]
 18%|█▊        | 1508/8189 [2:21:32<9:47:36,  5.28s/it] 
 18%|█▊        | 1509/8189 [2:21:38<9:47:26,  5.28s/it]
 18%|█▊        | 1510/8189 [2:21:43<9:49:50,  5.30s/it]
 18%|█▊        | 1511/8189 [2:21:49<10:12:06,  5.50s/it]
 18%|█▊        | 1512/8189 [2:21:55<10:22:40,  5.60s/it]
 18%|█▊        | 1513/8189 [2:21:59<9:55:01,  5.35s/it] 
 18%|█▊        | 1514/8189 [2:22:06<10:18:58,  5.56s/it]
 19%|█▊        | 1515/8189 [2:22:11<10:01:41,  5.41s/it]
 19%|█▊        | 1516/8189 [2:22:16<10:13:52,  5.52s/it]
 19%|█▊        | 1517/8189 [2:22:22<10:27:38,  5.64s/it]
 19%|█▊        | 1518/8189 [2:22:28<10:16:26,  5.54s/it]
 19%|█▊        | 1519/8189 [2:22:34<10:31:32,  5.68s/it]
 19%|█▊        | 1520/8189 [2:22:40<10:39:52,  5.76s/it]
 19%|█▊        | 1521/8189 [2:22:45<10:29:32,  5.66s/it]
 19%|█▊        | 1522/8189 [2:22:49<9:35:40,  5.18s/it] 
 19%|█▊        | 1523/8189 [2:22:55<9:46:03,  5.28s/it]
 19%|█▊        | 1524/8189 [2:23:00<9:52:29,  5.33s/it]
 19%|█▊        | 1525/8189 [2:23:05<9:33:05,  5.16s/it]
 19%|█▊        | 1526/8189 [2:23:10<9:41:22,  5.24s/it]
 19%|█▊        | 1527/8189 [2:23:15<9:34:14,  5.17s/it]
 19%|█▊        | 1528/8189 [2:23:21<10:05:41,  5.46s/it]
 19%|█▊        | 1529/8189 [2:23:27<10:14:46,  5.54s/it]
 19%|█▊        | 1530/8189 [2:23:32<10:04:46,  5.45s/it]
 19%|█▊        | 1531/8189 [2:23:38<10:18:33,  5.57s/it]
 19%|█▊        | 1532/8189 [2:23:44<10:32:04,  5.70s/it]
 19%|█▊        | 1533/8189 [2:23:49<10:13:22,  5.53s/it]
 19%|█▊        | 1534/8189 [2:23:55<10:04:28,  5.45s/it]
 19%|█▊        | 1535/8189 [2:24:00<10:17:57,  5.57s/it]
 19%|█▉        | 1536/8189 [2:24:06<10:04:08,  5.45s/it]
 19%|█▉        | 1537/8189 [2:24:11<10:06:18,  5.47s/it]
 19%|█▉        | 1538/8189 [2:24:17<10:14:03,  5.54s/it]
 19%|█▉        | 1539/8189 [2:24:23<10:23:02,  5.62s/it]
 19%|█▉        | 1540/8189 [2:24:28<10:12:53,  5.53s/it]
 19%|█▉        | 1541/8189 [2:24:34<10:18:16,  5.58s/it]
 19%|█▉        | 1542/8189 [2:24:39<10:24:13,  5.63s/it]
 19%|█▉        | 1543/8189 [2:24:45<10:20:36,  5.60s/it]
 19%|█▉        | 1544/8189 [2:24:50<10:08:16,  5.49s/it]
 19%|█▉        | 1545/8189 [2:24:55<9:51:38,  5.34s/it] 
 19%|█▉        | 1546/8189 [2:25:01<10:20:11,  5.60s/it]
 19%|█▉        | 1547/8189 [2:25:07<10:11:55,  5.53s/it]
 19%|█▉        | 1548/8189 [2:25:12<9:50:17,  5.33s/it] 
 19%|█▉        | 1549/8189 [2:25:17<9:48:32,  5.32s/it]
 19%|█▉        | 1550/8189 [2:25:22<9:33:57,  5.19s/it]
 19%|█▉        | 1551/8189 [2:25:27<9:38:41,  5.23s/it]
 19%|█▉        | 1552/8189 [2:25:32<9:26:47,  5.12s/it]
 19%|█▉        | 1553/8189 [2:25:37<9:11:18,  4.98s/it]
 19%|█▉        | 1554/8189 [2:25:43<9:56:40,  5.40s/it]
 19%|█▉        | 1555/8189 [2:25:50<10:41:04,  5.80s/it]
 19%|█▉        | 1556/8189 [2:25:56<10:42:07,  5.81s/it]
 19%|█▉        | 1557/8189 [2:26:01<10:43:30,  5.82s/it]
 19%|█▉        | 1558/8189 [2:26:07<10:29:03,  5.69s/it]
 19%|█▉        | 1559/8189 [2:26:13<10:36:30,  5.76s/it]
 19%|█▉        | 1560/8189 [2:26:18<10:17:53,  5.59s/it]
 19%|█▉        | 1561/8189 [2:26:23<10:07:11,  5.50s/it]
 19%|█▉        | 1562/8189 [2:26:29<10:22:04,  5.63s/it]
 19%|█▉        | 1563/8189 [2:26:35<10:40:13,  5.80s/it]
 19%|█▉        | 1564/8189 [2:26:41<10:40:44,  5.80s/it]
 19%|█▉        | 1565/8189 [2:26:46<10:07:49,  5.51s/it]
 19%|█▉        | 1566/8189 [2:26:51<9:59:31,  5.43s/it] 
 19%|█▉        | 1567/8189 [2:26:57<10:03:49,  5.47s/it]
 19%|█▉        | 1568/8189 [2:27:02<9:59:03,  5.43s/it] 
 19%|█▉        | 1569/8189 [2:27:08<10:09:48,  5.53s/it]
 19%|█▉        | 1570/8189 [2:27:14<10:16:07,  5.59s/it]
 19%|█▉        | 1571/8189 [2:27:19<10:23:39,  5.65s/it]
 19%|█▉        | 1572/8189 [2:27:24<10:05:08,  5.49s/it]
 19%|█▉        | 1573/8189 [2:27:30<10:04:39,  5.48s/it]
 19%|█▉        | 1574/8189 [2:27:36<10:22:47,  5.65s/it]
 19%|█▉        | 1575/8189 [2:27:42<10:27:25,  5.69s/it]
 19%|█▉        | 1576/8189 [2:27:46<9:52:02,  5.37s/it] 
 19%|█▉        | 1577/8189 [2:27:53<10:21:32,  5.64s/it]
 19%|█▉        | 1578/8189 [2:27:59<10:28:37,  5.71s/it]
 19%|█▉        | 1579/8189 [2:28:04<10:28:07,  5.70s/it]
 19%|█▉        | 1580/8189 [2:28:09<10:08:23,  5.52s/it]
 19%|█▉        | 1581/8189 [2:28:14<9:53:50,  5.39s/it] 
 19%|█▉        | 1582/8189 [2:28:20<9:57:09,  5.42s/it]
 19%|█▉        | 1583/8189 [2:28:25<9:55:25,  5.41s/it]
 19%|█▉        | 1584/8189 [2:28:31<9:58:34,  5.44s/it]
 19%|█▉        | 1585/8189 [2:28:36<10:06:53,  5.51s/it]
 19%|█▉        | 1586/8189 [2:28:42<10:12:23,  5.56s/it]
 19%|█▉        | 1587/8189 [2:28:48<10:31:34,  5.74s/it]
 19%|█▉        | 1588/8189 [2:28:53<10:03:43,  5.49s/it]
 19%|█▉        | 1589/8189 [2:29:00<10:42:14,  5.84s/it]
 19%|█▉        | 1590/8189 [2:29:07<11:14:31,  6.13s/it]
 19%|█▉        | 1591/8189 [2:29:13<11:17:03,  6.16s/it]
 19%|█▉        | 1592/8189 [2:29:18<10:39:26,  5.82s/it]
 19%|█▉        | 1593/8189 [2:29:24<10:43:10,  5.85s/it]
 19%|█▉        | 1594/8189 [2:29:29<10:12:00,  5.57s/it]
 19%|█▉        | 1595/8189 [2:29:34<10:10:13,  5.55s/it]
 19%|█▉        | 1596/8189 [2:29:39<9:49:48,  5.37s/it] 
 20%|█▉        | 1597/8189 [2:29:45<9:47:07,  5.34s/it]
 20%|█▉        | 1598/8189 [2:29:51<10:15:51,  5.61s/it]
 20%|█▉        | 1599/8189 [2:29:57<10:51:42,  5.93s/it]
 20%|█▉        | 1600/8189 [2:30:04<11:01:06,  6.02s/it]
 20%|█▉        | 1601/8189 [2:30:10<11:03:52,  6.05s/it]
 20%|█▉        | 1602/8189 [2:30:16<10:54:19,  5.96s/it]
 20%|█▉        | 1603/8189 [2:30:22<11:02:12,  6.03s/it]
 20%|█▉        | 1604/8189 [2:30:28<11:16:53,  6.17s/it]
 20%|█▉        | 1605/8189 [2:30:33<10:26:12,  5.71s/it]
 20%|█▉        | 1606/8189 [2:30:38<10:04:16,  5.51s/it]
 20%|█▉        | 1607/8189 [2:30:43<10:07:27,  5.54s/it]
 20%|█▉        | 1608/8189 [2:30:48<9:38:53,  5.28s/it] 
 20%|█▉        | 1609/8189 [2:30:54<9:41:37,  5.30s/it]
 20%|█▉        | 1610/8189 [2:30:59<9:53:15,  5.41s/it]
 20%|█▉        | 1611/8189 [2:31:05<10:04:44,  5.52s/it]
 20%|█▉        | 1612/8189 [2:31:11<10:09:49,  5.56s/it]
 20%|█▉        | 1613/8189 [2:31:17<10:22:00,  5.68s/it]
 20%|█▉        | 1614/8189 [2:31:23<10:46:45,  5.90s/it]
 20%|█▉        | 1615/8189 [2:31:29<10:37:38,  5.82s/it]
 20%|█▉        | 1616/8189 [2:31:34<10:33:06,  5.78s/it]
 20%|█▉        | 1617/8189 [2:31:41<10:52:02,  5.95s/it]
 20%|█▉        | 1618/8189 [2:31:47<10:51:19,  5.95s/it]
 20%|█▉        | 1619/8189 [2:31:53<11:09:12,  6.11s/it]
 20%|█▉        | 1620/8189 [2:31:59<10:51:27,  5.95s/it]
 20%|█▉        | 1621/8189 [2:32:05<10:52:30,  5.96s/it]
 20%|█▉        | 1622/8189 [2:32:11<10:55:26,  5.99s/it]
 20%|█▉        | 1623/8189 [2:32:17<11:02:03,  6.05s/it]
 20%|█▉        | 1624/8189 [2:32:23<10:49:18,  5.93s/it]
 20%|█▉        | 1625/8189 [2:32:28<10:36:04,  5.81s/it]
 20%|█▉        | 1626/8189 [2:32:34<10:28:52,  5.75s/it]
 20%|█▉        | 1627/8189 [2:32:39<10:04:40,  5.53s/it]
 20%|█▉        | 1628/8189 [2:32:44<9:41:34,  5.32s/it] 
 20%|█▉        | 1629/8189 [2:32:49<9:31:29,  5.23s/it]
 20%|█▉        | 1630/8189 [2:32:54<9:44:39,  5.35s/it]
 20%|█▉        | 1631/8189 [2:33:00<10:12:21,  5.60s/it]
 20%|█▉        | 1632/8189 [2:33:06<10:24:41,  5.72s/it]
 20%|█▉        | 1633/8189 [2:33:12<10:29:13,  5.76s/it]
 20%|█▉        | 1634/8189 [2:33:18<10:14:56,  5.63s/it]
 20%|█▉        | 1635/8189 [2:33:23<10:22:08,  5.70s/it]
 20%|█▉        | 1636/8189 [2:33:29<10:31:04,  5.78s/it]
 20%|█▉        | 1637/8189 [2:33:35<10:35:37,  5.82s/it]
 20%|██        | 1638/8189 [2:33:42<11:14:17,  6.18s/it]
 20%|██        | 1639/8189 [2:33:49<11:25:41,  6.28s/it]
 20%|██        | 1640/8189 [2:33:55<11:15:12,  6.19s/it]
 20%|██        | 1641/8189 [2:33:59<10:27:33,  5.75s/it]
 20%|██        | 1642/8189 [2:34:05<10:27:18,  5.75s/it]
 20%|██        | 1643/8189 [2:34:11<10:25:05,  5.73s/it]
 20%|██        | 1644/8189 [2:34:16<10:00:46,  5.51s/it]
 20%|██        | 1645/8189 [2:34:21<9:30:49,  5.23s/it] 
 20%|██        | 1646/8189 [2:34:25<9:19:31,  5.13s/it]
 20%|██        | 1647/8189 [2:34:30<9:09:16,  5.04s/it]
 20%|██        | 1648/8189 [2:34:36<9:27:52,  5.21s/it]
 20%|██        | 1649/8189 [2:34:41<9:35:29,  5.28s/it]
 20%|██        | 1650/8189 [2:34:47<9:59:32,  5.50s/it]
 20%|██        | 1651/8189 [2:34:53<10:18:05,  5.67s/it]
 20%|██        | 1652/8189 [2:34:58<9:52:22,  5.44s/it] 
 20%|██        | 1653/8189 [2:35:04<10:04:16,  5.55s/it]
 20%|██        | 1654/8189 [2:35:09<9:40:05,  5.33s/it] 
 20%|██        | 1655/8189 [2:35:14<9:48:21,  5.40s/it]
 20%|██        | 1656/8189 [2:35:21<10:14:37,  5.64s/it]
 20%|██        | 1657/8189 [2:35:27<10:22:41,  5.72s/it]
 20%|██        | 1658/8189 [2:35:32<10:25:20,  5.75s/it]
 20%|██        | 1659/8189 [2:35:39<10:47:52,  5.95s/it]
 20%|██        | 1660/8189 [2:35:45<11:06:36,  6.13s/it]
 20%|██        | 1661/8189 [2:35:52<11:08:13,  6.14s/it]
 20%|██        | 1662/8189 [2:35:58<11:15:43,  6.21s/it]
 20%|██        | 1663/8189 [2:36:03<10:45:26,  5.93s/it]
 20%|██        | 1664/8189 [2:36:09<10:33:11,  5.82s/it]
 20%|██        | 1665/8189 [2:36:15<10:37:04,  5.86s/it]
 20%|██        | 1666/8189 [2:36:20<10:34:28,  5.84s/it]
 20%|██        | 1667/8189 [2:36:26<10:22:03,  5.72s/it]
 20%|██        | 1668/8189 [2:36:31<10:06:33,  5.58s/it]
 20%|██        | 1669/8189 [2:36:37<10:30:17,  5.80s/it]
 20%|██        | 1670/8189 [2:36:42<9:45:59,  5.39s/it] 
 20%|██        | 1671/8189 [2:36:47<9:46:06,  5.40s/it]
 20%|██        | 1672/8189 [2:36:53<10:07:46,  5.60s/it]
 20%|██        | 1673/8189 [2:36:58<9:44:26,  5.38s/it] 
 20%|██        | 1674/8189 [2:37:03<9:17:49,  5.14s/it]
 20%|██        | 1675/8189 [2:37:08<9:25:48,  5.21s/it]
 20%|██        | 1676/8189 [2:37:13<8:59:42,  4.97s/it]
 20%|██        | 1677/8189 [2:37:17<8:36:44,  4.76s/it]
 20%|██        | 1678/8189 [2:37:22<9:02:02,  4.99s/it]
 21%|██        | 1679/8189 [2:37:28<9:08:08,  5.05s/it]
 21%|██        | 1680/8189 [2:37:33<9:26:33,  5.22s/it]
 21%|██        | 1681/8189 [2:37:38<9:01:13,  4.99s/it]
 21%|██        | 1682/8189 [2:37:43<9:06:48,  5.04s/it]
 21%|██        | 1683/8189 [2:37:49<9:27:30,  5.23s/it]
 21%|██        | 1684/8189 [2:37:54<9:31:11,  5.27s/it]
 21%|██        | 1685/8189 [2:38:00<9:49:29,  5.44s/it]
 21%|██        | 1686/8189 [2:38:05<9:51:04,  5.45s/it]
 21%|██        | 1687/8189 [2:38:12<10:24:42,  5.76s/it]
 21%|██        | 1688/8189 [2:38:18<10:27:33,  5.79s/it]
 21%|██        | 1689/8189 [2:38:23<10:10:45,  5.64s/it]
 21%|██        | 1690/8189 [2:38:28<10:01:32,  5.55s/it]
 21%|██        | 1691/8189 [2:38:32<9:18:10,  5.15s/it] 
 21%|██        | 1692/8189 [2:38:37<9:05:43,  5.04s/it]
 21%|██        | 1693/8189 [2:38:43<9:24:36,  5.22s/it]
 21%|██        | 1694/8189 [2:38:49<9:44:01,  5.40s/it]
 21%|██        | 1695/8189 [2:38:55<10:03:22,  5.57s/it]
 21%|██        | 1696/8189 [2:39:01<10:27:19,  5.80s/it]
 21%|██        | 1697/8189 [2:39:07<10:39:14,  5.91s/it]
 21%|██        | 1698/8189 [2:39:12<10:08:32,  5.63s/it]
 21%|██        | 1699/8189 [2:39:18<10:03:08,  5.58s/it]
 21%|██        | 1700/8189 [2:39:23<10:09:47,  5.64s/it]
 21%|██        | 1701/8189 [2:39:29<10:06:47,  5.61s/it]
 21%|██        | 1702/8189 [2:39:34<9:48:14,  5.44s/it] 
 21%|██        | 1703/8189 [2:39:39<9:39:12,  5.36s/it]
 21%|██        | 1704/8189 [2:39:44<9:39:18,  5.36s/it]
 21%|██        | 1705/8189 [2:39:50<9:52:44,  5.48s/it]
 21%|██        | 1706/8189 [2:39:56<10:00:06,  5.55s/it]
 21%|██        | 1707/8189 [2:40:02<10:15:41,  5.70s/it]
 21%|██        | 1708/8189 [2:40:08<10:17:38,  5.72s/it]
 21%|██        | 1709/8189 [2:40:13<9:56:55,  5.53s/it] 
 21%|██        | 1710/8189 [2:40:17<9:28:45,  5.27s/it]
 21%|██        | 1711/8189 [2:40:24<9:53:40,  5.50s/it]
 21%|██        | 1712/8189 [2:40:29<9:47:32,  5.44s/it]
 21%|██        | 1713/8189 [2:40:34<9:47:16,  5.44s/it]
 21%|██        | 1714/8189 [2:40:40<9:41:49,  5.39s/it]
 21%|██        | 1715/8189 [2:40:45<9:54:14,  5.51s/it]
 21%|██        | 1716/8189 [2:40:51<9:45:15,  5.42s/it]
 21%|██        | 1717/8189 [2:40:56<10:01:14,  5.57s/it]
 21%|██        | 1718/8189 [2:41:03<10:22:30,  5.77s/it]
 21%|██        | 1719/8189 [2:41:08<10:20:39,  5.76s/it]
 21%|██        | 1720/8189 [2:41:13<9:44:48,  5.42s/it] 
 21%|██        | 1721/8189 [2:41:19<9:59:54,  5.56s/it]
 21%|██        | 1722/8189 [2:41:26<10:36:26,  5.90s/it]
 21%|██        | 1723/8189 [2:41:31<10:28:27,  5.83s/it]
 21%|██        | 1724/8189 [2:41:37<10:07:35,  5.64s/it]
 21%|██        | 1725/8189 [2:41:42<10:05:13,  5.62s/it]
 21%|██        | 1726/8189 [2:41:47<9:49:05,  5.47s/it] 
 21%|██        | 1727/8189 [2:41:54<10:45:23,  5.99s/it]
 21%|██        | 1728/8189 [2:42:00<10:44:54,  5.99s/it]
 21%|██        | 1729/8189 [2:42:06<10:46:15,  6.00s/it]
 21%|██        | 1730/8189 [2:42:13<10:58:12,  6.11s/it]
 21%|██        | 1731/8189 [2:42:18<10:26:40,  5.82s/it]
 21%|██        | 1732/8189 [2:42:23<10:05:57,  5.63s/it]
 21%|██        | 1733/8189 [2:42:29<9:57:51,  5.56s/it] 
 21%|██        | 1734/8189 [2:42:35<10:15:12,  5.72s/it]
 21%|██        | 1735/8189 [2:42:41<10:42:34,  5.97s/it]
 21%|██        | 1736/8189 [2:42:47<10:32:06,  5.88s/it]
 21%|██        | 1737/8189 [2:42:53<10:46:37,  6.01s/it]
 21%|██        | 1738/8189 [2:42:59<10:53:12,  6.08s/it]
 21%|██        | 1739/8189 [2:43:06<10:55:25,  6.10s/it]
 21%|██        | 1740/8189 [2:43:11<10:40:48,  5.96s/it]
 21%|██▏       | 1741/8189 [2:43:17<10:31:24,  5.88s/it]
 21%|██▏       | 1742/8189 [2:43:22<10:16:19,  5.74s/it]
 21%|██▏       | 1743/8189 [2:43:27<9:55:54,  5.55s/it] 
 21%|██▏       | 1744/8189 [2:43:33<10:11:56,  5.70s/it]
 21%|██▏       | 1745/8189 [2:43:38<9:38:39,  5.39s/it] 
 21%|██▏       | 1746/8189 [2:43:43<9:34:23,  5.35s/it]
 21%|██▏       | 1747/8189 [2:43:49<9:37:11,  5.38s/it]
 21%|██▏       | 1748/8189 [2:43:54<9:31:04,  5.32s/it]
 21%|██▏       | 1749/8189 [2:43:59<9:27:09,  5.28s/it]
 21%|██▏       | 1750/8189 [2:44:05<9:58:35,  5.58s/it]
 21%|██▏       | 1751/8189 [2:44:11<9:56:09,  5.56s/it]
 21%|██▏       | 1752/8189 [2:44:17<10:16:22,  5.75s/it]
 21%|██▏       | 1753/8189 [2:44:23<10:24:40,  5.82s/it]
 21%|██▏       | 1754/8189 [2:44:29<10:17:29,  5.76s/it]
 21%|██▏       | 1755/8189 [2:44:34<10:09:48,  5.69s/it]
 21%|██▏       | 1756/8189 [2:44:40<10:00:05,  5.60s/it]
 21%|██▏       | 1757/8189 [2:44:44<9:28:34,  5.30s/it] 
 21%|██▏       | 1758/8189 [2:44:49<9:24:10,  5.26s/it]
 21%|██▏       | 1759/8189 [2:44:55<9:38:56,  5.40s/it]
 21%|██▏       | 1760/8189 [2:45:01<9:50:18,  5.51s/it]
 22%|██▏       | 1761/8189 [2:45:07<10:12:47,  5.72s/it]
 22%|██▏       | 1762/8189 [2:45:13<10:17:24,  5.76s/it]
 22%|██▏       | 1763/8189 [2:45:18<9:50:04,  5.51s/it] 
 22%|██▏       | 1764/8189 [2:45:23<9:28:03,  5.30s/it]
 22%|██▏       | 1765/8189 [2:45:28<9:20:26,  5.23s/it]
 22%|██▏       | 1766/8189 [2:45:34<9:49:05,  5.50s/it]
 22%|██▏       | 1767/8189 [2:45:39<9:50:20,  5.52s/it]
 22%|██▏       | 1768/8189 [2:45:46<10:26:07,  5.85s/it]
 22%|██▏       | 1769/8189 [2:45:52<10:18:50,  5.78s/it]
 22%|██▏       | 1770/8189 [2:45:58<10:39:35,  5.98s/it]
 22%|██▏       | 1771/8189 [2:46:03<10:10:20,  5.71s/it]
 22%|██▏       | 1772/8189 [2:46:09<10:20:10,  5.80s/it]
 22%|██▏       | 1773/8189 [2:46:14<9:44:14,  5.46s/it] 
 22%|██▏       | 1774/8189 [2:46:19<9:39:57,  5.42s/it]
 22%|██▏       | 1775/8189 [2:46:26<10:20:07,  5.80s/it]
 22%|██▏       | 1776/8189 [2:46:31<9:58:16,  5.60s/it] 
 22%|██▏       | 1777/8189 [2:46:37<9:58:18,  5.60s/it]
 22%|██▏       | 1778/8189 [2:46:42<9:36:55,  5.40s/it]
 22%|██▏       | 1779/8189 [2:46:47<9:36:05,  5.39s/it]
 22%|██▏       | 1780/8189 [2:46:53<9:55:34,  5.58s/it]
 22%|██▏       | 1781/8189 [2:46:58<9:40:27,  5.44s/it]
 22%|██▏       | 1782/8189 [2:47:03<9:37:59,  5.41s/it]
 22%|██▏       | 1783/8189 [2:47:09<9:53:59,  5.56s/it]
 22%|██▏       | 1784/8189 [2:47:15<9:57:44,  5.60s/it]
 22%|██▏       | 1785/8189 [2:47:21<10:11:00,  5.72s/it]
 22%|██▏       | 1786/8189 [2:47:27<10:13:11,  5.75s/it]
 22%|██▏       | 1787/8189 [2:47:34<10:41:35,  6.01s/it]
 22%|██▏       | 1788/8189 [2:47:39<10:22:32,  5.84s/it]
 22%|██▏       | 1789/8189 [2:47:44<10:03:45,  5.66s/it]
 22%|██▏       | 1790/8189 [2:47:50<9:58:00,  5.61s/it] 
 22%|██▏       | 1791/8189 [2:47:56<10:16:34,  5.78s/it]
 22%|██▏       | 1792/8189 [2:48:01<10:06:18,  5.69s/it]
 22%|██▏       | 1793/8189 [2:48:07<10:01:06,  5.64s/it]
 22%|██▏       | 1794/8189 [2:48:12<9:53:55,  5.57s/it] 
 22%|██▏       | 1795/8189 [2:48:17<9:41:25,  5.46s/it]
 22%|██▏       | 1796/8189 [2:48:24<10:02:19,  5.65s/it]
 22%|██▏       | 1797/8189 [2:48:30<10:12:06,  5.75s/it]
 22%|██▏       | 1798/8189 [2:48:35<10:02:58,  5.66s/it]
 22%|██▏       | 1799/8189 [2:48:40<9:41:40,  5.46s/it] 
 22%|██▏       | 1800/8189 [2:48:46<10:14:00,  5.77s/it]
 22%|██▏       | 1801/8189 [2:48:52<10:22:07,  5.84s/it]
 22%|██▏       | 1802/8189 [2:48:58<10:18:13,  5.81s/it]
 22%|██▏       | 1803/8189 [2:49:04<10:12:35,  5.76s/it]
 22%|██▏       | 1804/8189 [2:49:08<9:06:02,  5.13s/it] 
 22%|██▏       | 1805/8189 [2:49:13<9:18:17,  5.25s/it]
 22%|██▏       | 1806/8189 [2:49:19<9:39:57,  5.45s/it]
 22%|██▏       | 1807/8189 [2:49:25<10:01:52,  5.66s/it]
 22%|██▏       | 1808/8189 [2:49:31<10:07:32,  5.71s/it]
 22%|██▏       | 1809/8189 [2:49:37<10:04:38,  5.69s/it]
 22%|██▏       | 1810/8189 [2:49:42<9:51:47,  5.57s/it] 
 22%|██▏       | 1811/8189 [2:49:47<9:41:18,  5.47s/it]
 22%|██▏       | 1812/8189 [2:49:54<10:40:42,  6.03s/it]
 22%|██▏       | 1813/8189 [2:50:01<10:43:28,  6.06s/it]
 22%|██▏       | 1814/8189 [2:50:08<11:20:05,  6.40s/it]
 22%|██▏       | 1815/8189 [2:50:14<11:21:43,  6.42s/it]
 22%|██▏       | 1816/8189 [2:50:19<10:42:29,  6.05s/it]
 22%|██▏       | 1817/8189 [2:50:25<10:32:26,  5.96s/it]
 22%|██▏       | 1818/8189 [2:50:31<10:23:08,  5.87s/it]
 22%|██▏       | 1819/8189 [2:50:36<10:13:01,  5.77s/it]
 22%|██▏       | 1820/8189 [2:50:42<10:16:10,  5.80s/it]
 22%|██▏       | 1821/8189 [2:50:48<10:29:50,  5.93s/it]
 22%|██▏       | 1822/8189 [2:50:54<10:22:32,  5.87s/it]
 22%|██▏       | 1823/8189 [2:50:59<9:56:09,  5.62s/it] 
 22%|██▏       | 1824/8189 [2:51:05<10:06:38,  5.72s/it]
 22%|██▏       | 1825/8189 [2:51:10<9:52:34,  5.59s/it] 
 22%|██▏       | 1826/8189 [2:51:16<9:51:08,  5.57s/it]
 22%|██▏       | 1827/8189 [2:51:21<9:46:35,  5.53s/it]
 22%|██▏       | 1828/8189 [2:51:27<9:47:07,  5.54s/it]
 22%|██▏       | 1829/8189 [2:51:33<10:01:56,  5.68s/it]
 22%|██▏       | 1830/8189 [2:51:39<10:08:06,  5.74s/it]
 22%|██▏       | 1831/8189 [2:51:44<9:56:24,  5.63s/it] 
 22%|██▏       | 1832/8189 [2:51:49<9:19:50,  5.28s/it]
 22%|██▏       | 1833/8189 [2:51:54<9:15:56,  5.25s/it]
 22%|██▏       | 1834/8189 [2:52:00<9:33:03,  5.41s/it]
 22%|██▏       | 1835/8189 [2:52:05<9:27:55,  5.36s/it]
 22%|██▏       | 1836/8189 [2:52:10<9:27:24,  5.36s/it]
 22%|██▏       | 1837/8189 [2:52:15<9:04:29,  5.14s/it]
 22%|██▏       | 1838/8189 [2:52:21<9:37:41,  5.46s/it]
 22%|██▏       | 1839/8189 [2:52:26<9:28:24,  5.37s/it]
 22%|██▏       | 1840/8189 [2:52:32<9:26:45,  5.36s/it]
 22%|██▏       | 1841/8189 [2:52:38<9:47:04,  5.55s/it]
 22%|██▏       | 1842/8189 [2:52:42<9:19:04,  5.29s/it]
 23%|██▎       | 1843/8189 [2:52:48<9:31:28,  5.40s/it]
 23%|██▎       | 1844/8189 [2:52:53<9:25:45,  5.35s/it]
 23%|██▎       | 1845/8189 [2:53:00<10:04:15,  5.71s/it]
 23%|██▎       | 1846/8189 [2:53:05<10:05:35,  5.73s/it]
 23%|██▎       | 1847/8189 [2:53:10<9:33:23,  5.42s/it] 
 23%|██▎       | 1848/8189 [2:53:16<9:53:57,  5.62s/it]
 23%|██▎       | 1849/8189 [2:53:21<9:31:41,  5.41s/it]
 23%|██▎       | 1850/8189 [2:53:26<9:22:07,  5.32s/it]
 23%|██▎       | 1851/8189 [2:53:32<9:37:54,  5.47s/it]
 23%|██▎       | 1852/8189 [2:53:37<9:23:41,  5.34s/it]
 23%|██▎       | 1853/8189 [2:53:42<9:09:49,  5.21s/it]
 23%|██▎       | 1854/8189 [2:53:47<9:11:17,  5.22s/it]
 23%|██▎       | 1855/8189 [2:53:53<9:37:19,  5.47s/it]
 23%|██▎       | 1856/8189 [2:53:59<9:43:55,  5.53s/it]
 23%|██▎       | 1857/8189 [2:54:05<9:55:13,  5.64s/it]
 23%|██▎       | 1858/8189 [2:54:09<9:09:20,  5.21s/it]
 23%|██▎       | 1859/8189 [2:54:15<9:15:03,  5.26s/it]
 23%|██▎       | 1860/8189 [2:54:20<9:22:07,  5.33s/it]
 23%|██▎       | 1861/8189 [2:54:26<9:35:11,  5.45s/it]
 23%|██▎       | 1862/8189 [2:54:31<9:26:23,  5.37s/it]
 23%|██▎       | 1863/8189 [2:54:37<9:55:28,  5.65s/it]
 23%|██▎       | 1864/8189 [2:54:43<9:45:41,  5.56s/it]
 23%|██▎       | 1865/8189 [2:54:48<9:36:41,  5.47s/it]
 23%|██▎       | 1866/8189 [2:54:53<9:14:04,  5.26s/it]
 23%|██▎       | 1867/8189 [2:54:59<9:39:25,  5.50s/it]
 23%|██▎       | 1868/8189 [2:55:05<9:51:20,  5.61s/it]
 23%|██▎       | 1869/8189 [2:55:10<9:49:12,  5.59s/it]
 23%|██▎       | 1870/8189 [2:55:16<9:45:50,  5.56s/it]
 23%|██▎       | 1871/8189 [2:55:21<9:37:41,  5.49s/it]
 23%|██▎       | 1872/8189 [2:55:27<9:44:41,  5.55s/it]
 23%|██▎       | 1873/8189 [2:55:32<9:32:42,  5.44s/it]
 23%|██▎       | 1874/8189 [2:55:37<9:17:36,  5.30s/it]
 23%|██▎       | 1875/8189 [2:55:43<9:58:56,  5.69s/it]
 23%|██▎       | 1876/8189 [2:55:49<10:10:26,  5.80s/it]
 23%|██▎       | 1877/8189 [2:55:54<9:48:00,  5.59s/it] 
 23%|██▎       | 1878/8189 [2:56:00<9:46:00,  5.57s/it]
 23%|██▎       | 1879/8189 [2:56:04<8:56:58,  5.11s/it]
 23%|██▎       | 1880/8189 [2:56:08<8:24:41,  4.80s/it]
 23%|██▎       | 1881/8189 [2:56:13<8:37:37,  4.92s/it]
 23%|██▎       | 1882/8189 [2:56:19<8:58:46,  5.13s/it]
 23%|██▎       | 1883/8189 [2:56:25<9:25:34,  5.38s/it]
 23%|██▎       | 1884/8189 [2:56:30<9:18:06,  5.31s/it]
 23%|██▎       | 1885/8189 [2:56:36<9:39:02,  5.51s/it]
 23%|██▎       | 1886/8189 [2:56:42<9:40:03,  5.52s/it]
 23%|██▎       | 1887/8189 [2:56:47<9:37:44,  5.50s/it]
 23%|██▎       | 1888/8189 [2:56:53<10:01:53,  5.73s/it]
 23%|██▎       | 1889/8189 [2:57:00<10:18:14,  5.89s/it]
 23%|██▎       | 1890/8189 [2:57:06<10:22:20,  5.93s/it]
 23%|██▎       | 1891/8189 [2:57:11<10:12:19,  5.83s/it]
 23%|██▎       | 1892/8189 [2:57:17<10:16:30,  5.87s/it]
 23%|██▎       | 1893/8189 [2:57:22<9:56:46,  5.69s/it] 
 23%|██▎       | 1894/8189 [2:57:27<9:30:42,  5.44s/it]
 23%|██▎       | 1895/8189 [2:57:33<9:49:43,  5.62s/it]
 23%|██▎       | 1896/8189 [2:57:38<9:29:58,  5.43s/it]
 23%|██▎       | 1897/8189 [2:57:44<9:29:20,  5.43s/it]
 23%|██▎       | 1898/8189 [2:57:50<9:53:02,  5.66s/it]
 23%|██▎       | 1899/8189 [2:57:57<10:24:52,  5.96s/it]
 23%|██▎       | 1900/8189 [2:58:03<10:43:29,  6.14s/it]
 23%|██▎       | 1901/8189 [2:58:09<10:32:43,  6.04s/it]
 23%|██▎       | 1902/8189 [2:58:15<10:35:30,  6.07s/it]
 23%|██▎       | 1903/8189 [2:58:21<10:41:19,  6.12s/it]
 23%|██▎       | 1904/8189 [2:58:27<10:34:57,  6.06s/it]
 23%|██▎       | 1905/8189 [2:58:34<10:41:39,  6.13s/it]
 23%|██▎       | 1906/8189 [2:58:40<10:51:44,  6.22s/it]
 23%|██▎       | 1907/8189 [2:58:45<10:19:42,  5.92s/it]
 23%|██▎       | 1908/8189 [2:58:51<10:25:20,  5.97s/it]
 23%|██▎       | 1909/8189 [2:58:58<10:32:44,  6.05s/it]
 23%|██▎       | 1910/8189 [2:59:03<10:28:46,  6.01s/it]
 23%|██▎       | 1911/8189 [2:59:09<10:10:52,  5.84s/it]
 23%|██▎       | 1912/8189 [2:59:14<10:02:59,  5.76s/it]
 23%|██▎       | 1913/8189 [2:59:21<10:21:41,  5.94s/it]
 23%|██▎       | 1914/8189 [2:59:26<9:48:44,  5.63s/it] 
 23%|██▎       | 1915/8189 [2:59:31<9:28:14,  5.43s/it]
 23%|██▎       | 1916/8189 [2:59:36<9:22:47,  5.38s/it]
 23%|██▎       | 1917/8189 [2:59:40<8:34:14,  4.92s/it]
 23%|██▎       | 1918/8189 [2:59:45<8:49:30,  5.07s/it]
 23%|██▎       | 1919/8189 [2:59:50<8:56:09,  5.13s/it]
 23%|██▎       | 1920/8189 [2:59:56<9:22:53,  5.39s/it]
 23%|██▎       | 1921/8189 [3:00:02<9:19:35,  5.36s/it]
 23%|██▎       | 1922/8189 [3:00:08<9:34:49,  5.50s/it]
 23%|██▎       | 1923/8189 [3:00:13<9:28:01,  5.44s/it]
 23%|██▎       | 1924/8189 [3:00:18<9:20:21,  5.37s/it]
 24%|██▎       | 1925/8189 [3:00:24<9:34:11,  5.50s/it]
 24%|██▎       | 1926/8189 [3:00:30<9:54:49,  5.70s/it]
 24%|██▎       | 1927/8189 [3:00:36<10:05:02,  5.80s/it]
 24%|██▎       | 1928/8189 [3:00:42<10:06:58,  5.82s/it]
 24%|██▎       | 1929/8189 [3:00:47<9:49:07,  5.65s/it] 
 24%|██▎       | 1930/8189 [3:00:52<9:36:29,  5.53s/it]
 24%|██▎       | 1931/8189 [3:00:58<9:31:55,  5.48s/it]
 24%|██▎       | 1932/8189 [3:01:03<9:33:56,  5.50s/it]
 24%|██▎       | 1933/8189 [3:01:09<9:38:47,  5.55s/it]
 24%|██▎       | 1934/8189 [3:01:16<10:10:24,  5.86s/it]
 24%|██▎       | 1935/8189 [3:01:21<10:08:36,  5.84s/it]
 24%|██▎       | 1936/8189 [3:01:27<9:56:25,  5.72s/it] 
 24%|██▎       | 1937/8189 [3:01:33<10:15:38,  5.91s/it]
 24%|██▎       | 1938/8189 [3:01:39<10:14:54,  5.90s/it]
 24%|██▎       | 1939/8189 [3:01:45<10:05:40,  5.81s/it]
 24%|██▎       | 1940/8189 [3:01:50<10:03:09,  5.79s/it]
 24%|██▎       | 1941/8189 [3:01:56<10:11:07,  5.87s/it]
 24%|██▎       | 1942/8189 [3:02:02<9:47:51,  5.65s/it] 
 24%|██▎       | 1943/8189 [3:02:07<9:27:16,  5.45s/it]
 24%|██▎       | 1944/8189 [3:02:12<9:31:32,  5.49s/it]
 24%|██▍       | 1945/8189 [3:02:17<8:55:01,  5.14s/it]
 24%|██▍       | 1946/8189 [3:02:22<9:10:45,  5.29s/it]
 24%|██▍       | 1947/8189 [3:02:28<9:31:54,  5.50s/it]
 24%|██▍       | 1948/8189 [3:02:34<9:38:31,  5.56s/it]
 24%|██▍       | 1949/8189 [3:02:39<9:14:29,  5.33s/it]
 24%|██▍       | 1950/8189 [3:02:45<9:33:30,  5.52s/it]
 24%|██▍       | 1951/8189 [3:02:50<9:34:14,  5.52s/it]
 24%|██▍       | 1952/8189 [3:02:55<9:25:48,  5.44s/it]
 24%|██▍       | 1953/8189 [3:03:01<9:46:24,  5.64s/it]
 24%|██▍       | 1954/8189 [3:03:07<9:43:18,  5.61s/it]
 24%|██▍       | 1955/8189 [3:03:13<9:49:32,  5.67s/it]
 24%|██▍       | 1956/8189 [3:03:17<9:15:46,  5.35s/it]
 24%|██▍       | 1957/8189 [3:03:23<9:10:23,  5.30s/it]
 24%|██▍       | 1958/8189 [3:03:29<9:30:20,  5.49s/it]
 24%|██▍       | 1959/8189 [3:03:34<9:20:21,  5.40s/it]
 24%|██▍       | 1960/8189 [3:03:39<9:21:53,  5.41s/it]
 24%|██▍       | 1961/8189 [3:03:45<9:29:05,  5.48s/it]
 24%|██▍       | 1962/8189 [3:03:50<9:03:36,  5.24s/it]
 24%|██▍       | 1963/8189 [3:03:54<8:46:21,  5.07s/it]
 24%|██▍       | 1964/8189 [3:03:59<8:46:05,  5.07s/it]
 24%|██▍       | 1965/8189 [3:04:05<8:56:04,  5.17s/it]
 24%|██▍       | 1966/8189 [3:04:10<8:46:32,  5.08s/it]
 24%|██▍       | 1967/8189 [3:04:15<8:50:33,  5.12s/it]
 24%|██▍       | 1968/8189 [3:04:19<8:39:00,  5.01s/it]
 24%|██▍       | 1969/8189 [3:04:24<8:34:28,  4.96s/it]
 24%|██▍       | 1970/8189 [3:04:29<8:09:53,  4.73s/it]
 24%|██▍       | 1971/8189 [3:04:34<8:35:43,  4.98s/it]
 24%|██▍       | 1972/8189 [3:04:39<8:43:55,  5.06s/it]
 24%|██▍       | 1973/8189 [3:04:45<8:52:48,  5.14s/it]
 24%|██▍       | 1974/8189 [3:04:50<8:53:14,  5.15s/it]
 24%|██▍       | 1975/8189 [3:04:55<9:03:40,  5.25s/it]
 24%|██▍       | 1976/8189 [3:05:00<8:56:32,  5.18s/it]
 24%|██▍       | 1977/8189 [3:05:06<9:17:19,  5.38s/it]
 24%|██▍       | 1978/8189 [3:05:11<8:45:44,  5.08s/it]
 24%|██▍       | 1979/8189 [3:05:17<9:15:13,  5.36s/it]
 24%|██▍       | 1980/8189 [3:05:22<9:11:15,  5.33s/it]
 24%|██▍       | 1981/8189 [3:05:28<9:29:05,  5.50s/it]
 24%|██▍       | 1982/8189 [3:05:33<9:35:42,  5.57s/it]
 24%|██▍       | 1983/8189 [3:05:39<9:26:53,  5.48s/it]
 24%|██▍       | 1984/8189 [3:05:45<9:47:23,  5.68s/it]
 24%|██▍       | 1985/8189 [3:05:51<9:49:52,  5.70s/it]
 24%|██▍       | 1986/8189 [3:05:57<10:15:16,  5.95s/it]
 24%|██▍       | 1987/8189 [3:06:04<10:31:14,  6.11s/it]
 24%|██▍       | 1988/8189 [3:06:10<10:37:19,  6.17s/it]
 24%|██▍       | 1989/8189 [3:06:15<10:00:53,  5.82s/it]
 24%|██▍       | 1990/8189 [3:06:21<9:55:42,  5.77s/it] 
 24%|██▍       | 1991/8189 [3:06:26<9:35:02,  5.57s/it]
 24%|██▍       | 1992/8189 [3:06:31<9:39:03,  5.61s/it]
 24%|██▍       | 1993/8189 [3:06:36<9:22:40,  5.45s/it]
 24%|██▍       | 1994/8189 [3:06:42<9:22:30,  5.45s/it]
 24%|██▍       | 1995/8189 [3:06:48<9:38:22,  5.60s/it]
 24%|██▍       | 1996/8189 [3:06:54<9:38:51,  5.61s/it]
 24%|██▍       | 1997/8189 [3:06:59<9:28:26,  5.51s/it]
 24%|██▍       | 1998/8189 [3:07:05<9:36:39,  5.59s/it]
 24%|██▍       | 1999/8189 [3:07:11<9:52:08,  5.74s/it]
 24%|██▍       | 2000/8189 [3:07:16<9:25:10,  5.48s/it]
                                                       

 24%|██▍       | 2000/8189 [3:07:16<9:25:10,  5.48s/it]

Batches:   0%|          | 0/9 [00:00<?, ?it/s][A

Batches:  67%|██████▋   | 6/9 [00:00<00:00, 56.34it/s][A
Batches: 100%|██████████| 9/9 [00:00<00:00, 56.41it/s]


Corpus Chunks:   0%|          | 0/1 [00:00<?, ?it/s][A


Batches:   0%|          | 0/9 [00:00<?, ?it/s][A[A


Batches:  67%|██████▋   | 6/9 [00:00<00:00, 56.96it/s][A[A
Batches: 100%|██████████| 9/9 [00:00<00:00, 60.37it/s]


Corpus Chunks: 100%|██████████| 1/1 [00:00<00:00,  6.43it/s][A
Corpus Chunks: 100%|██████████| 1/1 [00:00<00:00,  6.39it/s]


Batches:   0%|          | 0/7 [00:00<?, ?it/s][A
Batches: 100%|██████████| 7/7 [00:00<00:00, 76.02it/s]


Batches:   0%|          | 0/7 [00:00<?, ?it/s][A

Batches: 100%|██████████| 7/7 [00:00<00:00, 62.69it/s][A
Batches: 100%|██████████| 7/7 [00:00<00:00, 62.05it/s]


Batches:   0%|          | 0/7 [00:00<?, ?it/s][A
Batches: 100%|██████████| 7/7 [00:00<00:00, 70.00it/s]

                                                       

 24%|██▍       | 2000/8189 [3:07:17<9:25:10,  5.48s/it]

Writing model shards:   0%|          | 0/1 [00:00<?, ?it/s][A

Writing model shards: 100%|██████████| 1/1 [00:01<00:00,  1.15s/it][A
Writing model shards: 100%|██████████| 1/1 [00:01<00:00,  1.15s/it]

 24%|██▍       | 2001/8189 [3:07:25<11:23:31,  6.63s/it]
 24%|██▍       | 2002/8189 [3:07:30<10:43:42,  6.24s/it]
 24%|██▍       | 2003/8189 [3:07:37<10:49:00,  6.29s/it]
 24%|██▍       | 2004/8189 [3:07:43<10:53:04,  6.34s/it]
 24%|██▍       | 2005/8189 [3:07:49<10:48:07,  6.29s/it]
 24%|██▍       | 2006/8189 [3:07:56<10:58:25,  6.39s/it]
 25%|██▍       | 2007/8189 [3:08:02<10:44:20,  6.25s/it]
 25%|██▍       | 2008/8189 [3:08:07<10:23:53,  6.06s/it]
 25%|██▍       | 2009/8189 [3:08:13<10:11:27,  5.94s/it]
 25%|██▍       | 2010/8189 [3:08:19<10:02:01,  5.85s/it]
 25%|██▍       | 2011/8189 [3:08:24<9:56:16,  5.79s/it] 
 25%|██▍       | 2012/8189 [3:08:28<9:01:42,  5.26s/it]
 25%|██▍       | 2013/8189 [3:08:33<8:49:18,  5.14s/it]
 25%|██▍       | 2014/8189 [3:08:38<8:46:15,  5.11s/it]
 25%|██▍       | 2015/8189 [3:08:43<8:47:46,  5.13s/it]
 25%|██▍       | 2016/8189 [3:08:50<9:26:02,  5.50s/it]
 25%|██▍       | 2017/8189 [3:08:56<9:43:57,  5.68s/it]
 25%|██▍       | 2018/8189 [3:09:02<10:09:52,  5.93s/it]
 25%|██▍       | 2019/8189 [3:09:10<10:46:41,  6.29s/it]
 25%|██▍       | 2020/8189 [3:09:16<10:43:46,  6.26s/it]
 25%|██▍       | 2021/8189 [3:09:21<10:15:16,  5.99s/it]
 25%|██▍       | 2022/8189 [3:09:26<9:52:15,  5.76s/it] 
 25%|██▍       | 2023/8189 [3:09:31<9:25:01,  5.50s/it]
 25%|██▍       | 2024/8189 [3:09:37<9:35:33,  5.60s/it]
 25%|██▍       | 2025/8189 [3:09:43<9:36:52,  5.62s/it]
 25%|██▍       | 2026/8189 [3:09:47<9:11:52,  5.37s/it]
 25%|██▍       | 2027/8189 [3:09:53<9:18:29,  5.44s/it]
 25%|██▍       | 2028/8189 [3:09:59<9:37:54,  5.63s/it]
 25%|██▍       | 2029/8189 [3:10:05<9:39:18,  5.64s/it]
 25%|██▍       | 2030/8189 [3:10:11<9:44:14,  5.69s/it]
 25%|██▍       | 2031/8189 [3:10:17<10:20:51,  6.05s/it]
 25%|██▍       | 2032/8189 [3:10:24<10:44:06,  6.28s/it]
 25%|██▍       | 2033/8189 [3:10:31<10:54:44,  6.38s/it]
 25%|██▍       | 2034/8189 [3:10:37<10:50:21,  6.34s/it]
 25%|██▍       | 2035/8189 [3:10:43<10:42:04,  6.26s/it]
 25%|██▍       | 2036/8189 [3:10:49<10:33:38,  6.18s/it]
 25%|██▍       | 2037/8189 [3:10:55<10:16:40,  6.01s/it]
 25%|██▍       | 2038/8189 [3:11:01<10:25:19,  6.10s/it]
 25%|██▍       | 2039/8189 [3:11:07<10:18:59,  6.04s/it]
 25%|██▍       | 2040/8189 [3:11:13<10:14:07,  5.99s/it]
 25%|██▍       | 2041/8189 [3:11:19<10:06:32,  5.92s/it]
 25%|██▍       | 2042/8189 [3:11:24<10:02:01,  5.88s/it]
 25%|██▍       | 2043/8189 [3:11:30<9:59:31,  5.85s/it] 
 25%|██▍       | 2044/8189 [3:11:36<10:04:15,  5.90s/it]
 25%|██▍       | 2045/8189 [3:11:43<10:37:14,  6.22s/it]
 25%|██▍       | 2046/8189 [3:11:49<10:11:24,  5.97s/it]
 25%|██▍       | 2047/8189 [3:11:53<9:32:29,  5.59s/it] 
 25%|██▌       | 2048/8189 [3:11:59<9:23:35,  5.51s/it]
 25%|██▌       | 2049/8189 [3:12:05<9:49:50,  5.76s/it]
 25%|██▌       | 2050/8189 [3:12:11<9:49:13,  5.76s/it]
 25%|██▌       | 2051/8189 [3:12:16<9:28:27,  5.56s/it]
 25%|██▌       | 2052/8189 [3:12:22<9:43:01,  5.70s/it]
 25%|██▌       | 2053/8189 [3:12:27<9:17:26,  5.45s/it]
 25%|██▌       | 2054/8189 [3:12:32<9:18:37,  5.46s/it]
 25%|██▌       | 2055/8189 [3:12:38<9:19:12,  5.47s/it]
 25%|██▌       | 2056/8189 [3:12:43<9:18:09,  5.46s/it]
 25%|██▌       | 2057/8189 [3:12:49<9:30:25,  5.58s/it]
 25%|██▌       | 2058/8189 [3:12:54<9:11:42,  5.40s/it]
 25%|██▌       | 2059/8189 [3:12:59<9:01:34,  5.30s/it]
 25%|██▌       | 2060/8189 [3:13:05<9:19:50,  5.48s/it]
 25%|██▌       | 2061/8189 [3:13:11<9:31:23,  5.59s/it]
 25%|██▌       | 2062/8189 [3:13:17<9:48:04,  5.76s/it]
 25%|██▌       | 2063/8189 [3:13:23<9:58:33,  5.86s/it]
 25%|██▌       | 2064/8189 [3:13:29<9:57:39,  5.85s/it]
 25%|██▌       | 2065/8189 [3:13:35<9:52:33,  5.81s/it]
 25%|██▌       | 2066/8189 [3:13:41<9:59:15,  5.87s/it]
 25%|██▌       | 2067/8189 [3:13:47<10:07:17,  5.95s/it]
 25%|██▌       | 2068/8189 [3:13:52<9:40:51,  5.69s/it] 
 25%|██▌       | 2069/8189 [3:13:57<9:22:23,  5.51s/it]
 25%|██▌       | 2070/8189 [3:14:03<9:26:46,  5.56s/it]
 25%|██▌       | 2071/8189 [3:14:08<9:21:19,  5.50s/it]
 25%|██▌       | 2072/8189 [3:14:14<9:50:08,  5.79s/it]
 25%|██▌       | 2073/8189 [3:14:20<9:33:33,  5.63s/it]
 25%|██▌       | 2074/8189 [3:14:24<8:57:11,  5.27s/it]
 25%|██▌       | 2075/8189 [3:14:29<8:48:55,  5.19s/it]
 25%|██▌       | 2076/8189 [3:14:35<9:17:42,  5.47s/it]
 25%|██▌       | 2077/8189 [3:14:40<8:50:36,  5.21s/it]
 25%|██▌       | 2078/8189 [3:14:45<8:47:41,  5.18s/it]
 25%|██▌       | 2079/8189 [3:14:51<9:08:27,  5.39s/it]
 25%|██▌       | 2080/8189 [3:14:57<9:42:57,  5.73s/it]
 25%|██▌       | 2081/8189 [3:15:04<10:13:47,  6.03s/it]
 25%|██▌       | 2082/8189 [3:15:10<10:04:06,  5.94s/it]
 25%|██▌       | 2083/8189 [3:15:16<10:00:05,  5.90s/it]
 25%|██▌       | 2084/8189 [3:15:22<10:13:09,  6.03s/it]
 25%|██▌       | 2085/8189 [3:15:28<10:18:57,  6.08s/it]
 25%|██▌       | 2086/8189 [3:15:33<9:46:42,  5.77s/it] 
 25%|██▌       | 2087/8189 [3:15:39<9:38:30,  5.69s/it]
 25%|██▌       | 2088/8189 [3:15:44<9:38:40,  5.69s/it]
 26%|██▌       | 2089/8189 [3:15:50<9:49:17,  5.80s/it]
 26%|██▌       | 2090/8189 [3:15:56<9:38:05,  5.69s/it]
 26%|██▌       | 2091/8189 [3:16:01<9:33:05,  5.64s/it]
 26%|██▌       | 2092/8189 [3:16:06<8:47:40,  5.19s/it]
 26%|██▌       | 2093/8189 [3:16:11<8:55:41,  5.27s/it]
 26%|██▌       | 2094/8189 [3:16:17<9:13:31,  5.45s/it]
 26%|██▌       | 2095/8189 [3:16:22<9:15:56,  5.47s/it]
 26%|██▌       | 2096/8189 [3:16:29<9:35:15,  5.66s/it]
 26%|██▌       | 2097/8189 [3:16:33<8:54:47,  5.27s/it]
 26%|██▌       | 2098/8189 [3:16:39<9:08:50,  5.41s/it]
 26%|██▌       | 2099/8189 [3:16:45<9:29:46,  5.61s/it]
 26%|██▌       | 2100/8189 [3:16:50<9:23:32,  5.55s/it]
 26%|██▌       | 2101/8189 [3:16:55<9:16:40,  5.49s/it]
 26%|██▌       | 2102/8189 [3:17:01<9:08:33,  5.41s/it]
 26%|██▌       | 2103/8189 [3:17:07<9:37:04,  5.69s/it]
 26%|██▌       | 2104/8189 [3:17:13<9:42:33,  5.74s/it]
 26%|██▌       | 2105/8189 [3:17:19<9:55:14,  5.87s/it]
 26%|██▌       | 2106/8189 [3:17:26<10:21:04,  6.13s/it]
 26%|██▌       | 2107/8189 [3:17:31<9:53:59,  5.86s/it] 
 26%|██▌       | 2108/8189 [3:17:37<9:46:27,  5.79s/it]
 26%|██▌       | 2109/8189 [3:17:42<9:45:06,  5.77s/it]
 26%|██▌       | 2110/8189 [3:17:47<9:19:43,  5.52s/it]
 26%|██▌       | 2111/8189 [3:17:53<9:14:02,  5.47s/it]
 26%|██▌       | 2112/8189 [3:17:59<9:33:59,  5.67s/it]
 26%|██▌       | 2113/8189 [3:18:05<9:47:12,  5.80s/it]
 26%|██▌       | 2114/8189 [3:18:11<9:54:47,  5.87s/it]
 26%|██▌       | 2115/8189 [3:18:17<9:49:00,  5.82s/it]
 26%|██▌       | 2116/8189 [3:18:22<9:47:44,  5.81s/it]
 26%|██▌       | 2117/8189 [3:18:28<9:56:12,  5.89s/it]
 26%|██▌       | 2118/8189 [3:18:34<9:44:27,  5.78s/it]
 26%|██▌       | 2119/8189 [3:18:40<9:52:46,  5.86s/it]
 26%|██▌       | 2120/8189 [3:18:46<10:02:58,  5.96s/it]
 26%|██▌       | 2121/8189 [3:18:52<9:41:29,  5.75s/it] 
 26%|██▌       | 2122/8189 [3:18:57<9:27:28,  5.61s/it]
 26%|██▌       | 2123/8189 [3:19:02<9:28:36,  5.62s/it]
 26%|██▌       | 2124/8189 [3:19:08<9:34:34,  5.68s/it]
 26%|██▌       | 2125/8189 [3:19:15<9:55:39,  5.89s/it]
 26%|██▌       | 2126/8189 [3:19:20<9:53:44,  5.88s/it]
 26%|██▌       | 2127/8189 [3:19:26<9:48:41,  5.83s/it]
 26%|██▌       | 2128/8189 [3:19:32<9:41:45,  5.76s/it]
 26%|██▌       | 2129/8189 [3:19:37<9:24:12,  5.59s/it]
 26%|██▌       | 2130/8189 [3:19:42<9:12:22,  5.47s/it]
 26%|██▌       | 2131/8189 [3:19:48<9:20:45,  5.55s/it]
 26%|██▌       | 2132/8189 [3:19:53<9:02:15,  5.37s/it]
 26%|██▌       | 2133/8189 [3:19:58<9:03:30,  5.38s/it]
 26%|██▌       | 2134/8189 [3:20:04<9:19:58,  5.55s/it]
 26%|██▌       | 2135/8189 [3:20:10<9:20:14,  5.55s/it]
 26%|██▌       | 2136/8189 [3:20:15<9:07:35,  5.43s/it]
 26%|██▌       | 2137/8189 [3:20:20<9:05:45,  5.41s/it]
 26%|██▌       | 2138/8189 [3:20:27<9:49:15,  5.84s/it]
 26%|██▌       | 2139/8189 [3:20:33<9:55:37,  5.91s/it]
 26%|██▌       | 2140/8189 [3:20:39<10:02:25,  5.98s/it]
 26%|██▌       | 2141/8189 [3:20:45<9:53:38,  5.89s/it] 
 26%|██▌       | 2142/8189 [3:20:50<9:24:55,  5.61s/it]
 26%|██▌       | 2143/8189 [3:20:55<9:16:43,  5.52s/it]
 26%|██▌       | 2144/8189 [3:21:01<9:23:14,  5.59s/it]
 26%|██▌       | 2145/8189 [3:21:06<9:12:34,  5.49s/it]
 26%|██▌       | 2146/8189 [3:21:12<9:18:32,  5.55s/it]
 26%|██▌       | 2147/8189 [3:21:17<8:53:22,  5.30s/it]
 26%|██▌       | 2148/8189 [3:21:23<9:09:31,  5.46s/it]
 26%|██▌       | 2149/8189 [3:21:28<8:58:13,  5.35s/it]
 26%|██▋       | 2150/8189 [3:21:33<9:12:31,  5.49s/it]
 26%|██▋       | 2151/8189 [3:21:39<9:07:27,  5.44s/it]
 26%|██▋       | 2152/8189 [3:21:44<9:03:58,  5.41s/it]
 26%|██▋       | 2153/8189 [3:21:50<9:16:39,  5.53s/it]
 26%|██▋       | 2154/8189 [3:21:55<9:17:33,  5.54s/it]
 26%|██▋       | 2155/8189 [3:22:01<9:17:53,  5.55s/it]
 26%|██▋       | 2156/8189 [3:22:07<9:28:03,  5.65s/it]
 26%|██▋       | 2157/8189 [3:22:12<9:11:47,  5.49s/it]
 26%|██▋       | 2158/8189 [3:22:18<9:16:13,  5.53s/it]
 26%|██▋       | 2159/8189 [3:22:23<9:11:42,  5.49s/it]
 26%|██▋       | 2160/8189 [3:22:29<9:35:39,  5.73s/it]
 26%|██▋       | 2161/8189 [3:22:35<9:34:33,  5.72s/it]
 26%|██▋       | 2162/8189 [3:22:41<9:37:12,  5.75s/it]
 26%|██▋       | 2163/8189 [3:22:47<9:33:46,  5.71s/it]
 26%|██▋       | 2164/8189 [3:22:52<9:40:27,  5.78s/it]
 26%|██▋       | 2165/8189 [3:22:58<9:22:50,  5.61s/it]
 26%|██▋       | 2166/8189 [3:23:03<9:05:29,  5.43s/it]
 26%|██▋       | 2167/8189 [3:23:08<9:12:28,  5.50s/it]
 26%|██▋       | 2168/8189 [3:23:14<9:11:52,  5.50s/it]
 26%|██▋       | 2169/8189 [3:23:20<9:25:41,  5.64s/it]
 26%|██▋       | 2170/8189 [3:23:25<9:12:12,  5.50s/it]
 27%|██▋       | 2171/8189 [3:23:30<9:11:08,  5.49s/it]
 27%|██▋       | 2172/8189 [3:23:37<9:30:05,  5.68s/it]
 27%|██▋       | 2173/8189 [3:23:42<9:07:06,  5.46s/it]
 27%|██▋       | 2174/8189 [3:23:48<9:27:15,  5.66s/it]
 27%|██▋       | 2175/8189 [3:23:53<9:27:46,  5.66s/it]
 27%|██▋       | 2176/8189 [3:23:59<9:16:10,  5.55s/it]
 27%|██▋       | 2177/8189 [3:24:05<9:32:30,  5.71s/it]
 27%|██▋       | 2178/8189 [3:24:10<9:28:28,  5.67s/it]
 27%|██▋       | 2179/8189 [3:24:16<9:34:13,  5.73s/it]
 27%|██▋       | 2180/8189 [3:24:22<9:24:10,  5.63s/it]
 27%|██▋       | 2181/8189 [3:24:27<9:24:59,  5.64s/it]
 27%|██▋       | 2182/8189 [3:24:33<9:27:27,  5.67s/it]
 27%|██▋       | 2183/8189 [3:24:37<8:52:36,  5.32s/it]
 27%|██▋       | 2184/8189 [3:24:43<9:12:41,  5.52s/it]
 27%|██▋       | 2185/8189 [3:24:50<9:53:51,  5.93s/it]
 27%|██▋       | 2186/8189 [3:24:57<10:03:08,  6.03s/it]
 27%|██▋       | 2187/8189 [3:25:03<10:00:23,  6.00s/it]
 27%|██▋       | 2188/8189 [3:25:09<10:06:41,  6.07s/it]
 27%|██▋       | 2189/8189 [3:25:14<9:49:10,  5.89s/it] 
 27%|██▋       | 2190/8189 [3:25:19<9:27:45,  5.68s/it]
 27%|██▋       | 2191/8189 [3:25:26<9:40:37,  5.81s/it]
 27%|██▋       | 2192/8189 [3:25:31<9:31:01,  5.71s/it]
 27%|██▋       | 2193/8189 [3:25:37<9:51:07,  5.92s/it]
 27%|██▋       | 2194/8189 [3:25:43<9:43:18,  5.84s/it]
 27%|██▋       | 2195/8189 [3:25:49<9:41:57,  5.83s/it]
 27%|██▋       | 2196/8189 [3:25:55<9:43:37,  5.84s/it]
 27%|██▋       | 2197/8189 [3:26:00<9:21:17,  5.62s/it]
 27%|██▋       | 2198/8189 [3:26:05<9:05:48,  5.47s/it]
 27%|██▋       | 2199/8189 [3:26:11<9:15:27,  5.56s/it]
 27%|██▋       | 2200/8189 [3:26:16<9:15:39,  5.57s/it]
 27%|██▋       | 2201/8189 [3:26:22<9:04:33,  5.46s/it]
 27%|██▋       | 2202/8189 [3:26:27<9:06:31,  5.48s/it]
 27%|██▋       | 2203/8189 [3:26:33<9:26:51,  5.68s/it]
 27%|██▋       | 2204/8189 [3:26:39<9:18:35,  5.60s/it]
 27%|██▋       | 2205/8189 [3:26:45<9:32:30,  5.74s/it]
 27%|██▋       | 2206/8189 [3:26:51<9:35:45,  5.77s/it]
 27%|██▋       | 2207/8189 [3:26:57<9:54:08,  5.96s/it]
 27%|██▋       | 2208/8189 [3:27:03<10:10:00,  6.12s/it]
 27%|██▋       | 2209/8189 [3:27:09<9:59:48,  6.02s/it] 
 27%|██▋       | 2210/8189 [3:27:16<10:13:50,  6.16s/it]
 27%|██▋       | 2211/8189 [3:27:21<9:50:20,  5.93s/it] 
 27%|██▋       | 2212/8189 [3:27:26<9:25:48,  5.68s/it]
 27%|██▋       | 2213/8189 [3:27:32<9:43:23,  5.86s/it]
 27%|██▋       | 2214/8189 [3:27:38<9:49:13,  5.92s/it]
 27%|██▋       | 2215/8189 [3:27:45<10:08:42,  6.11s/it]
 27%|██▋       | 2216/8189 [3:27:52<10:25:21,  6.28s/it]
 27%|██▋       | 2217/8189 [3:27:57<10:07:47,  6.11s/it]
 27%|██▋       | 2218/8189 [3:28:04<10:06:30,  6.09s/it]
 27%|██▋       | 2219/8189 [3:28:09<10:03:06,  6.06s/it]
 27%|██▋       | 2220/8189 [3:28:15<9:39:11,  5.82s/it] 
 27%|██▋       | 2221/8189 [3:28:21<9:43:13,  5.86s/it]
 27%|██▋       | 2222/8189 [3:28:27<9:46:25,  5.90s/it]
 27%|██▋       | 2223/8189 [3:28:33<9:48:35,  5.92s/it]
 27%|██▋       | 2224/8189 [3:28:38<9:31:52,  5.75s/it]
 27%|██▋       | 2225/8189 [3:28:44<9:27:42,  5.71s/it]
 27%|██▋       | 2226/8189 [3:28:50<9:40:24,  5.84s/it]
 27%|██▋       | 2227/8189 [3:28:55<9:30:37,  5.74s/it]
 27%|██▋       | 2228/8189 [3:29:01<9:43:43,  5.88s/it]
 27%|██▋       | 2229/8189 [3:29:08<9:49:58,  5.94s/it]
 27%|██▋       | 2230/8189 [3:29:13<9:45:50,  5.90s/it]
 27%|██▋       | 2231/8189 [3:29:19<9:43:30,  5.88s/it]
 27%|██▋       | 2232/8189 [3:29:25<9:51:29,  5.96s/it]
 27%|██▋       | 2233/8189 [3:29:31<9:51:52,  5.96s/it]
 27%|██▋       | 2234/8189 [3:29:38<10:19:16,  6.24s/it]
 27%|██▋       | 2235/8189 [3:29:44<10:18:46,  6.24s/it]
 27%|██▋       | 2236/8189 [3:29:50<10:03:17,  6.08s/it]
 27%|██▋       | 2237/8189 [3:29:56<10:04:34,  6.09s/it]
 27%|██▋       | 2238/8189 [3:30:01<9:30:14,  5.75s/it] 
 27%|██▋       | 2239/8189 [3:30:06<9:07:52,  5.52s/it]
 27%|██▋       | 2240/8189 [3:30:12<9:25:16,  5.70s/it]
 27%|██▋       | 2241/8189 [3:30:18<9:22:09,  5.67s/it]
 27%|██▋       | 2242/8189 [3:30:23<9:10:32,  5.55s/it]
 27%|██▋       | 2243/8189 [3:30:28<8:49:46,  5.35s/it]
 27%|██▋       | 2244/8189 [3:30:33<8:22:44,  5.07s/it]
 27%|██▋       | 2245/8189 [3:30:38<8:40:14,  5.25s/it]
 27%|██▋       | 2246/8189 [3:30:44<8:51:56,  5.37s/it]
 27%|██▋       | 2247/8189 [3:30:50<9:13:27,  5.59s/it]
 27%|██▋       | 2248/8189 [3:30:56<9:31:06,  5.77s/it]
 27%|██▋       | 2249/8189 [3:31:01<9:10:47,  5.56s/it]
 27%|██▋       | 2250/8189 [3:31:07<9:14:23,  5.60s/it]
 27%|██▋       | 2251/8189 [3:31:13<9:24:02,  5.70s/it]
 28%|██▊       | 2252/8189 [3:31:18<9:23:27,  5.69s/it]
 28%|██▊       | 2253/8189 [3:31:24<9:12:29,  5.58s/it]
 28%|██▊       | 2254/8189 [3:31:30<9:15:46,  5.62s/it]
 28%|██▊       | 2255/8189 [3:31:34<8:49:16,  5.35s/it]
 28%|██▊       | 2256/8189 [3:31:39<8:39:46,  5.26s/it]
 28%|██▊       | 2257/8189 [3:31:45<9:01:28,  5.48s/it]
 28%|██▊       | 2258/8189 [3:31:51<8:55:51,  5.42s/it]
 28%|██▊       | 2259/8189 [3:31:56<8:48:13,  5.34s/it]
 28%|██▊       | 2260/8189 [3:32:02<9:01:49,  5.48s/it]
 28%|██▊       | 2261/8189 [3:32:07<8:53:17,  5.40s/it]
 28%|██▊       | 2262/8189 [3:32:13<9:07:34,  5.54s/it]
 28%|██▊       | 2263/8189 [3:32:18<9:00:46,  5.48s/it]
 28%|██▊       | 2264/8189 [3:32:23<8:52:01,  5.39s/it]
 28%|██▊       | 2265/8189 [3:32:29<9:08:25,  5.55s/it]
 28%|██▊       | 2266/8189 [3:32:34<8:52:45,  5.40s/it]
 28%|██▊       | 2267/8189 [3:32:40<8:57:23,  5.44s/it]
 28%|██▊       | 2268/8189 [3:32:46<9:16:02,  5.63s/it]
 28%|██▊       | 2269/8189 [3:32:50<8:49:54,  5.37s/it]
 28%|██▊       | 2270/8189 [3:32:56<8:59:50,  5.47s/it]
 28%|██▊       | 2271/8189 [3:33:01<8:48:52,  5.36s/it]
 28%|██▊       | 2272/8189 [3:33:07<9:00:51,  5.48s/it]
 28%|██▊       | 2273/8189 [3:33:13<9:10:33,  5.58s/it]
 28%|██▊       | 2274/8189 [3:33:19<9:11:44,  5.60s/it]
 28%|██▊       | 2275/8189 [3:33:24<9:06:27,  5.54s/it]
 28%|██▊       | 2276/8189 [3:33:30<9:30:02,  5.78s/it]
 28%|██▊       | 2277/8189 [3:33:35<9:03:38,  5.52s/it]
 28%|██▊       | 2278/8189 [3:33:41<9:11:33,  5.60s/it]
 28%|██▊       | 2279/8189 [3:33:47<9:11:46,  5.60s/it]
 28%|██▊       | 2280/8189 [3:33:53<9:30:28,  5.79s/it]
 28%|██▊       | 2281/8189 [3:33:58<9:16:15,  5.65s/it]
 28%|██▊       | 2282/8189 [3:34:04<9:35:53,  5.85s/it]
 28%|██▊       | 2283/8189 [3:34:10<9:38:19,  5.88s/it]
 28%|██▊       | 2284/8189 [3:34:17<9:49:46,  5.99s/it]
 28%|██▊       | 2285/8189 [3:34:21<9:13:06,  5.62s/it]
 28%|██▊       | 2286/8189 [3:34:28<9:36:33,  5.86s/it]
 28%|██▊       | 2287/8189 [3:34:34<10:00:22,  6.10s/it]
 28%|██▊       | 2288/8189 [3:34:40<9:49:25,  5.99s/it] 
 28%|██▊       | 2289/8189 [3:34:46<9:31:56,  5.82s/it]
 28%|██▊       | 2290/8189 [3:34:52<9:37:21,  5.87s/it]
 28%|██▊       | 2291/8189 [3:34:58<9:41:01,  5.91s/it]
 28%|██▊       | 2292/8189 [3:35:03<9:38:41,  5.89s/it]
 28%|██▊       | 2293/8189 [3:35:09<9:41:54,  5.92s/it]
 28%|██▊       | 2294/8189 [3:35:15<9:44:04,  5.94s/it]
 28%|██▊       | 2295/8189 [3:35:21<9:44:02,  5.95s/it]
 28%|██▊       | 2296/8189 [3:35:27<9:26:23,  5.77s/it]
 28%|██▊       | 2297/8189 [3:35:33<9:48:46,  6.00s/it]
 28%|██▊       | 2298/8189 [3:35:38<9:13:00,  5.63s/it]
 28%|██▊       | 2299/8189 [3:35:43<8:46:29,  5.36s/it]
 28%|██▊       | 2300/8189 [3:35:49<8:58:09,  5.48s/it]
 28%|██▊       | 2301/8189 [3:35:55<9:13:47,  5.64s/it]
 28%|██▊       | 2302/8189 [3:36:01<9:23:24,  5.74s/it]
 28%|██▊       | 2303/8189 [3:36:06<9:10:09,  5.61s/it]
 28%|██▊       | 2304/8189 [3:36:11<8:48:41,  5.39s/it]
 28%|██▊       | 2305/8189 [3:36:16<8:51:48,  5.42s/it]
 28%|██▊       | 2306/8189 [3:36:22<9:00:57,  5.52s/it]
 28%|██▊       | 2307/8189 [3:36:27<8:55:52,  5.47s/it]
 28%|██▊       | 2308/8189 [3:36:34<9:22:08,  5.74s/it]
 28%|██▊       | 2309/8189 [3:36:39<9:21:25,  5.73s/it]
 28%|██▊       | 2310/8189 [3:36:45<9:16:34,  5.68s/it]
 28%|██▊       | 2311/8189 [3:36:51<9:17:39,  5.69s/it]
 28%|██▊       | 2312/8189 [3:36:56<9:18:53,  5.71s/it]
 28%|██▊       | 2313/8189 [3:37:02<9:13:17,  5.65s/it]
 28%|██▊       | 2314/8189 [3:37:08<9:15:23,  5.67s/it]
 28%|██▊       | 2315/8189 [3:37:14<9:28:44,  5.81s/it]
 28%|██▊       | 2316/8189 [3:37:20<9:30:08,  5.82s/it]
 28%|██▊       | 2317/8189 [3:37:25<9:28:55,  5.81s/it]
 28%|██▊       | 2318/8189 [3:37:31<9:13:17,  5.65s/it]
 28%|██▊       | 2319/8189 [3:37:37<9:40:04,  5.93s/it]
 28%|██▊       | 2320/8189 [3:37:43<9:35:41,  5.89s/it]
 28%|██▊       | 2321/8189 [3:37:48<9:04:38,  5.57s/it]
 28%|██▊       | 2322/8189 [3:37:53<9:04:39,  5.57s/it]
 28%|██▊       | 2323/8189 [3:37:59<8:50:57,  5.43s/it]
 28%|██▊       | 2324/8189 [3:38:03<8:20:11,  5.12s/it]
 28%|██▊       | 2325/8189 [3:38:08<8:25:10,  5.17s/it]
 28%|██▊       | 2326/8189 [3:38:14<8:44:44,  5.37s/it]
 28%|██▊       | 2327/8189 [3:38:19<8:36:03,  5.28s/it]
 28%|██▊       | 2328/8189 [3:38:25<8:46:31,  5.39s/it]
 28%|██▊       | 2329/8189 [3:38:31<9:01:09,  5.54s/it]
 28%|██▊       | 2330/8189 [3:38:36<8:58:42,  5.52s/it]
 28%|██▊       | 2331/8189 [3:38:42<9:06:03,  5.59s/it]
 28%|██▊       | 2332/8189 [3:38:48<9:32:19,  5.86s/it]
 28%|██▊       | 2333/8189 [3:38:56<10:07:34,  6.23s/it]
 29%|██▊       | 2334/8189 [3:39:02<10:18:19,  6.34s/it]
 29%|██▊       | 2335/8189 [3:39:08<10:07:01,  6.22s/it]
 29%|██▊       | 2336/8189 [3:39:14<9:45:08,  6.00s/it] 
 29%|██▊       | 2337/8189 [3:39:19<9:29:22,  5.84s/it]
 29%|██▊       | 2338/8189 [3:39:25<9:44:54,  6.00s/it]
 29%|██▊       | 2339/8189 [3:39:31<9:42:16,  5.97s/it]
 29%|██▊       | 2340/8189 [3:39:37<9:38:50,  5.94s/it]
 29%|██▊       | 2341/8189 [3:39:43<9:40:24,  5.95s/it]
 29%|██▊       | 2342/8189 [3:39:49<9:35:58,  5.91s/it]
 29%|██▊       | 2343/8189 [3:39:54<9:04:02,  5.58s/it]
 29%|██▊       | 2344/8189 [3:39:58<8:31:15,  5.25s/it]
 29%|██▊       | 2345/8189 [3:40:04<8:32:01,  5.26s/it]
 29%|██▊       | 2346/8189 [3:40:09<8:51:37,  5.46s/it]
 29%|██▊       | 2347/8189 [3:40:15<9:01:21,  5.56s/it]
 29%|██▊       | 2348/8189 [3:40:21<9:10:00,  5.65s/it]
 29%|██▊       | 2349/8189 [3:40:26<8:46:11,  5.41s/it]
 29%|██▊       | 2350/8189 [3:40:31<8:41:58,  5.36s/it]
 29%|██▊       | 2351/8189 [3:40:37<8:56:34,  5.51s/it]
 29%|██▊       | 2352/8189 [3:40:42<8:38:18,  5.33s/it]
 29%|██▊       | 2353/8189 [3:40:48<8:55:22,  5.50s/it]
 29%|██▊       | 2354/8189 [3:40:54<9:07:00,  5.62s/it]
 29%|██▉       | 2355/8189 [3:40:59<8:48:51,  5.44s/it]
 29%|██▉       | 2356/8189 [3:41:05<8:59:26,  5.55s/it]
 29%|██▉       | 2357/8189 [3:41:11<9:12:42,  5.69s/it]
 29%|██▉       | 2358/8189 [3:41:16<8:56:30,  5.52s/it]
 29%|██▉       | 2359/8189 [3:41:21<8:52:54,  5.48s/it]
 29%|██▉       | 2360/8189 [3:41:26<8:39:52,  5.35s/it]
 29%|██▉       | 2361/8189 [3:41:31<8:29:08,  5.24s/it]
 29%|██▉       | 2362/8189 [3:41:36<8:18:41,  5.13s/it]
 29%|██▉       | 2363/8189 [3:41:41<8:16:34,  5.11s/it]
 29%|██▉       | 2364/8189 [3:41:46<8:21:46,  5.17s/it]
 29%|██▉       | 2365/8189 [3:41:52<8:38:27,  5.34s/it]
 29%|██▉       | 2366/8189 [3:41:57<8:34:12,  5.30s/it]
 29%|██▉       | 2367/8189 [3:42:03<8:32:51,  5.29s/it]
 29%|██▉       | 2368/8189 [3:42:07<8:05:38,  5.01s/it]
 29%|██▉       | 2369/8189 [3:42:13<8:27:37,  5.23s/it]
 29%|██▉       | 2370/8189 [3:42:17<8:12:33,  5.08s/it]
 29%|██▉       | 2371/8189 [3:42:22<8:09:00,  5.04s/it]
 29%|██▉       | 2372/8189 [3:42:28<8:31:52,  5.28s/it]
 29%|██▉       | 2373/8189 [3:42:34<8:44:08,  5.41s/it]
 29%|██▉       | 2374/8189 [3:42:40<9:03:47,  5.61s/it]
 29%|██▉       | 2375/8189 [3:42:45<8:55:56,  5.53s/it]
 29%|██▉       | 2376/8189 [3:42:50<8:25:41,  5.22s/it]
 29%|██▉       | 2377/8189 [3:42:55<8:33:09,  5.30s/it]
 29%|██▉       | 2378/8189 [3:43:01<8:47:57,  5.45s/it]
 29%|██▉       | 2379/8189 [3:43:07<9:04:07,  5.62s/it]
 29%|██▉       | 2380/8189 [3:43:13<9:18:56,  5.77s/it]
 29%|██▉       | 2381/8189 [3:43:19<9:11:43,  5.70s/it]
 29%|██▉       | 2382/8189 [3:43:24<9:09:23,  5.68s/it]
 29%|██▉       | 2383/8189 [3:43:30<9:01:18,  5.59s/it]
 29%|██▉       | 2384/8189 [3:43:36<9:11:21,  5.70s/it]
 29%|██▉       | 2385/8189 [3:43:42<9:12:58,  5.72s/it]
 29%|██▉       | 2386/8189 [3:43:46<8:50:28,  5.48s/it]
 29%|██▉       | 2387/8189 [3:43:52<8:48:38,  5.47s/it]
 29%|██▉       | 2388/8189 [3:43:58<8:55:07,  5.53s/it]
 29%|██▉       | 2389/8189 [3:44:02<8:34:21,  5.32s/it]
 29%|██▉       | 2390/8189 [3:44:08<8:32:11,  5.30s/it]
 29%|██▉       | 2391/8189 [3:44:13<8:33:13,  5.31s/it]
 29%|██▉       | 2392/8189 [3:44:18<8:38:00,  5.36s/it]
 29%|██▉       | 2393/8189 [3:44:23<8:14:32,  5.12s/it]
 29%|██▉       | 2394/8189 [3:44:28<8:16:04,  5.14s/it]
 29%|██▉       | 2395/8189 [3:44:33<8:18:09,  5.16s/it]
 29%|██▉       | 2396/8189 [3:44:38<8:04:53,  5.02s/it]
 29%|██▉       | 2397/8189 [3:44:44<8:29:55,  5.28s/it]
 29%|██▉       | 2398/8189 [3:44:50<8:49:25,  5.49s/it]
 29%|██▉       | 2399/8189 [3:44:56<8:59:37,  5.59s/it]
 29%|██▉       | 2400/8189 [3:45:02<9:06:04,  5.66s/it]
 29%|██▉       | 2401/8189 [3:45:08<9:32:48,  5.94s/it]
 29%|██▉       | 2402/8189 [3:45:14<9:39:12,  6.01s/it]
 29%|██▉       | 2403/8189 [3:45:19<8:57:14,  5.57s/it]
 29%|██▉       | 2404/8189 [3:45:25<9:11:36,  5.72s/it]
 29%|██▉       | 2405/8189 [3:45:31<9:05:08,  5.66s/it]
 29%|██▉       | 2406/8189 [3:45:36<9:05:03,  5.66s/it]
 29%|██▉       | 2407/8189 [3:45:42<9:01:25,  5.62s/it]
 29%|██▉       | 2408/8189 [3:45:46<8:34:01,  5.33s/it]
 29%|██▉       | 2409/8189 [3:45:52<8:43:51,  5.44s/it]
 29%|██▉       | 2410/8189 [3:45:58<8:54:54,  5.55s/it]
 29%|██▉       | 2411/8189 [3:46:04<9:04:29,  5.65s/it]
 29%|██▉       | 2412/8189 [3:46:10<9:29:59,  5.92s/it]
 29%|██▉       | 2413/8189 [3:46:16<9:33:18,  5.96s/it]
 29%|██▉       | 2414/8189 [3:46:21<9:04:57,  5.66s/it]
 29%|██▉       | 2415/8189 [3:46:27<9:13:15,  5.75s/it]
 30%|██▉       | 2416/8189 [3:46:33<9:26:08,  5.88s/it]
 30%|██▉       | 2417/8189 [3:46:39<9:08:35,  5.70s/it]
 30%|██▉       | 2418/8189 [3:46:44<8:57:55,  5.59s/it]
 30%|██▉       | 2419/8189 [3:46:49<8:41:35,  5.42s/it]
 30%|██▉       | 2420/8189 [3:46:54<8:30:24,  5.31s/it]
 30%|██▉       | 2421/8189 [3:47:00<8:38:56,  5.40s/it]
 30%|██▉       | 2422/8189 [3:47:05<8:35:04,  5.36s/it]
 30%|██▉       | 2423/8189 [3:47:11<8:51:24,  5.53s/it]
 30%|██▉       | 2424/8189 [3:47:16<8:48:39,  5.50s/it]
 30%|██▉       | 2425/8189 [3:47:22<8:53:16,  5.55s/it]
 30%|██▉       | 2426/8189 [3:47:27<8:38:12,  5.40s/it]
 30%|██▉       | 2427/8189 [3:47:33<8:41:41,  5.43s/it]
 30%|██▉       | 2428/8189 [3:47:38<8:30:13,  5.31s/it]
 30%|██▉       | 2429/8189 [3:47:43<8:29:08,  5.30s/it]
 30%|██▉       | 2430/8189 [3:47:49<8:36:42,  5.38s/it]
 30%|██▉       | 2431/8189 [3:47:54<8:35:28,  5.37s/it]
 30%|██▉       | 2432/8189 [3:47:59<8:39:41,  5.42s/it]
 30%|██▉       | 2433/8189 [3:48:06<9:21:32,  5.85s/it]
 30%|██▉       | 2434/8189 [3:48:11<8:55:40,  5.58s/it]
 30%|██▉       | 2435/8189 [3:48:18<9:23:30,  5.88s/it]
 30%|██▉       | 2436/8189 [3:48:23<8:54:58,  5.58s/it]
 30%|██▉       | 2437/8189 [3:48:29<9:08:13,  5.72s/it]
 30%|██▉       | 2438/8189 [3:48:34<8:42:16,  5.45s/it]
 30%|██▉       | 2439/8189 [3:48:39<8:34:22,  5.37s/it]
 30%|██▉       | 2440/8189 [3:48:44<8:42:44,  5.46s/it]
 30%|██▉       | 2441/8189 [3:48:50<8:43:30,  5.46s/it]
 30%|██▉       | 2442/8189 [3:48:55<8:38:35,  5.41s/it]
 30%|██▉       | 2443/8189 [3:49:01<8:46:16,  5.50s/it]
 30%|██▉       | 2444/8189 [3:49:06<8:30:30,  5.33s/it]
 30%|██▉       | 2445/8189 [3:49:11<8:36:35,  5.40s/it]
 30%|██▉       | 2446/8189 [3:49:17<8:47:16,  5.51s/it]
 30%|██▉       | 2447/8189 [3:49:23<8:52:26,  5.56s/it]
 30%|██▉       | 2448/8189 [3:49:30<9:26:05,  5.92s/it]
 30%|██▉       | 2449/8189 [3:49:35<9:11:40,  5.77s/it]
 30%|██▉       | 2450/8189 [3:49:41<9:14:10,  5.79s/it]
 30%|██▉       | 2451/8189 [3:49:47<9:27:47,  5.94s/it]
 30%|██▉       | 2452/8189 [3:49:53<9:37:53,  6.04s/it]
 30%|██▉       | 2453/8189 [3:49:59<9:19:55,  5.86s/it]
 30%|██▉       | 2454/8189 [3:50:05<9:30:32,  5.97s/it]
 30%|██▉       | 2455/8189 [3:50:11<9:30:43,  5.97s/it]
 30%|██▉       | 2456/8189 [3:50:17<9:30:30,  5.97s/it]
 30%|███       | 2457/8189 [3:50:23<9:41:45,  6.09s/it]
 30%|███       | 2458/8189 [3:50:29<9:20:26,  5.87s/it]
 30%|███       | 2459/8189 [3:50:34<8:59:35,  5.65s/it]
 30%|███       | 2460/8189 [3:50:40<9:03:54,  5.70s/it]
 30%|███       | 2461/8189 [3:50:46<9:12:55,  5.79s/it]
 30%|███       | 2462/8189 [3:50:51<8:56:21,  5.62s/it]
 30%|███       | 2463/8189 [3:50:57<9:06:37,  5.73s/it]
 30%|███       | 2464/8189 [3:51:02<8:40:06,  5.45s/it]
 30%|███       | 2465/8189 [3:51:07<8:34:57,  5.40s/it]
 30%|███       | 2466/8189 [3:51:13<8:51:05,  5.57s/it]
 30%|███       | 2467/8189 [3:51:18<8:51:28,  5.57s/it]
 30%|███       | 2468/8189 [3:51:24<8:44:29,  5.50s/it]
 30%|███       | 2469/8189 [3:51:29<8:42:40,  5.48s/it]
 30%|███       | 2470/8189 [3:51:35<8:49:45,  5.56s/it]
 30%|███       | 2471/8189 [3:51:40<8:36:26,  5.42s/it]
 30%|███       | 2472/8189 [3:51:46<8:54:27,  5.61s/it]
 30%|███       | 2473/8189 [3:51:52<9:01:30,  5.68s/it]
 30%|███       | 2474/8189 [3:51:58<9:10:25,  5.78s/it]
 30%|███       | 2475/8189 [3:52:03<9:01:47,  5.69s/it]
 30%|███       | 2476/8189 [3:52:09<8:48:32,  5.55s/it]
 30%|███       | 2477/8189 [3:52:14<8:33:38,  5.40s/it]
 30%|███       | 2478/8189 [3:52:19<8:26:52,  5.33s/it]
 30%|███       | 2479/8189 [3:52:24<8:27:29,  5.33s/it]
 30%|███       | 2480/8189 [3:52:30<8:32:01,  5.38s/it]
 30%|███       | 2481/8189 [3:52:35<8:41:57,  5.49s/it]
 30%|███       | 2482/8189 [3:52:41<8:30:11,  5.36s/it]
 30%|███       | 2483/8189 [3:52:46<8:38:35,  5.45s/it]
 30%|███       | 2484/8189 [3:52:51<8:32:04,  5.39s/it]
 30%|███       | 2485/8189 [3:52:57<8:32:06,  5.39s/it]
 30%|███       | 2486/8189 [3:53:02<8:35:19,  5.42s/it]
 30%|███       | 2487/8189 [3:53:08<8:41:23,  5.49s/it]
 30%|███       | 2488/8189 [3:53:13<8:42:27,  5.50s/it]
 30%|███       | 2489/8189 [3:53:18<8:21:10,  5.28s/it]
 30%|███       | 2490/8189 [3:53:23<8:19:58,  5.26s/it]
 30%|███       | 2491/8189 [3:53:29<8:29:00,  5.36s/it]
 30%|███       | 2492/8189 [3:53:35<8:34:09,  5.42s/it]
 30%|███       | 2493/8189 [3:53:41<8:53:51,  5.62s/it]
 30%|███       | 2494/8189 [3:53:46<8:56:24,  5.65s/it]
 30%|███       | 2495/8189 [3:53:53<9:12:49,  5.83s/it]
 30%|███       | 2496/8189 [3:53:58<9:01:49,  5.71s/it]
 30%|███       | 2497/8189 [3:54:04<9:17:54,  5.88s/it]
 31%|███       | 2498/8189 [3:54:10<9:24:33,  5.95s/it]
 31%|███       | 2499/8189 [3:54:17<9:28:15,  5.99s/it]
 31%|███       | 2500/8189 [3:54:22<9:07:41,  5.78s/it]
 31%|███       | 2501/8189 [3:54:28<9:16:10,  5.87s/it]
 31%|███       | 2502/8189 [3:54:33<9:00:17,  5.70s/it]
 31%|███       | 2503/8189 [3:54:39<8:49:56,  5.59s/it]
 31%|███       | 2504/8189 [3:54:45<9:23:46,  5.95s/it]
 31%|███       | 2505/8189 [3:54:51<9:12:46,  5.84s/it]
 31%|███       | 2506/8189 [3:54:57<9:21:12,  5.93s/it]
 31%|███       | 2507/8189 [3:55:02<8:59:13,  5.69s/it]
 31%|███       | 2508/8189 [3:55:08<8:49:57,  5.60s/it]
 31%|███       | 2509/8189 [3:55:13<8:53:46,  5.64s/it]
 31%|███       | 2510/8189 [3:55:19<8:44:03,  5.54s/it]
 31%|███       | 2511/8189 [3:55:24<8:48:16,  5.58s/it]
 31%|███       | 2512/8189 [3:55:30<8:57:45,  5.68s/it]
 31%|███       | 2513/8189 [3:55:36<9:11:55,  5.83s/it]
 31%|███       | 2514/8189 [3:55:41<8:44:48,  5.55s/it]
 31%|███       | 2515/8189 [3:55:47<8:41:02,  5.51s/it]
 31%|███       | 2516/8189 [3:55:54<9:18:11,  5.90s/it]
 31%|███       | 2517/8189 [3:55:59<9:10:55,  5.83s/it]
 31%|███       | 2518/8189 [3:56:05<9:22:40,  5.95s/it]
 31%|███       | 2519/8189 [3:56:12<9:27:19,  6.00s/it]
 31%|███       | 2520/8189 [3:56:17<9:04:02,  5.76s/it]
 31%|███       | 2521/8189 [3:56:22<8:52:58,  5.64s/it]
 31%|███       | 2522/8189 [3:56:27<8:33:50,  5.44s/it]
 31%|███       | 2523/8189 [3:56:33<8:33:19,  5.44s/it]
 31%|███       | 2524/8189 [3:56:38<8:47:27,  5.59s/it]
 31%|███       | 2525/8189 [3:56:45<9:06:07,  5.79s/it]
 31%|███       | 2526/8189 [3:56:50<9:02:09,  5.74s/it]
 31%|███       | 2527/8189 [3:56:57<9:19:15,  5.93s/it]
 31%|███       | 2528/8189 [3:57:01<8:27:22,  5.38s/it]
 31%|███       | 2529/8189 [3:57:07<8:39:05,  5.50s/it]
 31%|███       | 2530/8189 [3:57:13<8:55:52,  5.68s/it]
 31%|███       | 2531/8189 [3:57:19<9:13:38,  5.87s/it]
 31%|███       | 2532/8189 [3:57:25<9:04:21,  5.77s/it]
 31%|███       | 2533/8189 [3:57:30<8:51:12,  5.64s/it]
 31%|███       | 2534/8189 [3:57:35<8:36:56,  5.48s/it]
 31%|███       | 2535/8189 [3:57:41<8:50:38,  5.63s/it]
 31%|███       | 2536/8189 [3:57:46<8:31:30,  5.43s/it]
 31%|███       | 2537/8189 [3:57:52<8:50:15,  5.63s/it]
 31%|███       | 2538/8189 [3:57:58<8:51:17,  5.64s/it]
 31%|███       | 2539/8189 [3:58:03<8:30:36,  5.42s/it]
 31%|███       | 2540/8189 [3:58:08<8:37:47,  5.50s/it]
 31%|███       | 2541/8189 [3:58:14<8:44:46,  5.57s/it]
 31%|███       | 2542/8189 [3:58:19<8:41:22,  5.54s/it]
 31%|███       | 2543/8189 [3:58:25<8:38:24,  5.51s/it]
 31%|███       | 2544/8189 [3:58:30<8:33:51,  5.46s/it]
 31%|███       | 2545/8189 [3:58:35<8:11:34,  5.23s/it]
 31%|███       | 2546/8189 [3:58:40<7:55:26,  5.06s/it]
 31%|███       | 2547/8189 [3:58:45<7:58:13,  5.09s/it]
 31%|███       | 2548/8189 [3:58:51<8:19:22,  5.31s/it]
 31%|███       | 2549/8189 [3:58:56<8:27:31,  5.40s/it]
 31%|███       | 2550/8189 [3:59:02<8:36:26,  5.50s/it]
 31%|███       | 2551/8189 [3:59:07<8:20:45,  5.33s/it]
 31%|███       | 2552/8189 [3:59:12<8:08:45,  5.20s/it]
 31%|███       | 2553/8189 [3:59:17<8:12:41,  5.25s/it]
 31%|███       | 2554/8189 [3:59:23<8:42:53,  5.57s/it]
 31%|███       | 2555/8189 [3:59:29<8:52:06,  5.67s/it]
 31%|███       | 2556/8189 [3:59:36<9:07:58,  5.84s/it]
 31%|███       | 2557/8189 [3:59:41<8:57:13,  5.72s/it]
 31%|███       | 2558/8189 [3:59:46<8:43:10,  5.57s/it]
 31%|███       | 2559/8189 [3:59:52<8:53:01,  5.68s/it]
 31%|███▏      | 2560/8189 [3:59:57<8:39:28,  5.54s/it]
 31%|███▏      | 2561/8189 [4:00:03<8:50:38,  5.66s/it]
 31%|███▏      | 2562/8189 [4:00:08<8:22:46,  5.36s/it]
 31%|███▏      | 2563/8189 [4:00:13<8:21:50,  5.35s/it]
 31%|███▏      | 2564/8189 [4:00:18<8:02:25,  5.15s/it]
 31%|███▏      | 2565/8189 [4:00:23<8:09:56,  5.23s/it]
 31%|███▏      | 2566/8189 [4:00:29<8:13:20,  5.26s/it]
 31%|███▏      | 2567/8189 [4:00:34<8:25:31,  5.40s/it]
 31%|███▏      | 2568/8189 [4:00:40<8:34:19,  5.49s/it]
 31%|███▏      | 2569/8189 [4:00:45<8:13:56,  5.27s/it]
 31%|███▏      | 2570/8189 [4:00:50<7:59:12,  5.12s/it]
 31%|███▏      | 2571/8189 [4:00:54<7:47:43,  5.00s/it]
 31%|███▏      | 2572/8189 [4:01:00<7:55:21,  5.08s/it]
 31%|███▏      | 2573/8189 [4:01:06<8:29:23,  5.44s/it]
 31%|███▏      | 2574/8189 [4:01:12<8:41:02,  5.57s/it]
 31%|███▏      | 2575/8189 [4:01:17<8:39:43,  5.55s/it]
 31%|███▏      | 2576/8189 [4:01:23<8:41:15,  5.57s/it]
 31%|███▏      | 2577/8189 [4:01:29<8:50:39,  5.67s/it]
 31%|███▏      | 2578/8189 [4:01:34<8:46:29,  5.63s/it]
 31%|███▏      | 2579/8189 [4:01:40<8:42:35,  5.59s/it]
 32%|███▏      | 2580/8189 [4:01:45<8:25:54,  5.41s/it]
 32%|███▏      | 2581/8189 [4:01:49<7:55:09,  5.08s/it]
 32%|███▏      | 2582/8189 [4:01:55<8:06:35,  5.21s/it]
 32%|███▏      | 2583/8189 [4:02:01<8:24:18,  5.40s/it]
 32%|███▏      | 2584/8189 [4:02:07<8:42:02,  5.59s/it]
 32%|███▏      | 2585/8189 [4:02:12<8:43:56,  5.61s/it]
 32%|███▏      | 2586/8189 [4:02:17<8:34:08,  5.51s/it]
 32%|███▏      | 2587/8189 [4:02:23<8:33:35,  5.50s/it]
 32%|███▏      | 2588/8189 [4:02:28<8:33:01,  5.50s/it]
 32%|███▏      | 2589/8189 [4:02:34<8:21:03,  5.37s/it]
 32%|███▏      | 2590/8189 [4:02:39<8:35:44,  5.53s/it]
 32%|███▏      | 2591/8189 [4:02:45<8:49:04,  5.67s/it]
 32%|███▏      | 2592/8189 [4:02:50<8:26:22,  5.43s/it]
 32%|███▏      | 2593/8189 [4:02:57<8:54:25,  5.73s/it]
 32%|███▏      | 2594/8189 [4:03:02<8:39:44,  5.57s/it]
 32%|███▏      | 2595/8189 [4:03:08<8:40:07,  5.58s/it]
 32%|███▏      | 2596/8189 [4:03:14<8:59:25,  5.79s/it]
 32%|███▏      | 2597/8189 [4:03:19<8:56:26,  5.76s/it]
 32%|███▏      | 2598/8189 [4:03:25<9:00:27,  5.80s/it]
 32%|███▏      | 2599/8189 [4:03:30<8:34:37,  5.52s/it]
 32%|███▏      | 2600/8189 [4:03:36<8:29:41,  5.47s/it]
 32%|███▏      | 2601/8189 [4:03:41<8:33:16,  5.51s/it]
 32%|███▏      | 2602/8189 [4:03:46<8:14:36,  5.31s/it]
 32%|███▏      | 2603/8189 [4:03:51<8:10:47,  5.27s/it]
 32%|███▏      | 2604/8189 [4:03:57<8:30:21,  5.48s/it]
 32%|███▏      | 2605/8189 [4:04:03<8:24:27,  5.42s/it]
 32%|███▏      | 2606/8189 [4:04:08<8:14:12,  5.31s/it]
 32%|███▏      | 2607/8189 [4:04:13<8:08:52,  5.25s/it]
 32%|███▏      | 2608/8189 [4:04:18<8:09:48,  5.27s/it]
 32%|███▏      | 2609/8189 [4:04:23<8:11:01,  5.28s/it]
 32%|███▏      | 2610/8189 [4:04:29<8:12:25,  5.30s/it]
 32%|███▏      | 2611/8189 [4:04:34<8:21:26,  5.39s/it]
 32%|███▏      | 2612/8189 [4:04:40<8:33:39,  5.53s/it]
 32%|███▏      | 2613/8189 [4:04:44<8:01:30,  5.18s/it]
 32%|███▏      | 2614/8189 [4:04:50<8:15:12,  5.33s/it]
 32%|███▏      | 2615/8189 [4:04:56<8:23:03,  5.42s/it]
 32%|███▏      | 2616/8189 [4:05:01<8:24:52,  5.44s/it]
 32%|███▏      | 2617/8189 [4:05:07<8:32:06,  5.51s/it]
 32%|███▏      | 2618/8189 [4:05:13<8:53:43,  5.75s/it]
 32%|███▏      | 2619/8189 [4:05:19<8:52:40,  5.74s/it]
 32%|███▏      | 2620/8189 [4:05:26<9:22:33,  6.06s/it]
 32%|███▏      | 2621/8189 [4:05:32<9:16:07,  5.99s/it]
 32%|███▏      | 2622/8189 [4:05:37<9:13:06,  5.96s/it]
 32%|███▏      | 2623/8189 [4:05:43<9:03:44,  5.86s/it]
 32%|███▏      | 2624/8189 [4:05:49<9:05:29,  5.88s/it]
 32%|███▏      | 2625/8189 [4:05:55<9:04:05,  5.87s/it]
 32%|███▏      | 2626/8189 [4:06:01<9:06:55,  5.90s/it]
 32%|███▏      | 2627/8189 [4:06:07<9:06:44,  5.90s/it]
 32%|███▏      | 2628/8189 [4:06:12<8:50:14,  5.72s/it]
 32%|███▏      | 2629/8189 [4:06:18<8:59:35,  5.82s/it]
 32%|███▏      | 2630/8189 [4:06:23<8:41:38,  5.63s/it]
 32%|███▏      | 2631/8189 [4:06:29<8:36:28,  5.58s/it]
 32%|███▏      | 2632/8189 [4:06:35<8:53:22,  5.76s/it]
 32%|███▏      | 2633/8189 [4:06:40<8:35:24,  5.57s/it]
 32%|███▏      | 2634/8189 [4:06:44<7:44:17,  5.01s/it]
 32%|███▏      | 2635/8189 [4:06:49<7:39:59,  4.97s/it]
 32%|███▏      | 2636/8189 [4:06:54<7:57:40,  5.16s/it]
 32%|███▏      | 2637/8189 [4:06:59<8:00:04,  5.19s/it]
 32%|███▏      | 2638/8189 [4:07:06<8:27:43,  5.49s/it]
 32%|███▏      | 2639/8189 [4:07:11<8:26:35,  5.48s/it]
 32%|███▏      | 2640/8189 [4:07:17<8:30:38,  5.52s/it]
 32%|███▏      | 2641/8189 [4:07:23<8:38:26,  5.61s/it]
 32%|███▏      | 2642/8189 [4:07:28<8:29:31,  5.51s/it]
 32%|███▏      | 2643/8189 [4:07:33<8:21:21,  5.42s/it]
 32%|███▏      | 2644/8189 [4:07:39<8:30:18,  5.52s/it]
 32%|███▏      | 2645/8189 [4:07:44<8:11:56,  5.32s/it]
 32%|███▏      | 2646/8189 [4:07:50<8:32:35,  5.55s/it]
 32%|███▏      | 2647/8189 [4:07:55<8:29:20,  5.51s/it]
 32%|███▏      | 2648/8189 [4:08:01<8:35:16,  5.58s/it]
 32%|███▏      | 2649/8189 [4:08:06<8:33:06,  5.56s/it]
 32%|███▏      | 2650/8189 [4:08:12<8:25:53,  5.48s/it]
 32%|███▏      | 2651/8189 [4:08:18<8:38:40,  5.62s/it]
 32%|███▏      | 2652/8189 [4:08:24<8:45:08,  5.69s/it]
 32%|███▏      | 2653/8189 [4:08:29<8:41:32,  5.65s/it]
 32%|███▏      | 2654/8189 [4:08:35<8:35:09,  5.58s/it]
 32%|███▏      | 2655/8189 [4:08:39<8:05:26,  5.26s/it]
 32%|███▏      | 2656/8189 [4:08:46<8:39:07,  5.63s/it]
 32%|███▏      | 2657/8189 [4:08:51<8:32:44,  5.56s/it]
 32%|███▏      | 2658/8189 [4:08:55<7:41:33,  5.01s/it]
 32%|███▏      | 2659/8189 [4:09:00<8:03:16,  5.24s/it]
 32%|███▏      | 2660/8189 [4:09:06<8:24:24,  5.47s/it]
 32%|███▏      | 2661/8189 [4:09:12<8:20:28,  5.43s/it]
 33%|███▎      | 2662/8189 [4:09:18<8:41:51,  5.67s/it]
 33%|███▎      | 2663/8189 [4:09:24<8:47:05,  5.72s/it]
 33%|███▎      | 2664/8189 [4:09:29<8:24:16,  5.48s/it]
 33%|███▎      | 2665/8189 [4:09:34<8:05:05,  5.27s/it]
 33%|███▎      | 2666/8189 [4:09:39<8:21:45,  5.45s/it]
 33%|███▎      | 2667/8189 [4:09:46<8:40:53,  5.66s/it]
 33%|███▎      | 2668/8189 [4:09:52<8:52:30,  5.79s/it]
 33%|███▎      | 2669/8189 [4:09:56<8:01:39,  5.24s/it]
 33%|███▎      | 2670/8189 [4:10:02<8:25:03,  5.49s/it]
 33%|███▎      | 2671/8189 [4:10:07<8:31:04,  5.56s/it]
 33%|███▎      | 2672/8189 [4:10:14<8:53:23,  5.80s/it]
 33%|███▎      | 2673/8189 [4:10:21<9:19:39,  6.09s/it]
 33%|███▎      | 2674/8189 [4:10:27<9:20:43,  6.10s/it]
 33%|███▎      | 2675/8189 [4:10:33<9:35:13,  6.26s/it]
 33%|███▎      | 2676/8189 [4:10:39<9:31:08,  6.22s/it]
 33%|███▎      | 2677/8189 [4:10:46<9:30:00,  6.20s/it]
 33%|███▎      | 2678/8189 [4:10:53<9:51:13,  6.44s/it]
 33%|███▎      | 2679/8189 [4:10:59<9:48:16,  6.41s/it]
 33%|███▎      | 2680/8189 [4:11:05<9:27:57,  6.19s/it]
 33%|███▎      | 2681/8189 [4:11:10<9:13:43,  6.03s/it]
 33%|███▎      | 2682/8189 [4:11:15<8:43:43,  5.71s/it]
 33%|███▎      | 2683/8189 [4:11:21<8:53:07,  5.81s/it]
 33%|███▎      | 2684/8189 [4:11:27<8:44:28,  5.72s/it]
 33%|███▎      | 2685/8189 [4:11:32<8:24:27,  5.50s/it]
 33%|███▎      | 2686/8189 [4:11:37<8:25:00,  5.51s/it]
 33%|███▎      | 2687/8189 [4:11:43<8:24:28,  5.50s/it]
 33%|███▎      | 2688/8189 [4:11:48<8:28:46,  5.55s/it]
 33%|███▎      | 2689/8189 [4:11:54<8:31:19,  5.58s/it]
 33%|███▎      | 2690/8189 [4:11:58<7:58:07,  5.22s/it]
 33%|███▎      | 2691/8189 [4:12:04<8:17:01,  5.42s/it]
 33%|███▎      | 2692/8189 [4:12:09<8:09:58,  5.35s/it]
 33%|███▎      | 2693/8189 [4:12:15<8:16:51,  5.42s/it]
 33%|███▎      | 2694/8189 [4:12:21<8:32:58,  5.60s/it]
 33%|███▎      | 2695/8189 [4:12:27<8:37:48,  5.66s/it]
 33%|███▎      | 2696/8189 [4:12:32<8:26:38,  5.53s/it]
 33%|███▎      | 2697/8189 [4:12:38<8:33:37,  5.61s/it]
 33%|███▎      | 2698/8189 [4:12:43<8:29:11,  5.56s/it]
 33%|███▎      | 2699/8189 [4:12:49<8:29:03,  5.56s/it]
 33%|███▎      | 2700/8189 [4:12:55<8:45:24,  5.74s/it]
 33%|███▎      | 2701/8189 [4:13:01<8:54:11,  5.84s/it]
 33%|███▎      | 2702/8189 [4:13:06<8:39:17,  5.68s/it]
 33%|███▎      | 2703/8189 [4:13:12<8:22:57,  5.50s/it]
 33%|███▎      | 2704/8189 [4:13:17<8:19:20,  5.46s/it]
 33%|███▎      | 2705/8189 [4:13:23<8:35:26,  5.64s/it]
 33%|███▎      | 2706/8189 [4:13:28<8:24:48,  5.52s/it]
 33%|███▎      | 2707/8189 [4:13:34<8:34:06,  5.63s/it]
 33%|███▎      | 2708/8189 [4:13:39<8:20:55,  5.48s/it]
 33%|███▎      | 2709/8189 [4:13:45<8:29:36,  5.58s/it]
 33%|███▎      | 2710/8189 [4:13:50<8:16:35,  5.44s/it]
 33%|███▎      | 2711/8189 [4:13:57<8:50:54,  5.82s/it]
 33%|███▎      | 2712/8189 [4:14:04<9:16:58,  6.10s/it]
 33%|███▎      | 2713/8189 [4:14:10<9:19:22,  6.13s/it]
 33%|███▎      | 2714/8189 [4:14:16<9:13:19,  6.06s/it]
 33%|███▎      | 2715/8189 [4:14:22<9:09:03,  6.02s/it]
 33%|███▎      | 2716/8189 [4:14:28<9:07:16,  6.00s/it]
 33%|███▎      | 2717/8189 [4:14:34<9:14:51,  6.08s/it]
 33%|███▎      | 2718/8189 [4:14:39<8:50:44,  5.82s/it]
 33%|███▎      | 2719/8189 [4:14:44<8:28:59,  5.58s/it]
 33%|███▎      | 2720/8189 [4:14:49<8:12:21,  5.40s/it]
 33%|███▎      | 2721/8189 [4:14:54<8:01:31,  5.28s/it]
 33%|███▎      | 2722/8189 [4:14:59<7:54:03,  5.20s/it]
 33%|███▎      | 2723/8189 [4:15:05<8:21:12,  5.50s/it]
 33%|███▎      | 2724/8189 [4:15:11<8:16:10,  5.45s/it]
 33%|███▎      | 2725/8189 [4:15:16<8:26:48,  5.57s/it]
 33%|███▎      | 2726/8189 [4:15:23<9:00:13,  5.93s/it]
 33%|███▎      | 2727/8189 [4:15:30<9:17:56,  6.13s/it]
 33%|███▎      | 2728/8189 [4:15:35<8:53:48,  5.86s/it]
 33%|███▎      | 2729/8189 [4:15:41<9:01:08,  5.95s/it]
 33%|███▎      | 2730/8189 [4:15:47<8:50:25,  5.83s/it]
 33%|███▎      | 2731/8189 [4:15:52<8:44:20,  5.76s/it]
 33%|███▎      | 2732/8189 [4:15:58<8:29:51,  5.61s/it]
 33%|███▎      | 2733/8189 [4:16:04<8:40:05,  5.72s/it]
 33%|███▎      | 2734/8189 [4:16:09<8:31:40,  5.63s/it]
 33%|███▎      | 2735/8189 [4:16:15<8:36:25,  5.68s/it]
 33%|███▎      | 2736/8189 [4:16:21<8:41:15,  5.74s/it]
 33%|███▎      | 2737/8189 [4:16:27<8:43:46,  5.76s/it]
 33%|███▎      | 2738/8189 [4:16:31<8:06:15,  5.35s/it]
 33%|███▎      | 2739/8189 [4:16:36<8:02:38,  5.31s/it]
 33%|███▎      | 2740/8189 [4:16:41<7:54:29,  5.22s/it]
 33%|███▎      | 2741/8189 [4:16:47<8:02:03,  5.31s/it]
 33%|███▎      | 2742/8189 [4:16:51<7:45:57,  5.13s/it]
 33%|███▎      | 2743/8189 [4:16:56<7:39:36,  5.06s/it]
 34%|███▎      | 2744/8189 [4:17:02<7:47:21,  5.15s/it]
 34%|███▎      | 2745/8189 [4:17:07<7:44:46,  5.12s/it]
 34%|███▎      | 2746/8189 [4:17:12<7:54:34,  5.23s/it]
 34%|███▎      | 2747/8189 [4:17:18<8:10:59,  5.41s/it]
 34%|███▎      | 2748/8189 [4:17:24<8:17:19,  5.48s/it]
 34%|███▎      | 2749/8189 [4:17:30<8:30:35,  5.63s/it]
 34%|███▎      | 2750/8189 [4:17:35<8:31:51,  5.65s/it]
 34%|███▎      | 2751/8189 [4:17:41<8:24:12,  5.56s/it]
 34%|███▎      | 2752/8189 [4:17:47<8:32:11,  5.65s/it]
 34%|███▎      | 2753/8189 [4:17:52<8:39:20,  5.73s/it]
 34%|███▎      | 2754/8189 [4:17:59<8:48:45,  5.84s/it]
 34%|███▎      | 2755/8189 [4:18:04<8:36:00,  5.70s/it]
 34%|███▎      | 2756/8189 [4:18:10<8:52:06,  5.88s/it]
 34%|███▎      | 2757/8189 [4:18:16<8:39:10,  5.73s/it]
 34%|███▎      | 2758/8189 [4:18:22<8:45:54,  5.81s/it]
 34%|███▎      | 2759/8189 [4:18:28<8:55:38,  5.92s/it]
 34%|███▎      | 2760/8189 [4:18:33<8:33:17,  5.67s/it]
 34%|███▎      | 2761/8189 [4:18:39<8:45:24,  5.81s/it]
 34%|███▎      | 2762/8189 [4:18:45<8:39:06,  5.74s/it]
 34%|███▎      | 2763/8189 [4:18:51<8:48:56,  5.85s/it]
 34%|███▍      | 2764/8189 [4:18:57<8:57:25,  5.94s/it]
 34%|███▍      | 2765/8189 [4:19:02<8:46:23,  5.82s/it]
 34%|███▍      | 2766/8189 [4:19:08<8:30:20,  5.65s/it]
 34%|███▍      | 2767/8189 [4:19:13<8:36:05,  5.71s/it]
 34%|███▍      | 2768/8189 [4:19:19<8:25:58,  5.60s/it]
 34%|███▍      | 2769/8189 [4:19:25<8:33:21,  5.68s/it]
 34%|███▍      | 2770/8189 [4:19:30<8:23:50,  5.58s/it]
 34%|███▍      | 2771/8189 [4:19:36<8:30:24,  5.65s/it]
 34%|███▍      | 2772/8189 [4:19:42<8:34:36,  5.70s/it]
 34%|███▍      | 2773/8189 [4:19:47<8:33:46,  5.69s/it]
 34%|███▍      | 2774/8189 [4:19:53<8:20:42,  5.55s/it]
 34%|███▍      | 2775/8189 [4:19:59<8:45:37,  5.83s/it]
 34%|███▍      | 2776/8189 [4:20:05<8:51:11,  5.89s/it]
 34%|███▍      | 2777/8189 [4:20:11<8:47:52,  5.85s/it]
 34%|███▍      | 2778/8189 [4:20:16<8:30:02,  5.66s/it]
 34%|███▍      | 2779/8189 [4:20:21<8:16:23,  5.51s/it]
 34%|███▍      | 2780/8189 [4:20:27<8:21:05,  5.56s/it]
 34%|███▍      | 2781/8189 [4:20:32<8:11:16,  5.45s/it]
 34%|███▍      | 2782/8189 [4:20:38<8:14:09,  5.48s/it]
 34%|███▍      | 2783/8189 [4:20:43<8:21:23,  5.56s/it]
 34%|███▍      | 2784/8189 [4:20:50<8:38:04,  5.75s/it]
 34%|███▍      | 2785/8189 [4:20:55<8:31:48,  5.68s/it]
 34%|███▍      | 2786/8189 [4:21:01<8:33:49,  5.71s/it]
 34%|███▍      | 2787/8189 [4:21:07<8:35:31,  5.73s/it]
 34%|███▍      | 2788/8189 [4:21:12<8:28:28,  5.65s/it]
 34%|███▍      | 2789/8189 [4:21:17<8:12:13,  5.47s/it]
 34%|███▍      | 2790/8189 [4:21:22<8:06:29,  5.41s/it]
 34%|███▍      | 2791/8189 [4:21:28<8:09:29,  5.44s/it]
 34%|███▍      | 2792/8189 [4:21:33<8:09:52,  5.45s/it]
 34%|███▍      | 2793/8189 [4:21:38<7:52:23,  5.25s/it]
 34%|███▍      | 2794/8189 [4:21:44<7:57:11,  5.31s/it]
 34%|███▍      | 2795/8189 [4:21:50<8:18:01,  5.54s/it]
 34%|███▍      | 2796/8189 [4:21:56<8:26:23,  5.63s/it]
 34%|███▍      | 2797/8189 [4:22:01<8:21:28,  5.58s/it]
 34%|███▍      | 2798/8189 [4:22:06<8:06:32,  5.42s/it]
 34%|███▍      | 2799/8189 [4:22:12<8:11:14,  5.47s/it]
 34%|███▍      | 2800/8189 [4:22:17<8:13:44,  5.50s/it]
 34%|███▍      | 2801/8189 [4:22:22<7:50:45,  5.24s/it]
 34%|███▍      | 2802/8189 [4:22:28<8:01:57,  5.37s/it]
 34%|███▍      | 2803/8189 [4:22:34<8:23:21,  5.61s/it]
 34%|███▍      | 2804/8189 [4:22:39<8:22:59,  5.60s/it]
 34%|███▍      | 2805/8189 [4:22:45<8:22:51,  5.60s/it]
 34%|███▍      | 2806/8189 [4:22:52<8:50:39,  5.91s/it]
 34%|███▍      | 2807/8189 [4:22:57<8:36:19,  5.76s/it]
 34%|███▍      | 2808/8189 [4:23:02<8:12:46,  5.49s/it]
 34%|███▍      | 2809/8189 [4:23:08<8:28:49,  5.67s/it]
 34%|███▍      | 2810/8189 [4:23:14<8:38:38,  5.79s/it]
 34%|███▍      | 2811/8189 [4:23:20<8:46:26,  5.87s/it]
 34%|███▍      | 2812/8189 [4:23:25<8:29:55,  5.69s/it]
 34%|███▍      | 2813/8189 [4:23:31<8:25:49,  5.65s/it]
 34%|███▍      | 2814/8189 [4:23:36<8:25:11,  5.64s/it]
 34%|███▍      | 2815/8189 [4:23:42<8:28:45,  5.68s/it]
 34%|███▍      | 2816/8189 [4:23:48<8:34:25,  5.74s/it]
 34%|███▍      | 2817/8189 [4:23:54<8:41:43,  5.83s/it]
 34%|███▍      | 2818/8189 [4:24:00<8:38:59,  5.80s/it]
 34%|███▍      | 2819/8189 [4:24:05<8:32:03,  5.72s/it]
 34%|███▍      | 2820/8189 [4:24:11<8:22:55,  5.62s/it]
 34%|███▍      | 2821/8189 [4:24:15<7:56:15,  5.32s/it]
 34%|███▍      | 2822/8189 [4:24:21<8:16:28,  5.55s/it]
 34%|███▍      | 2823/8189 [4:24:27<8:05:03,  5.42s/it]
 34%|███▍      | 2824/8189 [4:24:32<7:56:27,  5.33s/it]
 34%|███▍      | 2825/8189 [4:24:36<7:30:31,  5.04s/it]
 35%|███▍      | 2826/8189 [4:24:42<7:52:08,  5.28s/it]
 35%|███▍      | 2827/8189 [4:24:47<7:56:16,  5.33s/it]
 35%|███▍      | 2828/8189 [4:24:53<8:00:19,  5.38s/it]
 35%|███▍      | 2829/8189 [4:24:58<7:56:26,  5.33s/it]
 35%|███▍      | 2830/8189 [4:25:04<8:04:54,  5.43s/it]
 35%|███▍      | 2831/8189 [4:25:10<8:30:17,  5.71s/it]
 35%|███▍      | 2832/8189 [4:25:17<8:51:32,  5.95s/it]
 35%|███▍      | 2833/8189 [4:25:23<8:59:19,  6.04s/it]
 35%|███▍      | 2834/8189 [4:25:29<9:02:24,  6.08s/it]
 35%|███▍      | 2835/8189 [4:25:35<9:02:57,  6.08s/it]
 35%|███▍      | 2836/8189 [4:25:41<8:43:15,  5.87s/it]
 35%|███▍      | 2837/8189 [4:25:46<8:38:17,  5.81s/it]
 35%|███▍      | 2838/8189 [4:25:52<8:43:46,  5.87s/it]
 35%|███▍      | 2839/8189 [4:25:58<8:44:35,  5.88s/it]
 35%|███▍      | 2840/8189 [4:26:04<8:37:29,  5.80s/it]
 35%|███▍      | 2841/8189 [4:26:09<8:30:22,  5.73s/it]
 35%|███▍      | 2842/8189 [4:26:15<8:35:16,  5.78s/it]
 35%|███▍      | 2843/8189 [4:26:20<8:02:57,  5.42s/it]
 35%|███▍      | 2844/8189 [4:26:26<8:12:33,  5.53s/it]
 35%|███▍      | 2845/8189 [4:26:31<8:01:39,  5.41s/it]
 35%|███▍      | 2846/8189 [4:26:37<8:14:46,  5.56s/it]
 35%|███▍      | 2847/8189 [4:26:43<8:38:10,  5.82s/it]
 35%|███▍      | 2848/8189 [4:26:49<8:44:47,  5.90s/it]
 35%|███▍      | 2849/8189 [4:26:54<8:27:18,  5.70s/it]
 35%|███▍      | 2850/8189 [4:27:00<8:32:22,  5.76s/it]
 35%|███▍      | 2851/8189 [4:27:06<8:33:59,  5.78s/it]
 35%|███▍      | 2852/8189 [4:27:11<8:15:35,  5.57s/it]
 35%|███▍      | 2853/8189 [4:27:17<8:31:42,  5.75s/it]
 35%|███▍      | 2854/8189 [4:27:22<8:08:36,  5.50s/it]
 35%|███▍      | 2855/8189 [4:27:28<8:21:32,  5.64s/it]
 35%|███▍      | 2856/8189 [4:27:33<8:02:19,  5.43s/it]
 35%|███▍      | 2857/8189 [4:27:39<8:04:12,  5.45s/it]
 35%|███▍      | 2858/8189 [4:27:45<8:36:56,  5.82s/it]
 35%|███▍      | 2859/8189 [4:27:51<8:30:16,  5.74s/it]
 35%|███▍      | 2860/8189 [4:27:56<8:26:11,  5.70s/it]
 35%|███▍      | 2861/8189 [4:28:02<8:33:15,  5.78s/it]
 35%|███▍      | 2862/8189 [4:28:08<8:40:27,  5.86s/it]
 35%|███▍      | 2863/8189 [4:28:13<8:17:36,  5.61s/it]
 35%|███▍      | 2864/8189 [4:28:19<8:21:44,  5.65s/it]
 35%|███▍      | 2865/8189 [4:28:25<8:28:50,  5.73s/it]
 35%|███▍      | 2866/8189 [4:28:31<8:28:17,  5.73s/it]
 35%|███▌      | 2867/8189 [4:28:37<8:28:11,  5.73s/it]
 35%|███▌      | 2868/8189 [4:28:42<8:22:14,  5.66s/it]
 35%|███▌      | 2869/8189 [4:28:47<8:05:10,  5.47s/it]
 35%|███▌      | 2870/8189 [4:28:53<8:25:23,  5.70s/it]
 35%|███▌      | 2871/8189 [4:28:59<8:33:36,  5.79s/it]
 35%|███▌      | 2872/8189 [4:29:06<8:47:11,  5.95s/it]
 35%|███▌      | 2873/8189 [4:29:12<8:46:50,  5.95s/it]
 35%|███▌      | 2874/8189 [4:29:18<8:52:11,  6.01s/it]
 35%|███▌      | 2875/8189 [4:29:24<8:53:38,  6.03s/it]
 35%|███▌      | 2876/8189 [4:29:30<8:51:33,  6.00s/it]
 35%|███▌      | 2877/8189 [4:29:35<8:37:27,  5.84s/it]
 35%|███▌      | 2878/8189 [4:29:41<8:33:07,  5.80s/it]
 35%|███▌      | 2879/8189 [4:29:47<8:45:36,  5.94s/it]
 35%|███▌      | 2880/8189 [4:29:54<8:56:23,  6.06s/it]
 35%|███▌      | 2881/8189 [4:30:00<9:03:18,  6.14s/it]
 35%|███▌      | 2882/8189 [4:30:06<9:00:12,  6.11s/it]
 35%|███▌      | 2883/8189 [4:30:11<8:41:43,  5.90s/it]
 35%|███▌      | 2884/8189 [4:30:16<8:07:23,  5.51s/it]
 35%|███▌      | 2885/8189 [4:30:21<8:01:47,  5.45s/it]
 35%|███▌      | 2886/8189 [4:30:27<8:19:51,  5.66s/it]
 35%|███▌      | 2887/8189 [4:30:34<8:41:55,  5.91s/it]
 35%|███▌      | 2888/8189 [4:30:41<9:06:47,  6.19s/it]
 35%|███▌      | 2889/8189 [4:30:47<9:06:03,  6.18s/it]
 35%|███▌      | 2890/8189 [4:30:53<9:09:10,  6.22s/it]
 35%|███▌      | 2891/8189 [4:30:59<9:00:20,  6.12s/it]
 35%|███▌      | 2892/8189 [4:31:05<8:58:06,  6.10s/it]
 35%|███▌      | 2893/8189 [4:31:10<8:27:31,  5.75s/it]
 35%|███▌      | 2894/8189 [4:31:16<8:18:52,  5.65s/it]
 35%|███▌      | 2895/8189 [4:31:21<8:23:16,  5.70s/it]
 35%|███▌      | 2896/8189 [4:31:27<8:21:03,  5.68s/it]
 35%|███▌      | 2897/8189 [4:31:33<8:18:50,  5.66s/it]
 35%|███▌      | 2898/8189 [4:31:38<8:24:54,  5.73s/it]
 35%|███▌      | 2899/8189 [4:31:44<8:12:34,  5.59s/it]
 35%|███▌      | 2900/8189 [4:31:50<8:30:21,  5.79s/it]
 35%|███▌      | 2901/8189 [4:31:56<8:31:21,  5.80s/it]
 35%|███▌      | 2902/8189 [4:32:01<8:15:18,  5.62s/it]
 35%|███▌      | 2903/8189 [4:32:07<8:19:43,  5.67s/it]
 35%|███▌      | 2904/8189 [4:32:12<8:11:46,  5.58s/it]
 35%|███▌      | 2905/8189 [4:32:18<8:12:11,  5.59s/it]
 35%|███▌      | 2906/8189 [4:32:24<8:16:20,  5.64s/it]
 35%|███▌      | 2907/8189 [4:32:30<8:30:38,  5.80s/it]
 36%|███▌      | 2908/8189 [4:32:36<8:32:21,  5.82s/it]
 36%|███▌      | 2909/8189 [4:32:41<8:30:28,  5.80s/it]
 36%|███▌      | 2910/8189 [4:32:47<8:31:11,  5.81s/it]
 36%|███▌      | 2911/8189 [4:32:53<8:42:16,  5.94s/it]
 36%|███▌      | 2912/8189 [4:32:59<8:41:46,  5.93s/it]
 36%|███▌      | 2913/8189 [4:33:05<8:28:23,  5.78s/it]
 36%|███▌      | 2914/8189 [4:33:11<8:45:39,  5.98s/it]
 36%|███▌      | 2915/8189 [4:33:17<8:34:04,  5.85s/it]
 36%|███▌      | 2916/8189 [4:33:23<8:41:27,  5.93s/it]
 36%|███▌      | 2917/8189 [4:33:28<8:28:56,  5.79s/it]
 36%|███▌      | 2918/8189 [4:33:34<8:22:39,  5.72s/it]
 36%|███▌      | 2919/8189 [4:33:40<8:25:22,  5.75s/it]
 36%|███▌      | 2920/8189 [4:33:46<8:28:14,  5.79s/it]
 36%|███▌      | 2921/8189 [4:33:51<8:28:58,  5.80s/it]
 36%|███▌      | 2922/8189 [4:33:58<8:38:15,  5.90s/it]
 36%|███▌      | 2923/8189 [4:34:04<8:41:42,  5.94s/it]
 36%|███▌      | 2924/8189 [4:34:10<8:50:28,  6.05s/it]
 36%|███▌      | 2925/8189 [4:34:16<8:45:02,  5.98s/it]
 36%|███▌      | 2926/8189 [4:34:22<8:49:10,  6.03s/it]
 36%|███▌      | 2927/8189 [4:34:28<8:54:12,  6.09s/it]
 36%|███▌      | 2928/8189 [4:34:33<8:35:33,  5.88s/it]
 36%|███▌      | 2929/8189 [4:34:39<8:30:02,  5.82s/it]
 36%|███▌      | 2930/8189 [4:34:44<8:14:10,  5.64s/it]
 36%|███▌      | 2931/8189 [4:34:50<8:17:44,  5.68s/it]
 36%|███▌      | 2932/8189 [4:34:56<8:09:48,  5.59s/it]
 36%|███▌      | 2933/8189 [4:35:01<8:12:08,  5.62s/it]
 36%|███▌      | 2934/8189 [4:35:06<8:00:51,  5.49s/it]
 36%|███▌      | 2935/8189 [4:35:12<8:09:51,  5.59s/it]
 36%|███▌      | 2936/8189 [4:35:17<7:59:52,  5.48s/it]
 36%|███▌      | 2937/8189 [4:35:23<8:07:14,  5.57s/it]
 36%|███▌      | 2938/8189 [4:35:29<8:13:30,  5.64s/it]
 36%|███▌      | 2939/8189 [4:35:34<7:54:29,  5.42s/it]
 36%|███▌      | 2940/8189 [4:35:40<8:02:41,  5.52s/it]
 36%|███▌      | 2941/8189 [4:35:46<8:13:55,  5.65s/it]
 36%|███▌      | 2942/8189 [4:35:52<8:43:35,  5.99s/it]
 36%|███▌      | 2943/8189 [4:35:59<8:49:15,  6.05s/it]
 36%|███▌      | 2944/8189 [4:36:04<8:26:15,  5.79s/it]
 36%|███▌      | 2945/8189 [4:36:09<8:19:41,  5.72s/it]
 36%|███▌      | 2946/8189 [4:36:15<8:09:08,  5.60s/it]
 36%|███▌      | 2947/8189 [4:36:21<8:22:43,  5.75s/it]
 36%|███▌      | 2948/8189 [4:36:26<7:56:40,  5.46s/it]
 36%|███▌      | 2949/8189 [4:36:31<7:55:13,  5.44s/it]
 36%|███▌      | 2950/8189 [4:36:37<8:07:32,  5.58s/it]
 36%|███▌      | 2951/8189 [4:36:43<8:17:34,  5.70s/it]
 36%|███▌      | 2952/8189 [4:36:49<8:34:21,  5.89s/it]
 36%|███▌      | 2953/8189 [4:36:55<8:32:19,  5.87s/it]
 36%|███▌      | 2954/8189 [4:37:01<8:31:37,  5.86s/it]
 36%|███▌      | 2955/8189 [4:37:06<8:00:47,  5.51s/it]
 36%|███▌      | 2956/8189 [4:37:10<7:43:56,  5.32s/it]
 36%|███▌      | 2957/8189 [4:37:16<8:03:11,  5.54s/it]
 36%|███▌      | 2958/8189 [4:37:22<8:00:50,  5.52s/it]
 36%|███▌      | 2959/8189 [4:37:26<7:27:44,  5.14s/it]
 36%|███▌      | 2960/8189 [4:37:31<7:19:49,  5.05s/it]
 36%|███▌      | 2961/8189 [4:37:37<7:40:45,  5.29s/it]
 36%|███▌      | 2962/8189 [4:37:42<7:41:53,  5.30s/it]
 36%|███▌      | 2963/8189 [4:37:48<7:52:05,  5.42s/it]
 36%|███▌      | 2964/8189 [4:37:54<8:10:19,  5.63s/it]
 36%|███▌      | 2965/8189 [4:38:00<8:19:20,  5.74s/it]
 36%|███▌      | 2966/8189 [4:38:06<8:27:18,  5.83s/it]
 36%|███▌      | 2967/8189 [4:38:12<8:26:42,  5.82s/it]
 36%|███▌      | 2968/8189 [4:38:18<8:24:49,  5.80s/it]
 36%|███▋      | 2969/8189 [4:38:24<8:30:11,  5.86s/it]
 36%|███▋      | 2970/8189 [4:38:30<8:36:47,  5.94s/it]
 36%|███▋      | 2971/8189 [4:38:36<8:39:07,  5.97s/it]
 36%|███▋      | 2972/8189 [4:38:41<8:29:15,  5.86s/it]
 36%|███▋      | 2973/8189 [4:38:47<8:22:13,  5.78s/it]
 36%|███▋      | 2974/8189 [4:38:52<7:54:12,  5.46s/it]
 36%|███▋      | 2975/8189 [4:38:58<8:04:43,  5.58s/it]
 36%|███▋      | 2976/8189 [4:39:03<7:58:45,  5.51s/it]
 36%|███▋      | 2977/8189 [4:39:09<8:24:33,  5.81s/it]
 36%|███▋      | 2978/8189 [4:39:15<8:27:42,  5.85s/it]
 36%|███▋      | 2979/8189 [4:39:21<8:31:20,  5.89s/it]
 36%|███▋      | 2980/8189 [4:39:27<8:24:15,  5.81s/it]
 36%|███▋      | 2981/8189 [4:39:33<8:31:19,  5.89s/it]
 36%|███▋      | 2982/8189 [4:39:38<8:13:30,  5.69s/it]
 36%|███▋      | 2983/8189 [4:39:45<8:32:28,  5.91s/it]
 36%|███▋      | 2984/8189 [4:39:51<8:33:30,  5.92s/it]
 36%|███▋      | 2985/8189 [4:39:56<8:20:25,  5.77s/it]
 36%|███▋      | 2986/8189 [4:40:02<8:25:58,  5.83s/it]
 36%|███▋      | 2987/8189 [4:40:08<8:22:37,  5.80s/it]
 36%|███▋      | 2988/8189 [4:40:13<8:20:56,  5.78s/it]
 37%|███▋      | 2989/8189 [4:40:20<8:38:23,  5.98s/it]
 37%|███▋      | 2990/8189 [4:40:25<8:26:53,  5.85s/it]
 37%|███▋      | 2991/8189 [4:40:31<8:21:36,  5.79s/it]
 37%|███▋      | 2992/8189 [4:40:37<8:35:19,  5.95s/it]
 37%|███▋      | 2993/8189 [4:40:43<8:31:54,  5.91s/it]
 37%|███▋      | 2994/8189 [4:40:49<8:35:18,  5.95s/it]
 37%|███▋      | 2995/8189 [4:40:54<8:14:25,  5.71s/it]
 37%|███▋      | 2996/8189 [4:40:59<7:47:52,  5.41s/it]
 37%|███▋      | 2997/8189 [4:41:05<8:03:39,  5.59s/it]
 37%|███▋      | 2998/8189 [4:41:10<7:49:47,  5.43s/it]
 37%|███▋      | 2999/8189 [4:41:16<7:59:32,  5.54s/it]
 37%|███▋      | 3000/8189 [4:41:20<7:27:23,  5.17s/it]
                                                       

 37%|███▋      | 3000/8189 [4:41:20<7:27:23,  5.17s/it]

Batches:   0%|          | 0/9 [00:00<?, ?it/s][A

Batches:  56%|█████▌    | 5/9 [00:00<00:00, 43.20it/s][A
Batches: 100%|██████████| 9/9 [00:00<00:00, 48.24it/s]


Corpus Chunks:   0%|          | 0/1 [00:00<?, ?it/s][A


Batches:   0%|          | 0/9 [00:00<?, ?it/s][A[A


Batches:  67%|██████▋   | 6/9 [00:00<00:00, 53.71it/s][A[A
Batches: 100%|██████████| 9/9 [00:00<00:00, 59.52it/s]


Corpus Chunks: 100%|██████████| 1/1 [00:00<00:00,  6.34it/s][A
Corpus Chunks: 100%|██████████| 1/1 [00:00<00:00,  6.31it/s]


Batches:   0%|          | 0/7 [00:00<?, ?it/s][A

Batches: 100%|██████████| 7/7 [00:00<00:00, 65.33it/s][A
Batches: 100%|██████████| 7/7 [00:00<00:00, 65.05it/s]


Batches:   0%|          | 0/7 [00:00<?, ?it/s][A

Batches:  86%|████████▌ | 6/7 [00:00<00:00, 59.65it/s][A
Batches: 100%|██████████| 7/7 [00:00<00:00, 61.68it/s]


Batches:   0%|          | 0/7 [00:00<?, ?it/s][A

Batches: 100%|██████████| 7/7 [00:00<00:00, 69.82it/s][A
Batches: 100%|██████████| 7/7 [00:00<00:00, 69.37it/s]

                                                       

 37%|███▋      | 3000/8189 [4:41:22<7:27:23,  5.17s/it]

Writing model shards:   0%|          | 0/1 [00:00<?, ?it/s][A

Writing model shards: 100%|██████████| 1/1 [00:01<00:00,  1.06s/it][A
Writing model shards: 100%|██████████| 1/1 [00:01<00:00,  1.06s/it]

 37%|███▋      | 3001/8189 [4:41:29<8:59:22,  6.24s/it]
 37%|███▋      | 3002/8189 [4:41:34<8:35:21,  5.96s/it]
 37%|███▋      | 3003/8189 [4:41:41<8:41:55,  6.04s/it]
 37%|███▋      | 3004/8189 [4:41:47<8:46:12,  6.09s/it]
 37%|███▋      | 3005/8189 [4:41:53<8:43:38,  6.06s/it]
 37%|███▋      | 3006/8189 [4:41:59<8:44:30,  6.07s/it]
 37%|███▋      | 3007/8189 [4:42:05<8:37:51,  6.00s/it]
 37%|███▋      | 3008/8189 [4:42:11<8:45:22,  6.08s/it]
 37%|███▋      | 3009/8189 [4:42:16<8:28:14,  5.89s/it]
 37%|███▋      | 3010/8189 [4:42:23<8:37:04,  5.99s/it]
 37%|███▋      | 3011/8189 [4:42:29<8:42:10,  6.05s/it]
 37%|███▋      | 3012/8189 [4:42:34<8:31:15,  5.93s/it]
 37%|███▋      | 3013/8189 [4:42:40<8:10:17,  5.68s/it]
 37%|███▋      | 3014/8189 [4:42:46<8:22:24,  5.83s/it]
 37%|███▋      | 3015/8189 [4:42:52<8:32:47,  5.95s/it]
 37%|███▋      | 3016/8189 [4:42:58<8:41:50,  6.05s/it]
 37%|███▋      | 3017/8189 [4:43:04<8:31:32,  5.93s/it]
 37%|███▋      | 3018/8189 [4:43:10<8:27:35,  5.89s/it]
 37%|███▋      | 3019/8189 [4:43:16<8:37:29,  6.01s/it]
 37%|███▋      | 3020/8189 [4:43:22<8:43:44,  6.08s/it]
 37%|███▋      | 3021/8189 [4:43:27<8:19:35,  5.80s/it]
 37%|███▋      | 3022/8189 [4:43:33<8:11:17,  5.71s/it]
 37%|███▋      | 3023/8189 [4:43:38<7:50:11,  5.46s/it]
 37%|███▋      | 3024/8189 [4:43:43<7:49:07,  5.45s/it]
 37%|███▋      | 3025/8189 [4:43:48<7:43:54,  5.39s/it]
 37%|███▋      | 3026/8189 [4:43:54<8:00:38,  5.59s/it]
 37%|███▋      | 3027/8189 [4:44:00<8:05:26,  5.64s/it]
 37%|███▋      | 3028/8189 [4:44:06<8:12:09,  5.72s/it]
 37%|███▋      | 3029/8189 [4:44:12<8:11:21,  5.71s/it]
 37%|███▋      | 3030/8189 [4:44:18<8:25:38,  5.88s/it]
 37%|███▋      | 3031/8189 [4:44:24<8:36:31,  6.01s/it]
 37%|███▋      | 3032/8189 [4:44:30<8:31:52,  5.96s/it]
 37%|███▋      | 3033/8189 [4:44:36<8:19:54,  5.82s/it]
 37%|███▋      | 3034/8189 [4:44:41<8:11:51,  5.72s/it]
 37%|███▋      | 3035/8189 [4:44:47<8:13:10,  5.74s/it]
 37%|███▋      | 3036/8189 [4:44:53<8:17:08,  5.79s/it]
 37%|███▋      | 3037/8189 [4:44:59<8:28:31,  5.92s/it]
 37%|███▋      | 3038/8189 [4:45:05<8:27:19,  5.91s/it]
 37%|███▋      | 3039/8189 [4:45:11<8:17:57,  5.80s/it]
 37%|███▋      | 3040/8189 [4:45:17<8:27:27,  5.91s/it]
 37%|███▋      | 3041/8189 [4:45:23<8:42:54,  6.09s/it]
 37%|███▋      | 3042/8189 [4:45:30<8:53:21,  6.22s/it]
 37%|███▋      | 3043/8189 [4:45:35<8:36:18,  6.02s/it]
 37%|███▋      | 3044/8189 [4:45:41<8:33:04,  5.98s/it]
 37%|███▋      | 3045/8189 [4:45:47<8:20:50,  5.84s/it]
 37%|███▋      | 3046/8189 [4:45:53<8:23:15,  5.87s/it]
 37%|███▋      | 3047/8189 [4:45:59<8:33:59,  6.00s/it]
 37%|███▋      | 3048/8189 [4:46:05<8:34:45,  6.01s/it]
 37%|███▋      | 3049/8189 [4:46:11<8:33:11,  5.99s/it]
 37%|███▋      | 3050/8189 [4:46:17<8:42:29,  6.10s/it]
 37%|███▋      | 3051/8189 [4:46:23<8:34:48,  6.01s/it]
 37%|███▋      | 3052/8189 [4:46:29<8:34:03,  6.00s/it]
 37%|███▋      | 3053/8189 [4:46:34<8:15:51,  5.79s/it]
 37%|███▋      | 3054/8189 [4:46:39<7:42:17,  5.40s/it]
 37%|███▋      | 3055/8189 [4:46:45<7:55:12,  5.55s/it]
 37%|███▋      | 3056/8189 [4:46:50<7:46:33,  5.45s/it]
 37%|███▋      | 3057/8189 [4:46:56<8:05:48,  5.68s/it]
 37%|███▋      | 3058/8189 [4:47:03<8:29:01,  5.95s/it]
 37%|███▋      | 3059/8189 [4:47:09<8:29:27,  5.96s/it]
 37%|███▋      | 3060/8189 [4:47:14<8:04:50,  5.67s/it]
 37%|███▋      | 3061/8189 [4:47:19<8:00:38,  5.62s/it]
 37%|███▋      | 3062/8189 [4:47:25<7:52:06,  5.52s/it]
 37%|███▋      | 3063/8189 [4:47:30<7:52:22,  5.53s/it]
 37%|███▋      | 3064/8189 [4:47:36<7:50:53,  5.51s/it]
 37%|███▋      | 3065/8189 [4:47:41<7:43:57,  5.43s/it]
 37%|███▋      | 3066/8189 [4:47:47<7:54:08,  5.55s/it]
 37%|███▋      | 3067/8189 [4:47:53<8:11:24,  5.76s/it]
 37%|███▋      | 3068/8189 [4:47:59<8:26:21,  5.93s/it]
 37%|███▋      | 3069/8189 [4:48:05<8:26:05,  5.93s/it]
 37%|███▋      | 3070/8189 [4:48:11<8:14:47,  5.80s/it]
 38%|███▊      | 3071/8189 [4:48:17<8:16:10,  5.82s/it]
 38%|███▊      | 3072/8189 [4:48:22<8:17:54,  5.84s/it]
 38%|███▊      | 3073/8189 [4:48:28<8:07:58,  5.72s/it]
 38%|███▊      | 3074/8189 [4:48:34<8:18:09,  5.84s/it]
 38%|███▊      | 3075/8189 [4:48:40<8:15:34,  5.81s/it]
 38%|███▊      | 3076/8189 [4:48:45<8:08:43,  5.74s/it]
 38%|███▊      | 3077/8189 [4:48:52<8:21:39,  5.89s/it]
 38%|███▊      | 3078/8189 [4:48:58<8:23:36,  5.91s/it]
 38%|███▊      | 3079/8189 [4:49:03<8:03:43,  5.68s/it]
 38%|███▊      | 3080/8189 [4:49:09<8:10:02,  5.76s/it]
 38%|███▊      | 3081/8189 [4:49:15<8:20:49,  5.88s/it]
 38%|███▊      | 3082/8189 [4:49:21<8:27:42,  5.96s/it]
 38%|███▊      | 3083/8189 [4:49:27<8:27:21,  5.96s/it]
 38%|███▊      | 3084/8189 [4:49:33<8:30:47,  6.00s/it]
 38%|███▊      | 3085/8189 [4:49:39<8:19:51,  5.88s/it]
 38%|███▊      | 3086/8189 [4:49:45<8:23:34,  5.92s/it]
 38%|███▊      | 3087/8189 [4:49:51<8:30:32,  6.00s/it]
 38%|███▊      | 3088/8189 [4:49:57<8:33:10,  6.04s/it]
 38%|███▊      | 3089/8189 [4:50:03<8:25:14,  5.94s/it]
 38%|███▊      | 3090/8189 [4:50:09<8:23:46,  5.93s/it]
 38%|███▊      | 3091/8189 [4:50:14<8:08:21,  5.75s/it]
 38%|███▊      | 3092/8189 [4:50:20<8:18:20,  5.87s/it]
 38%|███▊      | 3093/8189 [4:50:26<8:17:24,  5.86s/it]
 38%|███▊      | 3094/8189 [4:50:31<8:00:39,  5.66s/it]
 38%|███▊      | 3095/8189 [4:50:37<8:08:16,  5.75s/it]
 38%|███▊      | 3096/8189 [4:50:43<8:09:23,  5.77s/it]
 38%|███▊      | 3097/8189 [4:50:49<8:13:19,  5.81s/it]
 38%|███▊      | 3098/8189 [4:50:54<8:02:13,  5.68s/it]
 38%|███▊      | 3099/8189 [4:51:00<8:01:50,  5.68s/it]
 38%|███▊      | 3100/8189 [4:51:06<8:02:48,  5.69s/it]
 38%|███▊      | 3101/8189 [4:51:12<8:20:18,  5.90s/it]
 38%|███▊      | 3102/8189 [4:51:17<8:09:51,  5.78s/it]
 38%|███▊      | 3103/8189 [4:51:22<7:35:52,  5.38s/it]
 38%|███▊      | 3104/8189 [4:51:27<7:31:07,  5.32s/it]
 38%|███▊      | 3105/8189 [4:51:33<7:43:12,  5.47s/it]
 38%|███▊      | 3106/8189 [4:51:39<8:03:27,  5.71s/it]
 38%|███▊      | 3107/8189 [4:51:45<8:12:36,  5.82s/it]
 38%|███▊      | 3108/8189 [4:51:51<8:03:02,  5.70s/it]
 38%|███▊      | 3109/8189 [4:51:57<8:17:31,  5.88s/it]
 38%|███▊      | 3110/8189 [4:52:03<8:10:49,  5.80s/it]
 38%|███▊      | 3111/8189 [4:52:08<8:07:08,  5.76s/it]
 38%|███▊      | 3112/8189 [4:52:13<7:36:09,  5.39s/it]
 38%|███▊      | 3113/8189 [4:52:17<6:57:15,  4.93s/it]
 38%|███▊      | 3114/8189 [4:52:22<7:22:01,  5.23s/it]
 38%|███▊      | 3115/8189 [4:52:28<7:34:14,  5.37s/it]
 38%|███▊      | 3116/8189 [4:52:33<7:30:54,  5.33s/it]
 38%|███▊      | 3117/8189 [4:52:39<7:36:46,  5.40s/it]
 38%|███▊      | 3118/8189 [4:52:45<7:41:25,  5.46s/it]
 38%|███▊      | 3119/8189 [4:52:50<7:48:55,  5.55s/it]
 38%|███▊      | 3120/8189 [4:52:57<8:05:54,  5.75s/it]
 38%|███▊      | 3121/8189 [4:53:02<8:02:06,  5.71s/it]
 38%|███▊      | 3122/8189 [4:53:08<7:53:01,  5.60s/it]
 38%|███▊      | 3123/8189 [4:53:14<8:07:07,  5.77s/it]
 38%|███▊      | 3124/8189 [4:53:19<8:06:54,  5.77s/it]
 38%|███▊      | 3125/8189 [4:53:26<8:25:01,  5.98s/it]
 38%|███▊      | 3126/8189 [4:53:31<8:04:32,  5.74s/it]
 38%|███▊      | 3127/8189 [4:53:37<7:56:52,  5.65s/it]
 38%|███▊      | 3128/8189 [4:53:43<8:08:09,  5.79s/it]
 38%|███▊      | 3129/8189 [4:53:48<8:04:34,  5.75s/it]
 38%|███▊      | 3130/8189 [4:53:54<8:15:03,  5.87s/it]
 38%|███▊      | 3131/8189 [4:54:01<8:27:13,  6.02s/it]
 38%|███▊      | 3132/8189 [4:54:07<8:25:19,  6.00s/it]
 38%|███▊      | 3133/8189 [4:54:13<8:36:49,  6.13s/it]
 38%|███▊      | 3134/8189 [4:54:19<8:19:32,  5.93s/it]
 38%|███▊      | 3135/8189 [4:54:24<7:55:28,  5.64s/it]
 38%|███▊      | 3136/8189 [4:54:29<7:35:42,  5.41s/it]
 38%|███▊      | 3137/8189 [4:54:35<7:56:08,  5.65s/it]
 38%|███▊      | 3138/8189 [4:54:41<8:15:00,  5.88s/it]
 38%|███▊      | 3139/8189 [4:54:47<8:11:30,  5.84s/it]
 38%|███▊      | 3140/8189 [4:54:53<8:17:19,  5.91s/it]
 38%|███▊      | 3141/8189 [4:54:58<7:43:16,  5.51s/it]
 38%|███▊      | 3142/8189 [4:55:03<7:51:22,  5.60s/it]
 38%|███▊      | 3143/8189 [4:55:10<8:04:16,  5.76s/it]
 38%|███▊      | 3144/8189 [4:55:15<7:59:03,  5.70s/it]
 38%|███▊      | 3145/8189 [4:55:21<8:04:38,  5.77s/it]
 38%|███▊      | 3146/8189 [4:55:26<7:50:26,  5.60s/it]
 38%|███▊      | 3147/8189 [4:55:32<8:00:34,  5.72s/it]
 38%|███▊      | 3148/8189 [4:55:38<7:56:13,  5.67s/it]
 38%|███▊      | 3149/8189 [4:55:44<7:58:42,  5.70s/it]
 38%|███▊      | 3150/8189 [4:55:50<8:07:32,  5.81s/it]
 38%|███▊      | 3151/8189 [4:55:55<8:00:53,  5.73s/it]
 38%|███▊      | 3152/8189 [4:56:01<8:02:30,  5.75s/it]
 39%|███▊      | 3153/8189 [4:56:07<8:07:13,  5.81s/it]
 39%|███▊      | 3154/8189 [4:56:13<8:04:57,  5.78s/it]
 39%|███▊      | 3155/8189 [4:56:19<8:10:06,  5.84s/it]
 39%|███▊      | 3156/8189 [4:56:24<8:09:04,  5.83s/it]
 39%|███▊      | 3157/8189 [4:56:30<7:59:10,  5.71s/it]
 39%|███▊      | 3158/8189 [4:56:35<7:57:29,  5.69s/it]
 39%|███▊      | 3159/8189 [4:56:41<7:54:46,  5.66s/it]
 39%|███▊      | 3160/8189 [4:56:47<8:08:29,  5.83s/it]
 39%|███▊      | 3161/8189 [4:56:53<8:14:17,  5.90s/it]
 39%|███▊      | 3162/8189 [4:56:58<7:51:34,  5.63s/it]
 39%|███▊      | 3163/8189 [4:57:04<7:45:37,  5.56s/it]
 39%|███▊      | 3164/8189 [4:57:09<7:28:26,  5.35s/it]
 39%|███▊      | 3165/8189 [4:57:15<7:43:02,  5.53s/it]
 39%|███▊      | 3166/8189 [4:57:20<7:35:16,  5.44s/it]
 39%|███▊      | 3167/8189 [4:57:25<7:38:08,  5.47s/it]
 39%|███▊      | 3168/8189 [4:57:30<7:16:58,  5.22s/it]
 39%|███▊      | 3169/8189 [4:57:35<7:01:36,  5.04s/it]
 39%|███▊      | 3170/8189 [4:57:41<7:45:24,  5.56s/it]
 39%|███▊      | 3171/8189 [4:57:47<7:48:17,  5.60s/it]
 39%|███▊      | 3172/8189 [4:57:53<8:00:33,  5.75s/it]
 39%|███▊      | 3173/8189 [4:57:59<7:53:44,  5.67s/it]
 39%|███▉      | 3174/8189 [4:58:04<7:41:33,  5.52s/it]
 39%|███▉      | 3175/8189 [4:58:09<7:30:54,  5.40s/it]
 39%|███▉      | 3176/8189 [4:58:15<7:39:41,  5.50s/it]
 39%|███▉      | 3177/8189 [4:58:20<7:27:52,  5.36s/it]
 39%|███▉      | 3178/8189 [4:58:25<7:17:26,  5.24s/it]
 39%|███▉      | 3179/8189 [4:58:30<7:16:24,  5.23s/it]
 39%|███▉      | 3180/8189 [4:58:36<7:35:12,  5.45s/it]
 39%|███▉      | 3181/8189 [4:58:42<7:44:51,  5.57s/it]
 39%|███▉      | 3182/8189 [4:58:48<7:54:56,  5.69s/it]
 39%|███▉      | 3183/8189 [4:58:54<8:10:22,  5.88s/it]
 39%|███▉      | 3184/8189 [4:59:00<8:27:15,  6.08s/it]
 39%|███▉      | 3185/8189 [4:59:06<8:21:02,  6.01s/it]
 39%|███▉      | 3186/8189 [4:59:13<8:27:05,  6.08s/it]
 39%|███▉      | 3187/8189 [4:59:20<8:58:24,  6.46s/it]
 39%|███▉      | 3188/8189 [4:59:26<8:53:44,  6.40s/it]
 39%|███▉      | 3189/8189 [4:59:33<8:59:31,  6.47s/it]
 39%|███▉      | 3190/8189 [4:59:39<9:01:45,  6.50s/it]
 39%|███▉      | 3191/8189 [4:59:46<9:12:49,  6.64s/it]
 39%|███▉      | 3192/8189 [4:59:53<9:13:17,  6.64s/it]
 39%|███▉      | 3193/8189 [4:59:59<9:03:00,  6.52s/it]
 39%|███▉      | 3194/8189 [5:00:06<9:08:10,  6.58s/it]
 39%|███▉      | 3195/8189 [5:00:13<9:14:56,  6.67s/it]
 39%|███▉      | 3196/8189 [5:00:19<9:11:18,  6.62s/it]
 39%|███▉      | 3197/8189 [5:00:25<8:49:55,  6.37s/it]
 39%|███▉      | 3198/8189 [5:00:32<8:50:46,  6.38s/it]
 39%|███▉      | 3199/8189 [5:00:38<8:47:13,  6.34s/it]
 39%|███▉      | 3200/8189 [5:00:43<8:30:04,  6.13s/it]
 39%|███▉      | 3201/8189 [5:00:50<8:49:07,  6.36s/it]
 39%|███▉      | 3202/8189 [5:00:57<8:46:59,  6.34s/it]
 39%|███▉      | 3203/8189 [5:01:02<8:20:15,  6.02s/it]
 39%|███▉      | 3204/8189 [5:01:07<7:57:17,  5.74s/it]
 39%|███▉      | 3205/8189 [5:01:13<8:05:21,  5.84s/it]
 39%|███▉      | 3206/8189 [5:01:19<8:08:30,  5.88s/it]
 39%|███▉      | 3207/8189 [5:01:25<8:22:06,  6.05s/it]
 39%|███▉      | 3208/8189 [5:01:32<8:28:09,  6.12s/it]
 39%|███▉      | 3209/8189 [5:01:38<8:30:20,  6.15s/it]
 39%|███▉      | 3210/8189 [5:01:44<8:30:41,  6.15s/it]
 39%|███▉      | 3211/8189 [5:01:49<8:07:59,  5.88s/it]
 39%|███▉      | 3212/8189 [5:01:55<8:00:04,  5.79s/it]
 39%|███▉      | 3213/8189 [5:02:01<7:55:12,  5.73s/it]
 39%|███▉      | 3214/8189 [5:02:06<7:50:09,  5.67s/it]
 39%|███▉      | 3215/8189 [5:02:12<7:59:08,  5.78s/it]
 39%|███▉      | 3216/8189 [5:02:18<8:05:06,  5.85s/it]
 39%|███▉      | 3217/8189 [5:02:24<8:14:51,  5.97s/it]
 39%|███▉      | 3218/8189 [5:02:28<7:26:52,  5.39s/it]
 39%|███▉      | 3219/8189 [5:02:34<7:18:51,  5.30s/it]
 39%|███▉      | 3220/8189 [5:02:40<7:43:32,  5.60s/it]
 39%|███▉      | 3221/8189 [5:02:46<7:48:19,  5.66s/it]
 39%|███▉      | 3222/8189 [5:02:51<7:53:43,  5.72s/it]
 39%|███▉      | 3223/8189 [5:02:58<8:09:57,  5.92s/it]
 39%|███▉      | 3224/8189 [5:03:04<8:15:06,  5.98s/it]
 39%|███▉      | 3225/8189 [5:03:10<8:09:43,  5.92s/it]
 39%|███▉      | 3226/8189 [5:03:15<7:53:58,  5.73s/it]
 39%|███▉      | 3227/8189 [5:03:20<7:41:51,  5.58s/it]
 39%|███▉      | 3228/8189 [5:03:25<7:30:01,  5.44s/it]
 39%|███▉      | 3229/8189 [5:03:31<7:23:40,  5.37s/it]
 39%|███▉      | 3230/8189 [5:03:37<7:41:08,  5.58s/it]
 39%|███▉      | 3231/8189 [5:03:42<7:43:56,  5.61s/it]
 39%|███▉      | 3232/8189 [5:03:48<7:43:18,  5.61s/it]
 39%|███▉      | 3233/8189 [5:03:53<7:23:25,  5.37s/it]
 39%|███▉      | 3234/8189 [5:03:58<7:22:42,  5.36s/it]
 40%|███▉      | 3235/8189 [5:04:03<7:16:26,  5.29s/it]
 40%|███▉      | 3236/8189 [5:04:09<7:25:52,  5.40s/it]
 40%|███▉      | 3237/8189 [5:04:14<7:27:13,  5.42s/it]
 40%|███▉      | 3238/8189 [5:04:21<7:47:18,  5.66s/it]
 40%|███▉      | 3239/8189 [5:04:26<7:36:41,  5.54s/it]
 40%|███▉      | 3240/8189 [5:04:32<7:58:29,  5.80s/it]
 40%|███▉      | 3241/8189 [5:04:37<7:42:54,  5.61s/it]
 40%|███▉      | 3242/8189 [5:04:43<7:40:18,  5.58s/it]
 40%|███▉      | 3243/8189 [5:04:49<7:44:27,  5.63s/it]
 40%|███▉      | 3244/8189 [5:04:54<7:28:40,  5.44s/it]
 40%|███▉      | 3245/8189 [5:04:59<7:27:07,  5.43s/it]
 40%|███▉      | 3246/8189 [5:05:05<7:43:42,  5.63s/it]
 40%|███▉      | 3247/8189 [5:05:11<7:51:34,  5.73s/it]
 40%|███▉      | 3248/8189 [5:05:17<7:45:48,  5.66s/it]
 40%|███▉      | 3249/8189 [5:05:22<7:50:48,  5.72s/it]
 40%|███▉      | 3250/8189 [5:05:29<8:15:41,  6.02s/it]
 40%|███▉      | 3251/8189 [5:05:35<8:18:27,  6.06s/it]
 40%|███▉      | 3252/8189 [5:05:41<8:19:37,  6.07s/it]
 40%|███▉      | 3253/8189 [5:05:48<8:25:09,  6.14s/it]
 40%|███▉      | 3254/8189 [5:05:52<7:36:53,  5.55s/it]
 40%|███▉      | 3255/8189 [5:05:57<7:32:00,  5.50s/it]
 40%|███▉      | 3256/8189 [5:06:03<7:45:18,  5.66s/it]
 40%|███▉      | 3257/8189 [5:06:09<7:35:40,  5.54s/it]
 40%|███▉      | 3258/8189 [5:06:15<7:44:36,  5.65s/it]
 40%|███▉      | 3259/8189 [5:06:20<7:44:11,  5.65s/it]
 40%|███▉      | 3260/8189 [5:06:26<8:00:02,  5.84s/it]
 40%|███▉      | 3261/8189 [5:06:32<7:52:29,  5.75s/it]
 40%|███▉      | 3262/8189 [5:06:38<7:48:15,  5.70s/it]
 40%|███▉      | 3263/8189 [5:06:43<7:41:29,  5.62s/it]
 40%|███▉      | 3264/8189 [5:06:50<8:07:58,  5.94s/it]
 40%|███▉      | 3265/8189 [5:06:56<8:08:46,  5.96s/it]
 40%|███▉      | 3266/8189 [5:07:01<8:00:56,  5.86s/it]
 40%|███▉      | 3267/8189 [5:07:07<7:54:15,  5.78s/it]
 40%|███▉      | 3268/8189 [5:07:13<8:12:48,  6.01s/it]
 40%|███▉      | 3269/8189 [5:07:19<7:55:11,  5.80s/it]
 40%|███▉      | 3270/8189 [5:07:24<7:48:13,  5.71s/it]
 40%|███▉      | 3271/8189 [5:07:30<7:43:41,  5.66s/it]
 40%|███▉      | 3272/8189 [5:07:36<7:47:04,  5.70s/it]
 40%|███▉      | 3273/8189 [5:07:42<7:54:21,  5.79s/it]
 40%|███▉      | 3274/8189 [5:07:47<7:44:11,  5.67s/it]
 40%|███▉      | 3275/8189 [5:07:54<8:05:45,  5.93s/it]
 40%|████      | 3276/8189 [5:07:58<7:41:04,  5.63s/it]
 40%|████      | 3277/8189 [5:08:04<7:35:31,  5.56s/it]
 40%|████      | 3278/8189 [5:08:08<7:06:18,  5.21s/it]
 40%|████      | 3279/8189 [5:08:13<6:48:15,  4.99s/it]
 40%|████      | 3280/8189 [5:08:18<7:00:28,  5.14s/it]
 40%|████      | 3281/8189 [5:08:24<7:27:45,  5.47s/it]
 40%|████      | 3282/8189 [5:08:30<7:28:38,  5.49s/it]
 40%|████      | 3283/8189 [5:08:35<7:08:50,  5.24s/it]
 40%|████      | 3284/8189 [5:08:39<6:46:05,  4.97s/it]
 40%|████      | 3285/8189 [5:08:45<7:05:05,  5.20s/it]
 40%|████      | 3286/8189 [5:08:51<7:19:17,  5.38s/it]
 40%|████      | 3287/8189 [5:08:56<7:15:47,  5.33s/it]
 40%|████      | 3288/8189 [5:09:01<7:16:46,  5.35s/it]
 40%|████      | 3289/8189 [5:09:06<7:06:00,  5.22s/it]
 40%|████      | 3290/8189 [5:09:12<7:19:42,  5.39s/it]
 40%|████      | 3291/8189 [5:09:18<7:34:38,  5.57s/it]
 40%|████      | 3292/8189 [5:09:24<7:42:35,  5.67s/it]
 40%|████      | 3293/8189 [5:09:30<8:01:21,  5.90s/it]
 40%|████      | 3294/8189 [5:09:36<7:50:42,  5.77s/it]
 40%|████      | 3295/8189 [5:09:42<7:56:12,  5.84s/it]
 40%|████      | 3296/8189 [5:09:47<7:49:54,  5.76s/it]
 40%|████      | 3297/8189 [5:09:53<7:58:19,  5.87s/it]
 40%|████      | 3298/8189 [5:09:59<7:54:29,  5.82s/it]
 40%|████      | 3299/8189 [5:10:05<8:09:20,  6.00s/it]
 40%|████      | 3300/8189 [5:10:12<8:10:26,  6.02s/it]
 40%|████      | 3301/8189 [5:10:18<8:17:50,  6.11s/it]
 40%|████      | 3302/8189 [5:10:24<8:13:28,  6.06s/it]
 40%|████      | 3303/8189 [5:10:30<8:08:23,  6.00s/it]
 40%|████      | 3304/8189 [5:10:35<8:03:54,  5.94s/it]
 40%|████      | 3305/8189 [5:10:42<8:07:17,  5.99s/it]
 40%|████      | 3306/8189 [5:10:47<7:52:56,  5.81s/it]
 40%|████      | 3307/8189 [5:10:53<8:04:31,  5.95s/it]
 40%|████      | 3308/8189 [5:10:59<7:54:41,  5.84s/it]
 40%|████      | 3309/8189 [5:11:05<8:02:25,  5.93s/it]
 40%|████      | 3310/8189 [5:11:11<7:55:56,  5.85s/it]
 40%|████      | 3311/8189 [5:11:16<7:53:17,  5.82s/it]
 40%|████      | 3312/8189 [5:11:22<7:54:17,  5.84s/it]
 40%|████      | 3313/8189 [5:11:28<8:01:24,  5.92s/it]
 40%|████      | 3314/8189 [5:11:36<8:31:47,  6.30s/it]
 40%|████      | 3315/8189 [5:11:42<8:44:35,  6.46s/it]
 40%|████      | 3316/8189 [5:11:49<8:46:24,  6.48s/it]
 41%|████      | 3317/8189 [5:11:55<8:33:44,  6.33s/it]
 41%|████      | 3318/8189 [5:12:01<8:32:27,  6.31s/it]
 41%|████      | 3319/8189 [5:12:08<8:41:19,  6.42s/it]
 41%|████      | 3320/8189 [5:12:14<8:23:33,  6.21s/it]
 41%|████      | 3321/8189 [5:12:19<8:02:48,  5.95s/it]
 41%|████      | 3322/8189 [5:12:25<7:57:22,  5.89s/it]
 41%|████      | 3323/8189 [5:12:30<7:52:53,  5.83s/it]
 41%|████      | 3324/8189 [5:12:36<7:45:27,  5.74s/it]
 41%|████      | 3325/8189 [5:12:41<7:27:17,  5.52s/it]
 41%|████      | 3326/8189 [5:12:46<7:23:19,  5.47s/it]
 41%|████      | 3327/8189 [5:12:52<7:19:55,  5.43s/it]
 41%|████      | 3328/8189 [5:12:57<7:29:26,  5.55s/it]
 41%|████      | 3329/8189 [5:13:03<7:25:53,  5.50s/it]
 41%|████      | 3330/8189 [5:13:08<7:21:45,  5.45s/it]
 41%|████      | 3331/8189 [5:13:14<7:24:54,  5.50s/it]
 41%|████      | 3332/8189 [5:13:20<7:46:55,  5.77s/it]
 41%|████      | 3333/8189 [5:13:27<8:08:06,  6.03s/it]
 41%|████      | 3334/8189 [5:13:33<8:11:44,  6.08s/it]
 41%|████      | 3335/8189 [5:13:38<7:48:48,  5.79s/it]
 41%|████      | 3336/8189 [5:13:44<7:44:04,  5.74s/it]
 41%|████      | 3337/8189 [5:13:50<7:48:00,  5.79s/it]
 41%|████      | 3338/8189 [5:13:56<7:56:29,  5.89s/it]
 41%|████      | 3339/8189 [5:14:02<7:58:40,  5.92s/it]
 41%|████      | 3340/8189 [5:14:07<7:49:56,  5.82s/it]
 41%|████      | 3341/8189 [5:14:13<7:48:24,  5.80s/it]
 41%|████      | 3342/8189 [5:14:19<7:48:46,  5.80s/it]
 41%|████      | 3343/8189 [5:14:25<7:52:41,  5.85s/it]
 41%|████      | 3344/8189 [5:14:31<7:51:02,  5.83s/it]
 41%|████      | 3345/8189 [5:14:36<7:49:11,  5.81s/it]
 41%|████      | 3346/8189 [5:14:42<7:55:52,  5.90s/it]
 41%|████      | 3347/8189 [5:14:49<8:02:55,  5.98s/it]
 41%|████      | 3348/8189 [5:14:55<8:02:00,  5.97s/it]
 41%|████      | 3349/8189 [5:15:00<7:56:33,  5.91s/it]
 41%|████      | 3350/8189 [5:15:07<8:04:27,  6.01s/it]
 41%|████      | 3351/8189 [5:15:12<7:39:20,  5.70s/it]
 41%|████      | 3352/8189 [5:15:18<7:46:31,  5.79s/it]
 41%|████      | 3353/8189 [5:15:23<7:32:02,  5.61s/it]
 41%|████      | 3354/8189 [5:15:28<7:21:23,  5.48s/it]
 41%|████      | 3355/8189 [5:15:33<7:23:25,  5.50s/it]
 41%|████      | 3356/8189 [5:15:38<6:52:47,  5.12s/it]
 41%|████      | 3357/8189 [5:15:43<7:00:27,  5.22s/it]
 41%|████      | 3358/8189 [5:15:50<7:29:19,  5.58s/it]
 41%|████      | 3359/8189 [5:15:55<7:35:13,  5.65s/it]
 41%|████      | 3360/8189 [5:16:01<7:36:44,  5.67s/it]
 41%|████      | 3361/8189 [5:16:07<7:37:27,  5.68s/it]
 41%|████      | 3362/8189 [5:16:12<7:35:01,  5.66s/it]
 41%|████      | 3363/8189 [5:16:18<7:38:33,  5.70s/it]
 41%|████      | 3364/8189 [5:16:24<7:41:41,  5.74s/it]
 41%|████      | 3365/8189 [5:16:29<7:19:21,  5.46s/it]
 41%|████      | 3366/8189 [5:16:35<7:27:31,  5.57s/it]
 41%|████      | 3367/8189 [5:16:40<7:19:41,  5.47s/it]
 41%|████      | 3368/8189 [5:16:45<7:15:48,  5.42s/it]
 41%|████      | 3369/8189 [5:16:51<7:22:17,  5.51s/it]
 41%|████      | 3370/8189 [5:16:56<7:22:24,  5.51s/it]
 41%|████      | 3371/8189 [5:17:03<7:37:39,  5.70s/it]
 41%|████      | 3372/8189 [5:17:08<7:40:24,  5.73s/it]
 41%|████      | 3373/8189 [5:17:14<7:26:19,  5.56s/it]
 41%|████      | 3374/8189 [5:17:19<7:32:15,  5.64s/it]
 41%|████      | 3375/8189 [5:17:25<7:35:57,  5.68s/it]
 41%|████      | 3376/8189 [5:17:30<7:22:47,  5.52s/it]
 41%|████      | 3377/8189 [5:17:35<7:12:37,  5.39s/it]
 41%|████▏     | 3378/8189 [5:17:41<7:24:21,  5.54s/it]
 41%|████▏     | 3379/8189 [5:17:47<7:17:44,  5.46s/it]
 41%|████▏     | 3380/8189 [5:17:52<7:27:05,  5.58s/it]
 41%|████▏     | 3381/8189 [5:17:58<7:35:45,  5.69s/it]
 41%|████▏     | 3382/8189 [5:18:04<7:38:55,  5.73s/it]
 41%|████▏     | 3383/8189 [5:18:11<7:54:26,  5.92s/it]
 41%|████▏     | 3384/8189 [5:18:16<7:51:21,  5.89s/it]
 41%|████▏     | 3385/8189 [5:18:23<7:58:00,  5.97s/it]
 41%|████▏     | 3386/8189 [5:18:28<7:41:55,  5.77s/it]
 41%|████▏     | 3387/8189 [5:18:34<7:38:21,  5.73s/it]
 41%|████▏     | 3388/8189 [5:18:39<7:34:30,  5.68s/it]
 41%|████▏     | 3389/8189 [5:18:45<7:42:57,  5.79s/it]
 41%|████▏     | 3390/8189 [5:18:51<7:51:15,  5.89s/it]
 41%|████▏     | 3391/8189 [5:18:56<7:30:46,  5.64s/it]
 41%|████▏     | 3392/8189 [5:19:01<7:03:53,  5.30s/it]
 41%|████▏     | 3393/8189 [5:19:06<7:03:28,  5.30s/it]
 41%|████▏     | 3394/8189 [5:19:12<7:16:26,  5.46s/it]
 41%|████▏     | 3395/8189 [5:19:17<7:16:41,  5.47s/it]
 41%|████▏     | 3396/8189 [5:19:23<7:24:00,  5.56s/it]
 41%|████▏     | 3397/8189 [5:19:29<7:23:28,  5.55s/it]
 41%|████▏     | 3398/8189 [5:19:34<7:11:23,  5.40s/it]
 42%|████▏     | 3399/8189 [5:19:40<7:25:28,  5.58s/it]
 42%|████▏     | 3400/8189 [5:19:46<7:36:38,  5.72s/it]
 42%|████▏     | 3401/8189 [5:19:52<7:37:15,  5.73s/it]
 42%|████▏     | 3402/8189 [5:19:58<7:43:55,  5.81s/it]
 42%|████▏     | 3403/8189 [5:20:03<7:35:40,  5.71s/it]
 42%|████▏     | 3404/8189 [5:20:09<7:43:44,  5.81s/it]
 42%|████▏     | 3405/8189 [5:20:14<7:27:52,  5.62s/it]
 42%|████▏     | 3406/8189 [5:20:19<7:13:05,  5.43s/it]
 42%|████▏     | 3407/8189 [5:20:25<7:08:23,  5.38s/it]
 42%|████▏     | 3408/8189 [5:20:30<7:06:14,  5.35s/it]
 42%|████▏     | 3409/8189 [5:20:35<7:11:12,  5.41s/it]
 42%|████▏     | 3410/8189 [5:20:42<7:34:19,  5.70s/it]
 42%|████▏     | 3411/8189 [5:20:47<7:29:50,  5.65s/it]
 42%|████▏     | 3412/8189 [5:20:53<7:27:12,  5.62s/it]
 42%|████▏     | 3413/8189 [5:20:59<7:31:54,  5.68s/it]
 42%|████▏     | 3414/8189 [5:21:05<7:43:52,  5.83s/it]
 42%|████▏     | 3415/8189 [5:21:10<7:26:56,  5.62s/it]
 42%|████▏     | 3416/8189 [5:21:15<7:19:18,  5.52s/it]
 42%|████▏     | 3417/8189 [5:21:21<7:30:03,  5.66s/it]
 42%|████▏     | 3418/8189 [5:21:27<7:21:46,  5.56s/it]
 42%|████▏     | 3419/8189 [5:21:31<7:06:40,  5.37s/it]
 42%|████▏     | 3420/8189 [5:21:38<7:27:34,  5.63s/it]
 42%|████▏     | 3421/8189 [5:21:44<7:34:10,  5.72s/it]
 42%|████▏     | 3422/8189 [5:21:49<7:28:10,  5.64s/it]
 42%|████▏     | 3423/8189 [5:21:54<7:21:03,  5.55s/it]
 42%|████▏     | 3424/8189 [5:22:00<7:26:39,  5.62s/it]
 42%|████▏     | 3425/8189 [5:22:06<7:22:45,  5.58s/it]
 42%|████▏     | 3426/8189 [5:22:11<7:24:55,  5.60s/it]
 42%|████▏     | 3427/8189 [5:22:17<7:30:26,  5.68s/it]
 42%|████▏     | 3428/8189 [5:22:23<7:21:33,  5.56s/it]
 42%|████▏     | 3429/8189 [5:22:28<7:27:31,  5.64s/it]
 42%|████▏     | 3430/8189 [5:22:34<7:27:24,  5.64s/it]
 42%|████▏     | 3431/8189 [5:22:40<7:26:11,  5.63s/it]
 42%|████▏     | 3432/8189 [5:22:46<7:39:45,  5.80s/it]
 42%|████▏     | 3433/8189 [5:22:51<7:37:57,  5.78s/it]
 42%|████▏     | 3434/8189 [5:22:57<7:42:32,  5.84s/it]
 42%|████▏     | 3435/8189 [5:23:04<8:03:00,  6.10s/it]
 42%|████▏     | 3436/8189 [5:23:10<7:56:25,  6.01s/it]
 42%|████▏     | 3437/8189 [5:23:16<7:45:11,  5.87s/it]
 42%|████▏     | 3438/8189 [5:23:21<7:36:44,  5.77s/it]
 42%|████▏     | 3439/8189 [5:23:27<7:47:50,  5.91s/it]
 42%|████▏     | 3440/8189 [5:23:33<7:49:12,  5.93s/it]
 42%|████▏     | 3441/8189 [5:23:39<7:38:54,  5.80s/it]
 42%|████▏     | 3442/8189 [5:23:45<7:46:23,  5.90s/it]
 42%|████▏     | 3443/8189 [5:23:51<7:53:19,  5.98s/it]
 42%|████▏     | 3444/8189 [5:23:57<7:54:43,  6.00s/it]
 42%|████▏     | 3445/8189 [5:24:02<7:37:30,  5.79s/it]
 42%|████▏     | 3446/8189 [5:24:08<7:29:26,  5.69s/it]
 42%|████▏     | 3447/8189 [5:24:13<7:27:50,  5.67s/it]
 42%|████▏     | 3448/8189 [5:24:19<7:21:59,  5.59s/it]
 42%|████▏     | 3449/8189 [5:24:25<7:31:53,  5.72s/it]
 42%|████▏     | 3450/8189 [5:24:31<7:37:39,  5.79s/it]
 42%|████▏     | 3451/8189 [5:24:36<7:27:20,  5.66s/it]
 42%|████▏     | 3452/8189 [5:24:42<7:25:29,  5.64s/it]
 42%|████▏     | 3453/8189 [5:24:47<7:19:26,  5.57s/it]
 42%|████▏     | 3454/8189 [5:24:53<7:28:10,  5.68s/it]
 42%|████▏     | 3455/8189 [5:24:59<7:24:36,  5.64s/it]
 42%|████▏     | 3456/8189 [5:25:04<7:21:37,  5.60s/it]
 42%|████▏     | 3457/8189 [5:25:10<7:23:07,  5.62s/it]
 42%|████▏     | 3458/8189 [5:25:15<7:21:34,  5.60s/it]
 42%|████▏     | 3459/8189 [5:25:21<7:27:04,  5.67s/it]
 42%|████▏     | 3460/8189 [5:25:26<7:09:14,  5.45s/it]
 42%|████▏     | 3461/8189 [5:25:32<7:08:08,  5.43s/it]
 42%|████▏     | 3462/8189 [5:25:37<7:18:11,  5.56s/it]
 42%|████▏     | 3463/8189 [5:25:43<7:06:31,  5.42s/it]
 42%|████▏     | 3464/8189 [5:25:48<6:59:39,  5.33s/it]
 42%|████▏     | 3465/8189 [5:25:54<7:18:40,  5.57s/it]
 42%|████▏     | 3466/8189 [5:26:00<7:27:44,  5.69s/it]
 42%|████▏     | 3467/8189 [5:26:06<7:35:07,  5.78s/it]
 42%|████▏     | 3468/8189 [5:26:12<7:39:34,  5.84s/it]
 42%|████▏     | 3469/8189 [5:26:17<7:21:13,  5.61s/it]
 42%|████▏     | 3470/8189 [5:26:23<7:43:17,  5.89s/it]
 42%|████▏     | 3471/8189 [5:26:29<7:39:24,  5.84s/it]
 42%|████▏     | 3472/8189 [5:26:35<7:31:44,  5.75s/it]
 42%|████▏     | 3473/8189 [5:26:40<7:31:06,  5.74s/it]
 42%|████▏     | 3474/8189 [5:26:47<7:41:58,  5.88s/it]
 42%|████▏     | 3475/8189 [5:26:52<7:37:25,  5.82s/it]
 42%|████▏     | 3476/8189 [5:26:58<7:37:28,  5.82s/it]
 42%|████▏     | 3477/8189 [5:27:02<7:04:39,  5.41s/it]
 42%|████▏     | 3478/8189 [5:27:08<7:03:50,  5.40s/it]
 42%|████▏     | 3479/8189 [5:27:14<7:19:08,  5.59s/it]
 42%|████▏     | 3480/8189 [5:27:20<7:24:34,  5.66s/it]
 43%|████▎     | 3481/8189 [5:27:26<7:35:27,  5.80s/it]
 43%|████▎     | 3482/8189 [5:27:32<7:40:06,  5.87s/it]
 43%|████▎     | 3483/8189 [5:27:38<7:41:36,  5.89s/it]
 43%|████▎     | 3484/8189 [5:27:43<7:25:21,  5.68s/it]
 43%|████▎     | 3485/8189 [5:27:49<7:36:20,  5.82s/it]
 43%|████▎     | 3486/8189 [5:27:56<7:58:35,  6.11s/it]
 43%|████▎     | 3487/8189 [5:28:02<7:51:52,  6.02s/it]
 43%|████▎     | 3488/8189 [5:28:07<7:41:27,  5.89s/it]
 43%|████▎     | 3489/8189 [5:28:13<7:25:11,  5.68s/it]
 43%|████▎     | 3490/8189 [5:28:17<7:05:51,  5.44s/it]
 43%|████▎     | 3491/8189 [5:28:22<6:56:37,  5.32s/it]
 43%|████▎     | 3492/8189 [5:28:29<7:14:16,  5.55s/it]
 43%|████▎     | 3493/8189 [5:28:33<6:54:10,  5.29s/it]
 43%|████▎     | 3494/8189 [5:28:39<6:54:37,  5.30s/it]
 43%|████▎     | 3495/8189 [5:28:45<7:11:57,  5.52s/it]
 43%|████▎     | 3496/8189 [5:28:50<7:11:20,  5.51s/it]
 43%|████▎     | 3497/8189 [5:28:56<7:09:37,  5.49s/it]
 43%|████▎     | 3498/8189 [5:29:02<7:22:35,  5.66s/it]
 43%|████▎     | 3499/8189 [5:29:07<7:26:00,  5.71s/it]
 43%|████▎     | 3500/8189 [5:29:13<7:32:03,  5.78s/it]
 43%|████▎     | 3501/8189 [5:29:19<7:35:17,  5.83s/it]
 43%|████▎     | 3502/8189 [5:29:25<7:36:50,  5.85s/it]
 43%|████▎     | 3503/8189 [5:29:31<7:44:34,  5.95s/it]
 43%|████▎     | 3504/8189 [5:29:37<7:44:32,  5.95s/it]
 43%|████▎     | 3505/8189 [5:29:43<7:34:43,  5.82s/it]
 43%|████▎     | 3506/8189 [5:29:49<7:49:12,  6.01s/it]
 43%|████▎     | 3507/8189 [5:29:55<7:48:57,  6.01s/it]
 43%|████▎     | 3508/8189 [5:30:01<7:46:33,  5.98s/it]
 43%|████▎     | 3509/8189 [5:30:06<7:27:07,  5.73s/it]
 43%|████▎     | 3510/8189 [5:30:13<7:41:33,  5.92s/it]
 43%|████▎     | 3511/8189 [5:30:18<7:34:55,  5.83s/it]
 43%|████▎     | 3512/8189 [5:30:23<7:16:38,  5.60s/it]
 43%|████▎     | 3513/8189 [5:30:30<7:32:00,  5.80s/it]
 43%|████▎     | 3514/8189 [5:30:36<7:35:39,  5.85s/it]
 43%|████▎     | 3515/8189 [5:30:41<7:15:12,  5.59s/it]
 43%|████▎     | 3516/8189 [5:30:45<6:57:07,  5.36s/it]
 43%|████▎     | 3517/8189 [5:30:51<6:50:58,  5.28s/it]
 43%|████▎     | 3518/8189 [5:30:56<7:03:49,  5.44s/it]
 43%|████▎     | 3519/8189 [5:31:02<7:10:34,  5.53s/it]
 43%|████▎     | 3520/8189 [5:31:08<7:18:15,  5.63s/it]
 43%|████▎     | 3521/8189 [5:31:15<7:51:01,  6.05s/it]
 43%|████▎     | 3522/8189 [5:31:21<7:53:51,  6.09s/it]
 43%|████▎     | 3523/8189 [5:31:27<7:41:10,  5.93s/it]
 43%|████▎     | 3524/8189 [5:31:33<7:58:23,  6.15s/it]
 43%|████▎     | 3525/8189 [5:31:39<7:47:12,  6.01s/it]
 43%|████▎     | 3526/8189 [5:31:44<7:15:49,  5.61s/it]
 43%|████▎     | 3527/8189 [5:31:50<7:20:02,  5.66s/it]
 43%|████▎     | 3528/8189 [5:31:55<7:17:36,  5.63s/it]
 43%|████▎     | 3529/8189 [5:32:01<7:26:34,  5.75s/it]
 43%|████▎     | 3530/8189 [5:32:06<7:07:53,  5.51s/it]
 43%|████▎     | 3531/8189 [5:32:12<7:23:54,  5.72s/it]
 43%|████▎     | 3532/8189 [5:32:17<7:11:11,  5.56s/it]
 43%|████▎     | 3533/8189 [5:32:23<7:22:12,  5.70s/it]
 43%|████▎     | 3534/8189 [5:32:28<7:05:52,  5.49s/it]
 43%|████▎     | 3535/8189 [5:32:34<7:10:23,  5.55s/it]
 43%|████▎     | 3536/8189 [5:32:40<7:22:57,  5.71s/it]
 43%|████▎     | 3537/8189 [5:32:46<7:32:56,  5.84s/it]
 43%|████▎     | 3538/8189 [5:32:52<7:31:16,  5.82s/it]
 43%|████▎     | 3539/8189 [5:32:57<7:12:30,  5.58s/it]
 43%|████▎     | 3540/8189 [5:33:02<7:05:34,  5.49s/it]
 43%|████▎     | 3541/8189 [5:33:09<7:35:24,  5.88s/it]
 43%|████▎     | 3542/8189 [5:33:16<7:44:35,  6.00s/it]
 43%|████▎     | 3543/8189 [5:33:21<7:30:12,  5.81s/it]
 43%|████▎     | 3544/8189 [5:33:26<7:16:07,  5.63s/it]
 43%|████▎     | 3545/8189 [5:33:32<7:27:08,  5.78s/it]
 43%|████▎     | 3546/8189 [5:33:38<7:16:49,  5.65s/it]
 43%|████▎     | 3547/8189 [5:33:43<7:00:42,  5.44s/it]
 43%|████▎     | 3548/8189 [5:33:48<6:51:48,  5.32s/it]
 43%|████▎     | 3549/8189 [5:33:53<6:53:40,  5.35s/it]
 43%|████▎     | 3550/8189 [5:33:59<7:00:30,  5.44s/it]
 43%|████▎     | 3551/8189 [5:34:05<7:13:12,  5.60s/it]
 43%|████▎     | 3552/8189 [5:34:10<7:13:09,  5.60s/it]
 43%|████▎     | 3553/8189 [5:34:16<7:17:50,  5.67s/it]
 43%|████▎     | 3554/8189 [5:34:21<7:00:52,  5.45s/it]
 43%|████▎     | 3555/8189 [5:34:25<6:36:50,  5.14s/it]
 43%|████▎     | 3556/8189 [5:34:30<6:33:09,  5.09s/it]
 43%|████▎     | 3557/8189 [5:34:36<6:51:46,  5.33s/it]
 43%|████▎     | 3558/8189 [5:34:42<6:57:57,  5.42s/it]
 43%|████▎     | 3559/8189 [5:34:48<7:16:11,  5.65s/it]
 43%|████▎     | 3560/8189 [5:34:54<7:27:27,  5.80s/it]
 43%|████▎     | 3561/8189 [5:35:00<7:14:20,  5.63s/it]
 43%|████▎     | 3562/8189 [5:35:06<7:34:03,  5.89s/it]
 44%|████▎     | 3563/8189 [5:35:12<7:42:55,  6.00s/it]
 44%|████▎     | 3564/8189 [5:35:18<7:36:50,  5.93s/it]
 44%|████▎     | 3565/8189 [5:35:24<7:38:23,  5.95s/it]
 44%|████▎     | 3566/8189 [5:35:30<7:28:27,  5.82s/it]
 44%|████▎     | 3567/8189 [5:35:35<7:31:00,  5.85s/it]
 44%|████▎     | 3568/8189 [5:35:42<7:40:16,  5.98s/it]
 44%|████▎     | 3569/8189 [5:35:47<7:24:28,  5.77s/it]
 44%|████▎     | 3570/8189 [5:35:53<7:34:00,  5.90s/it]
 44%|████▎     | 3571/8189 [5:35:59<7:28:51,  5.83s/it]
 44%|████▎     | 3572/8189 [5:36:04<7:09:36,  5.58s/it]
 44%|████▎     | 3573/8189 [5:36:10<7:14:36,  5.65s/it]
 44%|████▎     | 3574/8189 [5:36:16<7:22:22,  5.75s/it]
 44%|████▎     | 3575/8189 [5:36:21<7:14:46,  5.65s/it]
 44%|████▎     | 3576/8189 [5:36:25<6:41:19,  5.22s/it]
 44%|████▎     | 3577/8189 [5:36:31<6:59:37,  5.46s/it]
 44%|████▎     | 3578/8189 [5:36:37<7:00:31,  5.47s/it]
 44%|████▎     | 3579/8189 [5:36:42<6:50:50,  5.35s/it]
 44%|████▎     | 3580/8189 [5:36:48<6:57:36,  5.44s/it]
 44%|████▎     | 3581/8189 [5:36:53<7:00:45,  5.48s/it]
 44%|████▎     | 3582/8189 [5:36:59<7:02:32,  5.50s/it]
 44%|████▍     | 3583/8189 [5:37:05<7:13:06,  5.64s/it]
 44%|████▍     | 3584/8189 [5:37:10<6:59:56,  5.47s/it]
 44%|████▍     | 3585/8189 [5:37:15<6:52:37,  5.38s/it]
 44%|████▍     | 3586/8189 [5:37:19<6:35:07,  5.15s/it]
 44%|████▍     | 3587/8189 [5:37:25<6:36:04,  5.16s/it]
 44%|████▍     | 3588/8189 [5:37:30<6:33:55,  5.14s/it]
 44%|████▍     | 3589/8189 [5:37:35<6:44:18,  5.27s/it]
 44%|████▍     | 3590/8189 [5:37:41<6:52:21,  5.38s/it]
 44%|████▍     | 3591/8189 [5:37:47<6:55:51,  5.43s/it]
 44%|████▍     | 3592/8189 [5:37:52<6:58:18,  5.46s/it]
 44%|████▍     | 3593/8189 [5:37:58<7:08:57,  5.60s/it]
 44%|████▍     | 3594/8189 [5:38:04<7:09:40,  5.61s/it]
 44%|████▍     | 3595/8189 [5:38:10<7:22:56,  5.79s/it]
 44%|████▍     | 3596/8189 [5:38:15<7:09:02,  5.60s/it]
 44%|████▍     | 3597/8189 [5:38:21<7:09:02,  5.61s/it]
 44%|████▍     | 3598/8189 [5:38:26<6:58:08,  5.46s/it]
 44%|████▍     | 3599/8189 [5:38:31<6:45:55,  5.31s/it]
 44%|████▍     | 3600/8189 [5:38:36<6:37:21,  5.20s/it]
 44%|████▍     | 3601/8189 [5:38:40<6:29:35,  5.09s/it]
 44%|████▍     | 3602/8189 [5:38:46<6:49:24,  5.36s/it]
 44%|████▍     | 3603/8189 [5:38:53<7:09:25,  5.62s/it]
 44%|████▍     | 3604/8189 [5:38:57<6:49:53,  5.36s/it]
 44%|████▍     | 3605/8189 [5:39:03<6:43:58,  5.29s/it]
 44%|████▍     | 3606/8189 [5:39:08<6:36:41,  5.19s/it]
 44%|████▍     | 3607/8189 [5:39:12<6:23:04,  5.02s/it]
 44%|████▍     | 3608/8189 [5:39:17<6:21:14,  4.99s/it]
 44%|████▍     | 3609/8189 [5:39:23<6:32:12,  5.14s/it]
 44%|████▍     | 3610/8189 [5:39:29<6:50:55,  5.38s/it]
 44%|████▍     | 3611/8189 [5:39:35<7:19:44,  5.76s/it]
 44%|████▍     | 3612/8189 [5:39:41<7:11:51,  5.66s/it]
 44%|████▍     | 3613/8189 [5:39:46<7:07:15,  5.60s/it]
 44%|████▍     | 3614/8189 [5:39:50<6:40:07,  5.25s/it]
 44%|████▍     | 3615/8189 [5:39:56<6:48:13,  5.35s/it]
 44%|████▍     | 3616/8189 [5:40:02<7:01:46,  5.53s/it]
 44%|████▍     | 3617/8189 [5:40:07<6:58:54,  5.50s/it]
 44%|████▍     | 3618/8189 [5:40:13<7:10:22,  5.65s/it]
 44%|████▍     | 3619/8189 [5:40:19<7:03:52,  5.57s/it]
 44%|████▍     | 3620/8189 [5:40:25<7:14:27,  5.71s/it]
 44%|████▍     | 3621/8189 [5:40:31<7:27:50,  5.88s/it]
 44%|████▍     | 3622/8189 [5:40:37<7:23:02,  5.82s/it]
 44%|████▍     | 3623/8189 [5:40:41<6:55:49,  5.46s/it]
 44%|████▍     | 3624/8189 [5:40:47<6:51:31,  5.41s/it]
 44%|████▍     | 3625/8189 [5:40:53<7:00:23,  5.53s/it]
 44%|████▍     | 3626/8189 [5:40:59<7:15:53,  5.73s/it]
 44%|████▍     | 3627/8189 [5:41:04<7:09:58,  5.66s/it]
 44%|████▍     | 3628/8189 [5:41:10<7:07:15,  5.62s/it]
 44%|████▍     | 3629/8189 [5:41:15<7:00:03,  5.53s/it]
 44%|████▍     | 3630/8189 [5:41:22<7:21:02,  5.80s/it]
 44%|████▍     | 3631/8189 [5:41:28<7:31:21,  5.94s/it]
 44%|████▍     | 3632/8189 [5:41:34<7:29:23,  5.92s/it]
 44%|████▍     | 3633/8189 [5:41:39<7:25:25,  5.87s/it]
 44%|████▍     | 3634/8189 [5:41:45<7:22:25,  5.83s/it]
 44%|████▍     | 3635/8189 [5:41:51<7:12:25,  5.70s/it]
 44%|████▍     | 3636/8189 [5:41:56<7:15:28,  5.74s/it]
 44%|████▍     | 3637/8189 [5:42:02<7:02:47,  5.57s/it]
 44%|████▍     | 3638/8189 [5:42:07<6:52:04,  5.43s/it]
 44%|████▍     | 3639/8189 [5:42:12<6:52:03,  5.43s/it]
 44%|████▍     | 3640/8189 [5:42:17<6:49:38,  5.40s/it]
 44%|████▍     | 3641/8189 [5:42:23<6:45:32,  5.35s/it]
 44%|████▍     | 3642/8189 [5:42:28<6:56:05,  5.49s/it]
 44%|████▍     | 3643/8189 [5:42:35<7:24:27,  5.87s/it]
 44%|████▍     | 3644/8189 [5:42:42<7:35:11,  6.01s/it]
 45%|████▍     | 3645/8189 [5:42:47<7:28:32,  5.92s/it]
 45%|████▍     | 3646/8189 [5:42:53<7:21:35,  5.83s/it]
 45%|████▍     | 3647/8189 [5:42:58<7:13:50,  5.73s/it]
 45%|████▍     | 3648/8189 [5:43:04<7:06:26,  5.63s/it]
 45%|████▍     | 3649/8189 [5:43:08<6:35:15,  5.22s/it]
 45%|████▍     | 3650/8189 [5:43:14<6:51:14,  5.44s/it]
 45%|████▍     | 3651/8189 [5:43:20<6:56:49,  5.51s/it]
 45%|████▍     | 3652/8189 [5:43:26<7:19:29,  5.81s/it]
 45%|████▍     | 3653/8189 [5:43:32<7:14:12,  5.74s/it]
 45%|████▍     | 3654/8189 [5:43:38<7:16:00,  5.77s/it]
 45%|████▍     | 3655/8189 [5:43:43<7:17:01,  5.78s/it]
 45%|████▍     | 3656/8189 [5:43:50<7:28:09,  5.93s/it]
 45%|████▍     | 3657/8189 [5:43:56<7:28:05,  5.93s/it]
 45%|████▍     | 3658/8189 [5:44:03<7:56:13,  6.31s/it]
 45%|████▍     | 3659/8189 [5:44:08<7:40:56,  6.11s/it]
 45%|████▍     | 3660/8189 [5:44:15<7:57:56,  6.33s/it]
 45%|████▍     | 3661/8189 [5:44:22<7:55:40,  6.30s/it]
 45%|████▍     | 3662/8189 [5:44:26<7:19:50,  5.83s/it]
 45%|████▍     | 3663/8189 [5:44:32<7:20:50,  5.84s/it]
 45%|████▍     | 3664/8189 [5:44:38<7:11:14,  5.72s/it]
 45%|████▍     | 3665/8189 [5:44:43<7:04:10,  5.63s/it]
 45%|████▍     | 3666/8189 [5:44:49<7:03:30,  5.62s/it]
 45%|████▍     | 3667/8189 [5:44:54<7:07:06,  5.67s/it]
 45%|████▍     | 3668/8189 [5:45:00<7:03:54,  5.63s/it]
 45%|████▍     | 3669/8189 [5:45:06<7:07:30,  5.67s/it]
 45%|████▍     | 3670/8189 [5:45:11<7:02:51,  5.61s/it]
 45%|████▍     | 3671/8189 [5:45:17<7:19:19,  5.83s/it]
 45%|████▍     | 3672/8189 [5:45:23<7:20:14,  5.85s/it]
 45%|████▍     | 3673/8189 [5:45:29<7:25:46,  5.92s/it]
 45%|████▍     | 3674/8189 [5:45:34<7:05:41,  5.66s/it]
 45%|████▍     | 3675/8189 [5:45:38<6:20:24,  5.06s/it]
 45%|████▍     | 3676/8189 [5:45:44<6:29:28,  5.18s/it]
 45%|████▍     | 3677/8189 [5:45:50<6:48:38,  5.43s/it]
 45%|████▍     | 3678/8189 [5:45:55<6:35:46,  5.26s/it]
 45%|████▍     | 3679/8189 [5:46:00<6:43:11,  5.36s/it]
 45%|████▍     | 3680/8189 [5:46:05<6:31:49,  5.21s/it]
 45%|████▍     | 3681/8189 [5:46:10<6:32:42,  5.23s/it]
 45%|████▍     | 3682/8189 [5:46:15<6:27:53,  5.16s/it]
 45%|████▍     | 3683/8189 [5:46:22<6:54:35,  5.52s/it]
 45%|████▍     | 3684/8189 [5:46:27<6:55:07,  5.53s/it]
 45%|████▍     | 3685/8189 [5:46:33<7:00:27,  5.60s/it]
 45%|████▌     | 3686/8189 [5:46:39<7:09:44,  5.73s/it]
 45%|████▌     | 3687/8189 [5:46:44<6:59:33,  5.59s/it]
 45%|████▌     | 3688/8189 [5:46:50<7:09:50,  5.73s/it]
 45%|████▌     | 3689/8189 [5:46:56<7:06:38,  5.69s/it]
 45%|████▌     | 3690/8189 [5:47:00<6:37:17,  5.30s/it]
 45%|████▌     | 3691/8189 [5:47:06<6:53:28,  5.52s/it]
 45%|████▌     | 3692/8189 [5:47:12<7:00:48,  5.61s/it]
 45%|████▌     | 3693/8189 [5:47:18<7:13:07,  5.78s/it]
 45%|████▌     | 3694/8189 [5:47:23<6:47:58,  5.45s/it]
 45%|████▌     | 3695/8189 [5:47:27<6:10:41,  4.95s/it]
 45%|████▌     | 3696/8189 [5:47:32<6:19:27,  5.07s/it]
 45%|████▌     | 3697/8189 [5:47:36<6:02:55,  4.85s/it]
 45%|████▌     | 3698/8189 [5:47:41<6:03:34,  4.86s/it]
 45%|████▌     | 3699/8189 [5:47:47<6:21:14,  5.09s/it]
 45%|████▌     | 3700/8189 [5:47:54<6:58:29,  5.59s/it]
 45%|████▌     | 3701/8189 [5:47:59<6:57:11,  5.58s/it]
 45%|████▌     | 3702/8189 [5:48:05<6:58:14,  5.59s/it]
 45%|████▌     | 3703/8189 [5:48:11<7:01:27,  5.64s/it]
 45%|████▌     | 3704/8189 [5:48:16<7:01:39,  5.64s/it]
 45%|████▌     | 3705/8189 [5:48:23<7:15:05,  5.82s/it]
 45%|████▌     | 3706/8189 [5:48:27<6:54:56,  5.55s/it]
 45%|████▌     | 3707/8189 [5:48:33<6:53:53,  5.54s/it]
 45%|████▌     | 3708/8189 [5:48:40<7:18:22,  5.87s/it]
 45%|████▌     | 3709/8189 [5:48:45<7:18:46,  5.88s/it]
 45%|████▌     | 3710/8189 [5:48:51<7:18:36,  5.88s/it]
 45%|████▌     | 3711/8189 [5:48:58<7:42:01,  6.19s/it]
 45%|████▌     | 3712/8189 [5:49:04<7:40:40,  6.17s/it]
 45%|████▌     | 3713/8189 [5:49:10<7:31:28,  6.05s/it]
 45%|████▌     | 3714/8189 [5:49:16<7:21:43,  5.92s/it]
 45%|████▌     | 3715/8189 [5:49:21<7:12:13,  5.80s/it]
 45%|████▌     | 3716/8189 [5:49:27<7:13:01,  5.81s/it]
 45%|████▌     | 3717/8189 [5:49:33<7:06:24,  5.72s/it]
 45%|████▌     | 3718/8189 [5:49:39<7:13:29,  5.82s/it]
 45%|████▌     | 3719/8189 [5:49:45<7:14:48,  5.84s/it]
 45%|████▌     | 3720/8189 [5:49:50<7:15:44,  5.85s/it]
 45%|████▌     | 3721/8189 [5:49:56<7:10:05,  5.78s/it]
 45%|████▌     | 3722/8189 [5:50:01<7:02:25,  5.67s/it]
 45%|████▌     | 3723/8189 [5:50:07<6:53:16,  5.55s/it]
 45%|████▌     | 3724/8189 [5:50:14<7:21:24,  5.93s/it]
 45%|████▌     | 3725/8189 [5:50:20<7:29:55,  6.05s/it]
 46%|████▌     | 3726/8189 [5:50:25<7:00:30,  5.65s/it]
 46%|████▌     | 3727/8189 [5:50:31<7:07:02,  5.74s/it]
 46%|████▌     | 3728/8189 [5:50:37<7:13:28,  5.83s/it]
 46%|████▌     | 3729/8189 [5:50:43<7:21:16,  5.94s/it]
 46%|████▌     | 3730/8189 [5:50:49<7:25:16,  5.99s/it]
 46%|████▌     | 3731/8189 [5:50:55<7:28:33,  6.04s/it]
 46%|████▌     | 3732/8189 [5:51:02<7:37:34,  6.16s/it]
 46%|████▌     | 3733/8189 [5:51:07<7:11:36,  5.81s/it]
 46%|████▌     | 3734/8189 [5:51:12<7:02:33,  5.69s/it]
 46%|████▌     | 3735/8189 [5:51:18<7:16:45,  5.88s/it]
 46%|████▌     | 3736/8189 [5:51:24<7:12:35,  5.83s/it]
 46%|████▌     | 3737/8189 [5:51:29<6:51:33,  5.55s/it]
 46%|████▌     | 3738/8189 [5:51:35<7:04:47,  5.73s/it]
 46%|████▌     | 3739/8189 [5:51:41<7:04:29,  5.72s/it]
 46%|████▌     | 3740/8189 [5:51:46<6:58:20,  5.64s/it]
 46%|████▌     | 3741/8189 [5:51:52<6:52:56,  5.57s/it]
 46%|████▌     | 3742/8189 [5:51:57<6:45:18,  5.47s/it]
 46%|████▌     | 3743/8189 [5:52:02<6:42:07,  5.43s/it]
 46%|████▌     | 3744/8189 [5:52:08<6:57:49,  5.64s/it]
 46%|████▌     | 3745/8189 [5:52:14<6:52:09,  5.56s/it]
 46%|████▌     | 3746/8189 [5:52:19<6:50:44,  5.55s/it]
 46%|████▌     | 3747/8189 [5:52:24<6:38:59,  5.39s/it]
 46%|████▌     | 3748/8189 [5:52:30<6:40:10,  5.41s/it]
 46%|████▌     | 3749/8189 [5:52:35<6:31:49,  5.29s/it]
 46%|████▌     | 3750/8189 [5:52:41<6:48:45,  5.52s/it]
 46%|████▌     | 3751/8189 [5:52:46<6:49:22,  5.53s/it]
 46%|████▌     | 3752/8189 [5:52:53<7:08:49,  5.80s/it]
 46%|████▌     | 3753/8189 [5:52:58<6:57:55,  5.65s/it]
 46%|████▌     | 3754/8189 [5:53:03<6:44:37,  5.47s/it]
 46%|████▌     | 3755/8189 [5:53:09<6:44:38,  5.48s/it]
 46%|████▌     | 3756/8189 [5:53:14<6:37:12,  5.38s/it]
 46%|████▌     | 3757/8189 [5:53:19<6:45:03,  5.48s/it]
 46%|████▌     | 3758/8189 [5:53:25<6:56:04,  5.63s/it]
 46%|████▌     | 3759/8189 [5:53:31<6:53:54,  5.61s/it]
 46%|████▌     | 3760/8189 [5:53:37<6:56:22,  5.64s/it]
 46%|████▌     | 3761/8189 [5:53:43<7:07:23,  5.79s/it]
 46%|████▌     | 3762/8189 [5:53:49<7:11:30,  5.85s/it]
 46%|████▌     | 3763/8189 [5:53:54<7:00:27,  5.70s/it]
 46%|████▌     | 3764/8189 [5:54:00<7:04:47,  5.76s/it]
 46%|████▌     | 3765/8189 [5:54:05<6:42:21,  5.46s/it]
 46%|████▌     | 3766/8189 [5:54:10<6:44:32,  5.49s/it]
 46%|████▌     | 3767/8189 [5:54:16<6:50:27,  5.57s/it]
 46%|████▌     | 3768/8189 [5:54:21<6:41:02,  5.44s/it]
 46%|████▌     | 3769/8189 [5:54:26<6:20:05,  5.16s/it]
 46%|████▌     | 3770/8189 [5:54:32<6:39:45,  5.43s/it]
 46%|████▌     | 3771/8189 [5:54:38<6:52:29,  5.60s/it]
 46%|████▌     | 3772/8189 [5:54:42<6:23:58,  5.22s/it]
 46%|████▌     | 3773/8189 [5:54:48<6:37:45,  5.40s/it]
 46%|████▌     | 3774/8189 [5:54:53<6:34:54,  5.37s/it]
 46%|████▌     | 3775/8189 [5:55:00<6:55:33,  5.65s/it]
 46%|████▌     | 3776/8189 [5:55:06<7:09:51,  5.84s/it]
 46%|████▌     | 3777/8189 [5:55:11<6:58:22,  5.69s/it]
 46%|████▌     | 3778/8189 [5:55:17<6:57:15,  5.68s/it]
 46%|████▌     | 3779/8189 [5:55:22<6:42:09,  5.47s/it]
 46%|████▌     | 3780/8189 [5:55:27<6:45:57,  5.52s/it]
 46%|████▌     | 3781/8189 [5:55:32<6:29:04,  5.30s/it]
 46%|████▌     | 3782/8189 [5:55:38<6:44:10,  5.50s/it]
 46%|████▌     | 3783/8189 [5:55:44<6:47:29,  5.55s/it]
 46%|████▌     | 3784/8189 [5:55:50<6:58:34,  5.70s/it]
 46%|████▌     | 3785/8189 [5:55:56<6:59:22,  5.71s/it]
 46%|████▌     | 3786/8189 [5:56:02<7:03:53,  5.78s/it]
 46%|████▌     | 3787/8189 [5:56:07<7:04:56,  5.79s/it]
 46%|████▋     | 3788/8189 [5:56:13<7:09:08,  5.85s/it]
 46%|████▋     | 3789/8189 [5:56:19<6:54:19,  5.65s/it]
 46%|████▋     | 3790/8189 [5:56:24<6:51:08,  5.61s/it]
 46%|████▋     | 3791/8189 [5:56:30<7:01:39,  5.75s/it]
 46%|████▋     | 3792/8189 [5:56:37<7:17:51,  5.97s/it]
 46%|████▋     | 3793/8189 [5:56:42<7:06:32,  5.82s/it]
 46%|████▋     | 3794/8189 [5:56:48<6:56:09,  5.68s/it]
 46%|████▋     | 3795/8189 [5:56:53<6:59:36,  5.73s/it]
 46%|████▋     | 3796/8189 [5:57:00<7:15:28,  5.95s/it]
 46%|████▋     | 3797/8189 [5:57:06<7:15:04,  5.94s/it]
 46%|████▋     | 3798/8189 [5:57:11<6:58:44,  5.72s/it]
 46%|████▋     | 3799/8189 [5:57:16<6:52:39,  5.64s/it]
 46%|████▋     | 3800/8189 [5:57:22<6:55:44,  5.68s/it]
 46%|████▋     | 3801/8189 [5:57:28<6:58:14,  5.72s/it]
 46%|████▋     | 3802/8189 [5:57:33<6:53:21,  5.65s/it]
 46%|████▋     | 3803/8189 [5:57:39<6:50:52,  5.62s/it]
 46%|████▋     | 3804/8189 [5:57:45<7:04:34,  5.81s/it]
 46%|████▋     | 3805/8189 [5:57:50<6:49:51,  5.61s/it]
 46%|████▋     | 3806/8189 [5:57:56<6:43:01,  5.52s/it]
 46%|████▋     | 3807/8189 [5:58:01<6:39:42,  5.47s/it]
 47%|████▋     | 3808/8189 [5:58:07<6:48:29,  5.59s/it]
 47%|████▋     | 3809/8189 [5:58:13<6:55:03,  5.69s/it]
 47%|████▋     | 3810/8189 [5:58:19<7:01:20,  5.77s/it]
 47%|████▋     | 3811/8189 [5:58:25<7:01:54,  5.78s/it]
 47%|████▋     | 3812/8189 [5:58:30<6:50:25,  5.63s/it]
 47%|████▋     | 3813/8189 [5:58:35<6:49:11,  5.61s/it]
 47%|████▋     | 3814/8189 [5:58:42<7:00:52,  5.77s/it]
 47%|████▋     | 3815/8189 [5:58:47<6:52:38,  5.66s/it]
 47%|████▋     | 3816/8189 [5:58:53<6:53:35,  5.67s/it]
 47%|████▋     | 3817/8189 [5:58:59<7:03:26,  5.81s/it]
 47%|████▋     | 3818/8189 [5:59:05<7:05:10,  5.84s/it]
 47%|████▋     | 3819/8189 [5:59:10<6:44:19,  5.55s/it]
 47%|████▋     | 3820/8189 [5:59:15<6:46:40,  5.59s/it]
 47%|████▋     | 3821/8189 [5:59:21<6:55:25,  5.71s/it]
 47%|████▋     | 3822/8189 [5:59:27<7:01:08,  5.79s/it]
 47%|████▋     | 3823/8189 [5:59:33<7:06:44,  5.86s/it]
 47%|████▋     | 3824/8189 [5:59:39<6:53:21,  5.68s/it]
 47%|████▋     | 3825/8189 [5:59:44<6:38:51,  5.48s/it]
 47%|████▋     | 3826/8189 [5:59:48<6:19:16,  5.22s/it]
 47%|████▋     | 3827/8189 [5:59:54<6:25:34,  5.30s/it]
 47%|████▋     | 3828/8189 [6:00:00<6:37:50,  5.47s/it]
 47%|████▋     | 3829/8189 [6:00:06<6:48:50,  5.63s/it]
 47%|████▋     | 3830/8189 [6:00:11<6:39:40,  5.50s/it]
 47%|████▋     | 3831/8189 [6:00:16<6:44:34,  5.57s/it]
 47%|████▋     | 3832/8189 [6:00:23<6:55:14,  5.72s/it]
 47%|████▋     | 3833/8189 [6:00:28<6:40:10,  5.51s/it]
 47%|████▋     | 3834/8189 [6:00:32<6:26:30,  5.33s/it]
 47%|████▋     | 3835/8189 [6:00:37<6:11:44,  5.12s/it]
 47%|████▋     | 3836/8189 [6:00:42<6:12:07,  5.13s/it]
 47%|████▋     | 3837/8189 [6:00:46<5:38:34,  4.67s/it]
 47%|████▋     | 3838/8189 [6:00:51<5:54:37,  4.89s/it]
 47%|████▋     | 3839/8189 [6:00:57<6:21:09,  5.26s/it]
 47%|████▋     | 3840/8189 [6:01:03<6:22:22,  5.28s/it]
 47%|████▋     | 3841/8189 [6:01:08<6:32:11,  5.41s/it]
 47%|████▋     | 3842/8189 [6:01:13<6:15:08,  5.18s/it]
 47%|████▋     | 3843/8189 [6:01:19<6:29:25,  5.38s/it]
 47%|████▋     | 3844/8189 [6:01:25<6:35:38,  5.46s/it]
 47%|████▋     | 3845/8189 [6:01:31<6:54:59,  5.73s/it]
 47%|████▋     | 3846/8189 [6:01:36<6:46:30,  5.62s/it]
 47%|████▋     | 3847/8189 [6:01:41<6:36:54,  5.48s/it]
 47%|████▋     | 3848/8189 [6:01:48<6:53:38,  5.72s/it]
 47%|████▋     | 3849/8189 [6:01:54<6:59:44,  5.80s/it]
 47%|████▋     | 3850/8189 [6:01:59<6:40:44,  5.54s/it]
 47%|████▋     | 3851/8189 [6:02:04<6:34:06,  5.45s/it]
 47%|████▋     | 3852/8189 [6:02:09<6:15:48,  5.20s/it]
 47%|████▋     | 3853/8189 [6:02:13<6:04:12,  5.04s/it]
 47%|████▋     | 3854/8189 [6:02:19<6:20:11,  5.26s/it]
 47%|████▋     | 3855/8189 [6:02:25<6:37:16,  5.50s/it]
 47%|████▋     | 3856/8189 [6:02:31<6:41:04,  5.55s/it]
 47%|████▋     | 3857/8189 [6:02:36<6:34:22,  5.46s/it]
 47%|████▋     | 3858/8189 [6:02:40<6:09:28,  5.12s/it]
 47%|████▋     | 3859/8189 [6:02:45<5:58:21,  4.97s/it]
 47%|████▋     | 3860/8189 [6:02:51<6:19:56,  5.27s/it]
 47%|████▋     | 3861/8189 [6:02:57<6:34:39,  5.47s/it]
 47%|████▋     | 3862/8189 [6:03:02<6:36:01,  5.49s/it]
 47%|████▋     | 3863/8189 [6:03:06<5:49:55,  4.85s/it]
 47%|████▋     | 3864/8189 [6:03:10<5:48:30,  4.83s/it]
 47%|████▋     | 3865/8189 [6:03:15<5:44:39,  4.78s/it]
 47%|████▋     | 3866/8189 [6:03:20<5:46:14,  4.81s/it]
 47%|████▋     | 3867/8189 [6:03:25<5:47:45,  4.83s/it]
 47%|████▋     | 3868/8189 [6:03:31<6:24:14,  5.34s/it]
 47%|████▋     | 3869/8189 [6:03:36<6:16:53,  5.23s/it]
 47%|████▋     | 3870/8189 [6:03:42<6:15:59,  5.22s/it]
 47%|████▋     | 3871/8189 [6:03:48<6:41:49,  5.58s/it]
 47%|████▋     | 3872/8189 [6:03:53<6:25:10,  5.35s/it]
 47%|████▋     | 3873/8189 [6:03:58<6:24:07,  5.34s/it]
 47%|████▋     | 3874/8189 [6:04:04<6:34:43,  5.49s/it]
 47%|████▋     | 3875/8189 [6:04:10<6:37:19,  5.53s/it]
 47%|████▋     | 3876/8189 [6:04:15<6:40:49,  5.58s/it]
 47%|████▋     | 3877/8189 [6:04:22<6:59:51,  5.84s/it]
 47%|████▋     | 3878/8189 [6:04:27<6:54:41,  5.77s/it]
 47%|████▋     | 3879/8189 [6:04:33<6:50:04,  5.71s/it]
 47%|████▋     | 3880/8189 [6:04:39<6:57:31,  5.81s/it]
 47%|████▋     | 3881/8189 [6:04:45<7:01:40,  5.87s/it]
 47%|████▋     | 3882/8189 [6:04:50<6:53:13,  5.76s/it]
 47%|████▋     | 3883/8189 [6:04:56<6:42:03,  5.60s/it]
 47%|████▋     | 3884/8189 [6:05:01<6:41:52,  5.60s/it]
 47%|████▋     | 3885/8189 [6:05:08<6:58:43,  5.84s/it]
 47%|████▋     | 3886/8189 [6:05:14<7:14:37,  6.06s/it]
 47%|████▋     | 3887/8189 [6:05:20<6:57:18,  5.82s/it]
 47%|████▋     | 3888/8189 [6:05:25<6:54:20,  5.78s/it]
 47%|████▋     | 3889/8189 [6:05:31<7:00:59,  5.87s/it]
 48%|████▊     | 3890/8189 [6:05:37<7:04:10,  5.92s/it]
 48%|████▊     | 3891/8189 [6:05:43<6:49:06,  5.71s/it]
 48%|████▊     | 3892/8189 [6:05:48<6:41:41,  5.61s/it]
 48%|████▊     | 3893/8189 [6:05:54<6:55:11,  5.80s/it]
 48%|████▊     | 3894/8189 [6:06:00<6:58:24,  5.85s/it]
 48%|████▊     | 3895/8189 [6:06:05<6:42:12,  5.62s/it]
 48%|████▊     | 3896/8189 [6:06:11<6:36:22,  5.54s/it]
 48%|████▊     | 3897/8189 [6:06:16<6:42:15,  5.62s/it]
 48%|████▊     | 3898/8189 [6:06:22<6:44:07,  5.65s/it]
 48%|████▊     | 3899/8189 [6:06:27<6:35:08,  5.53s/it]
 48%|████▊     | 3900/8189 [6:06:33<6:42:31,  5.63s/it]
 48%|████▊     | 3901/8189 [6:06:39<6:50:35,  5.75s/it]
 48%|████▊     | 3902/8189 [6:06:46<7:12:17,  6.05s/it]
 48%|████▊     | 3903/8189 [6:06:52<7:06:12,  5.97s/it]
 48%|████▊     | 3904/8189 [6:06:58<7:11:24,  6.04s/it]
 48%|████▊     | 3905/8189 [6:07:04<7:18:19,  6.14s/it]
 48%|████▊     | 3906/8189 [6:07:10<7:14:29,  6.09s/it]
 48%|████▊     | 3907/8189 [6:07:16<7:14:16,  6.09s/it]
 48%|████▊     | 3908/8189 [6:07:22<7:14:03,  6.08s/it]
 48%|████▊     | 3909/8189 [6:07:28<7:08:32,  6.01s/it]
 48%|████▊     | 3910/8189 [6:07:34<6:54:56,  5.82s/it]
 48%|████▊     | 3911/8189 [6:07:38<6:30:06,  5.47s/it]
 48%|████▊     | 3912/8189 [6:07:45<6:53:52,  5.81s/it]
 48%|████▊     | 3913/8189 [6:07:52<7:15:52,  6.12s/it]
 48%|████▊     | 3914/8189 [6:07:58<7:14:46,  6.10s/it]
 48%|████▊     | 3915/8189 [6:08:04<7:08:26,  6.01s/it]
 48%|████▊     | 3916/8189 [6:08:09<7:02:50,  5.94s/it]
 48%|████▊     | 3917/8189 [6:08:16<7:06:07,  5.99s/it]
 48%|████▊     | 3918/8189 [6:08:21<6:58:31,  5.88s/it]
 48%|████▊     | 3919/8189 [6:08:27<7:01:15,  5.92s/it]
 48%|████▊     | 3920/8189 [6:08:33<6:51:12,  5.78s/it]
 48%|████▊     | 3921/8189 [6:08:39<7:02:20,  5.94s/it]
 48%|████▊     | 3922/8189 [6:08:45<7:08:37,  6.03s/it]
 48%|████▊     | 3923/8189 [6:08:51<6:55:27,  5.84s/it]
 48%|████▊     | 3924/8189 [6:08:57<7:06:07,  5.99s/it]
 48%|████▊     | 3925/8189 [6:09:02<6:52:24,  5.80s/it]
 48%|████▊     | 3926/8189 [6:09:08<6:54:00,  5.83s/it]
 48%|████▊     | 3927/8189 [6:09:14<6:52:21,  5.81s/it]
 48%|████▊     | 3928/8189 [6:09:19<6:37:38,  5.60s/it]
 48%|████▊     | 3929/8189 [6:09:25<6:36:44,  5.59s/it]
 48%|████▊     | 3930/8189 [6:09:30<6:27:47,  5.46s/it]
 48%|████▊     | 3931/8189 [6:09:35<6:17:10,  5.31s/it]
 48%|████▊     | 3932/8189 [6:09:41<6:33:37,  5.55s/it]
 48%|████▊     | 3933/8189 [6:09:46<6:35:01,  5.57s/it]
 48%|████▊     | 3934/8189 [6:09:52<6:28:53,  5.48s/it]
 48%|████▊     | 3935/8189 [6:09:57<6:27:29,  5.47s/it]
 48%|████▊     | 3936/8189 [6:10:02<6:24:27,  5.42s/it]
 48%|████▊     | 3937/8189 [6:10:08<6:32:01,  5.53s/it]
 48%|████▊     | 3938/8189 [6:10:14<6:36:19,  5.59s/it]
 48%|████▊     | 3939/8189 [6:10:19<6:32:48,  5.55s/it]
 48%|████▊     | 3940/8189 [6:10:24<6:21:54,  5.39s/it]
 48%|████▊     | 3941/8189 [6:10:30<6:28:12,  5.48s/it]
 48%|████▊     | 3942/8189 [6:10:35<6:19:36,  5.36s/it]
 48%|████▊     | 3943/8189 [6:10:41<6:21:39,  5.39s/it]
 48%|████▊     | 3944/8189 [6:10:46<6:16:46,  5.33s/it]
 48%|████▊     | 3945/8189 [6:10:52<6:32:07,  5.54s/it]
 48%|████▊     | 3946/8189 [6:10:57<6:19:42,  5.37s/it]
 48%|████▊     | 3947/8189 [6:11:02<6:20:12,  5.38s/it]
 48%|████▊     | 3948/8189 [6:11:08<6:19:07,  5.36s/it]
 48%|████▊     | 3949/8189 [6:11:13<6:24:25,  5.44s/it]
 48%|████▊     | 3950/8189 [6:11:19<6:39:21,  5.65s/it]
 48%|████▊     | 3951/8189 [6:11:24<6:21:40,  5.40s/it]
 48%|████▊     | 3952/8189 [6:11:30<6:22:02,  5.41s/it]
 48%|████▊     | 3953/8189 [6:11:35<6:17:23,  5.35s/it]
 48%|████▊     | 3954/8189 [6:11:41<6:38:43,  5.65s/it]
 48%|████▊     | 3955/8189 [6:11:47<6:39:05,  5.66s/it]
 48%|████▊     | 3956/8189 [6:11:52<6:29:29,  5.52s/it]
 48%|████▊     | 3957/8189 [6:11:57<6:22:03,  5.42s/it]
 48%|████▊     | 3958/8189 [6:12:02<6:13:00,  5.29s/it]
 48%|████▊     | 3959/8189 [6:12:08<6:12:51,  5.29s/it]
 48%|████▊     | 3960/8189 [6:12:13<6:20:32,  5.40s/it]
 48%|████▊     | 3961/8189 [6:12:19<6:29:30,  5.53s/it]
 48%|████▊     | 3962/8189 [6:12:25<6:37:06,  5.64s/it]
 48%|████▊     | 3963/8189 [6:12:30<6:26:04,  5.48s/it]
 48%|████▊     | 3964/8189 [6:12:35<6:17:25,  5.36s/it]
 48%|████▊     | 3965/8189 [6:12:40<6:18:02,  5.37s/it]
 48%|████▊     | 3966/8189 [6:12:45<6:05:06,  5.19s/it]
 48%|████▊     | 3967/8189 [6:12:51<6:11:27,  5.28s/it]
 48%|████▊     | 3968/8189 [6:12:56<6:03:11,  5.16s/it]
 48%|████▊     | 3969/8189 [6:13:01<6:14:49,  5.33s/it]
 48%|████▊     | 3970/8189 [6:13:06<6:05:03,  5.19s/it]
 48%|████▊     | 3971/8189 [6:13:12<6:15:59,  5.35s/it]
 49%|████▊     | 3972/8189 [6:13:18<6:29:41,  5.54s/it]
 49%|████▊     | 3973/8189 [6:13:23<6:11:25,  5.29s/it]
 49%|████▊     | 3974/8189 [6:13:28<6:07:35,  5.23s/it]
 49%|████▊     | 3975/8189 [6:13:32<5:56:23,  5.07s/it]
 49%|████▊     | 3976/8189 [6:13:39<6:23:42,  5.46s/it]
 49%|████▊     | 3977/8189 [6:13:44<6:13:52,  5.33s/it]
 49%|████▊     | 3978/8189 [6:13:49<6:15:27,  5.35s/it]
 49%|████▊     | 3979/8189 [6:13:55<6:22:32,  5.45s/it]
 49%|████▊     | 3980/8189 [6:14:00<6:20:38,  5.43s/it]
 49%|████▊     | 3981/8189 [6:14:04<5:51:08,  5.01s/it]
 49%|████▊     | 3982/8189 [6:14:10<6:07:50,  5.25s/it]
 49%|████▊     | 3983/8189 [6:14:15<6:11:06,  5.29s/it]
 49%|████▊     | 3984/8189 [6:14:21<6:22:01,  5.45s/it]
 49%|████▊     | 3985/8189 [6:14:27<6:28:53,  5.55s/it]
 49%|████▊     | 3986/8189 [6:14:32<6:21:04,  5.44s/it]
 49%|████▊     | 3987/8189 [6:14:37<6:12:06,  5.31s/it]
 49%|████▊     | 3988/8189 [6:14:42<5:48:54,  4.98s/it]
 49%|████▊     | 3989/8189 [6:14:47<5:55:35,  5.08s/it]
 49%|████▊     | 3990/8189 [6:14:52<6:05:39,  5.22s/it]
 49%|████▊     | 3991/8189 [6:14:57<5:57:32,  5.11s/it]
 49%|████▊     | 3992/8189 [6:15:03<6:08:17,  5.27s/it]
 49%|████▉     | 3993/8189 [6:15:08<6:05:44,  5.23s/it]
 49%|████▉     | 3994/8189 [6:15:14<6:12:31,  5.33s/it]
 49%|████▉     | 3995/8189 [6:15:18<5:43:50,  4.92s/it]
 49%|████▉     | 3996/8189 [6:15:23<5:56:37,  5.10s/it]
 49%|████▉     | 3997/8189 [6:15:28<5:52:47,  5.05s/it]
 49%|████▉     | 3998/8189 [6:15:35<6:25:44,  5.52s/it]
 49%|████▉     | 3999/8189 [6:15:40<6:19:07,  5.43s/it]
 49%|████▉     | 4000/8189 [6:15:45<6:17:04,  5.40s/it]
                                                       

 49%|████▉     | 4000/8189 [6:15:45<6:17:04,  5.40s/it]

Batches:   0%|          | 0/9 [00:00<?, ?it/s][A

Batches:  44%|████▍     | 4/9 [00:00<00:00, 35.50it/s][A
Batches: 100%|██████████| 9/9 [00:00<00:00, 43.01it/s]


Corpus Chunks:   0%|          | 0/1 [00:00<?, ?it/s][A


Batches:   0%|          | 0/9 [00:00<?, ?it/s][A[A


Batches:  56%|█████▌    | 5/9 [00:00<00:00, 42.57it/s][A[A
Batches: 100%|██████████| 9/9 [00:00<00:00, 49.21it/s]


Corpus Chunks: 100%|██████████| 1/1 [00:00<00:00,  5.28it/s][A
Corpus Chunks: 100%|██████████| 1/1 [00:00<00:00,  5.27it/s]


Batches:   0%|          | 0/7 [00:00<?, ?it/s][A

Batches: 100%|██████████| 7/7 [00:00<00:00, 61.77it/s][A
Batches: 100%|██████████| 7/7 [00:00<00:00, 61.17it/s]


Batches:   0%|          | 0/7 [00:00<?, ?it/s][A

Batches:  71%|███████▏  | 5/7 [00:00<00:00, 43.93it/s][A
Batches: 100%|██████████| 7/7 [00:00<00:00, 44.93it/s]


Batches:   0%|          | 0/7 [00:00<?, ?it/s][A

Batches:  86%|████████▌ | 6/7 [00:00<00:00, 57.04it/s][A
Batches: 100%|██████████| 7/7 [00:00<00:00, 59.05it/s]

                                                       

 49%|████▉     | 4000/8189 [6:15:47<6:17:04,  5.40s/it]

Writing model shards:   0%|          | 0/1 [00:00<?, ?it/s][A

Writing model shards: 100%|██████████| 1/1 [00:01<00:00,  1.16s/it][A
Writing model shards: 100%|██████████| 1/1 [00:01<00:00,  1.16s/it]

 49%|████▉     | 4001/8189 [6:15:57<8:25:09,  7.24s/it]
 49%|████▉     | 4002/8189 [6:16:03<7:57:23,  6.84s/it]
 49%|████▉     | 4003/8189 [6:16:08<7:27:47,  6.42s/it]
 49%|████▉     | 4004/8189 [6:16:14<7:09:27,  6.16s/it]
 49%|████▉     | 4005/8189 [6:16:20<7:12:28,  6.20s/it]
 49%|████▉     | 4006/8189 [6:16:26<7:04:54,  6.09s/it]
 49%|████▉     | 4007/8189 [6:16:31<6:49:55,  5.88s/it]
 49%|████▉     | 4008/8189 [6:16:36<6:30:22,  5.60s/it]
 49%|████▉     | 4009/8189 [6:16:41<6:19:58,  5.45s/it]
 49%|████▉     | 4010/8189 [6:16:46<6:15:20,  5.39s/it]
 49%|████▉     | 4011/8189 [6:16:52<6:16:04,  5.40s/it]
 49%|████▉     | 4012/8189 [6:16:57<6:04:58,  5.24s/it]
 49%|████▉     | 4013/8189 [6:17:02<6:14:43,  5.38s/it]
 49%|████▉     | 4014/8189 [6:17:08<6:15:12,  5.39s/it]
 49%|████▉     | 4015/8189 [6:17:13<6:15:27,  5.40s/it]
 49%|████▉     | 4016/8189 [6:17:18<6:09:13,  5.31s/it]
 49%|████▉     | 4017/8189 [6:17:24<6:19:01,  5.45s/it]
 49%|████▉     | 4018/8189 [6:17:31<6:42:35,  5.79s/it]
 49%|████▉     | 4019/8189 [6:17:36<6:28:42,  5.59s/it]
 49%|████▉     | 4020/8189 [6:17:42<6:39:40,  5.75s/it]
 49%|████▉     | 4021/8189 [6:17:48<6:41:25,  5.78s/it]
 49%|████▉     | 4022/8189 [6:17:53<6:28:09,  5.59s/it]
 49%|████▉     | 4023/8189 [6:17:59<6:34:00,  5.67s/it]
 49%|████▉     | 4024/8189 [6:18:04<6:22:01,  5.50s/it]
 49%|████▉     | 4025/8189 [6:18:09<6:10:05,  5.33s/it]
 49%|████▉     | 4026/8189 [6:18:15<6:28:19,  5.60s/it]
 49%|████▉     | 4027/8189 [6:18:20<6:09:20,  5.32s/it]
 49%|████▉     | 4028/8189 [6:18:25<6:13:02,  5.38s/it]
 49%|████▉     | 4029/8189 [6:18:30<6:09:20,  5.33s/it]
 49%|████▉     | 4030/8189 [6:18:36<6:13:32,  5.39s/it]
 49%|████▉     | 4031/8189 [6:18:41<6:05:56,  5.28s/it]
 49%|████▉     | 4032/8189 [6:18:46<6:06:22,  5.29s/it]
 49%|████▉     | 4033/8189 [6:18:51<6:02:15,  5.23s/it]
 49%|████▉     | 4034/8189 [6:18:57<6:18:16,  5.46s/it]
 49%|████▉     | 4035/8189 [6:19:03<6:22:08,  5.52s/it]
 49%|████▉     | 4036/8189 [6:19:08<6:19:39,  5.49s/it]
 49%|████▉     | 4037/8189 [6:19:14<6:18:10,  5.46s/it]
 49%|████▉     | 4038/8189 [6:19:18<5:56:25,  5.15s/it]
 49%|████▉     | 4039/8189 [6:19:24<6:04:00,  5.26s/it]
 49%|████▉     | 4040/8189 [6:19:29<5:54:28,  5.13s/it]
 49%|████▉     | 4041/8189 [6:19:35<6:11:45,  5.38s/it]
 49%|████▉     | 4042/8189 [6:19:41<6:34:06,  5.70s/it]
 49%|████▉     | 4043/8189 [6:19:47<6:29:43,  5.64s/it]
 49%|████▉     | 4044/8189 [6:19:52<6:20:45,  5.51s/it]
 49%|████▉     | 4045/8189 [6:19:56<5:48:49,  5.05s/it]
 49%|████▉     | 4046/8189 [6:20:01<5:43:03,  4.97s/it]
 49%|████▉     | 4047/8189 [6:20:07<6:12:18,  5.39s/it]
 49%|████▉     | 4048/8189 [6:20:13<6:20:12,  5.51s/it]
 49%|████▉     | 4049/8189 [6:20:18<6:13:21,  5.41s/it]
 49%|████▉     | 4050/8189 [6:20:23<5:57:46,  5.19s/it]
 49%|████▉     | 4051/8189 [6:20:28<6:00:15,  5.22s/it]
 49%|████▉     | 4052/8189 [6:20:34<6:15:33,  5.45s/it]
 49%|████▉     | 4053/8189 [6:20:39<6:18:03,  5.48s/it]
 50%|████▉     | 4054/8189 [6:20:45<6:23:54,  5.57s/it]
 50%|████▉     | 4055/8189 [6:20:50<6:12:10,  5.40s/it]
 50%|████▉     | 4056/8189 [6:20:55<6:06:24,  5.32s/it]
 50%|████▉     | 4057/8189 [6:21:00<6:01:32,  5.25s/it]
 50%|████▉     | 4058/8189 [6:21:05<5:38:02,  4.91s/it]
 50%|████▉     | 4059/8189 [6:21:09<5:34:24,  4.86s/it]
 50%|████▉     | 4060/8189 [6:21:15<5:45:06,  5.01s/it]
 50%|████▉     | 4061/8189 [6:21:19<5:38:37,  4.92s/it]
 50%|████▉     | 4062/8189 [6:21:25<5:46:25,  5.04s/it]
 50%|████▉     | 4063/8189 [6:21:30<5:45:07,  5.02s/it]
 50%|████▉     | 4064/8189 [6:21:35<5:55:47,  5.18s/it]
 50%|████▉     | 4065/8189 [6:21:41<6:01:09,  5.25s/it]
 50%|████▉     | 4066/8189 [6:21:46<5:55:13,  5.17s/it]
 50%|████▉     | 4067/8189 [6:21:50<5:44:59,  5.02s/it]
 50%|████▉     | 4068/8189 [6:21:57<6:11:15,  5.41s/it]
 50%|████▉     | 4069/8189 [6:22:02<6:10:39,  5.40s/it]
 50%|████▉     | 4070/8189 [6:22:07<6:04:57,  5.32s/it]
 50%|████▉     | 4071/8189 [6:22:12<5:53:21,  5.15s/it]
 50%|████▉     | 4072/8189 [6:22:15<5:22:49,  4.70s/it]
 50%|████▉     | 4073/8189 [6:22:20<5:22:54,  4.71s/it]
 50%|████▉     | 4074/8189 [6:22:26<5:38:49,  4.94s/it]
 50%|████▉     | 4075/8189 [6:22:31<5:44:25,  5.02s/it]
 50%|████▉     | 4076/8189 [6:22:38<6:19:01,  5.53s/it]
 50%|████▉     | 4077/8189 [6:22:44<6:31:14,  5.71s/it]
 50%|████▉     | 4078/8189 [6:22:49<6:23:59,  5.60s/it]
 50%|████▉     | 4079/8189 [6:22:54<6:15:16,  5.48s/it]
 50%|████▉     | 4080/8189 [6:23:00<6:18:50,  5.53s/it]
 50%|████▉     | 4081/8189 [6:23:06<6:24:49,  5.62s/it]
 50%|████▉     | 4082/8189 [6:23:12<6:28:48,  5.68s/it]
 50%|████▉     | 4083/8189 [6:23:17<6:20:26,  5.56s/it]
 50%|████▉     | 4084/8189 [6:23:22<6:12:43,  5.45s/it]
 50%|████▉     | 4085/8189 [6:23:27<6:04:14,  5.33s/it]
 50%|████▉     | 4086/8189 [6:23:33<6:20:22,  5.56s/it]
 50%|████▉     | 4087/8189 [6:23:39<6:23:11,  5.60s/it]
 50%|████▉     | 4088/8189 [6:23:45<6:24:38,  5.63s/it]
 50%|████▉     | 4089/8189 [6:23:50<6:10:06,  5.42s/it]
 50%|████▉     | 4090/8189 [6:23:55<6:14:39,  5.48s/it]
 50%|████▉     | 4091/8189 [6:24:01<6:24:11,  5.63s/it]
 50%|████▉     | 4092/8189 [6:24:07<6:26:42,  5.66s/it]
 50%|████▉     | 4093/8189 [6:24:12<6:26:02,  5.65s/it]
 50%|████▉     | 4094/8189 [6:24:18<6:29:07,  5.70s/it]
 50%|█████     | 4095/8189 [6:24:24<6:25:46,  5.65s/it]
 50%|█████     | 4096/8189 [6:24:29<6:07:24,  5.39s/it]
 50%|█████     | 4097/8189 [6:24:34<6:12:06,  5.46s/it]
 50%|█████     | 4098/8189 [6:24:40<6:26:30,  5.67s/it]
 50%|█████     | 4099/8189 [6:24:46<6:19:13,  5.56s/it]
 50%|█████     | 4100/8189 [6:24:51<6:19:29,  5.57s/it]
 50%|█████     | 4101/8189 [6:24:57<6:14:35,  5.50s/it]
 50%|█████     | 4102/8189 [6:25:02<6:21:26,  5.60s/it]
 50%|█████     | 4103/8189 [6:25:08<6:30:09,  5.73s/it]
 50%|█████     | 4104/8189 [6:25:14<6:27:05,  5.69s/it]
 50%|█████     | 4105/8189 [6:25:20<6:24:50,  5.65s/it]
 50%|█████     | 4106/8189 [6:25:25<6:23:34,  5.64s/it]
 50%|█████     | 4107/8189 [6:25:31<6:28:35,  5.71s/it]
 50%|█████     | 4108/8189 [6:25:37<6:24:35,  5.65s/it]
 50%|█████     | 4109/8189 [6:25:43<6:33:19,  5.78s/it]
 50%|█████     | 4110/8189 [6:25:49<6:33:34,  5.79s/it]
 50%|█████     | 4111/8189 [6:25:54<6:31:47,  5.76s/it]
 50%|█████     | 4112/8189 [6:26:00<6:25:33,  5.67s/it]
 50%|█████     | 4113/8189 [6:26:06<6:34:02,  5.80s/it]
 50%|█████     | 4114/8189 [6:26:11<6:30:01,  5.74s/it]
 50%|█████     | 4115/8189 [6:26:17<6:21:29,  5.62s/it]
 50%|█████     | 4116/8189 [6:26:22<6:19:30,  5.59s/it]
 50%|█████     | 4117/8189 [6:26:28<6:21:22,  5.62s/it]
 50%|█████     | 4118/8189 [6:26:33<6:17:27,  5.56s/it]
 50%|█████     | 4119/8189 [6:26:38<5:53:50,  5.22s/it]
 50%|█████     | 4120/8189 [6:26:44<6:19:06,  5.59s/it]
 50%|█████     | 4121/8189 [6:26:50<6:26:23,  5.70s/it]
 50%|█████     | 4122/8189 [6:26:56<6:36:50,  5.85s/it]
 50%|█████     | 4123/8189 [6:27:02<6:29:26,  5.75s/it]
 50%|█████     | 4124/8189 [6:27:07<6:11:56,  5.49s/it]
 50%|█████     | 4125/8189 [6:27:13<6:17:41,  5.58s/it]
 50%|█████     | 4126/8189 [6:27:18<6:18:42,  5.59s/it]
 50%|█████     | 4127/8189 [6:27:23<5:58:04,  5.29s/it]
 50%|█████     | 4128/8189 [6:27:29<6:11:37,  5.49s/it]
 50%|█████     | 4129/8189 [6:27:35<6:29:17,  5.75s/it]
 50%|█████     | 4130/8189 [6:27:41<6:26:00,  5.71s/it]
 50%|█████     | 4131/8189 [6:27:47<6:30:20,  5.77s/it]
 50%|█████     | 4132/8189 [6:27:53<6:34:44,  5.84s/it]
 50%|█████     | 4133/8189 [6:27:59<6:48:40,  6.05s/it]
 50%|█████     | 4134/8189 [6:28:06<6:56:41,  6.17s/it]
 50%|█████     | 4135/8189 [6:28:12<7:02:18,  6.25s/it]
 51%|█████     | 4136/8189 [6:28:18<6:54:56,  6.14s/it]
 51%|█████     | 4137/8189 [6:28:24<6:43:30,  5.97s/it]
 51%|█████     | 4138/8189 [6:28:30<6:47:32,  6.04s/it]
 51%|█████     | 4139/8189 [6:28:35<6:33:25,  5.83s/it]
 51%|█████     | 4140/8189 [6:28:41<6:42:43,  5.97s/it]
 51%|█████     | 4141/8189 [6:28:47<6:39:59,  5.93s/it]
 51%|█████     | 4142/8189 [6:28:53<6:46:54,  6.03s/it]
 51%|█████     | 4143/8189 [6:28:59<6:30:52,  5.80s/it]
 51%|█████     | 4144/8189 [6:29:05<6:49:12,  6.07s/it]
 51%|█████     | 4145/8189 [6:29:12<6:50:15,  6.09s/it]
 51%|█████     | 4146/8189 [6:29:18<6:55:28,  6.17s/it]
 51%|█████     | 4147/8189 [6:29:24<6:51:55,  6.11s/it]
 51%|█████     | 4148/8189 [6:29:29<6:22:00,  5.67s/it]
 51%|█████     | 4149/8189 [6:29:34<6:16:58,  5.60s/it]
 51%|█████     | 4150/8189 [6:29:39<6:07:36,  5.46s/it]
 51%|█████     | 4151/8189 [6:29:44<5:54:48,  5.27s/it]
 51%|█████     | 4152/8189 [6:29:48<5:39:59,  5.05s/it]
 51%|█████     | 4153/8189 [6:29:55<6:07:48,  5.47s/it]
 51%|█████     | 4154/8189 [6:30:01<6:10:08,  5.50s/it]
 51%|█████     | 4155/8189 [6:30:06<6:03:50,  5.41s/it]
 51%|█████     | 4156/8189 [6:30:11<6:08:12,  5.48s/it]
 51%|█████     | 4157/8189 [6:30:17<6:07:17,  5.47s/it]
 51%|█████     | 4158/8189 [6:30:22<5:58:28,  5.34s/it]
 51%|█████     | 4159/8189 [6:30:28<6:06:45,  5.46s/it]
 51%|█████     | 4160/8189 [6:30:33<6:15:48,  5.60s/it]
 51%|█████     | 4161/8189 [6:30:40<6:25:54,  5.75s/it]
 51%|█████     | 4162/8189 [6:30:46<6:33:45,  5.87s/it]
 51%|█████     | 4163/8189 [6:30:52<6:36:14,  5.91s/it]
 51%|█████     | 4164/8189 [6:30:58<6:41:17,  5.98s/it]
 51%|█████     | 4165/8189 [6:31:03<6:32:20,  5.85s/it]
 51%|█████     | 4166/8189 [6:31:07<5:56:10,  5.31s/it]
 51%|█████     | 4167/8189 [6:31:13<6:05:09,  5.45s/it]
 51%|█████     | 4168/8189 [6:31:18<5:50:59,  5.24s/it]
 51%|█████     | 4169/8189 [6:31:21<5:15:23,  4.71s/it]
 51%|█████     | 4170/8189 [6:31:27<5:29:16,  4.92s/it]
 51%|█████     | 4171/8189 [6:31:33<5:53:43,  5.28s/it]
 51%|█████     | 4172/8189 [6:31:38<5:40:28,  5.09s/it]
 51%|█████     | 4173/8189 [6:31:43<5:55:21,  5.31s/it]
 51%|█████     | 4174/8189 [6:31:50<6:18:31,  5.66s/it]
 51%|█████     | 4175/8189 [6:31:56<6:21:09,  5.70s/it]
 51%|█████     | 4176/8189 [6:32:01<6:16:27,  5.63s/it]
 51%|█████     | 4177/8189 [6:32:07<6:16:18,  5.63s/it]
 51%|█████     | 4178/8189 [6:32:12<6:12:06,  5.57s/it]
 51%|█████     | 4179/8189 [6:32:17<5:55:50,  5.32s/it]
 51%|█████     | 4180/8189 [6:32:23<6:11:03,  5.55s/it]
 51%|█████     | 4181/8189 [6:32:29<6:14:03,  5.60s/it]
 51%|█████     | 4182/8189 [6:32:35<6:19:14,  5.68s/it]
 51%|█████     | 4183/8189 [6:32:41<6:30:42,  5.85s/it]
 51%|█████     | 4184/8189 [6:32:47<6:38:06,  5.96s/it]
 51%|█████     | 4185/8189 [6:32:53<6:36:35,  5.94s/it]
 51%|█████     | 4186/8189 [6:32:59<6:33:03,  5.89s/it]
 51%|█████     | 4187/8189 [6:33:05<6:36:20,  5.94s/it]
 51%|█████     | 4188/8189 [6:33:11<6:33:28,  5.90s/it]
 51%|█████     | 4189/8189 [6:33:17<6:45:57,  6.09s/it]
 51%|█████     | 4190/8189 [6:33:23<6:49:42,  6.15s/it]
 51%|█████     | 4191/8189 [6:33:29<6:32:40,  5.89s/it]
 51%|█████     | 4192/8189 [6:33:34<6:27:53,  5.82s/it]
 51%|█████     | 4193/8189 [6:33:40<6:24:57,  5.78s/it]
 51%|█████     | 4194/8189 [6:33:46<6:26:10,  5.80s/it]
 51%|█████     | 4195/8189 [6:33:51<6:20:57,  5.72s/it]
 51%|█████     | 4196/8189 [6:33:57<6:20:43,  5.72s/it]
 51%|█████▏    | 4197/8189 [6:34:03<6:18:53,  5.69s/it]
 51%|█████▏    | 4198/8189 [6:34:08<6:16:29,  5.66s/it]
 51%|█████▏    | 4199/8189 [6:34:14<6:07:47,  5.53s/it]
 51%|█████▏    | 4200/8189 [6:34:19<6:03:51,  5.47s/it]
 51%|█████▏    | 4201/8189 [6:34:24<6:03:53,  5.47s/it]
 51%|█████▏    | 4202/8189 [6:34:30<6:06:24,  5.51s/it]
 51%|█████▏    | 4203/8189 [6:34:36<6:17:09,  5.68s/it]
 51%|█████▏    | 4204/8189 [6:34:43<6:33:07,  5.92s/it]
 51%|█████▏    | 4205/8189 [6:34:48<6:25:47,  5.81s/it]
 51%|█████▏    | 4206/8189 [6:34:54<6:22:12,  5.76s/it]
 51%|█████▏    | 4207/8189 [6:34:59<6:01:41,  5.45s/it]
 51%|█████▏    | 4208/8189 [6:35:03<5:51:53,  5.30s/it]
 51%|█████▏    | 4209/8189 [6:35:09<5:50:42,  5.29s/it]
 51%|█████▏    | 4210/8189 [6:35:15<6:10:33,  5.59s/it]
 51%|█████▏    | 4211/8189 [6:35:21<6:19:32,  5.72s/it]
 51%|█████▏    | 4212/8189 [6:35:27<6:17:22,  5.69s/it]
 51%|█████▏    | 4213/8189 [6:35:33<6:23:44,  5.79s/it]
 51%|█████▏    | 4214/8189 [6:35:38<6:21:43,  5.76s/it]
 51%|█████▏    | 4215/8189 [6:35:44<6:11:06,  5.60s/it]
 51%|█████▏    | 4216/8189 [6:35:50<6:20:21,  5.74s/it]
 51%|█████▏    | 4217/8189 [6:35:56<6:23:28,  5.79s/it]
 52%|█████▏    | 4218/8189 [6:36:02<6:31:43,  5.92s/it]
 52%|█████▏    | 4219/8189 [6:36:07<6:24:59,  5.82s/it]
 52%|█████▏    | 4220/8189 [6:36:13<6:26:00,  5.84s/it]
 52%|█████▏    | 4221/8189 [6:36:19<6:25:54,  5.84s/it]
 52%|█████▏    | 4222/8189 [6:36:24<6:11:46,  5.62s/it]
 52%|█████▏    | 4223/8189 [6:36:30<6:12:35,  5.64s/it]
 52%|█████▏    | 4224/8189 [6:36:36<6:27:00,  5.86s/it]
 52%|█████▏    | 4225/8189 [6:36:42<6:31:07,  5.92s/it]
 52%|█████▏    | 4226/8189 [6:36:48<6:24:05,  5.82s/it]
 52%|█████▏    | 4227/8189 [6:36:54<6:33:18,  5.96s/it]
 52%|█████▏    | 4228/8189 [6:37:00<6:25:14,  5.84s/it]
 52%|█████▏    | 4229/8189 [6:37:05<6:19:28,  5.75s/it]
 52%|█████▏    | 4230/8189 [6:37:10<6:02:29,  5.49s/it]
 52%|█████▏    | 4231/8189 [6:37:15<5:57:30,  5.42s/it]
 52%|█████▏    | 4232/8189 [6:37:21<5:55:21,  5.39s/it]
 52%|█████▏    | 4233/8189 [6:37:26<6:01:26,  5.48s/it]
 52%|█████▏    | 4234/8189 [6:37:33<6:13:51,  5.67s/it]
 52%|█████▏    | 4235/8189 [6:37:39<6:19:17,  5.76s/it]
 52%|█████▏    | 4236/8189 [6:37:45<6:26:35,  5.87s/it]
 52%|█████▏    | 4237/8189 [6:37:49<6:03:44,  5.52s/it]
 52%|█████▏    | 4238/8189 [6:37:54<5:47:18,  5.27s/it]
 52%|█████▏    | 4239/8189 [6:37:59<5:43:47,  5.22s/it]
 52%|█████▏    | 4240/8189 [6:38:05<5:55:09,  5.40s/it]
 52%|█████▏    | 4241/8189 [6:38:11<6:09:29,  5.62s/it]
 52%|█████▏    | 4242/8189 [6:38:17<6:06:10,  5.57s/it]
 52%|█████▏    | 4243/8189 [6:38:22<5:54:52,  5.40s/it]
 52%|█████▏    | 4244/8189 [6:38:27<5:51:28,  5.35s/it]
 52%|█████▏    | 4245/8189 [6:38:32<5:43:57,  5.23s/it]
 52%|█████▏    | 4246/8189 [6:38:36<5:22:11,  4.90s/it]
 52%|█████▏    | 4247/8189 [6:38:42<5:36:15,  5.12s/it]
 52%|█████▏    | 4248/8189 [6:38:47<5:41:05,  5.19s/it]
 52%|█████▏    | 4249/8189 [6:38:53<5:51:31,  5.35s/it]
 52%|█████▏    | 4250/8189 [6:38:59<6:12:35,  5.68s/it]
 52%|█████▏    | 4251/8189 [6:39:05<6:15:08,  5.72s/it]
 52%|█████▏    | 4252/8189 [6:39:09<5:51:20,  5.35s/it]
 52%|█████▏    | 4253/8189 [6:39:15<5:52:47,  5.38s/it]
 52%|█████▏    | 4254/8189 [6:39:20<5:51:19,  5.36s/it]
 52%|█████▏    | 4255/8189 [6:39:26<5:55:08,  5.42s/it]
 52%|█████▏    | 4256/8189 [6:39:32<6:06:48,  5.60s/it]
 52%|█████▏    | 4257/8189 [6:39:37<5:59:07,  5.48s/it]
 52%|█████▏    | 4258/8189 [6:39:41<5:38:41,  5.17s/it]
 52%|█████▏    | 4259/8189 [6:39:46<5:36:18,  5.13s/it]
 52%|█████▏    | 4260/8189 [6:39:52<5:43:26,  5.24s/it]
 52%|█████▏    | 4261/8189 [6:39:58<5:55:25,  5.43s/it]
 52%|█████▏    | 4262/8189 [6:40:03<5:48:08,  5.32s/it]
 52%|█████▏    | 4263/8189 [6:40:10<6:22:40,  5.85s/it]
 52%|█████▏    | 4264/8189 [6:40:15<6:16:47,  5.76s/it]
 52%|█████▏    | 4265/8189 [6:40:21<6:19:38,  5.80s/it]
 52%|█████▏    | 4266/8189 [6:40:28<6:34:04,  6.03s/it]
 52%|█████▏    | 4267/8189 [6:40:33<6:14:55,  5.74s/it]
 52%|█████▏    | 4268/8189 [6:40:40<6:32:20,  6.00s/it]
 52%|█████▏    | 4269/8189 [6:40:45<6:28:07,  5.94s/it]
 52%|█████▏    | 4270/8189 [6:40:51<6:25:32,  5.90s/it]
 52%|█████▏    | 4271/8189 [6:40:57<6:21:15,  5.84s/it]
 52%|█████▏    | 4272/8189 [6:41:02<6:12:22,  5.70s/it]
 52%|█████▏    | 4273/8189 [6:41:08<6:06:06,  5.61s/it]
 52%|█████▏    | 4274/8189 [6:41:13<6:08:05,  5.64s/it]
 52%|█████▏    | 4275/8189 [6:41:19<6:09:58,  5.67s/it]
 52%|█████▏    | 4276/8189 [6:41:25<6:23:47,  5.88s/it]
 52%|█████▏    | 4277/8189 [6:41:31<6:19:20,  5.82s/it]
 52%|█████▏    | 4278/8189 [6:41:37<6:28:31,  5.96s/it]
 52%|█████▏    | 4279/8189 [6:41:43<6:21:47,  5.86s/it]
 52%|█████▏    | 4280/8189 [6:41:50<6:34:19,  6.05s/it]
 52%|█████▏    | 4281/8189 [6:41:55<6:27:04,  5.94s/it]
 52%|█████▏    | 4282/8189 [6:42:02<6:35:24,  6.07s/it]
 52%|█████▏    | 4283/8189 [6:42:08<6:35:05,  6.07s/it]
 52%|█████▏    | 4284/8189 [6:42:14<6:33:47,  6.05s/it]
 52%|█████▏    | 4285/8189 [6:42:19<6:18:23,  5.82s/it]
 52%|█████▏    | 4286/8189 [6:42:25<6:26:00,  5.93s/it]
 52%|█████▏    | 4287/8189 [6:42:31<6:27:34,  5.96s/it]
 52%|█████▏    | 4288/8189 [6:42:37<6:29:58,  6.00s/it]
 52%|█████▏    | 4289/8189 [6:42:43<6:30:08,  6.00s/it]
 52%|█████▏    | 4290/8189 [6:42:50<6:41:05,  6.17s/it]
 52%|█████▏    | 4291/8189 [6:42:56<6:35:35,  6.09s/it]
 52%|█████▏    | 4292/8189 [6:43:02<6:36:23,  6.10s/it]
 52%|█████▏    | 4293/8189 [6:43:08<6:36:50,  6.11s/it]
 52%|█████▏    | 4294/8189 [6:43:12<6:02:36,  5.59s/it]
 52%|█████▏    | 4295/8189 [6:43:17<5:45:35,  5.32s/it]
 52%|█████▏    | 4296/8189 [6:43:23<6:02:00,  5.58s/it]
 52%|█████▏    | 4297/8189 [6:43:29<6:07:58,  5.67s/it]
 52%|█████▏    | 4298/8189 [6:43:35<6:16:51,  5.81s/it]
 52%|█████▏    | 4299/8189 [6:43:41<6:14:35,  5.78s/it]
 53%|█████▎    | 4300/8189 [6:43:46<6:02:40,  5.60s/it]
 53%|█████▎    | 4301/8189 [6:43:50<5:30:13,  5.10s/it]
 53%|█████▎    | 4302/8189 [6:43:55<5:35:35,  5.18s/it]
 53%|█████▎    | 4303/8189 [6:44:01<5:41:01,  5.27s/it]
 53%|█████▎    | 4304/8189 [6:44:06<5:29:04,  5.08s/it]
 53%|█████▎    | 4305/8189 [6:44:12<5:46:09,  5.35s/it]
 53%|█████▎    | 4306/8189 [6:44:17<5:38:10,  5.23s/it]
 53%|█████▎    | 4307/8189 [6:44:22<5:39:44,  5.25s/it]
 53%|█████▎    | 4308/8189 [6:44:28<5:49:25,  5.40s/it]
 53%|█████▎    | 4309/8189 [6:44:33<5:55:35,  5.50s/it]
 53%|█████▎    | 4310/8189 [6:44:39<6:05:23,  5.65s/it]
 53%|█████▎    | 4311/8189 [6:44:46<6:21:33,  5.90s/it]
 53%|█████▎    | 4312/8189 [6:44:51<6:07:32,  5.69s/it]
 53%|█████▎    | 4313/8189 [6:44:57<6:04:51,  5.65s/it]
 53%|█████▎    | 4314/8189 [6:45:02<6:08:08,  5.70s/it]
 53%|█████▎    | 4315/8189 [6:45:07<5:55:05,  5.50s/it]
 53%|█████▎    | 4316/8189 [6:45:14<6:12:59,  5.78s/it]
 53%|█████▎    | 4317/8189 [6:45:19<6:10:33,  5.74s/it]
 53%|█████▎    | 4318/8189 [6:45:25<6:03:39,  5.64s/it]
 53%|█████▎    | 4319/8189 [6:45:30<5:57:24,  5.54s/it]
 53%|█████▎    | 4320/8189 [6:45:35<5:38:58,  5.26s/it]
 53%|█████▎    | 4321/8189 [6:45:41<5:48:55,  5.41s/it]
 53%|█████▎    | 4322/8189 [6:45:46<5:49:23,  5.42s/it]
 53%|█████▎    | 4323/8189 [6:45:51<5:45:13,  5.36s/it]
 53%|█████▎    | 4324/8189 [6:45:57<5:57:44,  5.55s/it]
 53%|█████▎    | 4325/8189 [6:46:03<6:04:29,  5.66s/it]
 53%|█████▎    | 4326/8189 [6:46:09<6:06:57,  5.70s/it]
 53%|█████▎    | 4327/8189 [6:46:14<5:58:05,  5.56s/it]
 53%|█████▎    | 4328/8189 [6:46:19<5:49:27,  5.43s/it]
 53%|█████▎    | 4329/8189 [6:46:25<5:50:00,  5.44s/it]
 53%|█████▎    | 4330/8189 [6:46:30<5:46:16,  5.38s/it]
 53%|█████▎    | 4331/8189 [6:46:36<5:51:23,  5.46s/it]
 53%|█████▎    | 4332/8189 [6:46:41<5:52:29,  5.48s/it]
 53%|█████▎    | 4333/8189 [6:46:47<6:03:44,  5.66s/it]
 53%|█████▎    | 4334/8189 [6:46:53<6:04:15,  5.67s/it]
 53%|█████▎    | 4335/8189 [6:46:58<5:44:40,  5.37s/it]
 53%|█████▎    | 4336/8189 [6:47:04<5:59:22,  5.60s/it]
 53%|█████▎    | 4337/8189 [6:47:09<5:49:12,  5.44s/it]
 53%|█████▎    | 4338/8189 [6:47:14<5:52:43,  5.50s/it]
 53%|█████▎    | 4339/8189 [6:47:19<5:42:45,  5.34s/it]
 53%|█████▎    | 4340/8189 [6:47:25<5:54:13,  5.52s/it]
 53%|█████▎    | 4341/8189 [6:47:32<6:10:45,  5.78s/it]
 53%|█████▎    | 4342/8189 [6:47:37<5:52:44,  5.50s/it]
 53%|█████▎    | 4343/8189 [6:47:42<5:49:50,  5.46s/it]
 53%|█████▎    | 4344/8189 [6:47:48<6:02:36,  5.66s/it]
 53%|█████▎    | 4345/8189 [6:47:54<5:59:33,  5.61s/it]
 53%|█████▎    | 4346/8189 [6:47:59<5:49:05,  5.45s/it]
 53%|█████▎    | 4347/8189 [6:48:04<5:45:13,  5.39s/it]
 53%|█████▎    | 4348/8189 [6:48:09<5:32:35,  5.20s/it]
 53%|█████▎    | 4349/8189 [6:48:14<5:38:49,  5.29s/it]
 53%|█████▎    | 4350/8189 [6:48:20<5:40:03,  5.31s/it]
 53%|█████▎    | 4351/8189 [6:48:25<5:47:53,  5.44s/it]
 53%|█████▎    | 4352/8189 [6:48:31<5:45:35,  5.40s/it]
 53%|█████▎    | 4353/8189 [6:48:36<5:38:21,  5.29s/it]
 53%|█████▎    | 4354/8189 [6:48:42<5:53:46,  5.53s/it]
 53%|█████▎    | 4355/8189 [6:48:47<5:49:50,  5.47s/it]
 53%|█████▎    | 4356/8189 [6:48:52<5:42:58,  5.37s/it]
 53%|█████▎    | 4357/8189 [6:48:57<5:31:57,  5.20s/it]
 53%|█████▎    | 4358/8189 [6:49:03<5:48:00,  5.45s/it]
 53%|█████▎    | 4359/8189 [6:49:09<6:05:28,  5.73s/it]
 53%|█████▎    | 4360/8189 [6:49:15<6:12:11,  5.83s/it]
 53%|█████▎    | 4361/8189 [6:49:21<6:09:50,  5.80s/it]
 53%|█████▎    | 4362/8189 [6:49:27<6:05:54,  5.74s/it]
 53%|█████▎    | 4363/8189 [6:49:32<5:54:22,  5.56s/it]
 53%|█████▎    | 4364/8189 [6:49:38<6:02:59,  5.69s/it]
 53%|█████▎    | 4365/8189 [6:49:43<5:52:45,  5.53s/it]
 53%|█████▎    | 4366/8189 [6:49:48<5:37:50,  5.30s/it]
 53%|█████▎    | 4367/8189 [6:49:53<5:28:43,  5.16s/it]
 53%|█████▎    | 4368/8189 [6:49:58<5:26:55,  5.13s/it]
 53%|█████▎    | 4369/8189 [6:50:04<5:39:49,  5.34s/it]
 53%|█████▎    | 4370/8189 [6:50:09<5:40:49,  5.35s/it]
 53%|█████▎    | 4371/8189 [6:50:15<5:51:35,  5.53s/it]
 53%|█████▎    | 4372/8189 [6:50:21<6:01:22,  5.68s/it]
 53%|█████▎    | 4373/8189 [6:50:27<6:02:18,  5.70s/it]
 53%|█████▎    | 4374/8189 [6:50:31<5:34:58,  5.27s/it]
 53%|█████▎    | 4375/8189 [6:50:36<5:30:32,  5.20s/it]
 53%|█████▎    | 4376/8189 [6:50:41<5:33:45,  5.25s/it]
 53%|█████▎    | 4377/8189 [6:50:46<5:30:06,  5.20s/it]
 53%|█████▎    | 4378/8189 [6:50:52<5:33:30,  5.25s/it]
 53%|█████▎    | 4379/8189 [6:50:56<5:20:40,  5.05s/it]
 53%|█████▎    | 4380/8189 [6:51:01<5:12:51,  4.93s/it]
 53%|█████▎    | 4381/8189 [6:51:06<5:15:33,  4.97s/it]
 54%|█████▎    | 4382/8189 [6:51:12<5:37:40,  5.32s/it]
 54%|█████▎    | 4383/8189 [6:51:17<5:36:38,  5.31s/it]
 54%|█████▎    | 4384/8189 [6:51:23<5:35:19,  5.29s/it]
 54%|█████▎    | 4385/8189 [6:51:28<5:32:42,  5.25s/it]
 54%|█████▎    | 4386/8189 [6:51:34<5:40:49,  5.38s/it]
 54%|█████▎    | 4387/8189 [6:51:38<5:29:58,  5.21s/it]
 54%|█████▎    | 4388/8189 [6:51:44<5:33:26,  5.26s/it]
 54%|█████▎    | 4389/8189 [6:51:50<5:56:04,  5.62s/it]
 54%|█████▎    | 4390/8189 [6:51:56<5:59:11,  5.67s/it]
 54%|█████▎    | 4391/8189 [6:52:02<5:57:09,  5.64s/it]
 54%|█████▎    | 4392/8189 [6:52:07<5:56:28,  5.63s/it]
 54%|█████▎    | 4393/8189 [6:52:13<6:07:59,  5.82s/it]
 54%|█████▎    | 4394/8189 [6:52:19<6:01:56,  5.72s/it]
 54%|█████▎    | 4395/8189 [6:52:25<6:14:37,  5.92s/it]
 54%|█████▎    | 4396/8189 [6:52:31<6:18:19,  5.98s/it]
 54%|█████▎    | 4397/8189 [6:52:37<6:15:43,  5.94s/it]
 54%|█████▎    | 4398/8189 [6:52:43<6:11:38,  5.88s/it]
 54%|█████▎    | 4399/8189 [6:52:49<6:03:52,  5.76s/it]
 54%|█████▎    | 4400/8189 [6:52:53<5:41:10,  5.40s/it]
 54%|█████▎    | 4401/8189 [6:52:58<5:33:51,  5.29s/it]
 54%|█████▍    | 4402/8189 [6:53:04<5:42:35,  5.43s/it]
 54%|█████▍    | 4403/8189 [6:53:10<5:57:03,  5.66s/it]
 54%|█████▍    | 4404/8189 [6:53:16<6:06:52,  5.82s/it]
 54%|█████▍    | 4405/8189 [6:53:22<5:56:40,  5.66s/it]
 54%|█████▍    | 4406/8189 [6:53:27<5:50:56,  5.57s/it]
 54%|█████▍    | 4407/8189 [6:53:33<5:56:54,  5.66s/it]
 54%|█████▍    | 4408/8189 [6:53:38<5:57:23,  5.67s/it]
 54%|█████▍    | 4409/8189 [6:53:44<5:58:27,  5.69s/it]
 54%|█████▍    | 4410/8189 [6:53:50<5:57:04,  5.67s/it]
 54%|█████▍    | 4411/8189 [6:53:56<6:10:13,  5.88s/it]
 54%|█████▍    | 4412/8189 [6:54:01<5:57:26,  5.68s/it]
 54%|█████▍    | 4413/8189 [6:54:07<5:51:06,  5.58s/it]
 54%|█████▍    | 4414/8189 [6:54:13<6:01:27,  5.75s/it]
 54%|█████▍    | 4415/8189 [6:54:19<6:03:46,  5.78s/it]
 54%|█████▍    | 4416/8189 [6:54:25<6:13:25,  5.94s/it]
 54%|█████▍    | 4417/8189 [6:54:30<5:54:43,  5.64s/it]
 54%|█████▍    | 4418/8189 [6:54:35<5:48:50,  5.55s/it]
 54%|█████▍    | 4419/8189 [6:54:41<5:55:27,  5.66s/it]
 54%|█████▍    | 4420/8189 [6:54:46<5:36:47,  5.36s/it]
 54%|█████▍    | 4421/8189 [6:54:52<5:44:20,  5.48s/it]
 54%|█████▍    | 4422/8189 [6:54:57<5:40:12,  5.42s/it]
 54%|█████▍    | 4423/8189 [6:55:02<5:36:38,  5.36s/it]
 54%|█████▍    | 4424/8189 [6:55:07<5:24:02,  5.16s/it]
 54%|█████▍    | 4425/8189 [6:55:13<5:32:40,  5.30s/it]
 54%|█████▍    | 4426/8189 [6:55:19<5:50:37,  5.59s/it]
 54%|█████▍    | 4427/8189 [6:55:25<5:54:24,  5.65s/it]
 54%|█████▍    | 4428/8189 [6:55:30<5:51:04,  5.60s/it]
 54%|█████▍    | 4429/8189 [6:55:35<5:44:44,  5.50s/it]
 54%|█████▍    | 4430/8189 [6:55:40<5:36:18,  5.37s/it]
 54%|█████▍    | 4431/8189 [6:55:45<5:27:04,  5.22s/it]
 54%|█████▍    | 4432/8189 [6:55:50<5:14:17,  5.02s/it]
 54%|█████▍    | 4433/8189 [6:55:56<5:30:14,  5.28s/it]
 54%|█████▍    | 4434/8189 [6:56:00<5:18:44,  5.09s/it]
 54%|█████▍    | 4435/8189 [6:56:06<5:37:47,  5.40s/it]
 54%|█████▍    | 4436/8189 [6:56:12<5:38:26,  5.41s/it]
 54%|█████▍    | 4437/8189 [6:56:16<5:12:24,  5.00s/it]
 54%|█████▍    | 4438/8189 [6:56:22<5:23:47,  5.18s/it]
 54%|█████▍    | 4439/8189 [6:56:26<5:18:50,  5.10s/it]
 54%|█████▍    | 4440/8189 [6:56:32<5:21:19,  5.14s/it]
 54%|█████▍    | 4441/8189 [6:56:37<5:30:11,  5.29s/it]
 54%|█████▍    | 4442/8189 [6:56:42<5:25:41,  5.22s/it]
 54%|█████▍    | 4443/8189 [6:56:49<5:46:36,  5.55s/it]
 54%|█████▍    | 4444/8189 [6:56:55<5:56:46,  5.72s/it]
 54%|█████▍    | 4445/8189 [6:57:01<5:57:29,  5.73s/it]
 54%|█████▍    | 4446/8189 [6:57:06<5:56:59,  5.72s/it]
 54%|█████▍    | 4447/8189 [6:57:12<5:58:03,  5.74s/it]
 54%|█████▍    | 4448/8189 [6:57:17<5:43:36,  5.51s/it]
 54%|█████▍    | 4449/8189 [6:57:23<5:46:22,  5.56s/it]
 54%|█████▍    | 4450/8189 [6:57:27<5:29:20,  5.28s/it]
 54%|█████▍    | 4451/8189 [6:57:33<5:37:38,  5.42s/it]
 54%|█████▍    | 4452/8189 [6:57:39<5:40:44,  5.47s/it]
 54%|█████▍    | 4453/8189 [6:57:44<5:43:49,  5.52s/it]
 54%|█████▍    | 4454/8189 [6:57:50<5:45:13,  5.55s/it]
 54%|█████▍    | 4455/8189 [6:57:56<5:50:01,  5.62s/it]
 54%|█████▍    | 4456/8189 [6:58:01<5:48:16,  5.60s/it]
 54%|█████▍    | 4457/8189 [6:58:06<5:37:32,  5.43s/it]
 54%|█████▍    | 4458/8189 [6:58:12<5:42:22,  5.51s/it]
 54%|█████▍    | 4459/8189 [6:58:17<5:29:57,  5.31s/it]
 54%|█████▍    | 4460/8189 [6:58:21<5:16:11,  5.09s/it]
 54%|█████▍    | 4461/8189 [6:58:27<5:29:10,  5.30s/it]
 54%|█████▍    | 4462/8189 [6:58:32<5:17:46,  5.12s/it]
 54%|█████▍    | 4463/8189 [6:58:37<5:26:25,  5.26s/it]
 55%|█████▍    | 4464/8189 [6:58:42<5:04:50,  4.91s/it]
 55%|█████▍    | 4465/8189 [6:58:47<5:11:57,  5.03s/it]
 55%|█████▍    | 4466/8189 [6:58:53<5:34:36,  5.39s/it]
 55%|█████▍    | 4467/8189 [6:58:58<5:27:55,  5.29s/it]
 55%|█████▍    | 4468/8189 [6:59:03<5:25:06,  5.24s/it]
 55%|█████▍    | 4469/8189 [6:59:08<5:17:13,  5.12s/it]
 55%|█████▍    | 4470/8189 [6:59:14<5:26:51,  5.27s/it]
 55%|█████▍    | 4471/8189 [6:59:20<5:40:26,  5.49s/it]
 55%|█████▍    | 4472/8189 [6:59:26<5:48:06,  5.62s/it]
 55%|█████▍    | 4473/8189 [6:59:32<6:01:21,  5.83s/it]
 55%|█████▍    | 4474/8189 [6:59:38<5:58:58,  5.80s/it]
 55%|█████▍    | 4475/8189 [6:59:43<5:58:00,  5.78s/it]
 55%|█████▍    | 4476/8189 [6:59:50<6:10:03,  5.98s/it]
 55%|█████▍    | 4477/8189 [6:59:55<5:53:10,  5.71s/it]
 55%|█████▍    | 4478/8189 [7:00:00<5:36:47,  5.45s/it]
 55%|█████▍    | 4479/8189 [7:00:04<5:04:51,  4.93s/it]
 55%|█████▍    | 4480/8189 [7:00:10<5:24:52,  5.26s/it]
 55%|█████▍    | 4481/8189 [7:00:15<5:26:50,  5.29s/it]
 55%|█████▍    | 4482/8189 [7:00:20<5:21:00,  5.20s/it]
 55%|█████▍    | 4483/8189 [7:00:25<5:26:14,  5.28s/it]
 55%|█████▍    | 4484/8189 [7:00:30<5:22:19,  5.22s/it]
 55%|█████▍    | 4485/8189 [7:00:36<5:33:38,  5.40s/it]
 55%|█████▍    | 4486/8189 [7:00:42<5:32:46,  5.39s/it]
 55%|█████▍    | 4487/8189 [7:00:47<5:40:49,  5.52s/it]
 55%|█████▍    | 4488/8189 [7:00:53<5:46:34,  5.62s/it]
 55%|█████▍    | 4489/8189 [7:00:58<5:35:08,  5.43s/it]
 55%|█████▍    | 4490/8189 [7:01:03<5:28:32,  5.33s/it]
 55%|█████▍    | 4491/8189 [7:01:08<5:11:27,  5.05s/it]
 55%|█████▍    | 4492/8189 [7:01:13<5:14:47,  5.11s/it]
 55%|█████▍    | 4493/8189 [7:01:18<5:08:42,  5.01s/it]
 55%|█████▍    | 4494/8189 [7:01:23<5:03:01,  4.92s/it]
 55%|█████▍    | 4495/8189 [7:01:28<5:08:06,  5.00s/it]
 55%|█████▍    | 4496/8189 [7:01:34<5:33:55,  5.43s/it]
 55%|█████▍    | 4497/8189 [7:01:40<5:37:59,  5.49s/it]
 55%|█████▍    | 4498/8189 [7:01:46<5:49:06,  5.68s/it]
 55%|█████▍    | 4499/8189 [7:01:51<5:46:22,  5.63s/it]
 55%|█████▍    | 4500/8189 [7:01:57<5:48:31,  5.67s/it]
 55%|█████▍    | 4501/8189 [7:02:03<5:55:50,  5.79s/it]
 55%|█████▍    | 4502/8189 [7:02:08<5:37:46,  5.50s/it]
 55%|█████▍    | 4503/8189 [7:02:12<5:15:37,  5.14s/it]
 55%|█████▌    | 4504/8189 [7:02:18<5:17:13,  5.16s/it]
 55%|█████▌    | 4505/8189 [7:02:23<5:17:44,  5.17s/it]
 55%|█████▌    | 4506/8189 [7:02:28<5:22:11,  5.25s/it]
 55%|█████▌    | 4507/8189 [7:02:33<5:18:34,  5.19s/it]
 55%|█████▌    | 4508/8189 [7:02:39<5:26:46,  5.33s/it]
 55%|█████▌    | 4509/8189 [7:02:45<5:42:53,  5.59s/it]
 55%|█████▌    | 4510/8189 [7:02:51<5:43:50,  5.61s/it]
 55%|█████▌    | 4511/8189 [7:02:57<5:47:16,  5.67s/it]
 55%|█████▌    | 4512/8189 [7:03:02<5:39:15,  5.54s/it]
 55%|█████▌    | 4513/8189 [7:03:07<5:24:38,  5.30s/it]
 55%|█████▌    | 4514/8189 [7:03:12<5:27:06,  5.34s/it]
 55%|█████▌    | 4515/8189 [7:03:17<5:22:59,  5.27s/it]
 55%|█████▌    | 4516/8189 [7:03:23<5:40:36,  5.56s/it]
 55%|█████▌    | 4517/8189 [7:03:30<5:51:21,  5.74s/it]
 55%|█████▌    | 4518/8189 [7:03:35<5:54:21,  5.79s/it]
 55%|█████▌    | 4519/8189 [7:03:41<5:57:01,  5.84s/it]
 55%|█████▌    | 4520/8189 [7:03:47<5:59:15,  5.88s/it]
 55%|█████▌    | 4521/8189 [7:03:53<5:59:55,  5.89s/it]
 55%|█████▌    | 4522/8189 [7:03:58<5:43:30,  5.62s/it]
 55%|█████▌    | 4523/8189 [7:04:03<5:27:54,  5.37s/it]
 55%|█████▌    | 4524/8189 [7:04:08<5:22:09,  5.27s/it]
 55%|█████▌    | 4525/8189 [7:04:13<5:24:27,  5.31s/it]
 55%|█████▌    | 4526/8189 [7:04:19<5:25:17,  5.33s/it]
 55%|█████▌    | 4527/8189 [7:04:23<5:01:14,  4.94s/it]
 55%|█████▌    | 4528/8189 [7:04:28<5:00:18,  4.92s/it]
 55%|█████▌    | 4529/8189 [7:04:33<5:06:29,  5.02s/it]
 55%|█████▌    | 4530/8189 [7:04:39<5:20:25,  5.25s/it]
 55%|█████▌    | 4531/8189 [7:04:45<5:38:52,  5.56s/it]
 55%|█████▌    | 4532/8189 [7:04:51<5:49:26,  5.73s/it]
 55%|█████▌    | 4533/8189 [7:04:58<6:01:58,  5.94s/it]
 55%|█████▌    | 4534/8189 [7:05:03<5:57:27,  5.87s/it]
 55%|█████▌    | 4535/8189 [7:05:09<5:55:10,  5.83s/it]
 55%|█████▌    | 4536/8189 [7:05:15<5:54:43,  5.83s/it]
 55%|█████▌    | 4537/8189 [7:05:20<5:49:37,  5.74s/it]
 55%|█████▌    | 4538/8189 [7:05:26<5:36:38,  5.53s/it]
 55%|█████▌    | 4539/8189 [7:05:31<5:37:32,  5.55s/it]
 55%|█████▌    | 4540/8189 [7:05:36<5:34:09,  5.49s/it]
 55%|█████▌    | 4541/8189 [7:05:42<5:34:41,  5.50s/it]
 55%|█████▌    | 4542/8189 [7:05:48<5:38:23,  5.57s/it]
 55%|█████▌    | 4543/8189 [7:05:53<5:39:42,  5.59s/it]
 55%|█████▌    | 4544/8189 [7:05:58<5:26:50,  5.38s/it]
 56%|█████▌    | 4545/8189 [7:06:04<5:31:14,  5.45s/it]
 56%|█████▌    | 4546/8189 [7:06:09<5:33:58,  5.50s/it]
 56%|█████▌    | 4547/8189 [7:06:15<5:42:49,  5.65s/it]
 56%|█████▌    | 4548/8189 [7:06:21<5:35:46,  5.53s/it]
 56%|█████▌    | 4549/8189 [7:06:25<5:21:37,  5.30s/it]
 56%|█████▌    | 4550/8189 [7:06:31<5:28:42,  5.42s/it]
 56%|█████▌    | 4551/8189 [7:06:37<5:39:55,  5.61s/it]
 56%|█████▌    | 4552/8189 [7:06:42<5:33:13,  5.50s/it]
 56%|█████▌    | 4553/8189 [7:06:49<5:44:17,  5.68s/it]
 56%|█████▌    | 4554/8189 [7:06:53<5:19:32,  5.27s/it]
 56%|█████▌    | 4555/8189 [7:06:58<5:19:58,  5.28s/it]
 56%|█████▌    | 4556/8189 [7:07:04<5:30:16,  5.45s/it]
 56%|█████▌    | 4557/8189 [7:07:09<5:22:07,  5.32s/it]
 56%|█████▌    | 4558/8189 [7:07:14<5:15:26,  5.21s/it]
 56%|█████▌    | 4559/8189 [7:07:19<5:12:35,  5.17s/it]
 56%|█████▌    | 4560/8189 [7:07:24<5:08:54,  5.11s/it]
 56%|█████▌    | 4561/8189 [7:07:29<5:07:36,  5.09s/it]
 56%|█████▌    | 4562/8189 [7:07:34<5:06:11,  5.07s/it]
 56%|█████▌    | 4563/8189 [7:07:39<5:08:08,  5.10s/it]
 56%|█████▌    | 4564/8189 [7:07:45<5:12:13,  5.17s/it]
 56%|█████▌    | 4565/8189 [7:07:50<5:08:04,  5.10s/it]
 56%|█████▌    | 4566/8189 [7:07:56<5:24:34,  5.38s/it]
 56%|█████▌    | 4567/8189 [7:08:01<5:23:10,  5.35s/it]
 56%|█████▌    | 4568/8189 [7:08:07<5:30:44,  5.48s/it]
 56%|█████▌    | 4569/8189 [7:08:13<5:38:31,  5.61s/it]
 56%|█████▌    | 4570/8189 [7:08:17<5:18:03,  5.27s/it]
 56%|█████▌    | 4571/8189 [7:08:22<5:04:42,  5.05s/it]
 56%|█████▌    | 4572/8189 [7:08:27<5:14:31,  5.22s/it]
 56%|█████▌    | 4573/8189 [7:08:33<5:32:24,  5.52s/it]
 56%|█████▌    | 4574/8189 [7:08:39<5:31:31,  5.50s/it]
 56%|█████▌    | 4575/8189 [7:08:45<5:50:02,  5.81s/it]
 56%|█████▌    | 4576/8189 [7:08:52<5:57:21,  5.93s/it]
 56%|█████▌    | 4577/8189 [7:08:58<5:58:41,  5.96s/it]
 56%|█████▌    | 4578/8189 [7:09:04<5:58:02,  5.95s/it]
 56%|█████▌    | 4579/8189 [7:09:09<5:55:50,  5.91s/it]
 56%|█████▌    | 4580/8189 [7:09:15<5:44:43,  5.73s/it]
 56%|█████▌    | 4581/8189 [7:09:20<5:28:51,  5.47s/it]
 56%|█████▌    | 4582/8189 [7:09:25<5:23:31,  5.38s/it]
 56%|█████▌    | 4583/8189 [7:09:29<4:58:15,  4.96s/it]
 56%|█████▌    | 4584/8189 [7:09:34<5:11:18,  5.18s/it]
 56%|█████▌    | 4585/8189 [7:09:40<5:10:42,  5.17s/it]
 56%|█████▌    | 4586/8189 [7:09:45<5:08:00,  5.13s/it]
 56%|█████▌    | 4587/8189 [7:09:50<5:17:39,  5.29s/it]
 56%|█████▌    | 4588/8189 [7:09:56<5:25:05,  5.42s/it]
 56%|█████▌    | 4589/8189 [7:10:01<5:26:10,  5.44s/it]
 56%|█████▌    | 4590/8189 [7:10:07<5:34:39,  5.58s/it]
 56%|█████▌    | 4591/8189 [7:10:13<5:31:23,  5.53s/it]
 56%|█████▌    | 4592/8189 [7:10:18<5:31:01,  5.52s/it]
 56%|█████▌    | 4593/8189 [7:10:25<5:47:33,  5.80s/it]
 56%|█████▌    | 4594/8189 [7:10:29<5:20:48,  5.35s/it]
 56%|█████▌    | 4595/8189 [7:10:34<5:16:35,  5.29s/it]
 56%|█████▌    | 4596/8189 [7:10:38<4:53:27,  4.90s/it]
 56%|█████▌    | 4597/8189 [7:10:44<5:02:09,  5.05s/it]
 56%|█████▌    | 4598/8189 [7:10:50<5:18:34,  5.32s/it]
 56%|█████▌    | 4599/8189 [7:10:56<5:39:23,  5.67s/it]
 56%|█████▌    | 4600/8189 [7:11:01<5:29:18,  5.51s/it]
 56%|█████▌    | 4601/8189 [7:11:06<5:24:48,  5.43s/it]
 56%|█████▌    | 4602/8189 [7:11:12<5:23:51,  5.42s/it]
 56%|█████▌    | 4603/8189 [7:11:16<5:09:12,  5.17s/it]
 56%|█████▌    | 4604/8189 [7:11:23<5:33:13,  5.58s/it]
 56%|█████▌    | 4605/8189 [7:11:29<5:39:58,  5.69s/it]
 56%|█████▌    | 4606/8189 [7:11:34<5:25:44,  5.45s/it]
 56%|█████▋    | 4607/8189 [7:11:39<5:20:49,  5.37s/it]
 56%|█████▋    | 4608/8189 [7:11:45<5:36:09,  5.63s/it]
 56%|█████▋    | 4609/8189 [7:11:51<5:36:45,  5.64s/it]
 56%|█████▋    | 4610/8189 [7:11:57<5:48:59,  5.85s/it]
 56%|█████▋    | 4611/8189 [7:12:03<5:45:25,  5.79s/it]
 56%|█████▋    | 4612/8189 [7:12:10<6:06:44,  6.15s/it]
 56%|█████▋    | 4613/8189 [7:12:14<5:38:20,  5.68s/it]
 56%|█████▋    | 4614/8189 [7:12:20<5:30:03,  5.54s/it]
 56%|█████▋    | 4615/8189 [7:12:26<5:36:58,  5.66s/it]
 56%|█████▋    | 4616/8189 [7:12:31<5:25:11,  5.46s/it]
 56%|█████▋    | 4617/8189 [7:12:35<5:10:22,  5.21s/it]
 56%|█████▋    | 4618/8189 [7:12:42<5:31:21,  5.57s/it]
 56%|█████▋    | 4619/8189 [7:12:47<5:32:53,  5.59s/it]
 56%|█████▋    | 4620/8189 [7:12:53<5:32:58,  5.60s/it]
 56%|█████▋    | 4621/8189 [7:12:59<5:38:04,  5.69s/it]
 56%|█████▋    | 4622/8189 [7:13:05<5:45:19,  5.81s/it]
 56%|█████▋    | 4623/8189 [7:13:10<5:40:27,  5.73s/it]
 56%|█████▋    | 4624/8189 [7:13:17<5:56:37,  6.00s/it]
 56%|█████▋    | 4625/8189 [7:13:23<5:52:45,  5.94s/it]
 56%|█████▋    | 4626/8189 [7:13:28<5:37:36,  5.69s/it]
 57%|█████▋    | 4627/8189 [7:13:33<5:32:08,  5.59s/it]
 57%|█████▋    | 4628/8189 [7:13:38<5:20:38,  5.40s/it]
 57%|█████▋    | 4629/8189 [7:13:44<5:23:40,  5.46s/it]
 57%|█████▋    | 4630/8189 [7:13:48<5:07:03,  5.18s/it]
 57%|█████▋    | 4631/8189 [7:13:54<5:14:46,  5.31s/it]
 57%|█████▋    | 4632/8189 [7:13:59<5:11:59,  5.26s/it]
 57%|█████▋    | 4633/8189 [7:14:05<5:19:55,  5.40s/it]
 57%|█████▋    | 4634/8189 [7:14:10<5:21:33,  5.43s/it]
 57%|█████▋    | 4635/8189 [7:14:16<5:32:16,  5.61s/it]
 57%|█████▋    | 4636/8189 [7:14:20<5:01:40,  5.09s/it]
 57%|█████▋    | 4637/8189 [7:14:25<4:53:46,  4.96s/it]
 57%|█████▋    | 4638/8189 [7:14:29<4:44:54,  4.81s/it]
 57%|█████▋    | 4639/8189 [7:14:35<4:51:41,  4.93s/it]
 57%|█████▋    | 4640/8189 [7:14:40<4:55:00,  4.99s/it]
 57%|█████▋    | 4641/8189 [7:14:46<5:10:53,  5.26s/it]
 57%|█████▋    | 4642/8189 [7:14:50<4:49:31,  4.90s/it]
 57%|█████▋    | 4643/8189 [7:14:54<4:44:15,  4.81s/it]
 57%|█████▋    | 4644/8189 [7:15:00<5:09:18,  5.24s/it]
 57%|█████▋    | 4645/8189 [7:15:06<5:18:27,  5.39s/it]
 57%|█████▋    | 4646/8189 [7:15:12<5:19:41,  5.41s/it]
 57%|█████▋    | 4647/8189 [7:15:16<5:04:52,  5.16s/it]
 57%|█████▋    | 4648/8189 [7:15:22<5:18:12,  5.39s/it]
 57%|█████▋    | 4649/8189 [7:15:28<5:18:02,  5.39s/it]
 57%|█████▋    | 4650/8189 [7:15:34<5:34:13,  5.67s/it]
 57%|█████▋    | 4651/8189 [7:15:40<5:43:46,  5.83s/it]
 57%|█████▋    | 4652/8189 [7:15:46<5:40:44,  5.78s/it]
 57%|█████▋    | 4653/8189 [7:15:51<5:34:18,  5.67s/it]
 57%|█████▋    | 4654/8189 [7:15:56<5:23:55,  5.50s/it]
 57%|█████▋    | 4655/8189 [7:16:03<5:39:32,  5.76s/it]
 57%|█████▋    | 4656/8189 [7:16:07<5:21:56,  5.47s/it]
 57%|█████▋    | 4657/8189 [7:16:13<5:16:58,  5.38s/it]
 57%|█████▋    | 4658/8189 [7:16:18<5:12:40,  5.31s/it]
 57%|█████▋    | 4659/8189 [7:16:24<5:24:06,  5.51s/it]
 57%|█████▋    | 4660/8189 [7:16:29<5:25:51,  5.54s/it]
 57%|█████▋    | 4661/8189 [7:16:35<5:24:24,  5.52s/it]
 57%|█████▋    | 4662/8189 [7:16:39<5:03:12,  5.16s/it]
 57%|█████▋    | 4663/8189 [7:16:45<5:08:06,  5.24s/it]
 57%|█████▋    | 4664/8189 [7:16:50<5:03:22,  5.16s/it]
 57%|█████▋    | 4665/8189 [7:16:55<5:16:18,  5.39s/it]
 57%|█████▋    | 4666/8189 [7:17:00<5:03:30,  5.17s/it]
 57%|█████▋    | 4667/8189 [7:17:05<4:56:22,  5.05s/it]
 57%|█████▋    | 4668/8189 [7:17:10<4:58:52,  5.09s/it]
 57%|█████▋    | 4669/8189 [7:17:16<5:07:52,  5.25s/it]
 57%|█████▋    | 4670/8189 [7:17:21<5:08:20,  5.26s/it]
 57%|█████▋    | 4671/8189 [7:17:27<5:17:39,  5.42s/it]
 57%|█████▋    | 4672/8189 [7:17:32<5:13:07,  5.34s/it]
 57%|█████▋    | 4673/8189 [7:17:38<5:32:05,  5.67s/it]
 57%|█████▋    | 4674/8189 [7:17:44<5:23:02,  5.51s/it]
 57%|█████▋    | 4675/8189 [7:17:48<5:13:11,  5.35s/it]
 57%|█████▋    | 4676/8189 [7:17:54<5:08:14,  5.26s/it]
 57%|█████▋    | 4677/8189 [7:17:59<5:08:46,  5.28s/it]
 57%|█████▋    | 4678/8189 [7:18:05<5:20:41,  5.48s/it]
 57%|█████▋    | 4679/8189 [7:18:10<5:23:13,  5.53s/it]
 57%|█████▋    | 4680/8189 [7:18:16<5:27:57,  5.61s/it]
 57%|█████▋    | 4681/8189 [7:18:22<5:36:28,  5.76s/it]
 57%|█████▋    | 4682/8189 [7:18:27<5:19:14,  5.46s/it]
 57%|█████▋    | 4683/8189 [7:18:33<5:24:41,  5.56s/it]
 57%|█████▋    | 4684/8189 [7:18:38<5:24:13,  5.55s/it]
 57%|█████▋    | 4685/8189 [7:18:44<5:25:29,  5.57s/it]
 57%|█████▋    | 4686/8189 [7:18:50<5:33:28,  5.71s/it]
 57%|█████▋    | 4687/8189 [7:18:56<5:35:55,  5.76s/it]
 57%|█████▋    | 4688/8189 [7:19:02<5:44:11,  5.90s/it]
 57%|█████▋    | 4689/8189 [7:19:08<5:38:04,  5.80s/it]
 57%|█████▋    | 4690/8189 [7:19:13<5:29:40,  5.65s/it]
 57%|█████▋    | 4691/8189 [7:19:19<5:29:27,  5.65s/it]
 57%|█████▋    | 4692/8189 [7:19:25<5:32:01,  5.70s/it]
 57%|█████▋    | 4693/8189 [7:19:30<5:31:19,  5.69s/it]
 57%|█████▋    | 4694/8189 [7:19:35<5:21:22,  5.52s/it]
 57%|█████▋    | 4695/8189 [7:19:41<5:29:00,  5.65s/it]
 57%|█████▋    | 4696/8189 [7:19:46<5:12:42,  5.37s/it]
 57%|█████▋    | 4697/8189 [7:19:52<5:26:08,  5.60s/it]
 57%|█████▋    | 4698/8189 [7:19:57<5:17:51,  5.46s/it]
 57%|█████▋    | 4699/8189 [7:20:02<5:02:02,  5.19s/it]
 57%|█████▋    | 4700/8189 [7:20:07<4:54:56,  5.07s/it]
 57%|█████▋    | 4701/8189 [7:20:13<5:09:25,  5.32s/it]
 57%|█████▋    | 4702/8189 [7:20:18<5:04:03,  5.23s/it]
 57%|█████▋    | 4703/8189 [7:20:23<4:59:36,  5.16s/it]
 57%|█████▋    | 4704/8189 [7:20:27<4:50:02,  4.99s/it]
 57%|█████▋    | 4705/8189 [7:20:33<5:12:58,  5.39s/it]
 57%|█████▋    | 4706/8189 [7:20:40<5:24:26,  5.59s/it]
 57%|█████▋    | 4707/8189 [7:20:45<5:26:57,  5.63s/it]
 57%|█████▋    | 4708/8189 [7:20:50<5:11:03,  5.36s/it]
 58%|█████▊    | 4709/8189 [7:20:56<5:15:24,  5.44s/it]
 58%|█████▊    | 4710/8189 [7:20:59<4:48:28,  4.98s/it]
 58%|█████▊    | 4711/8189 [7:21:05<5:03:13,  5.23s/it]
 58%|█████▊    | 4712/8189 [7:21:10<4:56:25,  5.12s/it]
 58%|█████▊    | 4713/8189 [7:21:15<4:56:26,  5.12s/it]
 58%|█████▊    | 4714/8189 [7:21:21<5:03:29,  5.24s/it]
 58%|█████▊    | 4715/8189 [7:21:27<5:15:16,  5.45s/it]
 58%|█████▊    | 4716/8189 [7:21:32<5:06:16,  5.29s/it]
 58%|█████▊    | 4717/8189 [7:21:37<5:12:07,  5.39s/it]
 58%|█████▊    | 4718/8189 [7:21:43<5:14:35,  5.44s/it]
 58%|█████▊    | 4719/8189 [7:21:48<5:17:33,  5.49s/it]
 58%|█████▊    | 4720/8189 [7:21:53<5:05:36,  5.29s/it]
 58%|█████▊    | 4721/8189 [7:21:59<5:11:10,  5.38s/it]
 58%|█████▊    | 4722/8189 [7:22:04<5:04:31,  5.27s/it]
 58%|█████▊    | 4723/8189 [7:22:09<4:59:10,  5.18s/it]
 58%|█████▊    | 4724/8189 [7:22:15<5:16:00,  5.47s/it]
 58%|█████▊    | 4725/8189 [7:22:21<5:25:33,  5.64s/it]
 58%|█████▊    | 4726/8189 [7:22:27<5:22:31,  5.59s/it]
 58%|█████▊    | 4727/8189 [7:22:32<5:20:27,  5.55s/it]
 58%|█████▊    | 4728/8189 [7:22:37<5:05:07,  5.29s/it]
 58%|█████▊    | 4729/8189 [7:22:40<4:38:32,  4.83s/it]
 58%|█████▊    | 4730/8189 [7:22:46<4:43:19,  4.91s/it]
 58%|█████▊    | 4731/8189 [7:22:50<4:38:51,  4.84s/it]
 58%|█████▊    | 4732/8189 [7:22:56<4:50:58,  5.05s/it]
 58%|█████▊    | 4733/8189 [7:23:02<5:20:00,  5.56s/it]
 58%|█████▊    | 4734/8189 [7:23:09<5:31:22,  5.75s/it]
 58%|█████▊    | 4735/8189 [7:23:14<5:24:47,  5.64s/it]
 58%|█████▊    | 4736/8189 [7:23:19<5:19:59,  5.56s/it]
 58%|█████▊    | 4737/8189 [7:23:26<5:29:09,  5.72s/it]
 58%|█████▊    | 4738/8189 [7:23:32<5:41:47,  5.94s/it]
 58%|█████▊    | 4739/8189 [7:23:37<5:23:15,  5.62s/it]
 58%|█████▊    | 4740/8189 [7:23:43<5:23:57,  5.64s/it]
 58%|█████▊    | 4741/8189 [7:23:48<5:28:58,  5.72s/it]
 58%|█████▊    | 4742/8189 [7:23:55<5:41:27,  5.94s/it]
 58%|█████▊    | 4743/8189 [7:24:01<5:47:00,  6.04s/it]
 58%|█████▊    | 4744/8189 [7:24:07<5:35:57,  5.85s/it]
 58%|█████▊    | 4745/8189 [7:24:12<5:32:49,  5.80s/it]
 58%|█████▊    | 4746/8189 [7:24:18<5:28:42,  5.73s/it]
 58%|█████▊    | 4747/8189 [7:24:24<5:31:21,  5.78s/it]
 58%|█████▊    | 4748/8189 [7:24:29<5:21:38,  5.61s/it]
 58%|█████▊    | 4749/8189 [7:24:34<5:08:54,  5.39s/it]
 58%|█████▊    | 4750/8189 [7:24:40<5:15:10,  5.50s/it]
 58%|█████▊    | 4751/8189 [7:24:46<5:22:44,  5.63s/it]
 58%|█████▊    | 4752/8189 [7:24:51<5:15:57,  5.52s/it]
 58%|█████▊    | 4753/8189 [7:24:56<5:08:21,  5.38s/it]
 58%|█████▊    | 4754/8189 [7:25:02<5:25:53,  5.69s/it]
 58%|█████▊    | 4755/8189 [7:25:07<5:10:41,  5.43s/it]
 58%|█████▊    | 4756/8189 [7:25:12<5:07:48,  5.38s/it]
 58%|█████▊    | 4757/8189 [7:25:17<4:58:27,  5.22s/it]
 58%|█████▊    | 4758/8189 [7:25:23<5:00:50,  5.26s/it]
 58%|█████▊    | 4759/8189 [7:25:28<5:05:22,  5.34s/it]
 58%|█████▊    | 4760/8189 [7:25:34<5:14:55,  5.51s/it]
 58%|█████▊    | 4761/8189 [7:25:41<5:32:55,  5.83s/it]
 58%|█████▊    | 4762/8189 [7:25:47<5:45:03,  6.04s/it]
 58%|█████▊    | 4763/8189 [7:25:52<5:33:22,  5.84s/it]
 58%|█████▊    | 4764/8189 [7:25:58<5:26:50,  5.73s/it]
 58%|█████▊    | 4765/8189 [7:26:03<5:17:06,  5.56s/it]
 58%|█████▊    | 4766/8189 [7:26:09<5:30:50,  5.80s/it]
 58%|█████▊    | 4767/8189 [7:26:15<5:20:03,  5.61s/it]
 58%|█████▊    | 4768/8189 [7:26:20<5:24:26,  5.69s/it]
 58%|█████▊    | 4769/8189 [7:26:26<5:21:45,  5.64s/it]
 58%|█████▊    | 4770/8189 [7:26:31<5:15:33,  5.54s/it]
 58%|█████▊    | 4771/8189 [7:26:36<5:09:13,  5.43s/it]
 58%|█████▊    | 4772/8189 [7:26:43<5:24:17,  5.69s/it]
 58%|█████▊    | 4773/8189 [7:26:49<5:32:11,  5.83s/it]
 58%|█████▊    | 4774/8189 [7:26:55<5:37:55,  5.94s/it]
 58%|█████▊    | 4775/8189 [7:27:01<5:40:46,  5.99s/it]
 58%|█████▊    | 4776/8189 [7:27:07<5:36:14,  5.91s/it]
 58%|█████▊    | 4777/8189 [7:27:12<5:24:54,  5.71s/it]
 58%|█████▊    | 4778/8189 [7:27:17<5:17:30,  5.58s/it]
 58%|█████▊    | 4779/8189 [7:27:23<5:10:16,  5.46s/it]
 58%|█████▊    | 4780/8189 [7:27:28<5:11:21,  5.48s/it]
 58%|█████▊    | 4781/8189 [7:27:34<5:19:23,  5.62s/it]
 58%|█████▊    | 4782/8189 [7:27:40<5:25:38,  5.73s/it]
 58%|█████▊    | 4783/8189 [7:27:46<5:22:14,  5.68s/it]
 58%|█████▊    | 4784/8189 [7:27:51<5:14:27,  5.54s/it]
 58%|█████▊    | 4785/8189 [7:27:57<5:26:39,  5.76s/it]
 58%|█████▊    | 4786/8189 [7:28:03<5:28:46,  5.80s/it]
 58%|█████▊    | 4787/8189 [7:28:09<5:30:54,  5.84s/it]
 58%|█████▊    | 4788/8189 [7:28:14<5:20:17,  5.65s/it]
 58%|█████▊    | 4789/8189 [7:28:20<5:25:43,  5.75s/it]
 58%|█████▊    | 4790/8189 [7:28:26<5:20:22,  5.66s/it]
 59%|█████▊    | 4791/8189 [7:28:33<5:42:33,  6.05s/it]
 59%|█████▊    | 4792/8189 [7:28:39<5:55:29,  6.28s/it]
 59%|█████▊    | 4793/8189 [7:28:45<5:45:51,  6.11s/it]
 59%|█████▊    | 4794/8189 [7:28:51<5:34:16,  5.91s/it]
 59%|█████▊    | 4795/8189 [7:28:57<5:38:00,  5.98s/it]
 59%|█████▊    | 4796/8189 [7:29:02<5:24:51,  5.74s/it]
 59%|█████▊    | 4797/8189 [7:29:07<5:09:48,  5.48s/it]
 59%|█████▊    | 4798/8189 [7:29:12<5:04:23,  5.39s/it]
 59%|█████▊    | 4799/8189 [7:29:18<5:10:57,  5.50s/it]
 59%|█████▊    | 4800/8189 [7:29:23<5:08:54,  5.47s/it]
 59%|█████▊    | 4801/8189 [7:29:29<5:21:51,  5.70s/it]
 59%|█████▊    | 4802/8189 [7:29:35<5:25:16,  5.76s/it]
 59%|█████▊    | 4803/8189 [7:29:42<5:44:09,  6.10s/it]
 59%|█████▊    | 4804/8189 [7:29:49<6:00:54,  6.40s/it]
 59%|█████▊    | 4805/8189 [7:29:55<5:58:24,  6.35s/it]
 59%|█████▊    | 4806/8189 [7:30:02<6:04:03,  6.46s/it]
 59%|█████▊    | 4807/8189 [7:30:08<5:55:20,  6.30s/it]
 59%|█████▊    | 4808/8189 [7:30:14<5:54:41,  6.29s/it]
 59%|█████▊    | 4809/8189 [7:30:18<5:17:17,  5.63s/it]
 59%|█████▊    | 4810/8189 [7:30:25<5:31:33,  5.89s/it]
 59%|█████▊    | 4811/8189 [7:30:30<5:24:29,  5.76s/it]
 59%|█████▉    | 4812/8189 [7:30:36<5:16:32,  5.62s/it]
 59%|█████▉    | 4813/8189 [7:30:42<5:21:56,  5.72s/it]
 59%|█████▉    | 4814/8189 [7:30:49<5:42:11,  6.08s/it]
 59%|█████▉    | 4815/8189 [7:30:53<5:20:46,  5.70s/it]
 59%|█████▉    | 4816/8189 [7:30:59<5:26:00,  5.80s/it]
 59%|█████▉    | 4817/8189 [7:31:06<5:32:14,  5.91s/it]
 59%|█████▉    | 4818/8189 [7:31:11<5:19:29,  5.69s/it]
 59%|█████▉    | 4819/8189 [7:31:17<5:25:26,  5.79s/it]
 59%|█████▉    | 4820/8189 [7:31:22<5:07:12,  5.47s/it]
 59%|█████▉    | 4821/8189 [7:31:27<5:08:20,  5.49s/it]
 59%|█████▉    | 4822/8189 [7:31:33<5:14:16,  5.60s/it]
 59%|█████▉    | 4823/8189 [7:31:39<5:19:20,  5.69s/it]
 59%|█████▉    | 4824/8189 [7:31:44<5:14:51,  5.61s/it]
 59%|█████▉    | 4825/8189 [7:31:49<5:07:05,  5.48s/it]
 59%|█████▉    | 4826/8189 [7:31:54<4:54:21,  5.25s/it]
 59%|█████▉    | 4827/8189 [7:32:00<5:01:39,  5.38s/it]
 59%|█████▉    | 4828/8189 [7:32:05<4:58:14,  5.32s/it]
 59%|█████▉    | 4829/8189 [7:32:10<4:49:47,  5.17s/it]
 59%|█████▉    | 4830/8189 [7:32:15<4:44:28,  5.08s/it]
 59%|█████▉    | 4831/8189 [7:32:21<4:58:07,  5.33s/it]
 59%|█████▉    | 4832/8189 [7:32:26<5:03:15,  5.42s/it]
 59%|█████▉    | 4833/8189 [7:32:32<5:09:56,  5.54s/it]
 59%|█████▉    | 4834/8189 [7:32:38<5:09:02,  5.53s/it]
 59%|█████▉    | 4835/8189 [7:32:44<5:20:20,  5.73s/it]
 59%|█████▉    | 4836/8189 [7:32:49<5:07:48,  5.51s/it]
 59%|█████▉    | 4837/8189 [7:32:54<5:02:23,  5.41s/it]
 59%|█████▉    | 4838/8189 [7:33:00<5:14:45,  5.64s/it]
 59%|█████▉    | 4839/8189 [7:33:06<5:23:22,  5.79s/it]
 59%|█████▉    | 4840/8189 [7:33:13<5:31:09,  5.93s/it]
 59%|█████▉    | 4841/8189 [7:33:19<5:37:56,  6.06s/it]
 59%|█████▉    | 4842/8189 [7:33:25<5:40:18,  6.10s/it]
 59%|█████▉    | 4843/8189 [7:33:30<5:24:12,  5.81s/it]
 59%|█████▉    | 4844/8189 [7:33:36<5:20:51,  5.76s/it]
 59%|█████▉    | 4845/8189 [7:33:40<4:50:34,  5.21s/it]
 59%|█████▉    | 4846/8189 [7:33:46<5:03:44,  5.45s/it]
 59%|█████▉    | 4847/8189 [7:33:52<5:16:58,  5.69s/it]
 59%|█████▉    | 4848/8189 [7:33:57<4:58:36,  5.36s/it]
 59%|█████▉    | 4849/8189 [7:34:02<4:54:51,  5.30s/it]
 59%|█████▉    | 4850/8189 [7:34:07<5:00:40,  5.40s/it]
 59%|█████▉    | 4851/8189 [7:34:14<5:11:39,  5.60s/it]
 59%|█████▉    | 4852/8189 [7:34:19<5:03:49,  5.46s/it]
 59%|█████▉    | 4853/8189 [7:34:24<5:04:35,  5.48s/it]
 59%|█████▉    | 4854/8189 [7:34:31<5:18:55,  5.74s/it]
 59%|█████▉    | 4855/8189 [7:34:36<5:15:13,  5.67s/it]
 59%|█████▉    | 4856/8189 [7:34:41<5:03:49,  5.47s/it]
 59%|█████▉    | 4857/8189 [7:34:46<5:03:20,  5.46s/it]
 59%|█████▉    | 4858/8189 [7:34:53<5:16:32,  5.70s/it]
 59%|█████▉    | 4859/8189 [7:34:59<5:26:06,  5.88s/it]
 59%|█████▉    | 4860/8189 [7:35:04<5:09:31,  5.58s/it]
 59%|█████▉    | 4861/8189 [7:35:09<5:06:34,  5.53s/it]
 59%|█████▉    | 4862/8189 [7:35:15<5:05:20,  5.51s/it]
 59%|█████▉    | 4863/8189 [7:35:20<5:02:20,  5.45s/it]
 59%|█████▉    | 4864/8189 [7:35:25<4:57:44,  5.37s/it]
 59%|█████▉    | 4865/8189 [7:35:31<5:03:55,  5.49s/it]
 59%|█████▉    | 4866/8189 [7:35:37<5:12:13,  5.64s/it]
 59%|█████▉    | 4867/8189 [7:35:43<5:25:05,  5.87s/it]
 59%|█████▉    | 4868/8189 [7:35:50<5:32:59,  6.02s/it]
 59%|█████▉    | 4869/8189 [7:35:55<5:16:45,  5.72s/it]
 59%|█████▉    | 4870/8189 [7:36:00<5:08:10,  5.57s/it]
 59%|█████▉    | 4871/8189 [7:36:06<5:22:31,  5.83s/it]
 59%|█████▉    | 4872/8189 [7:36:12<5:23:57,  5.86s/it]
 60%|█████▉    | 4873/8189 [7:36:18<5:17:51,  5.75s/it]
 60%|█████▉    | 4874/8189 [7:36:24<5:28:38,  5.95s/it]
 60%|█████▉    | 4875/8189 [7:36:30<5:30:29,  5.98s/it]
 60%|█████▉    | 4876/8189 [7:36:36<5:31:33,  6.00s/it]
 60%|█████▉    | 4877/8189 [7:36:41<5:05:03,  5.53s/it]
 60%|█████▉    | 4878/8189 [7:36:47<5:08:04,  5.58s/it]
 60%|█████▉    | 4879/8189 [7:36:52<5:02:28,  5.48s/it]
 60%|█████▉    | 4880/8189 [7:36:57<4:59:47,  5.44s/it]
 60%|█████▉    | 4881/8189 [7:37:02<4:58:08,  5.41s/it]
 60%|█████▉    | 4882/8189 [7:37:09<5:08:57,  5.61s/it]
 60%|█████▉    | 4883/8189 [7:37:14<4:58:13,  5.41s/it]
 60%|█████▉    | 4884/8189 [7:37:19<5:04:00,  5.52s/it]
 60%|█████▉    | 4885/8189 [7:37:24<4:57:08,  5.40s/it]
 60%|█████▉    | 4886/8189 [7:37:30<4:59:49,  5.45s/it]
 60%|█████▉    | 4887/8189 [7:37:34<4:41:27,  5.11s/it]
 60%|█████▉    | 4888/8189 [7:37:40<4:47:07,  5.22s/it]
 60%|█████▉    | 4889/8189 [7:37:45<4:53:03,  5.33s/it]
 60%|█████▉    | 4890/8189 [7:37:51<5:04:45,  5.54s/it]
 60%|█████▉    | 4891/8189 [7:37:57<5:03:23,  5.52s/it]
 60%|█████▉    | 4892/8189 [7:38:03<5:08:58,  5.62s/it]
 60%|█████▉    | 4893/8189 [7:38:08<5:04:47,  5.55s/it]
 60%|█████▉    | 4894/8189 [7:38:14<5:07:54,  5.61s/it]
 60%|█████▉    | 4895/8189 [7:38:19<5:08:19,  5.62s/it]
 60%|█████▉    | 4896/8189 [7:38:26<5:19:08,  5.81s/it]
 60%|█████▉    | 4897/8189 [7:38:32<5:26:29,  5.95s/it]
 60%|█████▉    | 4898/8189 [7:38:37<5:17:32,  5.79s/it]
 60%|█████▉    | 4899/8189 [7:38:44<5:24:27,  5.92s/it]
 60%|█████▉    | 4900/8189 [7:38:50<5:32:46,  6.07s/it]
 60%|█████▉    | 4901/8189 [7:38:55<5:19:53,  5.84s/it]
 60%|█████▉    | 4902/8189 [7:39:01<5:11:22,  5.68s/it]
 60%|█████▉    | 4903/8189 [7:39:07<5:14:58,  5.75s/it]
 60%|█████▉    | 4904/8189 [7:39:12<5:04:22,  5.56s/it]
 60%|█████▉    | 4905/8189 [7:39:17<5:05:31,  5.58s/it]
 60%|█████▉    | 4906/8189 [7:39:23<5:03:37,  5.55s/it]
 60%|█████▉    | 4907/8189 [7:39:29<5:06:18,  5.60s/it]
 60%|█████▉    | 4908/8189 [7:39:35<5:18:53,  5.83s/it]
 60%|█████▉    | 4909/8189 [7:39:40<5:02:33,  5.53s/it]
 60%|█████▉    | 4910/8189 [7:39:46<5:06:22,  5.61s/it]
 60%|█████▉    | 4911/8189 [7:39:51<4:57:16,  5.44s/it]
 60%|█████▉    | 4912/8189 [7:39:57<5:05:18,  5.59s/it]
 60%|█████▉    | 4913/8189 [7:40:02<5:10:35,  5.69s/it]
 60%|██████    | 4914/8189 [7:40:09<5:20:16,  5.87s/it]
 60%|██████    | 4915/8189 [7:40:15<5:32:14,  6.09s/it]
 60%|██████    | 4916/8189 [7:40:21<5:17:40,  5.82s/it]
 60%|██████    | 4917/8189 [7:40:27<5:22:38,  5.92s/it]
 60%|██████    | 4918/8189 [7:40:33<5:22:50,  5.92s/it]
 60%|██████    | 4919/8189 [7:40:39<5:22:42,  5.92s/it]
 60%|██████    | 4920/8189 [7:40:44<5:22:45,  5.92s/it]
 60%|██████    | 4921/8189 [7:40:50<5:10:01,  5.69s/it]
 60%|██████    | 4922/8189 [7:40:55<5:05:32,  5.61s/it]
 60%|██████    | 4923/8189 [7:41:00<4:50:18,  5.33s/it]
 60%|██████    | 4924/8189 [7:41:06<4:58:03,  5.48s/it]
 60%|██████    | 4925/8189 [7:41:10<4:49:51,  5.33s/it]
 60%|██████    | 4926/8189 [7:41:15<4:42:36,  5.20s/it]
 60%|██████    | 4927/8189 [7:41:22<4:57:57,  5.48s/it]
 60%|██████    | 4928/8189 [7:41:27<4:56:24,  5.45s/it]
 60%|██████    | 4929/8189 [7:41:33<5:07:24,  5.66s/it]
 60%|██████    | 4930/8189 [7:41:38<4:56:59,  5.47s/it]
 60%|██████    | 4931/8189 [7:41:43<4:55:42,  5.45s/it]
 60%|██████    | 4932/8189 [7:41:49<4:54:00,  5.42s/it]
 60%|██████    | 4933/8189 [7:41:54<4:45:57,  5.27s/it]
 60%|██████    | 4934/8189 [7:41:59<4:49:01,  5.33s/it]
 60%|██████    | 4935/8189 [7:42:05<4:57:04,  5.48s/it]
 60%|██████    | 4936/8189 [7:42:11<5:09:19,  5.71s/it]
 60%|██████    | 4937/8189 [7:42:17<5:13:54,  5.79s/it]
 60%|██████    | 4938/8189 [7:42:22<4:58:15,  5.50s/it]
 60%|██████    | 4939/8189 [7:42:28<5:07:18,  5.67s/it]
 60%|██████    | 4940/8189 [7:42:33<5:01:30,  5.57s/it]
 60%|██████    | 4941/8189 [7:42:39<5:07:20,  5.68s/it]
 60%|██████    | 4942/8189 [7:42:46<5:18:54,  5.89s/it]
 60%|██████    | 4943/8189 [7:42:51<5:00:49,  5.56s/it]
 60%|██████    | 4944/8189 [7:42:56<4:58:35,  5.52s/it]
 60%|██████    | 4945/8189 [7:43:02<5:07:09,  5.68s/it]
 60%|██████    | 4946/8189 [7:43:08<5:09:07,  5.72s/it]
 60%|██████    | 4947/8189 [7:43:13<5:06:27,  5.67s/it]
 60%|██████    | 4948/8189 [7:43:19<5:06:37,  5.68s/it]
 60%|██████    | 4949/8189 [7:43:25<5:01:20,  5.58s/it]
 60%|██████    | 4950/8189 [7:43:30<5:00:38,  5.57s/it]
 60%|██████    | 4951/8189 [7:43:35<4:58:36,  5.53s/it]
 60%|██████    | 4952/8189 [7:43:42<5:06:17,  5.68s/it]
 60%|██████    | 4953/8189 [7:43:47<5:02:34,  5.61s/it]
 60%|██████    | 4954/8189 [7:43:53<5:04:05,  5.64s/it]
 61%|██████    | 4955/8189 [7:43:58<5:03:42,  5.63s/it]
 61%|██████    | 4956/8189 [7:44:03<4:55:40,  5.49s/it]
 61%|██████    | 4957/8189 [7:44:08<4:46:20,  5.32s/it]
 61%|██████    | 4958/8189 [7:44:14<4:51:28,  5.41s/it]
 61%|██████    | 4959/8189 [7:44:19<4:47:42,  5.34s/it]
 61%|██████    | 4960/8189 [7:44:25<4:53:39,  5.46s/it]
 61%|██████    | 4961/8189 [7:44:30<4:51:26,  5.42s/it]
 61%|██████    | 4962/8189 [7:44:37<5:05:35,  5.68s/it]
 61%|██████    | 4963/8189 [7:44:41<4:50:04,  5.39s/it]
 61%|██████    | 4964/8189 [7:44:47<4:57:56,  5.54s/it]
 61%|██████    | 4965/8189 [7:44:53<4:58:45,  5.56s/it]
 61%|██████    | 4966/8189 [7:44:58<4:59:01,  5.57s/it]
 61%|██████    | 4967/8189 [7:45:05<5:10:32,  5.78s/it]
 61%|██████    | 4968/8189 [7:45:10<5:02:50,  5.64s/it]
 61%|██████    | 4969/8189 [7:45:16<5:05:30,  5.69s/it]
 61%|██████    | 4970/8189 [7:45:21<4:54:05,  5.48s/it]
 61%|██████    | 4971/8189 [7:45:26<4:58:06,  5.56s/it]
 61%|██████    | 4972/8189 [7:45:32<4:56:30,  5.53s/it]
 61%|██████    | 4973/8189 [7:45:37<4:48:52,  5.39s/it]
 61%|██████    | 4974/8189 [7:45:42<4:47:16,  5.36s/it]
 61%|██████    | 4975/8189 [7:45:48<4:51:09,  5.44s/it]
 61%|██████    | 4976/8189 [7:45:53<4:41:15,  5.25s/it]
 61%|██████    | 4977/8189 [7:45:58<4:36:11,  5.16s/it]
 61%|██████    | 4978/8189 [7:46:03<4:33:23,  5.11s/it]
 61%|██████    | 4979/8189 [7:46:08<4:39:50,  5.23s/it]
 61%|██████    | 4980/8189 [7:46:14<4:54:59,  5.52s/it]
 61%|██████    | 4981/8189 [7:46:21<5:06:32,  5.73s/it]
 61%|██████    | 4982/8189 [7:46:26<5:06:30,  5.73s/it]
 61%|██████    | 4983/8189 [7:46:32<5:09:43,  5.80s/it]
 61%|██████    | 4984/8189 [7:46:37<4:49:50,  5.43s/it]
 61%|██████    | 4985/8189 [7:46:41<4:31:27,  5.08s/it]
 61%|██████    | 4986/8189 [7:46:46<4:35:02,  5.15s/it]
 61%|██████    | 4987/8189 [7:46:52<4:39:21,  5.23s/it]
 61%|██████    | 4988/8189 [7:46:57<4:38:42,  5.22s/it]
 61%|██████    | 4989/8189 [7:47:02<4:42:13,  5.29s/it]
 61%|██████    | 4990/8189 [7:47:08<4:49:04,  5.42s/it]
 61%|██████    | 4991/8189 [7:47:13<4:42:05,  5.29s/it]
 61%|██████    | 4992/8189 [7:47:19<4:50:10,  5.45s/it]
 61%|██████    | 4993/8189 [7:47:24<4:41:48,  5.29s/it]
 61%|██████    | 4994/8189 [7:47:29<4:34:37,  5.16s/it]
 61%|██████    | 4995/8189 [7:47:35<4:48:21,  5.42s/it]
 61%|██████    | 4996/8189 [7:47:40<4:50:07,  5.45s/it]
 61%|██████    | 4997/8189 [7:47:46<4:48:03,  5.41s/it]
 61%|██████    | 4998/8189 [7:47:52<4:59:55,  5.64s/it]
 61%|██████    | 4999/8189 [7:47:57<4:45:12,  5.36s/it]
 61%|██████    | 5000/8189 [7:48:02<4:50:46,  5.47s/it]
                                                       

 61%|██████    | 5000/8189 [7:48:02<4:50:46,  5.47s/it]

Batches:   0%|          | 0/9 [00:00<?, ?it/s][A

Batches:  44%|████▍     | 4/9 [00:00<00:00, 38.35it/s][A
Batches: 100%|██████████| 9/9 [00:00<00:00, 44.76it/s]


Corpus Chunks:   0%|          | 0/1 [00:00<?, ?it/s][A


Batches:   0%|          | 0/9 [00:00<?, ?it/s][A[A


Batches:  56%|█████▌    | 5/9 [00:00<00:00, 48.82it/s][A[A
Batches: 100%|██████████| 9/9 [00:00<00:00, 55.28it/s]


Corpus Chunks: 100%|██████████| 1/1 [00:00<00:00,  5.91it/s][A
Corpus Chunks: 100%|██████████| 1/1 [00:00<00:00,  5.89it/s]


Batches:   0%|          | 0/7 [00:00<?, ?it/s][A
Batches: 100%|██████████| 7/7 [00:00<00:00, 75.77it/s]


Batches:   0%|          | 0/7 [00:00<?, ?it/s][A

Batches:  86%|████████▌ | 6/7 [00:00<00:00, 56.13it/s][A
Batches: 100%|██████████| 7/7 [00:00<00:00, 58.42it/s]


Batches:   0%|          | 0/7 [00:00<?, ?it/s][A

Batches: 100%|██████████| 7/7 [00:00<00:00, 68.35it/s][A
Batches: 100%|██████████| 7/7 [00:00<00:00, 67.93it/s]

                                                       

 61%|██████    | 5000/8189 [7:48:04<4:50:46,  5.47s/it]

Writing model shards:   0%|          | 0/1 [00:00<?, ?it/s][A

Writing model shards: 100%|██████████| 1/1 [00:01<00:00,  1.02s/it][A
Writing model shards: 100%|██████████| 1/1 [00:01<00:00,  1.02s/it]

 61%|██████    | 5001/8189 [7:48:17<7:22:28,  8.33s/it]
 61%|██████    | 5002/8189 [7:48:22<6:28:23,  7.31s/it]
 61%|██████    | 5003/8189 [7:48:28<5:57:28,  6.73s/it]
 61%|██████    | 5004/8189 [7:48:33<5:39:35,  6.40s/it]
 61%|██████    | 5005/8189 [7:48:38<5:16:52,  5.97s/it]
 61%|██████    | 5006/8189 [7:48:44<5:11:39,  5.87s/it]
 61%|██████    | 5007/8189 [7:48:49<5:02:03,  5.70s/it]
 61%|██████    | 5008/8189 [7:48:54<4:44:41,  5.37s/it]
 61%|██████    | 5009/8189 [7:48:59<4:44:24,  5.37s/it]
 61%|██████    | 5010/8189 [7:49:04<4:43:57,  5.36s/it]
 61%|██████    | 5011/8189 [7:49:10<4:42:07,  5.33s/it]
 61%|██████    | 5012/8189 [7:49:15<4:47:15,  5.43s/it]
 61%|██████    | 5013/8189 [7:49:21<4:52:39,  5.53s/it]
 61%|██████    | 5014/8189 [7:49:26<4:49:07,  5.46s/it]
 61%|██████    | 5015/8189 [7:49:32<4:55:05,  5.58s/it]
 61%|██████▏   | 5016/8189 [7:49:37<4:39:52,  5.29s/it]
 61%|██████▏   | 5017/8189 [7:49:43<4:48:33,  5.46s/it]
 61%|██████▏   | 5018/8189 [7:49:48<4:47:03,  5.43s/it]
 61%|██████▏   | 5019/8189 [7:49:52<4:29:58,  5.11s/it]
 61%|██████▏   | 5020/8189 [7:49:59<4:49:39,  5.48s/it]
 61%|██████▏   | 5021/8189 [7:50:04<4:50:30,  5.50s/it]
 61%|██████▏   | 5022/8189 [7:50:10<4:49:53,  5.49s/it]
 61%|██████▏   | 5023/8189 [7:50:16<4:52:51,  5.55s/it]
 61%|██████▏   | 5024/8189 [7:50:21<4:57:10,  5.63s/it]
 61%|██████▏   | 5025/8189 [7:50:26<4:42:59,  5.37s/it]
 61%|██████▏   | 5026/8189 [7:50:31<4:43:29,  5.38s/it]
 61%|██████▏   | 5027/8189 [7:50:37<4:41:52,  5.35s/it]
 61%|██████▏   | 5028/8189 [7:50:42<4:46:15,  5.43s/it]
 61%|██████▏   | 5029/8189 [7:50:49<5:01:42,  5.73s/it]
 61%|██████▏   | 5030/8189 [7:50:54<4:57:41,  5.65s/it]
 61%|██████▏   | 5031/8189 [7:51:00<4:57:17,  5.65s/it]
 61%|██████▏   | 5032/8189 [7:51:06<5:01:11,  5.72s/it]
 61%|██████▏   | 5033/8189 [7:51:12<5:15:51,  6.01s/it]
 61%|██████▏   | 5034/8189 [7:51:18<5:15:07,  5.99s/it]
 61%|██████▏   | 5035/8189 [7:51:24<5:14:18,  5.98s/it]
 61%|██████▏   | 5036/8189 [7:51:30<5:11:11,  5.92s/it]
 62%|██████▏   | 5037/8189 [7:51:36<5:06:14,  5.83s/it]
 62%|██████▏   | 5038/8189 [7:51:41<5:03:42,  5.78s/it]
 62%|██████▏   | 5039/8189 [7:51:47<5:05:31,  5.82s/it]
 62%|██████▏   | 5040/8189 [7:51:53<4:55:05,  5.62s/it]
 62%|██████▏   | 5041/8189 [7:51:58<4:54:48,  5.62s/it]
 62%|██████▏   | 5042/8189 [7:52:05<5:12:40,  5.96s/it]
 62%|██████▏   | 5043/8189 [7:52:11<5:15:51,  6.02s/it]
 62%|██████▏   | 5044/8189 [7:52:16<5:03:56,  5.80s/it]
 62%|██████▏   | 5045/8189 [7:52:23<5:12:30,  5.96s/it]
 62%|██████▏   | 5046/8189 [7:52:29<5:21:47,  6.14s/it]
 62%|██████▏   | 5047/8189 [7:52:35<5:19:38,  6.10s/it]
 62%|██████▏   | 5048/8189 [7:52:41<5:20:23,  6.12s/it]
 62%|██████▏   | 5049/8189 [7:52:47<5:17:33,  6.07s/it]
 62%|██████▏   | 5050/8189 [7:52:54<5:22:23,  6.16s/it]
 62%|██████▏   | 5051/8189 [7:52:59<5:06:49,  5.87s/it]
 62%|██████▏   | 5052/8189 [7:53:05<5:03:55,  5.81s/it]
 62%|██████▏   | 5053/8189 [7:53:10<4:59:23,  5.73s/it]
 62%|██████▏   | 5054/8189 [7:53:16<5:02:01,  5.78s/it]
 62%|██████▏   | 5055/8189 [7:53:21<4:52:56,  5.61s/it]
 62%|██████▏   | 5056/8189 [7:53:26<4:45:42,  5.47s/it]
 62%|██████▏   | 5057/8189 [7:53:32<4:47:46,  5.51s/it]
 62%|██████▏   | 5058/8189 [7:53:38<4:58:25,  5.72s/it]
 62%|██████▏   | 5059/8189 [7:53:44<4:57:28,  5.70s/it]
 62%|██████▏   | 5060/8189 [7:53:50<4:57:55,  5.71s/it]
 62%|██████▏   | 5061/8189 [7:53:55<4:56:35,  5.69s/it]
 62%|██████▏   | 5062/8189 [7:54:01<5:00:39,  5.77s/it]
 62%|██████▏   | 5063/8189 [7:54:07<5:02:25,  5.80s/it]
 62%|██████▏   | 5064/8189 [7:54:13<5:05:30,  5.87s/it]
 62%|██████▏   | 5065/8189 [7:54:19<5:10:10,  5.96s/it]
 62%|██████▏   | 5066/8189 [7:54:25<5:12:24,  6.00s/it]
 62%|██████▏   | 5067/8189 [7:54:31<5:08:13,  5.92s/it]
 62%|██████▏   | 5068/8189 [7:54:37<5:09:55,  5.96s/it]
 62%|██████▏   | 5069/8189 [7:54:43<5:07:23,  5.91s/it]
 62%|██████▏   | 5070/8189 [7:54:48<4:51:35,  5.61s/it]
 62%|██████▏   | 5071/8189 [7:54:52<4:35:39,  5.30s/it]
 62%|██████▏   | 5072/8189 [7:54:56<4:09:26,  4.80s/it]
 62%|██████▏   | 5073/8189 [7:55:01<4:07:38,  4.77s/it]
 62%|██████▏   | 5074/8189 [7:55:06<4:18:28,  4.98s/it]
 62%|██████▏   | 5075/8189 [7:55:11<4:18:24,  4.98s/it]
 62%|██████▏   | 5076/8189 [7:55:17<4:32:06,  5.24s/it]
 62%|██████▏   | 5077/8189 [7:55:22<4:27:04,  5.15s/it]
 62%|██████▏   | 5078/8189 [7:55:28<4:39:18,  5.39s/it]
 62%|██████▏   | 5079/8189 [7:55:33<4:38:52,  5.38s/it]
 62%|██████▏   | 5080/8189 [7:55:39<4:47:35,  5.55s/it]
 62%|██████▏   | 5081/8189 [7:55:45<4:50:27,  5.61s/it]
 62%|██████▏   | 5082/8189 [7:55:50<4:42:34,  5.46s/it]
 62%|██████▏   | 5083/8189 [7:55:56<4:49:23,  5.59s/it]
 62%|██████▏   | 5084/8189 [7:56:01<4:37:01,  5.35s/it]
 62%|██████▏   | 5085/8189 [7:56:07<4:42:12,  5.46s/it]
 62%|██████▏   | 5086/8189 [7:56:13<4:52:25,  5.65s/it]
 62%|██████▏   | 5087/8189 [7:56:18<4:46:00,  5.53s/it]
 62%|██████▏   | 5088/8189 [7:56:23<4:41:55,  5.45s/it]
 62%|██████▏   | 5089/8189 [7:56:29<4:44:23,  5.50s/it]
 62%|██████▏   | 5090/8189 [7:56:34<4:46:53,  5.55s/it]
 62%|██████▏   | 5091/8189 [7:56:39<4:32:10,  5.27s/it]
 62%|██████▏   | 5092/8189 [7:56:45<4:42:25,  5.47s/it]
 62%|██████▏   | 5093/8189 [7:56:51<4:52:52,  5.68s/it]
 62%|██████▏   | 5094/8189 [7:56:57<4:59:44,  5.81s/it]
 62%|██████▏   | 5095/8189 [7:57:03<4:59:04,  5.80s/it]
 62%|██████▏   | 5096/8189 [7:57:08<4:45:04,  5.53s/it]
 62%|██████▏   | 5097/8189 [7:57:14<4:46:25,  5.56s/it]
 62%|██████▏   | 5098/8189 [7:57:19<4:44:02,  5.51s/it]
 62%|██████▏   | 5099/8189 [7:57:24<4:42:28,  5.49s/it]
 62%|██████▏   | 5100/8189 [7:57:30<4:42:07,  5.48s/it]
 62%|██████▏   | 5101/8189 [7:57:35<4:43:36,  5.51s/it]
 62%|██████▏   | 5102/8189 [7:57:41<4:51:19,  5.66s/it]
 62%|██████▏   | 5103/8189 [7:57:48<4:57:30,  5.78s/it]
 62%|██████▏   | 5104/8189 [7:57:53<4:51:56,  5.68s/it]
 62%|██████▏   | 5105/8189 [7:57:59<5:00:54,  5.85s/it]
 62%|██████▏   | 5106/8189 [7:58:05<4:54:37,  5.73s/it]
 62%|██████▏   | 5107/8189 [7:58:10<4:46:10,  5.57s/it]
 62%|██████▏   | 5108/8189 [7:58:15<4:40:44,  5.47s/it]
 62%|██████▏   | 5109/8189 [7:58:21<4:44:52,  5.55s/it]
 62%|██████▏   | 5110/8189 [7:58:26<4:44:47,  5.55s/it]
 62%|██████▏   | 5111/8189 [7:58:32<4:37:44,  5.41s/it]
 62%|██████▏   | 5112/8189 [7:58:37<4:37:57,  5.42s/it]
 62%|██████▏   | 5113/8189 [7:58:43<4:54:25,  5.74s/it]
 62%|██████▏   | 5114/8189 [7:58:49<4:58:35,  5.83s/it]
 62%|██████▏   | 5115/8189 [7:58:55<4:57:23,  5.80s/it]
 62%|██████▏   | 5116/8189 [7:59:01<4:58:20,  5.83s/it]
 62%|██████▏   | 5117/8189 [7:59:07<4:58:56,  5.84s/it]
 62%|██████▏   | 5118/8189 [7:59:12<4:50:52,  5.68s/it]
 63%|██████▎   | 5119/8189 [7:59:18<4:56:24,  5.79s/it]
 63%|██████▎   | 5120/8189 [7:59:23<4:42:13,  5.52s/it]
 63%|██████▎   | 5121/8189 [7:59:28<4:38:42,  5.45s/it]
 63%|██████▎   | 5122/8189 [7:59:34<4:32:27,  5.33s/it]
 63%|██████▎   | 5123/8189 [7:59:39<4:38:21,  5.45s/it]
 63%|██████▎   | 5124/8189 [7:59:45<4:45:08,  5.58s/it]
 63%|██████▎   | 5125/8189 [7:59:50<4:40:27,  5.49s/it]
 63%|██████▎   | 5126/8189 [7:59:57<4:50:21,  5.69s/it]
 63%|██████▎   | 5127/8189 [8:00:02<4:40:30,  5.50s/it]
 63%|██████▎   | 5128/8189 [8:00:07<4:35:29,  5.40s/it]
 63%|██████▎   | 5129/8189 [8:00:13<4:44:07,  5.57s/it]
 63%|██████▎   | 5130/8189 [8:00:19<4:52:11,  5.73s/it]
 63%|██████▎   | 5131/8189 [8:00:24<4:42:49,  5.55s/it]
 63%|██████▎   | 5132/8189 [8:00:30<4:43:50,  5.57s/it]
 63%|██████▎   | 5133/8189 [8:00:35<4:38:25,  5.47s/it]
 63%|██████▎   | 5134/8189 [8:00:40<4:28:19,  5.27s/it]
 63%|██████▎   | 5135/8189 [8:00:44<4:16:13,  5.03s/it]
 63%|██████▎   | 5136/8189 [8:00:49<4:20:36,  5.12s/it]
 63%|██████▎   | 5137/8189 [8:00:55<4:26:53,  5.25s/it]
 63%|██████▎   | 5138/8189 [8:01:01<4:42:06,  5.55s/it]
 63%|██████▎   | 5139/8189 [8:01:07<4:43:56,  5.59s/it]
 63%|██████▎   | 5140/8189 [8:01:13<4:45:02,  5.61s/it]
 63%|██████▎   | 5141/8189 [8:01:19<4:49:51,  5.71s/it]
 63%|██████▎   | 5142/8189 [8:01:24<4:42:39,  5.57s/it]
 63%|██████▎   | 5143/8189 [8:01:28<4:28:58,  5.30s/it]
 63%|██████▎   | 5144/8189 [8:01:34<4:31:35,  5.35s/it]
 63%|██████▎   | 5145/8189 [8:01:39<4:20:20,  5.13s/it]
 63%|██████▎   | 5146/8189 [8:01:43<4:12:00,  4.97s/it]
 63%|██████▎   | 5147/8189 [8:01:49<4:31:53,  5.36s/it]
 63%|██████▎   | 5148/8189 [8:01:55<4:31:30,  5.36s/it]
 63%|██████▎   | 5149/8189 [8:02:00<4:33:31,  5.40s/it]
 63%|██████▎   | 5150/8189 [8:02:06<4:34:14,  5.41s/it]
 63%|██████▎   | 5151/8189 [8:02:11<4:37:05,  5.47s/it]
 63%|██████▎   | 5152/8189 [8:02:16<4:28:52,  5.31s/it]
 63%|██████▎   | 5153/8189 [8:02:22<4:34:51,  5.43s/it]
 63%|██████▎   | 5154/8189 [8:02:28<4:40:14,  5.54s/it]
 63%|██████▎   | 5155/8189 [8:02:33<4:29:09,  5.32s/it]
 63%|██████▎   | 5156/8189 [8:02:39<4:41:33,  5.57s/it]
 63%|██████▎   | 5157/8189 [8:02:44<4:30:50,  5.36s/it]
 63%|██████▎   | 5158/8189 [8:02:50<4:39:11,  5.53s/it]
 63%|██████▎   | 5159/8189 [8:02:55<4:42:34,  5.60s/it]
 63%|██████▎   | 5160/8189 [8:03:01<4:51:02,  5.77s/it]
 63%|██████▎   | 5161/8189 [8:03:07<4:44:56,  5.65s/it]
 63%|██████▎   | 5162/8189 [8:03:12<4:38:39,  5.52s/it]
 63%|██████▎   | 5163/8189 [8:03:18<4:47:38,  5.70s/it]
 63%|██████▎   | 5164/8189 [8:03:24<4:50:05,  5.75s/it]
 63%|██████▎   | 5165/8189 [8:03:30<4:53:24,  5.82s/it]
 63%|██████▎   | 5166/8189 [8:03:36<4:54:29,  5.85s/it]
 63%|██████▎   | 5167/8189 [8:03:42<4:51:13,  5.78s/it]
 63%|██████▎   | 5168/8189 [8:03:46<4:37:34,  5.51s/it]
 63%|██████▎   | 5169/8189 [8:03:52<4:39:23,  5.55s/it]
 63%|██████▎   | 5170/8189 [8:03:57<4:33:01,  5.43s/it]
 63%|██████▎   | 5171/8189 [8:04:03<4:43:55,  5.64s/it]
 63%|██████▎   | 5172/8189 [8:04:09<4:49:42,  5.76s/it]
 63%|██████▎   | 5173/8189 [8:04:15<4:50:59,  5.79s/it]
 63%|██████▎   | 5174/8189 [8:04:21<4:49:04,  5.75s/it]
 63%|██████▎   | 5175/8189 [8:04:26<4:42:08,  5.62s/it]
 63%|██████▎   | 5176/8189 [8:04:32<4:41:02,  5.60s/it]
 63%|██████▎   | 5177/8189 [8:04:38<4:47:18,  5.72s/it]
 63%|██████▎   | 5178/8189 [8:04:44<4:50:07,  5.78s/it]
 63%|██████▎   | 5179/8189 [8:04:50<4:57:08,  5.92s/it]
 63%|██████▎   | 5180/8189 [8:04:56<4:58:48,  5.96s/it]
 63%|██████▎   | 5181/8189 [8:05:02<4:56:20,  5.91s/it]
 63%|██████▎   | 5182/8189 [8:05:08<4:56:22,  5.91s/it]
 63%|██████▎   | 5183/8189 [8:05:13<4:42:05,  5.63s/it]
 63%|██████▎   | 5184/8189 [8:05:18<4:44:22,  5.68s/it]
 63%|██████▎   | 5185/8189 [8:05:24<4:41:02,  5.61s/it]
 63%|██████▎   | 5186/8189 [8:05:29<4:40:09,  5.60s/it]
 63%|██████▎   | 5187/8189 [8:05:35<4:36:42,  5.53s/it]
 63%|██████▎   | 5188/8189 [8:05:40<4:37:25,  5.55s/it]
 63%|██████▎   | 5189/8189 [8:05:46<4:43:10,  5.66s/it]
 63%|██████▎   | 5190/8189 [8:05:52<4:37:42,  5.56s/it]
 63%|██████▎   | 5191/8189 [8:05:56<4:25:15,  5.31s/it]
 63%|██████▎   | 5192/8189 [8:06:03<4:41:03,  5.63s/it]
 63%|██████▎   | 5193/8189 [8:06:09<4:47:02,  5.75s/it]
 63%|██████▎   | 5194/8189 [8:06:14<4:35:34,  5.52s/it]
 63%|██████▎   | 5195/8189 [8:06:20<4:41:33,  5.64s/it]
 63%|██████▎   | 5196/8189 [8:06:26<4:50:36,  5.83s/it]
 63%|██████▎   | 5197/8189 [8:06:31<4:43:10,  5.68s/it]
 63%|██████▎   | 5198/8189 [8:06:37<4:37:13,  5.56s/it]
 63%|██████▎   | 5199/8189 [8:06:42<4:38:37,  5.59s/it]
 63%|██████▎   | 5200/8189 [8:06:48<4:37:15,  5.57s/it]
 64%|██████▎   | 5201/8189 [8:06:54<4:39:40,  5.62s/it]
 64%|██████▎   | 5202/8189 [8:06:59<4:34:49,  5.52s/it]
 64%|██████▎   | 5203/8189 [8:07:05<4:40:12,  5.63s/it]
 64%|██████▎   | 5204/8189 [8:07:11<4:50:12,  5.83s/it]
 64%|██████▎   | 5205/8189 [8:07:17<4:47:20,  5.78s/it]
 64%|██████▎   | 5206/8189 [8:07:22<4:40:40,  5.65s/it]
 64%|██████▎   | 5207/8189 [8:07:27<4:36:18,  5.56s/it]
 64%|██████▎   | 5208/8189 [8:07:34<4:47:02,  5.78s/it]
 64%|██████▎   | 5209/8189 [8:07:39<4:42:32,  5.69s/it]
 64%|██████▎   | 5210/8189 [8:07:45<4:43:44,  5.71s/it]
 64%|██████▎   | 5211/8189 [8:07:51<4:51:41,  5.88s/it]
 64%|██████▎   | 5212/8189 [8:07:57<4:51:31,  5.88s/it]
 64%|██████▎   | 5213/8189 [8:08:03<4:52:28,  5.90s/it]
 64%|██████▎   | 5214/8189 [8:08:09<4:48:23,  5.82s/it]
 64%|██████▎   | 5215/8189 [8:08:14<4:45:48,  5.77s/it]
 64%|██████▎   | 5216/8189 [8:08:20<4:45:57,  5.77s/it]
 64%|██████▎   | 5217/8189 [8:08:26<4:47:28,  5.80s/it]
 64%|██████▎   | 5218/8189 [8:08:32<4:48:21,  5.82s/it]
 64%|██████▎   | 5219/8189 [8:08:37<4:38:26,  5.62s/it]
 64%|██████▎   | 5220/8189 [8:08:42<4:34:02,  5.54s/it]
 64%|██████▍   | 5221/8189 [8:08:48<4:38:02,  5.62s/it]
 64%|██████▍   | 5222/8189 [8:08:54<4:48:13,  5.83s/it]
 64%|██████▍   | 5223/8189 [8:09:00<4:47:12,  5.81s/it]
 64%|██████▍   | 5224/8189 [8:09:06<4:41:25,  5.70s/it]
 64%|██████▍   | 5225/8189 [8:09:11<4:32:50,  5.52s/it]
 64%|██████▍   | 5226/8189 [8:09:17<4:38:12,  5.63s/it]
 64%|██████▍   | 5227/8189 [8:09:23<4:45:21,  5.78s/it]
 64%|██████▍   | 5228/8189 [8:09:29<4:45:13,  5.78s/it]
 64%|██████▍   | 5229/8189 [8:09:35<4:49:00,  5.86s/it]
 64%|██████▍   | 5230/8189 [8:09:40<4:41:32,  5.71s/it]
 64%|██████▍   | 5231/8189 [8:09:46<4:41:41,  5.71s/it]
 64%|██████▍   | 5232/8189 [8:09:53<5:00:31,  6.10s/it]
 64%|██████▍   | 5233/8189 [8:09:59<4:57:53,  6.05s/it]
 64%|██████▍   | 5234/8189 [8:10:04<4:49:28,  5.88s/it]
 64%|██████▍   | 5235/8189 [8:10:09<4:35:34,  5.60s/it]
 64%|██████▍   | 5236/8189 [8:10:15<4:37:34,  5.64s/it]
 64%|██████▍   | 5237/8189 [8:10:20<4:27:56,  5.45s/it]
 64%|██████▍   | 5238/8189 [8:10:25<4:20:43,  5.30s/it]
 64%|██████▍   | 5239/8189 [8:10:31<4:31:12,  5.52s/it]
 64%|██████▍   | 5240/8189 [8:10:37<4:40:55,  5.72s/it]
 64%|██████▍   | 5241/8189 [8:10:42<4:38:06,  5.66s/it]
 64%|██████▍   | 5242/8189 [8:10:48<4:39:09,  5.68s/it]
 64%|██████▍   | 5243/8189 [8:10:53<4:29:25,  5.49s/it]
 64%|██████▍   | 5244/8189 [8:10:58<4:22:52,  5.36s/it]
 64%|██████▍   | 5245/8189 [8:11:04<4:25:54,  5.42s/it]
 64%|██████▍   | 5246/8189 [8:11:10<4:37:50,  5.66s/it]
 64%|██████▍   | 5247/8189 [8:11:16<4:38:19,  5.68s/it]
 64%|██████▍   | 5248/8189 [8:11:21<4:34:21,  5.60s/it]
 64%|██████▍   | 5249/8189 [8:11:26<4:29:10,  5.49s/it]
 64%|██████▍   | 5250/8189 [8:11:31<4:16:59,  5.25s/it]
 64%|██████▍   | 5251/8189 [8:11:37<4:28:16,  5.48s/it]
 64%|██████▍   | 5252/8189 [8:11:44<4:42:22,  5.77s/it]
 64%|██████▍   | 5253/8189 [8:11:49<4:34:44,  5.61s/it]
 64%|██████▍   | 5254/8189 [8:11:54<4:31:16,  5.55s/it]
 64%|██████▍   | 5255/8189 [8:11:59<4:26:10,  5.44s/it]
 64%|██████▍   | 5256/8189 [8:12:06<4:36:04,  5.65s/it]
 64%|██████▍   | 5257/8189 [8:12:11<4:36:02,  5.65s/it]
 64%|██████▍   | 5258/8189 [8:12:17<4:43:36,  5.81s/it]
 64%|██████▍   | 5259/8189 [8:12:22<4:33:20,  5.60s/it]
 64%|██████▍   | 5260/8189 [8:12:27<4:25:16,  5.43s/it]
 64%|██████▍   | 5261/8189 [8:12:33<4:30:34,  5.54s/it]
 64%|██████▍   | 5262/8189 [8:12:38<4:24:32,  5.42s/it]
 64%|██████▍   | 5263/8189 [8:12:43<4:19:08,  5.31s/it]
 64%|██████▍   | 5264/8189 [8:12:49<4:19:56,  5.33s/it]
 64%|██████▍   | 5265/8189 [8:12:53<4:09:27,  5.12s/it]
 64%|██████▍   | 5266/8189 [8:12:58<4:05:51,  5.05s/it]
 64%|██████▍   | 5267/8189 [8:13:04<4:11:45,  5.17s/it]
 64%|██████▍   | 5268/8189 [8:13:09<4:14:22,  5.22s/it]
 64%|██████▍   | 5269/8189 [8:13:15<4:18:08,  5.30s/it]
 64%|██████▍   | 5270/8189 [8:13:20<4:22:24,  5.39s/it]
 64%|██████▍   | 5271/8189 [8:13:26<4:31:09,  5.58s/it]
 64%|██████▍   | 5272/8189 [8:13:31<4:15:30,  5.26s/it]
 64%|██████▍   | 5273/8189 [8:13:36<4:10:51,  5.16s/it]
 64%|██████▍   | 5274/8189 [8:13:42<4:23:30,  5.42s/it]
 64%|██████▍   | 5275/8189 [8:13:47<4:21:47,  5.39s/it]
 64%|██████▍   | 5276/8189 [8:13:53<4:26:03,  5.48s/it]
 64%|██████▍   | 5277/8189 [8:13:59<4:33:00,  5.63s/it]
 64%|██████▍   | 5278/8189 [8:14:04<4:30:53,  5.58s/it]
 64%|██████▍   | 5279/8189 [8:14:10<4:26:53,  5.50s/it]
 64%|██████▍   | 5280/8189 [8:14:16<4:42:14,  5.82s/it]
 64%|██████▍   | 5281/8189 [8:14:21<4:34:10,  5.66s/it]
 65%|██████▍   | 5282/8189 [8:14:27<4:32:06,  5.62s/it]
 65%|██████▍   | 5283/8189 [8:14:33<4:37:40,  5.73s/it]
 65%|██████▍   | 5284/8189 [8:14:39<4:39:14,  5.77s/it]
 65%|██████▍   | 5285/8189 [8:14:44<4:35:50,  5.70s/it]
 65%|██████▍   | 5286/8189 [8:14:49<4:20:53,  5.39s/it]
 65%|██████▍   | 5287/8189 [8:14:54<4:10:56,  5.19s/it]
 65%|██████▍   | 5288/8189 [8:14:58<4:05:05,  5.07s/it]
 65%|██████▍   | 5289/8189 [8:15:04<4:15:59,  5.30s/it]
 65%|██████▍   | 5290/8189 [8:15:10<4:26:04,  5.51s/it]
 65%|██████▍   | 5291/8189 [8:15:17<4:36:34,  5.73s/it]
 65%|██████▍   | 5292/8189 [8:15:22<4:38:33,  5.77s/it]
 65%|██████▍   | 5293/8189 [8:15:28<4:37:43,  5.75s/it]
 65%|██████▍   | 5294/8189 [8:15:34<4:43:58,  5.89s/it]
 65%|██████▍   | 5295/8189 [8:15:40<4:37:53,  5.76s/it]
 65%|██████▍   | 5296/8189 [8:15:45<4:33:56,  5.68s/it]
 65%|██████▍   | 5297/8189 [8:15:51<4:36:31,  5.74s/it]
 65%|██████▍   | 5298/8189 [8:15:57<4:42:49,  5.87s/it]
 65%|██████▍   | 5299/8189 [8:16:03<4:39:22,  5.80s/it]
 65%|██████▍   | 5300/8189 [8:16:09<4:48:58,  6.00s/it]
 65%|██████▍   | 5301/8189 [8:16:15<4:45:22,  5.93s/it]
 65%|██████▍   | 5302/8189 [8:16:21<4:41:36,  5.85s/it]
 65%|██████▍   | 5303/8189 [8:16:26<4:34:16,  5.70s/it]
 65%|██████▍   | 5304/8189 [8:16:32<4:38:59,  5.80s/it]
 65%|██████▍   | 5305/8189 [8:16:38<4:39:58,  5.82s/it]
 65%|██████▍   | 5306/8189 [8:16:44<4:44:42,  5.93s/it]
 65%|██████▍   | 5307/8189 [8:16:50<4:42:14,  5.88s/it]
 65%|██████▍   | 5308/8189 [8:16:56<4:40:27,  5.84s/it]
 65%|██████▍   | 5309/8189 [8:17:02<4:40:31,  5.84s/it]
 65%|██████▍   | 5310/8189 [8:17:07<4:29:51,  5.62s/it]
 65%|██████▍   | 5311/8189 [8:17:12<4:24:47,  5.52s/it]
 65%|██████▍   | 5312/8189 [8:17:17<4:16:41,  5.35s/it]
 65%|██████▍   | 5313/8189 [8:17:23<4:28:49,  5.61s/it]
 65%|██████▍   | 5314/8189 [8:17:29<4:26:00,  5.55s/it]
 65%|██████▍   | 5315/8189 [8:17:34<4:16:46,  5.36s/it]
 65%|██████▍   | 5316/8189 [8:17:40<4:27:28,  5.59s/it]
 65%|██████▍   | 5317/8189 [8:17:46<4:32:23,  5.69s/it]
 65%|██████▍   | 5318/8189 [8:17:52<4:38:37,  5.82s/it]
 65%|██████▍   | 5319/8189 [8:17:58<4:45:27,  5.97s/it]
 65%|██████▍   | 5320/8189 [8:18:04<4:44:18,  5.95s/it]
 65%|██████▍   | 5321/8189 [8:18:09<4:36:10,  5.78s/it]
 65%|██████▍   | 5322/8189 [8:18:15<4:30:50,  5.67s/it]
 65%|██████▌   | 5323/8189 [8:18:21<4:33:39,  5.73s/it]
 65%|██████▌   | 5324/8189 [8:18:27<4:37:50,  5.82s/it]
 65%|██████▌   | 5325/8189 [8:18:32<4:37:07,  5.81s/it]
 65%|██████▌   | 5326/8189 [8:18:38<4:40:50,  5.89s/it]
 65%|██████▌   | 5327/8189 [8:18:44<4:42:44,  5.93s/it]
 65%|██████▌   | 5328/8189 [8:18:50<4:37:12,  5.81s/it]
 65%|██████▌   | 5329/8189 [8:18:56<4:33:16,  5.73s/it]
 65%|██████▌   | 5330/8189 [8:19:02<4:36:31,  5.80s/it]
 65%|██████▌   | 5331/8189 [8:19:07<4:29:24,  5.66s/it]
 65%|██████▌   | 5332/8189 [8:19:13<4:32:39,  5.73s/it]
 65%|██████▌   | 5333/8189 [8:19:18<4:23:51,  5.54s/it]
 65%|██████▌   | 5334/8189 [8:19:23<4:16:11,  5.38s/it]
 65%|██████▌   | 5335/8189 [8:19:28<4:15:49,  5.38s/it]
 65%|██████▌   | 5336/8189 [8:19:34<4:18:24,  5.43s/it]
 65%|██████▌   | 5337/8189 [8:19:39<4:19:32,  5.46s/it]
 65%|██████▌   | 5338/8189 [8:19:45<4:22:07,  5.52s/it]
 65%|██████▌   | 5339/8189 [8:19:51<4:29:57,  5.68s/it]
 65%|██████▌   | 5340/8189 [8:19:57<4:40:40,  5.91s/it]
 65%|██████▌   | 5341/8189 [8:20:03<4:35:49,  5.81s/it]
 65%|██████▌   | 5342/8189 [8:20:10<4:45:16,  6.01s/it]
 65%|██████▌   | 5343/8189 [8:20:16<4:44:31,  6.00s/it]
 65%|██████▌   | 5344/8189 [8:20:21<4:40:26,  5.91s/it]
 65%|██████▌   | 5345/8189 [8:20:27<4:41:25,  5.94s/it]
 65%|██████▌   | 5346/8189 [8:20:33<4:42:44,  5.97s/it]
 65%|██████▌   | 5347/8189 [8:20:39<4:41:38,  5.95s/it]
 65%|██████▌   | 5348/8189 [8:20:45<4:35:46,  5.82s/it]
 65%|██████▌   | 5349/8189 [8:20:50<4:33:04,  5.77s/it]
 65%|██████▌   | 5350/8189 [8:20:56<4:28:11,  5.67s/it]
 65%|██████▌   | 5351/8189 [8:21:01<4:18:11,  5.46s/it]
 65%|██████▌   | 5352/8189 [8:21:07<4:31:15,  5.74s/it]
 65%|██████▌   | 5353/8189 [8:21:13<4:39:10,  5.91s/it]
 65%|██████▌   | 5354/8189 [8:21:20<4:51:03,  6.16s/it]
 65%|██████▌   | 5355/8189 [8:21:27<4:59:18,  6.34s/it]
 65%|██████▌   | 5356/8189 [8:21:33<4:59:28,  6.34s/it]
 65%|██████▌   | 5357/8189 [8:21:40<5:00:46,  6.37s/it]
 65%|██████▌   | 5358/8189 [8:21:45<4:49:50,  6.14s/it]
 65%|██████▌   | 5359/8189 [8:21:51<4:37:29,  5.88s/it]
 65%|██████▌   | 5360/8189 [8:21:56<4:26:58,  5.66s/it]
 65%|██████▌   | 5361/8189 [8:22:02<4:31:14,  5.75s/it]
 65%|██████▌   | 5362/8189 [8:22:07<4:23:38,  5.60s/it]
 65%|██████▌   | 5363/8189 [8:22:11<4:05:16,  5.21s/it]
 66%|██████▌   | 5364/8189 [8:22:17<4:15:57,  5.44s/it]
 66%|██████▌   | 5365/8189 [8:22:23<4:24:28,  5.62s/it]
 66%|██████▌   | 5366/8189 [8:22:29<4:25:02,  5.63s/it]
 66%|██████▌   | 5367/8189 [8:22:34<4:21:54,  5.57s/it]
 66%|██████▌   | 5368/8189 [8:22:40<4:26:20,  5.66s/it]
 66%|██████▌   | 5369/8189 [8:22:46<4:22:55,  5.59s/it]
 66%|██████▌   | 5370/8189 [8:22:51<4:24:30,  5.63s/it]
 66%|██████▌   | 5371/8189 [8:22:58<4:39:21,  5.95s/it]
 66%|██████▌   | 5372/8189 [8:23:05<4:57:45,  6.34s/it]
 66%|██████▌   | 5373/8189 [8:23:12<5:02:58,  6.46s/it]
 66%|██████▌   | 5374/8189 [8:23:18<4:53:42,  6.26s/it]
 66%|██████▌   | 5375/8189 [8:23:23<4:42:42,  6.03s/it]
 66%|██████▌   | 5376/8189 [8:23:30<4:52:41,  6.24s/it]
 66%|██████▌   | 5377/8189 [8:23:36<4:50:31,  6.20s/it]
 66%|██████▌   | 5378/8189 [8:23:42<4:50:18,  6.20s/it]
 66%|██████▌   | 5379/8189 [8:23:48<4:46:26,  6.12s/it]
 66%|██████▌   | 5380/8189 [8:23:54<4:33:42,  5.85s/it]
 66%|██████▌   | 5381/8189 [8:23:59<4:25:41,  5.68s/it]
 66%|██████▌   | 5382/8189 [8:24:05<4:34:50,  5.87s/it]
 66%|██████▌   | 5383/8189 [8:24:10<4:24:53,  5.66s/it]
 66%|██████▌   | 5384/8189 [8:24:15<4:12:25,  5.40s/it]
 66%|██████▌   | 5385/8189 [8:24:21<4:21:00,  5.59s/it]
 66%|██████▌   | 5386/8189 [8:24:27<4:28:50,  5.75s/it]
 66%|██████▌   | 5387/8189 [8:24:34<4:39:19,  5.98s/it]
 66%|██████▌   | 5388/8189 [8:24:40<4:38:43,  5.97s/it]
 66%|██████▌   | 5389/8189 [8:24:45<4:30:35,  5.80s/it]
 66%|██████▌   | 5390/8189 [8:24:50<4:18:47,  5.55s/it]
 66%|██████▌   | 5391/8189 [8:24:56<4:19:18,  5.56s/it]
 66%|██████▌   | 5392/8189 [8:25:02<4:27:13,  5.73s/it]
 66%|██████▌   | 5393/8189 [8:25:07<4:22:00,  5.62s/it]
 66%|██████▌   | 5394/8189 [8:25:13<4:26:10,  5.71s/it]
 66%|██████▌   | 5395/8189 [8:25:19<4:28:07,  5.76s/it]
 66%|██████▌   | 5396/8189 [8:25:24<4:18:12,  5.55s/it]
 66%|██████▌   | 5397/8189 [8:25:30<4:20:00,  5.59s/it]
 66%|██████▌   | 5398/8189 [8:25:35<4:18:00,  5.55s/it]
 66%|██████▌   | 5399/8189 [8:25:41<4:16:08,  5.51s/it]
 66%|██████▌   | 5400/8189 [8:25:46<4:20:49,  5.61s/it]
 66%|██████▌   | 5401/8189 [8:25:51<4:12:00,  5.42s/it]
 66%|██████▌   | 5402/8189 [8:25:57<4:14:01,  5.47s/it]
 66%|██████▌   | 5403/8189 [8:26:02<4:06:56,  5.32s/it]
 66%|██████▌   | 5404/8189 [8:26:07<4:09:40,  5.38s/it]
 66%|██████▌   | 5405/8189 [8:26:13<4:09:17,  5.37s/it]
 66%|██████▌   | 5406/8189 [8:26:18<4:07:36,  5.34s/it]
 66%|██████▌   | 5407/8189 [8:26:23<4:05:41,  5.30s/it]
 66%|██████▌   | 5408/8189 [8:26:28<4:04:02,  5.27s/it]
 66%|██████▌   | 5409/8189 [8:26:34<4:13:10,  5.46s/it]
 66%|██████▌   | 5410/8189 [8:26:39<3:58:04,  5.14s/it]
 66%|██████▌   | 5411/8189 [8:26:45<4:06:41,  5.33s/it]
 66%|██████▌   | 5412/8189 [8:26:50<4:04:41,  5.29s/it]
 66%|██████▌   | 5413/8189 [8:26:55<4:07:29,  5.35s/it]
 66%|██████▌   | 5414/8189 [8:27:01<4:09:56,  5.40s/it]
 66%|██████▌   | 5415/8189 [8:27:06<4:11:26,  5.44s/it]
 66%|██████▌   | 5416/8189 [8:27:12<4:16:57,  5.56s/it]
 66%|██████▌   | 5417/8189 [8:27:19<4:28:47,  5.82s/it]
 66%|██████▌   | 5418/8189 [8:27:25<4:37:40,  6.01s/it]
 66%|██████▌   | 5419/8189 [8:27:30<4:26:26,  5.77s/it]
 66%|██████▌   | 5420/8189 [8:27:36<4:28:56,  5.83s/it]
 66%|██████▌   | 5421/8189 [8:27:43<4:39:02,  6.05s/it]
 66%|██████▌   | 5422/8189 [8:27:49<4:40:04,  6.07s/it]
 66%|██████▌   | 5423/8189 [8:27:55<4:37:05,  6.01s/it]
 66%|██████▌   | 5424/8189 [8:28:00<4:33:20,  5.93s/it]
 66%|██████▌   | 5425/8189 [8:28:06<4:32:37,  5.92s/it]
 66%|██████▋   | 5426/8189 [8:28:12<4:22:17,  5.70s/it]
 66%|██████▋   | 5427/8189 [8:28:18<4:25:50,  5.78s/it]
 66%|██████▋   | 5428/8189 [8:28:23<4:18:44,  5.62s/it]
 66%|██████▋   | 5429/8189 [8:28:27<4:02:09,  5.26s/it]
 66%|██████▋   | 5430/8189 [8:28:32<3:49:22,  4.99s/it]
 66%|██████▋   | 5431/8189 [8:28:37<3:55:21,  5.12s/it]
 66%|██████▋   | 5432/8189 [8:28:42<3:58:51,  5.20s/it]
 66%|██████▋   | 5433/8189 [8:28:48<4:01:25,  5.26s/it]
 66%|██████▋   | 5434/8189 [8:28:54<4:10:43,  5.46s/it]
 66%|██████▋   | 5435/8189 [8:28:59<4:13:07,  5.51s/it]
 66%|██████▋   | 5436/8189 [8:29:05<4:18:31,  5.63s/it]
 66%|██████▋   | 5437/8189 [8:29:10<4:03:35,  5.31s/it]
 66%|██████▋   | 5438/8189 [8:29:16<4:15:13,  5.57s/it]
 66%|██████▋   | 5439/8189 [8:29:22<4:14:55,  5.56s/it]
 66%|██████▋   | 5440/8189 [8:29:27<4:11:43,  5.49s/it]
 66%|██████▋   | 5441/8189 [8:29:33<4:16:07,  5.59s/it]
 66%|██████▋   | 5442/8189 [8:29:38<4:13:05,  5.53s/it]
 66%|██████▋   | 5443/8189 [8:29:44<4:16:38,  5.61s/it]
 66%|██████▋   | 5444/8189 [8:29:49<4:14:58,  5.57s/it]
 66%|██████▋   | 5445/8189 [8:29:55<4:18:03,  5.64s/it]
 67%|██████▋   | 5446/8189 [8:30:01<4:15:27,  5.59s/it]
 67%|██████▋   | 5447/8189 [8:30:07<4:22:55,  5.75s/it]
 67%|██████▋   | 5448/8189 [8:30:13<4:23:00,  5.76s/it]
 67%|██████▋   | 5449/8189 [8:30:19<4:28:47,  5.89s/it]
 67%|██████▋   | 5450/8189 [8:30:24<4:26:49,  5.85s/it]
 67%|██████▋   | 5451/8189 [8:30:30<4:19:31,  5.69s/it]
 67%|██████▋   | 5452/8189 [8:30:35<4:13:32,  5.56s/it]
 67%|██████▋   | 5453/8189 [8:30:41<4:13:28,  5.56s/it]
 67%|██████▋   | 5454/8189 [8:30:46<4:05:39,  5.39s/it]
 67%|██████▋   | 5455/8189 [8:30:50<3:56:08,  5.18s/it]
 67%|██████▋   | 5456/8189 [8:30:56<4:00:26,  5.28s/it]
 67%|██████▋   | 5457/8189 [8:31:00<3:51:10,  5.08s/it]
 67%|██████▋   | 5458/8189 [8:31:06<4:01:43,  5.31s/it]
 67%|██████▋   | 5459/8189 [8:31:11<3:55:30,  5.18s/it]
 67%|██████▋   | 5460/8189 [8:31:17<4:05:58,  5.41s/it]
 67%|██████▋   | 5461/8189 [8:31:23<4:16:02,  5.63s/it]
 67%|██████▋   | 5462/8189 [8:31:29<4:20:35,  5.73s/it]
 67%|██████▋   | 5463/8189 [8:31:35<4:22:02,  5.77s/it]
 67%|██████▋   | 5464/8189 [8:31:41<4:30:36,  5.96s/it]
 67%|██████▋   | 5465/8189 [8:31:47<4:29:51,  5.94s/it]
 67%|██████▋   | 5466/8189 [8:31:53<4:25:37,  5.85s/it]
 67%|██████▋   | 5467/8189 [8:31:58<4:15:27,  5.63s/it]
 67%|██████▋   | 5468/8189 [8:32:04<4:17:33,  5.68s/it]
 67%|██████▋   | 5469/8189 [8:32:10<4:17:10,  5.67s/it]
 67%|██████▋   | 5470/8189 [8:32:15<4:18:39,  5.71s/it]
 67%|██████▋   | 5471/8189 [8:32:22<4:30:16,  5.97s/it]
 67%|██████▋   | 5472/8189 [8:32:27<4:23:31,  5.82s/it]
 67%|██████▋   | 5473/8189 [8:32:34<4:33:48,  6.05s/it]
 67%|██████▋   | 5474/8189 [8:32:39<4:23:42,  5.83s/it]
 67%|██████▋   | 5475/8189 [8:32:45<4:17:00,  5.68s/it]
 67%|██████▋   | 5476/8189 [8:32:50<4:17:18,  5.69s/it]
 67%|██████▋   | 5477/8189 [8:32:56<4:11:41,  5.57s/it]
 67%|██████▋   | 5478/8189 [8:33:02<4:18:09,  5.71s/it]
 67%|██████▋   | 5479/8189 [8:33:07<4:18:27,  5.72s/it]
 67%|██████▋   | 5480/8189 [8:33:13<4:10:33,  5.55s/it]
 67%|██████▋   | 5481/8189 [8:33:18<4:10:16,  5.55s/it]
 67%|██████▋   | 5482/8189 [8:33:24<4:17:50,  5.72s/it]
 67%|██████▋   | 5483/8189 [8:33:30<4:23:24,  5.84s/it]
 67%|██████▋   | 5484/8189 [8:33:36<4:22:01,  5.81s/it]
 67%|██████▋   | 5485/8189 [8:33:42<4:22:10,  5.82s/it]
 67%|██████▋   | 5486/8189 [8:33:48<4:30:21,  6.00s/it]
 67%|██████▋   | 5487/8189 [8:33:54<4:23:16,  5.85s/it]
 67%|██████▋   | 5488/8189 [8:33:59<4:13:54,  5.64s/it]
 67%|██████▋   | 5489/8189 [8:34:05<4:14:31,  5.66s/it]
 67%|██████▋   | 5490/8189 [8:34:10<4:07:47,  5.51s/it]
 67%|██████▋   | 5491/8189 [8:34:15<4:07:21,  5.50s/it]
 67%|██████▋   | 5492/8189 [8:34:22<4:17:50,  5.74s/it]
 67%|██████▋   | 5493/8189 [8:34:26<4:02:43,  5.40s/it]
 67%|██████▋   | 5494/8189 [8:34:33<4:15:23,  5.69s/it]
 67%|██████▋   | 5495/8189 [8:34:38<4:15:48,  5.70s/it]
 67%|██████▋   | 5496/8189 [8:34:45<4:31:47,  6.06s/it]
 67%|██████▋   | 5497/8189 [8:34:51<4:29:29,  6.01s/it]
 67%|██████▋   | 5498/8189 [8:34:57<4:25:58,  5.93s/it]
 67%|██████▋   | 5499/8189 [8:35:02<4:13:34,  5.66s/it]
 67%|██████▋   | 5500/8189 [8:35:07<4:09:27,  5.57s/it]
 67%|██████▋   | 5501/8189 [8:35:12<3:53:38,  5.22s/it]
 67%|██████▋   | 5502/8189 [8:35:17<3:59:54,  5.36s/it]
 67%|██████▋   | 5503/8189 [8:35:23<4:02:13,  5.41s/it]
 67%|██████▋   | 5504/8189 [8:35:29<4:11:37,  5.62s/it]
 67%|██████▋   | 5505/8189 [8:35:35<4:22:14,  5.86s/it]
 67%|██████▋   | 5506/8189 [8:35:42<4:37:14,  6.20s/it]
 67%|██████▋   | 5507/8189 [8:35:47<4:19:00,  5.79s/it]
 67%|██████▋   | 5508/8189 [8:35:53<4:19:14,  5.80s/it]
 67%|██████▋   | 5509/8189 [8:35:58<4:09:27,  5.58s/it]
 67%|██████▋   | 5510/8189 [8:36:04<4:17:36,  5.77s/it]
 67%|██████▋   | 5511/8189 [8:36:11<4:30:35,  6.06s/it]
 67%|██████▋   | 5512/8189 [8:36:17<4:28:58,  6.03s/it]
 67%|██████▋   | 5513/8189 [8:36:22<4:19:22,  5.82s/it]
 67%|██████▋   | 5514/8189 [8:36:28<4:15:31,  5.73s/it]
 67%|██████▋   | 5515/8189 [8:36:34<4:18:00,  5.79s/it]
 67%|██████▋   | 5516/8189 [8:36:40<4:20:04,  5.84s/it]
 67%|██████▋   | 5517/8189 [8:36:45<4:10:18,  5.62s/it]
 67%|██████▋   | 5518/8189 [8:36:50<4:08:20,  5.58s/it]
 67%|██████▋   | 5519/8189 [8:36:56<4:08:43,  5.59s/it]
 67%|██████▋   | 5520/8189 [8:37:02<4:13:10,  5.69s/it]
 67%|██████▋   | 5521/8189 [8:37:07<4:09:12,  5.60s/it]
 67%|██████▋   | 5522/8189 [8:37:13<4:06:28,  5.54s/it]
 67%|██████▋   | 5523/8189 [8:37:19<4:13:05,  5.70s/it]
 67%|██████▋   | 5524/8189 [8:37:25<4:14:13,  5.72s/it]
 67%|██████▋   | 5525/8189 [8:37:30<4:17:32,  5.80s/it]
 67%|██████▋   | 5526/8189 [8:37:37<4:20:32,  5.87s/it]
 67%|██████▋   | 5527/8189 [8:37:42<4:21:37,  5.90s/it]
 68%|██████▊   | 5528/8189 [8:37:48<4:20:24,  5.87s/it]
 68%|██████▊   | 5529/8189 [8:37:54<4:21:46,  5.90s/it]
 68%|██████▊   | 5530/8189 [8:38:00<4:18:39,  5.84s/it]
 68%|██████▊   | 5531/8189 [8:38:05<4:13:28,  5.72s/it]
 68%|██████▊   | 5532/8189 [8:38:11<4:08:40,  5.62s/it]
 68%|██████▊   | 5533/8189 [8:38:16<4:07:36,  5.59s/it]
 68%|██████▊   | 5534/8189 [8:38:22<4:14:21,  5.75s/it]
 68%|██████▊   | 5535/8189 [8:38:27<4:03:41,  5.51s/it]
 68%|██████▊   | 5536/8189 [8:38:33<4:10:28,  5.66s/it]
 68%|██████▊   | 5537/8189 [8:38:39<4:09:11,  5.64s/it]
 68%|██████▊   | 5538/8189 [8:38:44<3:56:57,  5.36s/it]
 68%|██████▊   | 5539/8189 [8:38:49<3:56:40,  5.36s/it]
 68%|██████▊   | 5540/8189 [8:38:55<4:02:28,  5.49s/it]
 68%|██████▊   | 5541/8189 [8:39:01<4:06:41,  5.59s/it]
 68%|██████▊   | 5542/8189 [8:39:06<4:07:36,  5.61s/it]
 68%|██████▊   | 5543/8189 [8:39:12<4:13:46,  5.75s/it]
 68%|██████▊   | 5544/8189 [8:39:19<4:21:02,  5.92s/it]
 68%|██████▊   | 5545/8189 [8:39:24<4:17:06,  5.83s/it]
 68%|██████▊   | 5546/8189 [8:39:30<4:14:06,  5.77s/it]
 68%|██████▊   | 5547/8189 [8:39:35<4:07:00,  5.61s/it]
 68%|██████▊   | 5548/8189 [8:39:41<4:08:19,  5.64s/it]
 68%|██████▊   | 5549/8189 [8:39:46<4:05:27,  5.58s/it]
 68%|██████▊   | 5550/8189 [8:39:51<3:58:40,  5.43s/it]
 68%|██████▊   | 5551/8189 [8:39:57<4:00:37,  5.47s/it]
 68%|██████▊   | 5552/8189 [8:40:02<3:52:37,  5.29s/it]
 68%|██████▊   | 5553/8189 [8:40:07<3:51:40,  5.27s/it]
 68%|██████▊   | 5554/8189 [8:40:13<3:57:23,  5.41s/it]
 68%|██████▊   | 5555/8189 [8:40:19<4:02:53,  5.53s/it]
 68%|██████▊   | 5556/8189 [8:40:23<3:50:31,  5.25s/it]
 68%|██████▊   | 5557/8189 [8:40:29<3:54:40,  5.35s/it]
 68%|██████▊   | 5558/8189 [8:40:35<4:05:38,  5.60s/it]
 68%|██████▊   | 5559/8189 [8:40:41<4:15:33,  5.83s/it]
 68%|██████▊   | 5560/8189 [8:40:46<4:04:42,  5.58s/it]
 68%|██████▊   | 5561/8189 [8:40:52<4:03:34,  5.56s/it]
 68%|██████▊   | 5562/8189 [8:40:57<4:03:13,  5.56s/it]
 68%|██████▊   | 5563/8189 [8:41:04<4:10:55,  5.73s/it]
 68%|██████▊   | 5564/8189 [8:41:10<4:16:47,  5.87s/it]
 68%|██████▊   | 5565/8189 [8:41:16<4:16:03,  5.85s/it]
 68%|██████▊   | 5566/8189 [8:41:21<4:14:42,  5.83s/it]
 68%|██████▊   | 5567/8189 [8:41:27<4:17:22,  5.89s/it]
 68%|██████▊   | 5568/8189 [8:41:33<4:16:26,  5.87s/it]
 68%|██████▊   | 5569/8189 [8:41:39<4:16:09,  5.87s/it]
 68%|██████▊   | 5570/8189 [8:41:44<4:02:52,  5.56s/it]
 68%|██████▊   | 5571/8189 [8:41:48<3:44:22,  5.14s/it]
 68%|██████▊   | 5572/8189 [8:41:54<3:54:10,  5.37s/it]
 68%|██████▊   | 5573/8189 [8:42:00<4:02:57,  5.57s/it]
 68%|██████▊   | 5574/8189 [8:42:05<3:50:08,  5.28s/it]
 68%|██████▊   | 5575/8189 [8:42:11<3:59:16,  5.49s/it]
 68%|██████▊   | 5576/8189 [8:42:17<4:06:58,  5.67s/it]
 68%|██████▊   | 5577/8189 [8:42:23<4:11:29,  5.78s/it]
 68%|██████▊   | 5578/8189 [8:42:29<4:14:33,  5.85s/it]
 68%|██████▊   | 5579/8189 [8:42:34<4:01:35,  5.55s/it]
 68%|██████▊   | 5580/8189 [8:42:40<4:10:01,  5.75s/it]
 68%|██████▊   | 5581/8189 [8:42:46<4:10:59,  5.77s/it]
 68%|██████▊   | 5582/8189 [8:42:51<4:06:00,  5.66s/it]
 68%|██████▊   | 5583/8189 [8:42:57<4:15:16,  5.88s/it]
 68%|██████▊   | 5584/8189 [8:43:03<4:11:59,  5.80s/it]
 68%|██████▊   | 5585/8189 [8:43:10<4:26:27,  6.14s/it]
 68%|██████▊   | 5586/8189 [8:43:17<4:37:57,  6.41s/it]
 68%|██████▊   | 5587/8189 [8:43:23<4:37:21,  6.40s/it]
 68%|██████▊   | 5588/8189 [8:43:29<4:27:26,  6.17s/it]
 68%|██████▊   | 5589/8189 [8:43:34<4:15:53,  5.91s/it]
 68%|██████▊   | 5590/8189 [8:43:39<4:03:14,  5.62s/it]
 68%|██████▊   | 5591/8189 [8:43:45<4:06:24,  5.69s/it]
 68%|██████▊   | 5592/8189 [8:43:51<4:06:39,  5.70s/it]
 68%|██████▊   | 5593/8189 [8:43:57<4:15:31,  5.91s/it]
 68%|██████▊   | 5594/8189 [8:44:02<4:06:52,  5.71s/it]
 68%|██████▊   | 5595/8189 [8:44:08<4:02:21,  5.61s/it]
 68%|██████▊   | 5596/8189 [8:44:13<3:59:45,  5.55s/it]
 68%|██████▊   | 5597/8189 [8:44:18<3:54:58,  5.44s/it]
 68%|██████▊   | 5598/8189 [8:44:24<4:00:55,  5.58s/it]
 68%|██████▊   | 5599/8189 [8:44:29<3:50:21,  5.34s/it]
 68%|██████▊   | 5600/8189 [8:44:34<3:41:59,  5.14s/it]
 68%|██████▊   | 5601/8189 [8:44:40<3:53:29,  5.41s/it]
 68%|██████▊   | 5602/8189 [8:44:45<3:49:18,  5.32s/it]
 68%|██████▊   | 5603/8189 [8:44:51<3:57:32,  5.51s/it]
 68%|██████▊   | 5604/8189 [8:44:55<3:40:13,  5.11s/it]
 68%|██████▊   | 5605/8189 [8:45:01<3:47:53,  5.29s/it]
 68%|██████▊   | 5606/8189 [8:45:06<3:43:57,  5.20s/it]
 68%|██████▊   | 5607/8189 [8:45:11<3:43:43,  5.20s/it]
 68%|██████▊   | 5608/8189 [8:45:15<3:34:03,  4.98s/it]
 68%|██████▊   | 5609/8189 [8:45:21<3:40:48,  5.13s/it]
 69%|██████▊   | 5610/8189 [8:45:27<3:46:51,  5.28s/it]
 69%|██████▊   | 5611/8189 [8:45:33<3:58:38,  5.55s/it]
 69%|██████▊   | 5612/8189 [8:45:38<3:58:32,  5.55s/it]
 69%|██████▊   | 5613/8189 [8:45:43<3:45:39,  5.26s/it]
 69%|██████▊   | 5614/8189 [8:45:49<3:52:40,  5.42s/it]
 69%|██████▊   | 5615/8189 [8:45:54<3:53:29,  5.44s/it]
 69%|██████▊   | 5616/8189 [8:46:00<3:56:15,  5.51s/it]
 69%|██████▊   | 5617/8189 [8:46:04<3:42:20,  5.19s/it]
 69%|██████▊   | 5618/8189 [8:46:09<3:39:14,  5.12s/it]
 69%|██████▊   | 5619/8189 [8:46:15<3:41:10,  5.16s/it]
 69%|██████▊   | 5620/8189 [8:46:20<3:40:54,  5.16s/it]
 69%|██████▊   | 5621/8189 [8:46:26<3:49:58,  5.37s/it]
 69%|██████▊   | 5622/8189 [8:46:31<3:46:29,  5.29s/it]
 69%|██████▊   | 5623/8189 [8:46:36<3:45:34,  5.27s/it]
 69%|██████▊   | 5624/8189 [8:46:41<3:41:14,  5.18s/it]
 69%|██████▊   | 5625/8189 [8:46:46<3:38:54,  5.12s/it]
 69%|██████▊   | 5626/8189 [8:46:51<3:39:03,  5.13s/it]
 69%|██████▊   | 5627/8189 [8:46:56<3:40:42,  5.17s/it]
 69%|██████▊   | 5628/8189 [8:47:02<3:48:03,  5.34s/it]
 69%|██████▊   | 5629/8189 [8:47:08<3:56:55,  5.55s/it]
 69%|██████▉   | 5630/8189 [8:47:14<3:59:08,  5.61s/it]
 69%|██████▉   | 5631/8189 [8:47:19<4:00:41,  5.65s/it]
 69%|██████▉   | 5632/8189 [8:47:25<3:58:33,  5.60s/it]
 69%|██████▉   | 5633/8189 [8:47:30<3:51:02,  5.42s/it]
 69%|██████▉   | 5634/8189 [8:47:35<3:50:32,  5.41s/it]
 69%|██████▉   | 5635/8189 [8:47:40<3:46:12,  5.31s/it]
 69%|██████▉   | 5636/8189 [8:47:46<3:53:25,  5.49s/it]
 69%|██████▉   | 5637/8189 [8:47:52<3:58:12,  5.60s/it]
 69%|██████▉   | 5638/8189 [8:47:57<3:48:54,  5.38s/it]
 69%|██████▉   | 5639/8189 [8:48:02<3:48:24,  5.37s/it]
 69%|██████▉   | 5640/8189 [8:48:08<3:49:34,  5.40s/it]
 69%|██████▉   | 5641/8189 [8:48:13<3:49:31,  5.40s/it]
 69%|██████▉   | 5642/8189 [8:48:18<3:46:12,  5.33s/it]
 69%|██████▉   | 5643/8189 [8:48:23<3:41:29,  5.22s/it]
 69%|██████▉   | 5644/8189 [8:48:30<3:56:47,  5.58s/it]
 69%|██████▉   | 5645/8189 [8:48:36<4:05:43,  5.80s/it]
 69%|██████▉   | 5646/8189 [8:48:42<3:59:46,  5.66s/it]
 69%|██████▉   | 5647/8189 [8:48:47<3:56:10,  5.57s/it]
 69%|██████▉   | 5648/8189 [8:48:53<4:05:15,  5.79s/it]
 69%|██████▉   | 5649/8189 [8:48:59<4:10:05,  5.91s/it]
 69%|██████▉   | 5650/8189 [8:49:06<4:14:33,  6.02s/it]
 69%|██████▉   | 5651/8189 [8:49:11<4:07:34,  5.85s/it]
 69%|██████▉   | 5652/8189 [8:49:16<3:51:27,  5.47s/it]
 69%|██████▉   | 5653/8189 [8:49:22<4:00:16,  5.68s/it]
 69%|██████▉   | 5654/8189 [8:49:29<4:16:02,  6.06s/it]
 69%|██████▉   | 5655/8189 [8:49:34<4:08:35,  5.89s/it]
 69%|██████▉   | 5656/8189 [8:49:41<4:16:48,  6.08s/it]
 69%|██████▉   | 5657/8189 [8:49:47<4:12:13,  5.98s/it]
 69%|██████▉   | 5658/8189 [8:49:53<4:14:42,  6.04s/it]
 69%|██████▉   | 5659/8189 [8:49:58<4:10:58,  5.95s/it]
 69%|██████▉   | 5660/8189 [8:50:04<4:01:14,  5.72s/it]
 69%|██████▉   | 5661/8189 [8:50:10<4:04:18,  5.80s/it]
 69%|██████▉   | 5662/8189 [8:50:16<4:06:08,  5.84s/it]
 69%|██████▉   | 5663/8189 [8:50:22<4:12:26,  6.00s/it]
 69%|██████▉   | 5664/8189 [8:50:28<4:14:51,  6.06s/it]
 69%|██████▉   | 5665/8189 [8:50:33<4:03:19,  5.78s/it]
 69%|██████▉   | 5666/8189 [8:50:38<3:48:53,  5.44s/it]
 69%|██████▉   | 5667/8189 [8:50:44<3:50:34,  5.49s/it]
 69%|██████▉   | 5668/8189 [8:50:49<3:56:32,  5.63s/it]
 69%|██████▉   | 5669/8189 [8:50:55<3:58:33,  5.68s/it]
 69%|██████▉   | 5670/8189 [8:51:01<4:04:12,  5.82s/it]
 69%|██████▉   | 5671/8189 [8:51:07<4:03:17,  5.80s/it]
 69%|██████▉   | 5672/8189 [8:51:13<4:01:25,  5.75s/it]
 69%|██████▉   | 5673/8189 [8:51:18<3:56:07,  5.63s/it]
 69%|██████▉   | 5674/8189 [8:51:24<3:55:00,  5.61s/it]
 69%|██████▉   | 5675/8189 [8:51:30<4:00:10,  5.73s/it]
 69%|██████▉   | 5676/8189 [8:51:36<4:00:16,  5.74s/it]
 69%|██████▉   | 5677/8189 [8:51:41<4:02:31,  5.79s/it]
 69%|██████▉   | 5678/8189 [8:51:47<4:00:12,  5.74s/it]
 69%|██████▉   | 5679/8189 [8:51:53<4:02:21,  5.79s/it]
 69%|██████▉   | 5680/8189 [8:51:58<3:51:18,  5.53s/it]
 69%|██████▉   | 5681/8189 [8:52:04<3:55:23,  5.63s/it]
 69%|██████▉   | 5682/8189 [8:52:10<4:04:28,  5.85s/it]
 69%|██████▉   | 5683/8189 [8:52:16<4:08:08,  5.94s/it]
 69%|██████▉   | 5684/8189 [8:52:22<4:05:44,  5.89s/it]
 69%|██████▉   | 5685/8189 [8:52:28<4:08:18,  5.95s/it]
 69%|██████▉   | 5686/8189 [8:52:33<4:00:23,  5.76s/it]
 69%|██████▉   | 5687/8189 [8:52:38<3:51:17,  5.55s/it]
 69%|██████▉   | 5688/8189 [8:52:42<3:28:16,  5.00s/it]
 69%|██████▉   | 5689/8189 [8:52:48<3:39:09,  5.26s/it]
 69%|██████▉   | 5690/8189 [8:52:54<3:42:44,  5.35s/it]
 69%|██████▉   | 5691/8189 [8:52:59<3:43:36,  5.37s/it]
 70%|██████▉   | 5692/8189 [8:53:05<3:47:31,  5.47s/it]
 70%|██████▉   | 5693/8189 [8:53:11<3:51:31,  5.57s/it]
 70%|██████▉   | 5694/8189 [8:53:16<3:53:03,  5.60s/it]
 70%|██████▉   | 5695/8189 [8:53:22<3:55:30,  5.67s/it]
 70%|██████▉   | 5696/8189 [8:53:27<3:49:16,  5.52s/it]
 70%|██████▉   | 5697/8189 [8:53:33<3:52:43,  5.60s/it]
 70%|██████▉   | 5698/8189 [8:53:39<3:55:30,  5.67s/it]
 70%|██████▉   | 5699/8189 [8:53:45<4:00:54,  5.80s/it]
 70%|██████▉   | 5700/8189 [8:53:50<3:52:13,  5.60s/it]
 70%|██████▉   | 5701/8189 [8:53:56<3:54:34,  5.66s/it]
 70%|██████▉   | 5702/8189 [8:54:02<4:00:00,  5.79s/it]
 70%|██████▉   | 5703/8189 [8:54:07<3:52:57,  5.62s/it]
 70%|██████▉   | 5704/8189 [8:54:13<3:58:37,  5.76s/it]
 70%|██████▉   | 5705/8189 [8:54:19<3:59:24,  5.78s/it]
 70%|██████▉   | 5706/8189 [8:54:25<4:00:41,  5.82s/it]
 70%|██████▉   | 5707/8189 [8:54:31<3:56:31,  5.72s/it]
 70%|██████▉   | 5708/8189 [8:54:36<3:55:12,  5.69s/it]
 70%|██████▉   | 5709/8189 [8:54:42<4:02:20,  5.86s/it]
 70%|██████▉   | 5710/8189 [8:54:49<4:07:25,  5.99s/it]
 70%|██████▉   | 5711/8189 [8:54:54<4:04:43,  5.93s/it]
 70%|██████▉   | 5712/8189 [8:55:00<3:57:29,  5.75s/it]
 70%|██████▉   | 5713/8189 [8:55:04<3:43:39,  5.42s/it]
 70%|██████▉   | 5714/8189 [8:55:10<3:42:12,  5.39s/it]
 70%|██████▉   | 5715/8189 [8:55:15<3:44:30,  5.44s/it]
 70%|██████▉   | 5716/8189 [8:55:21<3:49:49,  5.58s/it]
 70%|██████▉   | 5717/8189 [8:55:25<3:28:32,  5.06s/it]
 70%|██████▉   | 5718/8189 [8:55:30<3:31:37,  5.14s/it]
 70%|██████▉   | 5719/8189 [8:55:36<3:38:52,  5.32s/it]
 70%|██████▉   | 5720/8189 [8:55:41<3:38:24,  5.31s/it]
 70%|██████▉   | 5721/8189 [8:55:47<3:44:39,  5.46s/it]
 70%|██████▉   | 5722/8189 [8:55:54<3:55:05,  5.72s/it]
 70%|██████▉   | 5723/8189 [8:55:57<3:25:38,  5.00s/it]
 70%|██████▉   | 5724/8189 [8:56:03<3:33:16,  5.19s/it]
 70%|██████▉   | 5725/8189 [8:56:08<3:39:02,  5.33s/it]
 70%|██████▉   | 5726/8189 [8:56:12<3:15:28,  4.76s/it]
 70%|██████▉   | 5727/8189 [8:56:17<3:22:25,  4.93s/it]
 70%|██████▉   | 5728/8189 [8:56:23<3:33:25,  5.20s/it]
 70%|██████▉   | 5729/8189 [8:56:28<3:38:30,  5.33s/it]
 70%|██████▉   | 5730/8189 [8:56:34<3:39:08,  5.35s/it]
 70%|██████▉   | 5731/8189 [8:56:39<3:40:00,  5.37s/it]
 70%|██████▉   | 5732/8189 [8:56:46<3:53:06,  5.69s/it]
 70%|███████   | 5733/8189 [8:56:51<3:54:26,  5.73s/it]
 70%|███████   | 5734/8189 [8:56:57<3:52:27,  5.68s/it]
 70%|███████   | 5735/8189 [8:57:02<3:43:36,  5.47s/it]
 70%|███████   | 5736/8189 [8:57:08<3:54:55,  5.75s/it]
 70%|███████   | 5737/8189 [8:57:15<3:59:09,  5.85s/it]
 70%|███████   | 5738/8189 [8:57:20<3:59:38,  5.87s/it]
 70%|███████   | 5739/8189 [8:57:26<4:01:20,  5.91s/it]
 70%|███████   | 5740/8189 [8:57:33<4:04:01,  5.98s/it]
 70%|███████   | 5741/8189 [8:57:39<4:04:04,  5.98s/it]
 70%|███████   | 5742/8189 [8:57:44<4:01:43,  5.93s/it]
 70%|███████   | 5743/8189 [8:57:50<4:02:58,  5.96s/it]
 70%|███████   | 5744/8189 [8:57:55<3:49:15,  5.63s/it]
 70%|███████   | 5745/8189 [8:58:01<3:53:08,  5.72s/it]
 70%|███████   | 5746/8189 [8:58:07<3:50:55,  5.67s/it]
 70%|███████   | 5747/8189 [8:58:12<3:41:01,  5.43s/it]
 70%|███████   | 5748/8189 [8:58:17<3:42:49,  5.48s/it]
 70%|███████   | 5749/8189 [8:58:23<3:44:07,  5.51s/it]
 70%|███████   | 5750/8189 [8:58:28<3:35:55,  5.31s/it]
 70%|███████   | 5751/8189 [8:58:33<3:39:46,  5.41s/it]
 70%|███████   | 5752/8189 [8:58:39<3:49:36,  5.65s/it]
 70%|███████   | 5753/8189 [8:58:45<3:42:58,  5.49s/it]
 70%|███████   | 5754/8189 [8:58:50<3:45:30,  5.56s/it]
 70%|███████   | 5755/8189 [8:58:56<3:43:10,  5.50s/it]
 70%|███████   | 5756/8189 [8:59:01<3:40:02,  5.43s/it]
 70%|███████   | 5757/8189 [8:59:07<3:42:38,  5.49s/it]
 70%|███████   | 5758/8189 [8:59:13<3:51:37,  5.72s/it]
 70%|███████   | 5759/8189 [8:59:18<3:48:01,  5.63s/it]
 70%|███████   | 5760/8189 [8:59:23<3:40:59,  5.46s/it]
 70%|███████   | 5761/8189 [8:59:29<3:38:02,  5.39s/it]
 70%|███████   | 5762/8189 [8:59:34<3:35:37,  5.33s/it]
 70%|███████   | 5763/8189 [8:59:40<3:46:10,  5.59s/it]
 70%|███████   | 5764/8189 [8:59:46<3:46:12,  5.60s/it]
 70%|███████   | 5765/8189 [8:59:51<3:41:14,  5.48s/it]
 70%|███████   | 5766/8189 [8:59:54<3:15:50,  4.85s/it]
 70%|███████   | 5767/8189 [9:00:00<3:22:40,  5.02s/it]
 70%|███████   | 5768/8189 [9:00:05<3:30:25,  5.22s/it]
 70%|███████   | 5769/8189 [9:00:10<3:26:46,  5.13s/it]
 70%|███████   | 5770/8189 [9:00:16<3:33:55,  5.31s/it]
 70%|███████   | 5771/8189 [9:00:22<3:42:11,  5.51s/it]
 70%|███████   | 5772/8189 [9:00:28<3:46:21,  5.62s/it]
 70%|███████   | 5773/8189 [9:00:33<3:43:43,  5.56s/it]
 71%|███████   | 5774/8189 [9:00:38<3:39:47,  5.46s/it]
 71%|███████   | 5775/8189 [9:00:44<3:41:02,  5.49s/it]
 71%|███████   | 5776/8189 [9:00:50<3:43:25,  5.56s/it]
 71%|███████   | 5777/8189 [9:00:55<3:41:46,  5.52s/it]
 71%|███████   | 5778/8189 [9:01:01<3:46:45,  5.64s/it]
 71%|███████   | 5779/8189 [9:01:06<3:43:10,  5.56s/it]
 71%|███████   | 5780/8189 [9:01:12<3:45:03,  5.61s/it]
 71%|███████   | 5781/8189 [9:01:17<3:41:34,  5.52s/it]
 71%|███████   | 5782/8189 [9:01:22<3:31:52,  5.28s/it]
 71%|███████   | 5783/8189 [9:01:27<3:21:55,  5.04s/it]
 71%|███████   | 5784/8189 [9:01:32<3:29:49,  5.23s/it]
 71%|███████   | 5785/8189 [9:01:38<3:34:42,  5.36s/it]
 71%|███████   | 5786/8189 [9:01:43<3:33:18,  5.33s/it]
 71%|███████   | 5787/8189 [9:01:49<3:36:22,  5.41s/it]
 71%|███████   | 5788/8189 [9:01:55<3:42:11,  5.55s/it]
 71%|███████   | 5789/8189 [9:02:00<3:39:50,  5.50s/it]
 71%|███████   | 5790/8189 [9:02:05<3:30:02,  5.25s/it]
 71%|███████   | 5791/8189 [9:02:10<3:28:19,  5.21s/it]
 71%|███████   | 5792/8189 [9:02:15<3:31:28,  5.29s/it]
 71%|███████   | 5793/8189 [9:02:21<3:33:31,  5.35s/it]
 71%|███████   | 5794/8189 [9:02:26<3:30:08,  5.26s/it]
 71%|███████   | 5795/8189 [9:02:31<3:23:42,  5.11s/it]
 71%|███████   | 5796/8189 [9:02:36<3:24:39,  5.13s/it]
 71%|███████   | 5797/8189 [9:02:42<3:32:52,  5.34s/it]
 71%|███████   | 5798/8189 [9:02:46<3:24:54,  5.14s/it]
 71%|███████   | 5799/8189 [9:02:52<3:30:25,  5.28s/it]
 71%|███████   | 5800/8189 [9:02:57<3:32:09,  5.33s/it]
 71%|███████   | 5801/8189 [9:03:03<3:38:13,  5.48s/it]
 71%|███████   | 5802/8189 [9:03:09<3:41:38,  5.57s/it]
 71%|███████   | 5803/8189 [9:03:14<3:38:32,  5.50s/it]
 71%|███████   | 5804/8189 [9:03:20<3:44:03,  5.64s/it]
 71%|███████   | 5805/8189 [9:03:25<3:37:56,  5.49s/it]
 71%|███████   | 5806/8189 [9:03:30<3:25:24,  5.17s/it]
 71%|███████   | 5807/8189 [9:03:36<3:34:30,  5.40s/it]
 71%|███████   | 5808/8189 [9:03:40<3:24:05,  5.14s/it]
 71%|███████   | 5809/8189 [9:03:45<3:16:52,  4.96s/it]
 71%|███████   | 5810/8189 [9:03:50<3:19:14,  5.02s/it]
 71%|███████   | 5811/8189 [9:03:55<3:24:27,  5.16s/it]
 71%|███████   | 5812/8189 [9:04:01<3:34:24,  5.41s/it]
 71%|███████   | 5813/8189 [9:04:06<3:21:25,  5.09s/it]
 71%|███████   | 5814/8189 [9:04:12<3:29:34,  5.29s/it]
 71%|███████   | 5815/8189 [9:04:17<3:34:28,  5.42s/it]
 71%|███████   | 5816/8189 [9:04:24<3:46:44,  5.73s/it]
 71%|███████   | 5817/8189 [9:04:29<3:44:05,  5.67s/it]
 71%|███████   | 5818/8189 [9:04:34<3:34:04,  5.42s/it]
 71%|███████   | 5819/8189 [9:04:40<3:40:19,  5.58s/it]
 71%|███████   | 5820/8189 [9:04:45<3:37:17,  5.50s/it]
 71%|███████   | 5821/8189 [9:04:51<3:37:27,  5.51s/it]
 71%|███████   | 5822/8189 [9:04:57<3:41:39,  5.62s/it]
 71%|███████   | 5823/8189 [9:05:02<3:35:04,  5.45s/it]
 71%|███████   | 5824/8189 [9:05:08<3:39:31,  5.57s/it]
 71%|███████   | 5825/8189 [9:05:14<3:44:45,  5.70s/it]
 71%|███████   | 5826/8189 [9:05:20<3:47:04,  5.77s/it]
 71%|███████   | 5827/8189 [9:05:26<3:52:35,  5.91s/it]
 71%|███████   | 5828/8189 [9:05:31<3:47:37,  5.78s/it]
 71%|███████   | 5829/8189 [9:05:37<3:47:54,  5.79s/it]
 71%|███████   | 5830/8189 [9:05:43<3:43:56,  5.70s/it]
 71%|███████   | 5831/8189 [9:05:48<3:42:24,  5.66s/it]
 71%|███████   | 5832/8189 [9:05:54<3:46:09,  5.76s/it]
 71%|███████   | 5833/8189 [9:06:00<3:51:04,  5.88s/it]
 71%|███████   | 5834/8189 [9:06:06<3:47:04,  5.79s/it]
 71%|███████▏  | 5835/8189 [9:06:12<3:47:06,  5.79s/it]
 71%|███████▏  | 5836/8189 [9:06:18<3:54:20,  5.98s/it]
 71%|███████▏  | 5837/8189 [9:06:24<3:53:03,  5.95s/it]
 71%|███████▏  | 5838/8189 [9:06:30<3:49:49,  5.87s/it]
 71%|███████▏  | 5839/8189 [9:06:35<3:37:23,  5.55s/it]
 71%|███████▏  | 5840/8189 [9:06:40<3:37:18,  5.55s/it]
 71%|███████▏  | 5841/8189 [9:06:45<3:33:20,  5.45s/it]
 71%|███████▏  | 5842/8189 [9:06:51<3:37:59,  5.57s/it]
 71%|███████▏  | 5843/8189 [9:06:57<3:37:32,  5.56s/it]
 71%|███████▏  | 5844/8189 [9:07:02<3:36:21,  5.54s/it]
 71%|███████▏  | 5845/8189 [9:07:08<3:42:01,  5.68s/it]
 71%|███████▏  | 5846/8189 [9:07:14<3:38:53,  5.61s/it]
 71%|███████▏  | 5847/8189 [9:07:19<3:33:01,  5.46s/it]
 71%|███████▏  | 5848/8189 [9:07:24<3:33:53,  5.48s/it]
 71%|███████▏  | 5849/8189 [9:07:29<3:22:11,  5.18s/it]
 71%|███████▏  | 5850/8189 [9:07:34<3:27:44,  5.33s/it]
 71%|███████▏  | 5851/8189 [9:07:40<3:30:29,  5.40s/it]
 71%|███████▏  | 5852/8189 [9:07:46<3:33:23,  5.48s/it]
 71%|███████▏  | 5853/8189 [9:07:52<3:39:31,  5.64s/it]
 71%|███████▏  | 5854/8189 [9:07:57<3:40:48,  5.67s/it]
 71%|███████▏  | 5855/8189 [9:08:04<3:47:09,  5.84s/it]
 72%|███████▏  | 5856/8189 [9:08:10<3:47:50,  5.86s/it]
 72%|███████▏  | 5857/8189 [9:08:15<3:41:32,  5.70s/it]
 72%|███████▏  | 5858/8189 [9:08:20<3:38:59,  5.64s/it]
 72%|███████▏  | 5859/8189 [9:08:26<3:41:08,  5.69s/it]
 72%|███████▏  | 5860/8189 [9:08:31<3:34:32,  5.53s/it]
 72%|███████▏  | 5861/8189 [9:08:37<3:32:53,  5.49s/it]
 72%|███████▏  | 5862/8189 [9:08:43<3:37:24,  5.61s/it]
 72%|███████▏  | 5863/8189 [9:08:48<3:33:48,  5.52s/it]
 72%|███████▏  | 5864/8189 [9:08:55<3:49:26,  5.92s/it]
 72%|███████▏  | 5865/8189 [9:09:00<3:42:14,  5.74s/it]
 72%|███████▏  | 5866/8189 [9:09:06<3:48:32,  5.90s/it]
 72%|███████▏  | 5867/8189 [9:09:12<3:48:36,  5.91s/it]
 72%|███████▏  | 5868/8189 [9:09:18<3:50:45,  5.97s/it]
 72%|███████▏  | 5869/8189 [9:09:24<3:51:59,  6.00s/it]
 72%|███████▏  | 5870/8189 [9:09:31<3:52:16,  6.01s/it]
 72%|███████▏  | 5871/8189 [9:09:37<3:54:40,  6.07s/it]
 72%|███████▏  | 5872/8189 [9:09:42<3:42:26,  5.76s/it]
 72%|███████▏  | 5873/8189 [9:09:47<3:36:54,  5.62s/it]
 72%|███████▏  | 5874/8189 [9:09:53<3:40:34,  5.72s/it]
 72%|███████▏  | 5875/8189 [9:09:59<3:41:35,  5.75s/it]
 72%|███████▏  | 5876/8189 [9:10:05<3:45:09,  5.84s/it]
 72%|███████▏  | 5877/8189 [9:10:10<3:36:53,  5.63s/it]
 72%|███████▏  | 5878/8189 [9:10:16<3:43:38,  5.81s/it]
 72%|███████▏  | 5879/8189 [9:10:21<3:35:34,  5.60s/it]
 72%|███████▏  | 5880/8189 [9:10:27<3:34:07,  5.56s/it]
 72%|███████▏  | 5881/8189 [9:10:32<3:29:25,  5.44s/it]
 72%|███████▏  | 5882/8189 [9:10:38<3:35:04,  5.59s/it]
 72%|███████▏  | 5883/8189 [9:10:43<3:33:27,  5.55s/it]
 72%|███████▏  | 5884/8189 [9:10:50<3:40:17,  5.73s/it]
 72%|███████▏  | 5885/8189 [9:10:55<3:36:59,  5.65s/it]
 72%|███████▏  | 5886/8189 [9:11:01<3:37:45,  5.67s/it]
 72%|███████▏  | 5887/8189 [9:11:06<3:34:37,  5.59s/it]
 72%|███████▏  | 5888/8189 [9:11:12<3:32:16,  5.54s/it]
 72%|███████▏  | 5889/8189 [9:11:17<3:34:53,  5.61s/it]
 72%|███████▏  | 5890/8189 [9:11:22<3:24:13,  5.33s/it]
 72%|███████▏  | 5891/8189 [9:11:28<3:31:07,  5.51s/it]
 72%|███████▏  | 5892/8189 [9:11:33<3:29:24,  5.47s/it]
 72%|███████▏  | 5893/8189 [9:11:39<3:30:07,  5.49s/it]
 72%|███████▏  | 5894/8189 [9:11:44<3:23:29,  5.32s/it]
 72%|███████▏  | 5895/8189 [9:11:50<3:29:52,  5.49s/it]
 72%|███████▏  | 5896/8189 [9:11:56<3:33:59,  5.60s/it]
 72%|███████▏  | 5897/8189 [9:12:02<3:42:26,  5.82s/it]
 72%|███████▏  | 5898/8189 [9:12:08<3:42:56,  5.84s/it]
 72%|███████▏  | 5899/8189 [9:12:13<3:40:57,  5.79s/it]
 72%|███████▏  | 5900/8189 [9:12:18<3:29:28,  5.49s/it]
 72%|███████▏  | 5901/8189 [9:12:24<3:28:27,  5.47s/it]
 72%|███████▏  | 5902/8189 [9:12:29<3:26:45,  5.42s/it]
 72%|███████▏  | 5903/8189 [9:12:35<3:33:03,  5.59s/it]
 72%|███████▏  | 5904/8189 [9:12:42<3:44:34,  5.90s/it]
 72%|███████▏  | 5905/8189 [9:12:48<3:46:12,  5.94s/it]
 72%|███████▏  | 5906/8189 [9:12:54<3:46:15,  5.95s/it]
 72%|███████▏  | 5907/8189 [9:13:00<3:48:54,  6.02s/it]
 72%|███████▏  | 5908/8189 [9:13:05<3:42:15,  5.85s/it]
 72%|███████▏  | 5909/8189 [9:13:11<3:41:40,  5.83s/it]
 72%|███████▏  | 5910/8189 [9:13:17<3:43:51,  5.89s/it]
 72%|███████▏  | 5911/8189 [9:13:23<3:46:02,  5.95s/it]
 72%|███████▏  | 5912/8189 [9:13:29<3:47:03,  5.98s/it]
 72%|███████▏  | 5913/8189 [9:13:35<3:44:39,  5.92s/it]
 72%|███████▏  | 5914/8189 [9:13:42<3:54:51,  6.19s/it]
 72%|███████▏  | 5915/8189 [9:13:47<3:45:13,  5.94s/it]
 72%|███████▏  | 5916/8189 [9:13:52<3:37:26,  5.74s/it]
 72%|███████▏  | 5917/8189 [9:13:58<3:35:29,  5.69s/it]
 72%|███████▏  | 5918/8189 [9:14:04<3:41:14,  5.85s/it]
 72%|███████▏  | 5919/8189 [9:14:10<3:42:32,  5.88s/it]
 72%|███████▏  | 5920/8189 [9:14:16<3:44:41,  5.94s/it]
 72%|███████▏  | 5921/8189 [9:14:21<3:26:54,  5.47s/it]
 72%|███████▏  | 5922/8189 [9:14:26<3:30:04,  5.56s/it]
 72%|███████▏  | 5923/8189 [9:14:32<3:34:43,  5.69s/it]
 72%|███████▏  | 5924/8189 [9:14:38<3:31:58,  5.62s/it]
 72%|███████▏  | 5925/8189 [9:14:43<3:23:26,  5.39s/it]
 72%|███████▏  | 5926/8189 [9:14:48<3:28:06,  5.52s/it]
 72%|███████▏  | 5927/8189 [9:14:55<3:38:04,  5.78s/it]
 72%|███████▏  | 5928/8189 [9:15:02<3:53:56,  6.21s/it]
 72%|███████▏  | 5929/8189 [9:15:08<3:51:53,  6.16s/it]
 72%|███████▏  | 5930/8189 [9:15:15<3:55:46,  6.26s/it]
 72%|███████▏  | 5931/8189 [9:15:21<3:54:13,  6.22s/it]
 72%|███████▏  | 5932/8189 [9:15:27<3:52:03,  6.17s/it]
 72%|███████▏  | 5933/8189 [9:15:32<3:43:15,  5.94s/it]
 72%|███████▏  | 5934/8189 [9:15:37<3:33:16,  5.67s/it]
 72%|███████▏  | 5935/8189 [9:15:42<3:27:22,  5.52s/it]
 72%|███████▏  | 5936/8189 [9:15:47<3:16:18,  5.23s/it]
 72%|███████▏  | 5937/8189 [9:15:53<3:20:35,  5.34s/it]
 73%|███████▎  | 5938/8189 [9:15:58<3:25:51,  5.49s/it]
 73%|███████▎  | 5939/8189 [9:16:04<3:25:38,  5.48s/it]
 73%|███████▎  | 5940/8189 [9:16:09<3:23:53,  5.44s/it]
 73%|███████▎  | 5941/8189 [9:16:15<3:22:17,  5.40s/it]
 73%|███████▎  | 5942/8189 [9:16:20<3:23:19,  5.43s/it]
 73%|███████▎  | 5943/8189 [9:16:26<3:28:35,  5.57s/it]
 73%|███████▎  | 5944/8189 [9:16:32<3:33:59,  5.72s/it]
 73%|███████▎  | 5945/8189 [9:16:37<3:26:23,  5.52s/it]
 73%|███████▎  | 5946/8189 [9:16:43<3:30:32,  5.63s/it]
 73%|███████▎  | 5947/8189 [9:16:49<3:32:47,  5.69s/it]
 73%|███████▎  | 5948/8189 [9:16:55<3:34:50,  5.75s/it]
 73%|███████▎  | 5949/8189 [9:17:01<3:42:14,  5.95s/it]
 73%|███████▎  | 5950/8189 [9:17:06<3:26:29,  5.53s/it]
 73%|███████▎  | 5951/8189 [9:17:11<3:26:45,  5.54s/it]
 73%|███████▎  | 5952/8189 [9:17:17<3:32:18,  5.69s/it]
 73%|███████▎  | 5953/8189 [9:17:23<3:37:08,  5.83s/it]
 73%|███████▎  | 5954/8189 [9:17:30<3:44:09,  6.02s/it]
 73%|███████▎  | 5955/8189 [9:17:36<3:44:19,  6.02s/it]
 73%|███████▎  | 5956/8189 [9:17:42<3:45:07,  6.05s/it]
 73%|███████▎  | 5957/8189 [9:17:48<3:44:00,  6.02s/it]
 73%|███████▎  | 5958/8189 [9:17:52<3:20:00,  5.38s/it]
 73%|███████▎  | 5959/8189 [9:17:58<3:27:52,  5.59s/it]
 73%|███████▎  | 5960/8189 [9:18:03<3:23:53,  5.49s/it]
 73%|███████▎  | 5961/8189 [9:18:09<3:29:12,  5.63s/it]
 73%|███████▎  | 5962/8189 [9:18:14<3:18:49,  5.36s/it]
 73%|███████▎  | 5963/8189 [9:18:19<3:12:55,  5.20s/it]
 73%|███████▎  | 5964/8189 [9:18:24<3:15:03,  5.26s/it]
 73%|███████▎  | 5965/8189 [9:18:29<3:14:37,  5.25s/it]
 73%|███████▎  | 5966/8189 [9:18:34<3:12:10,  5.19s/it]
 73%|███████▎  | 5967/8189 [9:18:39<3:10:35,  5.15s/it]
 73%|███████▎  | 5968/8189 [9:18:45<3:11:59,  5.19s/it]
 73%|███████▎  | 5969/8189 [9:18:50<3:08:15,  5.09s/it]
 73%|███████▎  | 5970/8189 [9:18:55<3:16:11,  5.30s/it]
 73%|███████▎  | 5971/8189 [9:19:01<3:19:35,  5.40s/it]
 73%|███████▎  | 5972/8189 [9:19:06<3:10:59,  5.17s/it]
 73%|███████▎  | 5973/8189 [9:19:11<3:15:15,  5.29s/it]
 73%|███████▎  | 5974/8189 [9:19:17<3:22:51,  5.50s/it]
 73%|███████▎  | 5975/8189 [9:19:23<3:22:05,  5.48s/it]
 73%|███████▎  | 5976/8189 [9:19:28<3:18:38,  5.39s/it]
 73%|███████▎  | 5977/8189 [9:19:34<3:27:32,  5.63s/it]
 73%|███████▎  | 5978/8189 [9:19:39<3:22:51,  5.51s/it]
 73%|███████▎  | 5979/8189 [9:19:46<3:34:06,  5.81s/it]
 73%|███████▎  | 5980/8189 [9:19:52<3:38:36,  5.94s/it]
 73%|███████▎  | 5981/8189 [9:19:57<3:31:40,  5.75s/it]
 73%|███████▎  | 5982/8189 [9:20:03<3:32:07,  5.77s/it]
 73%|███████▎  | 5983/8189 [9:20:09<3:32:00,  5.77s/it]
 73%|███████▎  | 5984/8189 [9:20:14<3:28:53,  5.68s/it]
 73%|███████▎  | 5985/8189 [9:20:21<3:37:59,  5.93s/it]
 73%|███████▎  | 5986/8189 [9:20:26<3:25:49,  5.61s/it]
 73%|███████▎  | 5987/8189 [9:20:31<3:26:45,  5.63s/it]
 73%|███████▎  | 5988/8189 [9:20:37<3:26:46,  5.64s/it]
 73%|███████▎  | 5989/8189 [9:20:43<3:25:59,  5.62s/it]
 73%|███████▎  | 5990/8189 [9:20:49<3:32:20,  5.79s/it]
 73%|███████▎  | 5991/8189 [9:20:54<3:31:05,  5.76s/it]
 73%|███████▎  | 5992/8189 [9:21:00<3:27:49,  5.68s/it]
 73%|███████▎  | 5993/8189 [9:21:06<3:28:25,  5.69s/it]
 73%|███████▎  | 5994/8189 [9:21:11<3:24:56,  5.60s/it]
 73%|███████▎  | 5995/8189 [9:21:17<3:32:19,  5.81s/it]
 73%|███████▎  | 5996/8189 [9:21:23<3:33:23,  5.84s/it]
 73%|███████▎  | 5997/8189 [9:21:29<3:37:14,  5.95s/it]
 73%|███████▎  | 5998/8189 [9:21:34<3:25:10,  5.62s/it]
 73%|███████▎  | 5999/8189 [9:21:40<3:24:37,  5.61s/it]
 73%|███████▎  | 6000/8189 [9:21:45<3:20:35,  5.50s/it]
                                                       

 73%|███████▎  | 6000/8189 [9:21:45<3:20:35,  5.50s/it]

Batches:   0%|          | 0/9 [00:00<?, ?it/s][A

Batches:  44%|████▍     | 4/9 [00:00<00:00, 38.54it/s][A

Batches: 100%|██████████| 9/9 [00:00<00:00, 43.70it/s][A
Batches: 100%|██████████| 9/9 [00:00<00:00, 42.73it/s]


Corpus Chunks:   0%|          | 0/1 [00:00<?, ?it/s][A


Batches:   0%|          | 0/9 [00:00<?, ?it/s][A[A


Batches:  56%|█████▌    | 5/9 [00:00<00:00, 42.26it/s][A[A
Batches: 100%|██████████| 9/9 [00:00<00:00, 46.98it/s]


Corpus Chunks: 100%|██████████| 1/1 [00:00<00:00,  5.03it/s][A
Corpus Chunks: 100%|██████████| 1/1 [00:00<00:00,  5.01it/s]


Batches:   0%|          | 0/7 [00:00<?, ?it/s][A

Batches: 100%|██████████| 7/7 [00:00<00:00, 67.05it/s][A
Batches: 100%|██████████| 7/7 [00:00<00:00, 66.67it/s]


Batches:   0%|          | 0/7 [00:00<?, ?it/s][A

Batches: 100%|██████████| 7/7 [00:00<00:00, 64.21it/s][A
Batches: 100%|██████████| 7/7 [00:00<00:00, 63.90it/s]


Batches:   0%|          | 0/7 [00:00<?, ?it/s][A
Batches: 100%|██████████| 7/7 [00:00<00:00, 69.93it/s]

                                                       

 73%|███████▎  | 6000/8189 [9:21:46<3:20:35,  5.50s/it]

Writing model shards:   0%|          | 0/1 [00:00<?, ?it/s][A

Writing model shards: 100%|██████████| 1/1 [00:01<00:00,  1.25s/it][A
Writing model shards: 100%|██████████| 1/1 [00:01<00:00,  1.25s/it]

 73%|███████▎  | 6001/8189 [9:21:57<4:26:12,  7.30s/it]
 73%|███████▎  | 6002/8189 [9:22:03<4:12:49,  6.94s/it]
 73%|███████▎  | 6003/8189 [9:22:09<4:00:46,  6.61s/it]
 73%|███████▎  | 6004/8189 [9:22:15<3:56:41,  6.50s/it]
 73%|███████▎  | 6005/8189 [9:22:21<3:56:20,  6.49s/it]
 73%|███████▎  | 6006/8189 [9:22:26<3:40:37,  6.06s/it]
 73%|███████▎  | 6007/8189 [9:22:32<3:41:20,  6.09s/it]
 73%|███████▎  | 6008/8189 [9:22:38<3:30:02,  5.78s/it]
 73%|███████▎  | 6009/8189 [9:22:43<3:22:24,  5.57s/it]
 73%|███████▎  | 6010/8189 [9:22:48<3:21:08,  5.54s/it]
 73%|███████▎  | 6011/8189 [9:22:54<3:21:57,  5.56s/it]
 73%|███████▎  | 6012/8189 [9:22:59<3:21:31,  5.55s/it]
 73%|███████▎  | 6013/8189 [9:23:06<3:31:39,  5.84s/it]
 73%|███████▎  | 6014/8189 [9:23:12<3:35:02,  5.93s/it]
 73%|███████▎  | 6015/8189 [9:23:18<3:35:06,  5.94s/it]
 73%|███████▎  | 6016/8189 [9:23:23<3:30:55,  5.82s/it]
 73%|███████▎  | 6017/8189 [9:23:30<3:37:11,  6.00s/it]
 73%|███████▎  | 6018/8189 [9:23:36<3:41:16,  6.12s/it]
 74%|███████▎  | 6019/8189 [9:23:41<3:31:26,  5.85s/it]
 74%|███████▎  | 6020/8189 [9:23:47<3:30:26,  5.82s/it]
 74%|███████▎  | 6021/8189 [9:23:53<3:33:51,  5.92s/it]
 74%|███████▎  | 6022/8189 [9:23:58<3:23:20,  5.63s/it]
 74%|███████▎  | 6023/8189 [9:24:05<3:30:05,  5.82s/it]
 74%|███████▎  | 6024/8189 [9:24:11<3:31:55,  5.87s/it]
 74%|███████▎  | 6025/8189 [9:24:17<3:33:21,  5.92s/it]
 74%|███████▎  | 6026/8189 [9:24:22<3:31:28,  5.87s/it]
 74%|███████▎  | 6027/8189 [9:24:28<3:29:42,  5.82s/it]
 74%|███████▎  | 6028/8189 [9:24:34<3:35:15,  5.98s/it]
 74%|███████▎  | 6029/8189 [9:24:40<3:36:22,  6.01s/it]
 74%|███████▎  | 6030/8189 [9:24:47<3:37:35,  6.05s/it]
 74%|███████▎  | 6031/8189 [9:24:52<3:28:13,  5.79s/it]
 74%|███████▎  | 6032/8189 [9:24:58<3:30:22,  5.85s/it]
 74%|███████▎  | 6033/8189 [9:25:03<3:19:42,  5.56s/it]
 74%|███████▎  | 6034/8189 [9:25:08<3:16:51,  5.48s/it]
 74%|███████▎  | 6035/8189 [9:25:13<3:12:09,  5.35s/it]
 74%|███████▎  | 6036/8189 [9:25:17<3:01:56,  5.07s/it]
 74%|███████▎  | 6037/8189 [9:25:22<2:58:12,  4.97s/it]
 74%|███████▎  | 6038/8189 [9:25:28<3:06:20,  5.20s/it]
 74%|███████▎  | 6039/8189 [9:25:33<3:07:05,  5.22s/it]
 74%|███████▍  | 6040/8189 [9:25:38<3:07:13,  5.23s/it]
 74%|███████▍  | 6041/8189 [9:25:44<3:08:52,  5.28s/it]
 74%|███████▍  | 6042/8189 [9:25:49<3:12:47,  5.39s/it]
 74%|███████▍  | 6043/8189 [9:25:55<3:16:00,  5.48s/it]
 74%|███████▍  | 6044/8189 [9:26:00<3:14:06,  5.43s/it]
 74%|███████▍  | 6045/8189 [9:26:06<3:19:15,  5.58s/it]
 74%|███████▍  | 6046/8189 [9:26:13<3:28:41,  5.84s/it]
 74%|███████▍  | 6047/8189 [9:26:19<3:27:44,  5.82s/it]
 74%|███████▍  | 6048/8189 [9:26:24<3:23:42,  5.71s/it]
 74%|███████▍  | 6049/8189 [9:26:30<3:22:57,  5.69s/it]
 74%|███████▍  | 6050/8189 [9:26:36<3:25:13,  5.76s/it]
 74%|███████▍  | 6051/8189 [9:26:42<3:29:30,  5.88s/it]
 74%|███████▍  | 6052/8189 [9:26:48<3:28:28,  5.85s/it]
 74%|███████▍  | 6053/8189 [9:26:53<3:28:38,  5.86s/it]
 74%|███████▍  | 6054/8189 [9:26:59<3:25:31,  5.78s/it]
 74%|███████▍  | 6055/8189 [9:27:05<3:25:43,  5.78s/it]
 74%|███████▍  | 6056/8189 [9:27:10<3:18:17,  5.58s/it]
 74%|███████▍  | 6057/8189 [9:27:15<3:17:43,  5.56s/it]
 74%|███████▍  | 6058/8189 [9:27:21<3:16:18,  5.53s/it]
 74%|███████▍  | 6059/8189 [9:27:26<3:14:22,  5.48s/it]
 74%|███████▍  | 6060/8189 [9:27:32<3:13:09,  5.44s/it]
 74%|███████▍  | 6061/8189 [9:27:36<3:05:03,  5.22s/it]
 74%|███████▍  | 6062/8189 [9:27:41<3:03:38,  5.18s/it]
 74%|███████▍  | 6063/8189 [9:27:47<3:07:35,  5.29s/it]
 74%|███████▍  | 6064/8189 [9:27:53<3:12:26,  5.43s/it]
 74%|███████▍  | 6065/8189 [9:27:58<3:13:54,  5.48s/it]
 74%|███████▍  | 6066/8189 [9:28:04<3:19:56,  5.65s/it]
 74%|███████▍  | 6067/8189 [9:28:10<3:23:24,  5.75s/it]
 74%|███████▍  | 6068/8189 [9:28:16<3:24:29,  5.78s/it]
 74%|███████▍  | 6069/8189 [9:28:21<3:17:18,  5.58s/it]
 74%|███████▍  | 6070/8189 [9:28:27<3:20:19,  5.67s/it]
 74%|███████▍  | 6071/8189 [9:28:33<3:22:58,  5.75s/it]
 74%|███████▍  | 6072/8189 [9:28:38<3:17:21,  5.59s/it]
 74%|███████▍  | 6073/8189 [9:28:44<3:17:50,  5.61s/it]
 74%|███████▍  | 6074/8189 [9:28:50<3:18:27,  5.63s/it]
 74%|███████▍  | 6075/8189 [9:28:56<3:23:26,  5.77s/it]
 74%|███████▍  | 6076/8189 [9:29:01<3:17:38,  5.61s/it]
 74%|███████▍  | 6077/8189 [9:29:07<3:20:16,  5.69s/it]
 74%|███████▍  | 6078/8189 [9:29:13<3:26:26,  5.87s/it]
 74%|███████▍  | 6079/8189 [9:29:19<3:30:41,  5.99s/it]
 74%|███████▍  | 6080/8189 [9:29:26<3:35:01,  6.12s/it]
 74%|███████▍  | 6081/8189 [9:29:33<3:40:48,  6.28s/it]
 74%|███████▍  | 6082/8189 [9:29:38<3:37:11,  6.18s/it]
 74%|███████▍  | 6083/8189 [9:29:44<3:32:44,  6.06s/it]
 74%|███████▍  | 6084/8189 [9:29:49<3:21:36,  5.75s/it]
 74%|███████▍  | 6085/8189 [9:29:55<3:23:43,  5.81s/it]
 74%|███████▍  | 6086/8189 [9:30:00<3:13:51,  5.53s/it]
 74%|███████▍  | 6087/8189 [9:30:06<3:14:07,  5.54s/it]
 74%|███████▍  | 6088/8189 [9:30:11<3:11:25,  5.47s/it]
 74%|███████▍  | 6089/8189 [9:30:17<3:19:20,  5.70s/it]
 74%|███████▍  | 6090/8189 [9:30:23<3:18:55,  5.69s/it]
 74%|███████▍  | 6091/8189 [9:30:28<3:16:57,  5.63s/it]
 74%|███████▍  | 6092/8189 [9:30:34<3:19:19,  5.70s/it]
 74%|███████▍  | 6093/8189 [9:30:39<3:04:18,  5.28s/it]
 74%|███████▍  | 6094/8189 [9:30:44<3:05:49,  5.32s/it]
 74%|███████▍  | 6095/8189 [9:30:50<3:12:21,  5.51s/it]
 74%|███████▍  | 6096/8189 [9:30:55<3:11:03,  5.48s/it]
 74%|███████▍  | 6097/8189 [9:31:01<3:09:34,  5.44s/it]
 74%|███████▍  | 6098/8189 [9:31:06<3:13:08,  5.54s/it]
 74%|███████▍  | 6099/8189 [9:31:11<3:03:28,  5.27s/it]
 74%|███████▍  | 6100/8189 [9:31:17<3:13:57,  5.57s/it]
 75%|███████▍  | 6101/8189 [9:31:24<3:23:38,  5.85s/it]
 75%|███████▍  | 6102/8189 [9:31:30<3:28:22,  5.99s/it]
 75%|███████▍  | 6103/8189 [9:31:37<3:35:49,  6.21s/it]
 75%|███████▍  | 6104/8189 [9:31:43<3:32:41,  6.12s/it]
 75%|███████▍  | 6105/8189 [9:31:48<3:25:43,  5.92s/it]
 75%|███████▍  | 6106/8189 [9:31:54<3:22:27,  5.83s/it]
 75%|███████▍  | 6107/8189 [9:32:00<3:20:22,  5.77s/it]
 75%|███████▍  | 6108/8189 [9:32:07<3:34:48,  6.19s/it]
 75%|███████▍  | 6109/8189 [9:32:13<3:38:25,  6.30s/it]
 75%|███████▍  | 6110/8189 [9:32:18<3:26:19,  5.95s/it]
 75%|███████▍  | 6111/8189 [9:32:24<3:21:44,  5.82s/it]
 75%|███████▍  | 6112/8189 [9:32:29<3:13:31,  5.59s/it]
 75%|███████▍  | 6113/8189 [9:32:34<3:04:23,  5.33s/it]
 75%|███████▍  | 6114/8189 [9:32:38<2:58:29,  5.16s/it]
 75%|███████▍  | 6115/8189 [9:32:45<3:13:21,  5.59s/it]
 75%|███████▍  | 6116/8189 [9:32:51<3:20:20,  5.80s/it]
 75%|███████▍  | 6117/8189 [9:32:57<3:19:19,  5.77s/it]
 75%|███████▍  | 6118/8189 [9:33:02<3:14:19,  5.63s/it]
 75%|███████▍  | 6119/8189 [9:33:08<3:19:25,  5.78s/it]
 75%|███████▍  | 6120/8189 [9:33:14<3:17:02,  5.71s/it]
 75%|███████▍  | 6121/8189 [9:33:20<3:16:20,  5.70s/it]
 75%|███████▍  | 6122/8189 [9:33:26<3:19:47,  5.80s/it]
 75%|███████▍  | 6123/8189 [9:33:32<3:20:23,  5.82s/it]
 75%|███████▍  | 6124/8189 [9:33:37<3:19:40,  5.80s/it]
 75%|███████▍  | 6125/8189 [9:33:43<3:13:42,  5.63s/it]
 75%|███████▍  | 6126/8189 [9:33:48<3:15:17,  5.68s/it]
 75%|███████▍  | 6127/8189 [9:33:55<3:22:45,  5.90s/it]
 75%|███████▍  | 6128/8189 [9:34:01<3:29:42,  6.11s/it]
 75%|███████▍  | 6129/8189 [9:34:07<3:27:26,  6.04s/it]
 75%|███████▍  | 6130/8189 [9:34:13<3:27:10,  6.04s/it]
 75%|███████▍  | 6131/8189 [9:34:20<3:30:38,  6.14s/it]
 75%|███████▍  | 6132/8189 [9:34:26<3:35:53,  6.30s/it]
 75%|███████▍  | 6133/8189 [9:34:32<3:26:41,  6.03s/it]
 75%|███████▍  | 6134/8189 [9:34:38<3:24:23,  5.97s/it]
 75%|███████▍  | 6135/8189 [9:34:43<3:22:48,  5.92s/it]
 75%|███████▍  | 6136/8189 [9:34:49<3:21:59,  5.90s/it]
 75%|███████▍  | 6137/8189 [9:34:55<3:24:28,  5.98s/it]
 75%|███████▍  | 6138/8189 [9:35:02<3:28:24,  6.10s/it]
 75%|███████▍  | 6139/8189 [9:35:08<3:25:26,  6.01s/it]
 75%|███████▍  | 6140/8189 [9:35:14<3:26:00,  6.03s/it]
 75%|███████▍  | 6141/8189 [9:35:19<3:23:18,  5.96s/it]
 75%|███████▌  | 6142/8189 [9:35:25<3:23:40,  5.97s/it]
 75%|███████▌  | 6143/8189 [9:35:31<3:18:25,  5.82s/it]
 75%|███████▌  | 6144/8189 [9:35:36<3:09:22,  5.56s/it]
 75%|███████▌  | 6145/8189 [9:35:42<3:16:24,  5.77s/it]
 75%|███████▌  | 6146/8189 [9:35:48<3:22:28,  5.95s/it]
 75%|███████▌  | 6147/8189 [9:35:54<3:17:41,  5.81s/it]
 75%|███████▌  | 6148/8189 [9:36:00<3:23:02,  5.97s/it]
 75%|███████▌  | 6149/8189 [9:36:06<3:24:57,  6.03s/it]
 75%|███████▌  | 6150/8189 [9:36:12<3:23:53,  6.00s/it]
 75%|███████▌  | 6151/8189 [9:36:18<3:16:29,  5.78s/it]
 75%|███████▌  | 6152/8189 [9:36:22<3:06:12,  5.48s/it]
 75%|███████▌  | 6153/8189 [9:36:29<3:11:42,  5.65s/it]
 75%|███████▌  | 6154/8189 [9:36:33<3:02:31,  5.38s/it]
 75%|███████▌  | 6155/8189 [9:36:38<2:56:08,  5.20s/it]
 75%|███████▌  | 6156/8189 [9:36:44<2:59:39,  5.30s/it]
 75%|███████▌  | 6157/8189 [9:36:49<2:56:46,  5.22s/it]
 75%|███████▌  | 6158/8189 [9:36:55<3:04:24,  5.45s/it]
 75%|███████▌  | 6159/8189 [9:36:59<2:57:42,  5.25s/it]
 75%|███████▌  | 6160/8189 [9:37:05<2:59:49,  5.32s/it]
 75%|███████▌  | 6161/8189 [9:37:10<3:02:57,  5.41s/it]
 75%|███████▌  | 6162/8189 [9:37:17<3:09:47,  5.62s/it]
 75%|███████▌  | 6163/8189 [9:37:22<3:10:00,  5.63s/it]
 75%|███████▌  | 6164/8189 [9:37:28<3:09:21,  5.61s/it]
 75%|███████▌  | 6165/8189 [9:37:33<3:09:25,  5.62s/it]
 75%|███████▌  | 6166/8189 [9:37:39<3:10:54,  5.66s/it]
 75%|███████▌  | 6167/8189 [9:37:45<3:16:50,  5.84s/it]
 75%|███████▌  | 6168/8189 [9:37:50<3:05:51,  5.52s/it]
 75%|███████▌  | 6169/8189 [9:37:56<3:10:14,  5.65s/it]
 75%|███████▌  | 6170/8189 [9:38:02<3:14:51,  5.79s/it]
 75%|███████▌  | 6171/8189 [9:38:07<3:04:59,  5.50s/it]
 75%|███████▌  | 6172/8189 [9:38:13<3:08:52,  5.62s/it]
 75%|███████▌  | 6173/8189 [9:38:18<3:04:40,  5.50s/it]
 75%|███████▌  | 6174/8189 [9:38:23<3:01:37,  5.41s/it]
 75%|███████▌  | 6175/8189 [9:38:28<2:54:56,  5.21s/it]
 75%|███████▌  | 6176/8189 [9:38:34<2:58:18,  5.31s/it]
 75%|███████▌  | 6177/8189 [9:38:39<3:02:19,  5.44s/it]
 75%|███████▌  | 6178/8189 [9:38:46<3:08:55,  5.64s/it]
 75%|███████▌  | 6179/8189 [9:38:51<3:02:53,  5.46s/it]
 75%|███████▌  | 6180/8189 [9:38:56<3:02:57,  5.46s/it]
 75%|███████▌  | 6181/8189 [9:39:01<3:01:59,  5.44s/it]
 75%|███████▌  | 6182/8189 [9:39:07<3:04:18,  5.51s/it]
 76%|███████▌  | 6183/8189 [9:39:13<3:05:02,  5.53s/it]
 76%|███████▌  | 6184/8189 [9:39:18<3:01:45,  5.44s/it]
 76%|███████▌  | 6185/8189 [9:39:23<2:56:32,  5.29s/it]
 76%|███████▌  | 6186/8189 [9:39:28<2:57:10,  5.31s/it]
 76%|███████▌  | 6187/8189 [9:39:34<3:04:10,  5.52s/it]
 76%|███████▌  | 6188/8189 [9:39:40<3:02:30,  5.47s/it]
 76%|███████▌  | 6189/8189 [9:39:45<3:05:59,  5.58s/it]
 76%|███████▌  | 6190/8189 [9:39:51<3:01:42,  5.45s/it]
 76%|███████▌  | 6191/8189 [9:39:56<2:59:31,  5.39s/it]
 76%|███████▌  | 6192/8189 [9:40:01<2:57:00,  5.32s/it]
 76%|███████▌  | 6193/8189 [9:40:07<2:59:26,  5.39s/it]
 76%|███████▌  | 6194/8189 [9:40:12<2:58:34,  5.37s/it]
 76%|███████▌  | 6195/8189 [9:40:18<3:02:50,  5.50s/it]
 76%|███████▌  | 6196/8189 [9:40:23<2:56:01,  5.30s/it]
 76%|███████▌  | 6197/8189 [9:40:28<3:01:21,  5.46s/it]
 76%|███████▌  | 6198/8189 [9:40:34<3:04:21,  5.56s/it]
 76%|███████▌  | 6199/8189 [9:40:40<3:09:05,  5.70s/it]
 76%|███████▌  | 6200/8189 [9:40:46<3:09:09,  5.71s/it]
 76%|███████▌  | 6201/8189 [9:40:51<3:06:16,  5.62s/it]
 76%|███████▌  | 6202/8189 [9:40:57<3:06:14,  5.62s/it]
 76%|███████▌  | 6203/8189 [9:41:03<3:12:34,  5.82s/it]
 76%|███████▌  | 6204/8189 [9:41:10<3:17:52,  5.98s/it]
 76%|███████▌  | 6205/8189 [9:41:15<3:17:08,  5.96s/it]
 76%|███████▌  | 6206/8189 [9:41:22<3:22:41,  6.13s/it]
 76%|███████▌  | 6207/8189 [9:41:28<3:17:15,  5.97s/it]
 76%|███████▌  | 6208/8189 [9:41:33<3:14:13,  5.88s/it]
 76%|███████▌  | 6209/8189 [9:41:39<3:14:47,  5.90s/it]
 76%|███████▌  | 6210/8189 [9:41:45<3:13:41,  5.87s/it]
 76%|███████▌  | 6211/8189 [9:41:51<3:16:15,  5.95s/it]
 76%|███████▌  | 6212/8189 [9:41:57<3:15:50,  5.94s/it]
 76%|███████▌  | 6213/8189 [9:42:02<3:09:18,  5.75s/it]
 76%|███████▌  | 6214/8189 [9:42:08<3:06:20,  5.66s/it]
 76%|███████▌  | 6215/8189 [9:42:13<2:58:53,  5.44s/it]
 76%|███████▌  | 6216/8189 [9:42:17<2:47:03,  5.08s/it]
 76%|███████▌  | 6217/8189 [9:42:23<2:51:00,  5.20s/it]
 76%|███████▌  | 6218/8189 [9:42:28<2:54:20,  5.31s/it]
 76%|███████▌  | 6219/8189 [9:42:35<3:08:50,  5.75s/it]
 76%|███████▌  | 6220/8189 [9:42:41<3:07:57,  5.73s/it]
 76%|███████▌  | 6221/8189 [9:42:46<3:06:58,  5.70s/it]
 76%|███████▌  | 6222/8189 [9:42:52<3:11:17,  5.84s/it]
 76%|███████▌  | 6223/8189 [9:42:58<3:13:17,  5.90s/it]
 76%|███████▌  | 6224/8189 [9:43:04<3:08:45,  5.76s/it]
 76%|███████▌  | 6225/8189 [9:43:10<3:08:01,  5.74s/it]
 76%|███████▌  | 6226/8189 [9:43:15<3:06:56,  5.71s/it]
 76%|███████▌  | 6227/8189 [9:43:21<3:08:12,  5.76s/it]
 76%|███████▌  | 6228/8189 [9:43:27<3:08:57,  5.78s/it]
 76%|███████▌  | 6229/8189 [9:43:34<3:17:37,  6.05s/it]
 76%|███████▌  | 6230/8189 [9:43:39<3:12:40,  5.90s/it]
 76%|███████▌  | 6231/8189 [9:43:45<3:13:43,  5.94s/it]
 76%|███████▌  | 6232/8189 [9:43:51<3:08:28,  5.78s/it]
 76%|███████▌  | 6233/8189 [9:43:57<3:18:08,  6.08s/it]
 76%|███████▌  | 6234/8189 [9:44:02<3:08:59,  5.80s/it]
 76%|███████▌  | 6235/8189 [9:44:09<3:11:38,  5.88s/it]
 76%|███████▌  | 6236/8189 [9:44:15<3:13:11,  5.94s/it]
 76%|███████▌  | 6237/8189 [9:44:20<3:11:07,  5.87s/it]
 76%|███████▌  | 6238/8189 [9:44:25<3:04:10,  5.66s/it]
 76%|███████▌  | 6239/8189 [9:44:30<2:57:45,  5.47s/it]
 76%|███████▌  | 6240/8189 [9:44:36<2:58:36,  5.50s/it]
 76%|███████▌  | 6241/8189 [9:44:42<2:59:20,  5.52s/it]
 76%|███████▌  | 6242/8189 [9:44:48<3:04:47,  5.69s/it]
 76%|███████▌  | 6243/8189 [9:44:54<3:07:23,  5.78s/it]
 76%|███████▌  | 6244/8189 [9:44:59<3:02:58,  5.64s/it]
 76%|███████▋  | 6245/8189 [9:45:05<3:06:16,  5.75s/it]
 76%|███████▋  | 6246/8189 [9:45:11<3:08:10,  5.81s/it]
 76%|███████▋  | 6247/8189 [9:45:16<3:00:30,  5.58s/it]
 76%|███████▋  | 6248/8189 [9:45:22<2:59:45,  5.56s/it]
 76%|███████▋  | 6249/8189 [9:45:27<3:02:25,  5.64s/it]
 76%|███████▋  | 6250/8189 [9:45:33<3:05:00,  5.72s/it]
 76%|███████▋  | 6251/8189 [9:45:39<3:00:15,  5.58s/it]
 76%|███████▋  | 6252/8189 [9:45:45<3:09:52,  5.88s/it]
 76%|███████▋  | 6253/8189 [9:45:51<3:05:11,  5.74s/it]
 76%|███████▋  | 6254/8189 [9:45:56<3:03:03,  5.68s/it]
 76%|███████▋  | 6255/8189 [9:46:02<3:02:38,  5.67s/it]
 76%|███████▋  | 6256/8189 [9:46:07<2:56:24,  5.48s/it]
 76%|███████▋  | 6257/8189 [9:46:12<2:58:54,  5.56s/it]
 76%|███████▋  | 6258/8189 [9:46:18<2:57:06,  5.50s/it]
 76%|███████▋  | 6259/8189 [9:46:23<2:56:22,  5.48s/it]
 76%|███████▋  | 6260/8189 [9:46:29<2:59:47,  5.59s/it]
 76%|███████▋  | 6261/8189 [9:46:35<3:03:13,  5.70s/it]
 76%|███████▋  | 6262/8189 [9:46:41<3:08:35,  5.87s/it]
 76%|███████▋  | 6263/8189 [9:46:48<3:14:54,  6.07s/it]
 76%|███████▋  | 6264/8189 [9:46:53<3:06:10,  5.80s/it]
 77%|███████▋  | 6265/8189 [9:46:59<3:04:32,  5.75s/it]
 77%|███████▋  | 6266/8189 [9:47:04<3:00:58,  5.65s/it]
 77%|███████▋  | 6267/8189 [9:47:09<2:57:57,  5.56s/it]
 77%|███████▋  | 6268/8189 [9:47:15<2:58:29,  5.57s/it]
 77%|███████▋  | 6269/8189 [9:47:21<2:58:15,  5.57s/it]
 77%|███████▋  | 6270/8189 [9:47:26<2:56:48,  5.53s/it]
 77%|███████▋  | 6271/8189 [9:47:32<3:01:20,  5.67s/it]
 77%|███████▋  | 6272/8189 [9:47:37<2:57:26,  5.55s/it]
 77%|███████▋  | 6273/8189 [9:47:44<3:03:07,  5.73s/it]
 77%|███████▋  | 6274/8189 [9:47:48<2:53:49,  5.45s/it]
 77%|███████▋  | 6275/8189 [9:47:54<2:58:16,  5.59s/it]
 77%|███████▋  | 6276/8189 [9:48:00<3:02:49,  5.73s/it]
 77%|███████▋  | 6277/8189 [9:48:06<3:02:33,  5.73s/it]
 77%|███████▋  | 6278/8189 [9:48:11<2:59:07,  5.62s/it]
 77%|███████▋  | 6279/8189 [9:48:17<3:01:08,  5.69s/it]
 77%|███████▋  | 6280/8189 [9:48:23<2:58:02,  5.60s/it]
 77%|███████▋  | 6281/8189 [9:48:28<3:00:19,  5.67s/it]
 77%|███████▋  | 6282/8189 [9:48:33<2:48:39,  5.31s/it]
 77%|███████▋  | 6283/8189 [9:48:38<2:48:37,  5.31s/it]
 77%|███████▋  | 6284/8189 [9:48:44<2:53:28,  5.46s/it]
 77%|███████▋  | 6285/8189 [9:48:49<2:51:11,  5.39s/it]
 77%|███████▋  | 6286/8189 [9:48:55<2:54:53,  5.51s/it]
 77%|███████▋  | 6287/8189 [9:49:01<2:56:59,  5.58s/it]
 77%|███████▋  | 6288/8189 [9:49:07<2:59:32,  5.67s/it]
 77%|███████▋  | 6289/8189 [9:49:13<3:01:08,  5.72s/it]
 77%|███████▋  | 6290/8189 [9:49:17<2:48:00,  5.31s/it]
 77%|███████▋  | 6291/8189 [9:49:22<2:48:47,  5.34s/it]
 77%|███████▋  | 6292/8189 [9:49:27<2:45:18,  5.23s/it]
 77%|███████▋  | 6293/8189 [9:49:33<2:50:55,  5.41s/it]
 77%|███████▋  | 6294/8189 [9:49:38<2:50:19,  5.39s/it]
 77%|███████▋  | 6295/8189 [9:49:44<2:48:24,  5.33s/it]
 77%|███████▋  | 6296/8189 [9:49:49<2:47:36,  5.31s/it]
 77%|███████▋  | 6297/8189 [9:49:54<2:48:00,  5.33s/it]
 77%|███████▋  | 6298/8189 [9:50:00<2:49:59,  5.39s/it]
 77%|███████▋  | 6299/8189 [9:50:06<2:53:35,  5.51s/it]
 77%|███████▋  | 6300/8189 [9:50:11<2:54:39,  5.55s/it]
 77%|███████▋  | 6301/8189 [9:50:17<2:54:41,  5.55s/it]
 77%|███████▋  | 6302/8189 [9:50:22<2:52:55,  5.50s/it]
 77%|███████▋  | 6303/8189 [9:50:27<2:49:02,  5.38s/it]
 77%|███████▋  | 6304/8189 [9:50:32<2:42:13,  5.16s/it]
 77%|███████▋  | 6305/8189 [9:50:37<2:44:37,  5.24s/it]
 77%|███████▋  | 6306/8189 [9:50:43<2:50:53,  5.45s/it]
 77%|███████▋  | 6307/8189 [9:50:48<2:48:09,  5.36s/it]
 77%|███████▋  | 6308/8189 [9:50:53<2:43:39,  5.22s/it]
 77%|███████▋  | 6309/8189 [9:50:59<2:49:31,  5.41s/it]
 77%|███████▋  | 6310/8189 [9:51:05<2:52:40,  5.51s/it]
 77%|███████▋  | 6311/8189 [9:51:10<2:50:45,  5.46s/it]
 77%|███████▋  | 6312/8189 [9:51:16<2:51:43,  5.49s/it]
 77%|███████▋  | 6313/8189 [9:51:21<2:50:10,  5.44s/it]
 77%|███████▋  | 6314/8189 [9:51:26<2:47:17,  5.35s/it]
 77%|███████▋  | 6315/8189 [9:51:32<2:48:20,  5.39s/it]
 77%|███████▋  | 6316/8189 [9:51:37<2:46:28,  5.33s/it]
 77%|███████▋  | 6317/8189 [9:51:42<2:43:56,  5.25s/it]
 77%|███████▋  | 6318/8189 [9:51:48<2:49:21,  5.43s/it]
 77%|███████▋  | 6319/8189 [9:51:53<2:46:44,  5.35s/it]
 77%|███████▋  | 6320/8189 [9:51:58<2:44:54,  5.29s/it]
 77%|███████▋  | 6321/8189 [9:52:03<2:41:13,  5.18s/it]
 77%|███████▋  | 6322/8189 [9:52:09<2:51:40,  5.52s/it]
 77%|███████▋  | 6323/8189 [9:52:16<2:58:19,  5.73s/it]
 77%|███████▋  | 6324/8189 [9:52:21<2:58:11,  5.73s/it]
 77%|███████▋  | 6325/8189 [9:52:26<2:49:23,  5.45s/it]
 77%|███████▋  | 6326/8189 [9:52:32<2:56:37,  5.69s/it]
 77%|███████▋  | 6327/8189 [9:52:38<2:56:18,  5.68s/it]
 77%|███████▋  | 6328/8189 [9:52:43<2:49:41,  5.47s/it]
 77%|███████▋  | 6329/8189 [9:52:49<2:58:25,  5.76s/it]
 77%|███████▋  | 6330/8189 [9:52:55<2:52:32,  5.57s/it]
 77%|███████▋  | 6331/8189 [9:53:00<2:53:13,  5.59s/it]
 77%|███████▋  | 6332/8189 [9:53:06<2:57:46,  5.74s/it]
 77%|███████▋  | 6333/8189 [9:53:12<2:56:42,  5.71s/it]
 77%|███████▋  | 6334/8189 [9:53:17<2:53:53,  5.62s/it]
 77%|███████▋  | 6335/8189 [9:53:24<3:06:38,  6.04s/it]
 77%|███████▋  | 6336/8189 [9:53:30<3:01:19,  5.87s/it]
 77%|███████▋  | 6337/8189 [9:53:36<3:01:45,  5.89s/it]
 77%|███████▋  | 6338/8189 [9:53:41<2:56:27,  5.72s/it]
 77%|███████▋  | 6339/8189 [9:53:47<2:56:56,  5.74s/it]
 77%|███████▋  | 6340/8189 [9:53:53<3:01:22,  5.89s/it]
 77%|███████▋  | 6341/8189 [9:53:59<2:57:06,  5.75s/it]
 77%|███████▋  | 6342/8189 [9:54:04<2:56:14,  5.73s/it]
 77%|███████▋  | 6343/8189 [9:54:10<2:56:51,  5.75s/it]
 77%|███████▋  | 6344/8189 [9:54:15<2:51:25,  5.58s/it]
 77%|███████▋  | 6345/8189 [9:54:22<3:00:00,  5.86s/it]
 77%|███████▋  | 6346/8189 [9:54:27<2:57:30,  5.78s/it]
 78%|███████▊  | 6347/8189 [9:54:34<3:04:33,  6.01s/it]
 78%|███████▊  | 6348/8189 [9:54:40<3:00:56,  5.90s/it]
 78%|███████▊  | 6349/8189 [9:54:45<2:59:14,  5.85s/it]
 78%|███████▊  | 6350/8189 [9:54:51<2:56:54,  5.77s/it]
 78%|███████▊  | 6351/8189 [9:54:56<2:53:15,  5.66s/it]
 78%|███████▊  | 6352/8189 [9:55:02<2:54:08,  5.69s/it]
 78%|███████▊  | 6353/8189 [9:55:08<2:54:14,  5.69s/it]
 78%|███████▊  | 6354/8189 [9:55:13<2:48:46,  5.52s/it]
 78%|███████▊  | 6355/8189 [9:55:18<2:48:32,  5.51s/it]
 78%|███████▊  | 6356/8189 [9:55:24<2:52:16,  5.64s/it]
 78%|███████▊  | 6357/8189 [9:55:30<2:50:36,  5.59s/it]
 78%|███████▊  | 6358/8189 [9:55:35<2:45:41,  5.43s/it]
 78%|███████▊  | 6359/8189 [9:55:40<2:43:35,  5.36s/it]
 78%|███████▊  | 6360/8189 [9:55:46<2:46:57,  5.48s/it]
 78%|███████▊  | 6361/8189 [9:55:51<2:44:35,  5.40s/it]
 78%|███████▊  | 6362/8189 [9:55:57<2:50:07,  5.59s/it]
 78%|███████▊  | 6363/8189 [9:56:02<2:42:20,  5.33s/it]
 78%|███████▊  | 6364/8189 [9:56:07<2:40:50,  5.29s/it]
 78%|███████▊  | 6365/8189 [9:56:13<2:50:04,  5.59s/it]
 78%|███████▊  | 6366/8189 [9:56:19<2:55:20,  5.77s/it]
 78%|███████▊  | 6367/8189 [9:56:26<3:00:43,  5.95s/it]
 78%|███████▊  | 6368/8189 [9:56:31<2:54:20,  5.74s/it]
 78%|███████▊  | 6369/8189 [9:56:37<3:00:32,  5.95s/it]
 78%|███████▊  | 6370/8189 [9:56:43<2:59:20,  5.92s/it]
 78%|███████▊  | 6371/8189 [9:56:49<2:55:20,  5.79s/it]
 78%|███████▊  | 6372/8189 [9:56:55<2:55:11,  5.78s/it]
 78%|███████▊  | 6373/8189 [9:56:59<2:44:14,  5.43s/it]
 78%|███████▊  | 6374/8189 [9:57:04<2:39:38,  5.28s/it]
 78%|███████▊  | 6375/8189 [9:57:10<2:44:59,  5.46s/it]
 78%|███████▊  | 6376/8189 [9:57:15<2:44:45,  5.45s/it]
 78%|███████▊  | 6377/8189 [9:57:21<2:47:52,  5.56s/it]
 78%|███████▊  | 6378/8189 [9:57:27<2:47:59,  5.57s/it]
 78%|███████▊  | 6379/8189 [9:57:33<2:49:46,  5.63s/it]
 78%|███████▊  | 6380/8189 [9:57:39<2:52:53,  5.73s/it]
 78%|███████▊  | 6381/8189 [9:57:45<2:56:20,  5.85s/it]
 78%|███████▊  | 6382/8189 [9:57:50<2:54:14,  5.79s/it]
 78%|███████▊  | 6383/8189 [9:57:56<2:54:35,  5.80s/it]
 78%|███████▊  | 6384/8189 [9:58:02<2:52:13,  5.72s/it]
 78%|███████▊  | 6385/8189 [9:58:08<2:53:07,  5.76s/it]
 78%|███████▊  | 6386/8189 [9:58:14<2:55:15,  5.83s/it]
 78%|███████▊  | 6387/8189 [9:58:20<2:57:15,  5.90s/it]
 78%|███████▊  | 6388/8189 [9:58:25<2:53:41,  5.79s/it]
 78%|███████▊  | 6389/8189 [9:58:31<2:52:42,  5.76s/it]
 78%|███████▊  | 6390/8189 [9:58:36<2:50:44,  5.69s/it]
 78%|███████▊  | 6391/8189 [9:58:42<2:47:15,  5.58s/it]
 78%|███████▊  | 6392/8189 [9:58:49<2:59:29,  5.99s/it]
 78%|███████▊  | 6393/8189 [9:58:54<2:49:56,  5.68s/it]
 78%|███████▊  | 6394/8189 [9:58:58<2:42:45,  5.44s/it]
 78%|███████▊  | 6395/8189 [9:59:04<2:46:38,  5.57s/it]
 78%|███████▊  | 6396/8189 [9:59:10<2:47:10,  5.59s/it]
 78%|███████▊  | 6397/8189 [9:59:15<2:40:01,  5.36s/it]
 78%|███████▊  | 6398/8189 [9:59:21<2:50:19,  5.71s/it]
 78%|███████▊  | 6399/8189 [9:59:27<2:48:42,  5.66s/it]
 78%|███████▊  | 6400/8189 [9:59:31<2:39:30,  5.35s/it]
 78%|███████▊  | 6401/8189 [9:59:36<2:33:09,  5.14s/it]
 78%|███████▊  | 6402/8189 [9:59:42<2:37:06,  5.28s/it]
 78%|███████▊  | 6403/8189 [9:59:48<2:41:58,  5.44s/it]
 78%|███████▊  | 6404/8189 [9:59:53<2:44:25,  5.53s/it]
 78%|███████▊  | 6405/8189 [9:59:59<2:43:31,  5.50s/it]
 78%|███████▊  | 6406/8189 [10:00:04<2:43:58,  5.52s/it]
 78%|███████▊  | 6407/8189 [10:00:09<2:39:51,  5.38s/it]
 78%|███████▊  | 6408/8189 [10:00:14<2:37:26,  5.30s/it]
 78%|███████▊  | 6409/8189 [10:00:20<2:43:22,  5.51s/it]
 78%|███████▊  | 6410/8189 [10:00:26<2:42:13,  5.47s/it]
 78%|███████▊  | 6411/8189 [10:00:31<2:39:16,  5.37s/it]
 78%|███████▊  | 6412/8189 [10:00:37<2:41:51,  5.47s/it]
 78%|███████▊  | 6413/8189 [10:00:42<2:42:46,  5.50s/it]
 78%|███████▊  | 6414/8189 [10:00:49<2:55:00,  5.92s/it]
 78%|███████▊  | 6415/8189 [10:00:55<2:55:31,  5.94s/it]
 78%|███████▊  | 6416/8189 [10:01:01<2:57:02,  5.99s/it]
 78%|███████▊  | 6417/8189 [10:01:06<2:47:00,  5.66s/it]
 78%|███████▊  | 6418/8189 [10:01:11<2:40:30,  5.44s/it]
 78%|███████▊  | 6419/8189 [10:01:16<2:38:27,  5.37s/it]
 78%|███████▊  | 6420/8189 [10:01:22<2:38:25,  5.37s/it]
 78%|███████▊  | 6421/8189 [10:01:27<2:36:38,  5.32s/it]
 78%|███████▊  | 6422/8189 [10:01:32<2:36:09,  5.30s/it]
 78%|███████▊  | 6423/8189 [10:01:37<2:34:07,  5.24s/it]
 78%|███████▊  | 6424/8189 [10:01:43<2:41:23,  5.49s/it]
 78%|███████▊  | 6425/8189 [10:01:49<2:42:18,  5.52s/it]
 78%|███████▊  | 6426/8189 [10:01:54<2:41:33,  5.50s/it]
 78%|███████▊  | 6427/8189 [10:02:00<2:39:36,  5.43s/it]
 78%|███████▊  | 6428/8189 [10:02:05<2:38:26,  5.40s/it]
 79%|███████▊  | 6429/8189 [10:02:10<2:35:41,  5.31s/it]
 79%|███████▊  | 6430/8189 [10:02:15<2:35:09,  5.29s/it]
 79%|███████▊  | 6431/8189 [10:02:21<2:40:04,  5.46s/it]
 79%|███████▊  | 6432/8189 [10:02:27<2:42:38,  5.55s/it]
 79%|███████▊  | 6433/8189 [10:02:33<2:47:28,  5.72s/it]
 79%|███████▊  | 6434/8189 [10:02:39<2:48:32,  5.76s/it]
 79%|███████▊  | 6435/8189 [10:02:45<2:49:20,  5.79s/it]
 79%|███████▊  | 6436/8189 [10:02:50<2:48:27,  5.77s/it]
 79%|███████▊  | 6437/8189 [10:02:56<2:50:31,  5.84s/it]
 79%|███████▊  | 6438/8189 [10:03:02<2:48:58,  5.79s/it]
 79%|███████▊  | 6439/8189 [10:03:08<2:49:19,  5.81s/it]
 79%|███████▊  | 6440/8189 [10:03:14<2:47:49,  5.76s/it]
 79%|███████▊  | 6441/8189 [10:03:20<2:51:19,  5.88s/it]
 79%|███████▊  | 6442/8189 [10:03:26<2:51:59,  5.91s/it]
 79%|███████▊  | 6443/8189 [10:03:31<2:48:12,  5.78s/it]
 79%|███████▊  | 6444/8189 [10:03:37<2:50:12,  5.85s/it]
 79%|███████▊  | 6445/8189 [10:03:43<2:51:14,  5.89s/it]
 79%|███████▊  | 6446/8189 [10:03:49<2:50:50,  5.88s/it]
 79%|███████▊  | 6447/8189 [10:03:55<2:49:36,  5.84s/it]
 79%|███████▊  | 6448/8189 [10:04:00<2:45:12,  5.69s/it]
 79%|███████▉  | 6449/8189 [10:04:05<2:41:49,  5.58s/it]
 79%|███████▉  | 6450/8189 [10:04:11<2:39:40,  5.51s/it]
 79%|███████▉  | 6451/8189 [10:04:17<2:47:22,  5.78s/it]
 79%|███████▉  | 6452/8189 [10:04:24<2:53:52,  6.01s/it]
 79%|███████▉  | 6453/8189 [10:04:31<3:02:06,  6.29s/it]
 79%|███████▉  | 6454/8189 [10:04:37<2:59:27,  6.21s/it]
 79%|███████▉  | 6455/8189 [10:04:43<3:03:03,  6.33s/it]
 79%|███████▉  | 6456/8189 [10:04:49<2:56:31,  6.11s/it]
 79%|███████▉  | 6457/8189 [10:04:54<2:49:22,  5.87s/it]
 79%|███████▉  | 6458/8189 [10:05:00<2:45:56,  5.75s/it]
 79%|███████▉  | 6459/8189 [10:05:05<2:45:37,  5.74s/it]
 79%|███████▉  | 6460/8189 [10:05:11<2:44:43,  5.72s/it]
 79%|███████▉  | 6461/8189 [10:05:17<2:44:56,  5.73s/it]
 79%|███████▉  | 6462/8189 [10:05:22<2:42:27,  5.64s/it]
 79%|███████▉  | 6463/8189 [10:05:28<2:46:24,  5.78s/it]
 79%|███████▉  | 6464/8189 [10:05:34<2:43:57,  5.70s/it]
 79%|███████▉  | 6465/8189 [10:05:39<2:38:08,  5.50s/it]
 79%|███████▉  | 6466/8189 [10:05:45<2:44:08,  5.72s/it]
 79%|███████▉  | 6467/8189 [10:05:51<2:43:04,  5.68s/it]
 79%|███████▉  | 6468/8189 [10:05:56<2:43:05,  5.69s/it]
 79%|███████▉  | 6469/8189 [10:06:02<2:40:03,  5.58s/it]
 79%|███████▉  | 6470/8189 [10:06:06<2:30:48,  5.26s/it]
 79%|███████▉  | 6471/8189 [10:06:12<2:31:52,  5.30s/it]
 79%|███████▉  | 6472/8189 [10:06:17<2:34:45,  5.41s/it]
 79%|███████▉  | 6473/8189 [10:06:22<2:31:18,  5.29s/it]
 79%|███████▉  | 6474/8189 [10:06:28<2:34:56,  5.42s/it]
 79%|███████▉  | 6475/8189 [10:06:34<2:37:44,  5.52s/it]
 79%|███████▉  | 6476/8189 [10:06:39<2:32:51,  5.35s/it]
 79%|███████▉  | 6477/8189 [10:06:45<2:36:26,  5.48s/it]
 79%|███████▉  | 6478/8189 [10:06:50<2:33:12,  5.37s/it]
 79%|███████▉  | 6479/8189 [10:06:55<2:34:29,  5.42s/it]
 79%|███████▉  | 6480/8189 [10:07:01<2:39:52,  5.61s/it]
 79%|███████▉  | 6481/8189 [10:07:07<2:41:27,  5.67s/it]
 79%|███████▉  | 6482/8189 [10:07:13<2:41:15,  5.67s/it]
 79%|███████▉  | 6483/8189 [10:07:18<2:33:39,  5.40s/it]
 79%|███████▉  | 6484/8189 [10:07:23<2:34:47,  5.45s/it]
 79%|███████▉  | 6485/8189 [10:07:29<2:40:02,  5.64s/it]
 79%|███████▉  | 6486/8189 [10:07:35<2:41:25,  5.69s/it]
 79%|███████▉  | 6487/8189 [10:07:41<2:40:00,  5.64s/it]
 79%|███████▉  | 6488/8189 [10:07:45<2:29:04,  5.26s/it]
 79%|███████▉  | 6489/8189 [10:07:51<2:31:55,  5.36s/it]
 79%|███████▉  | 6490/8189 [10:07:56<2:31:29,  5.35s/it]
 79%|███████▉  | 6491/8189 [10:08:01<2:32:12,  5.38s/it]
 79%|███████▉  | 6492/8189 [10:08:07<2:33:08,  5.41s/it]
 79%|███████▉  | 6493/8189 [10:08:12<2:34:49,  5.48s/it]
 79%|███████▉  | 6494/8189 [10:08:18<2:33:45,  5.44s/it]
 79%|███████▉  | 6495/8189 [10:08:23<2:30:58,  5.35s/it]
 79%|███████▉  | 6496/8189 [10:08:29<2:34:52,  5.49s/it]
 79%|███████▉  | 6497/8189 [10:08:34<2:35:40,  5.52s/it]
 79%|███████▉  | 6498/8189 [10:08:39<2:29:41,  5.31s/it]
 79%|███████▉  | 6499/8189 [10:08:45<2:31:22,  5.37s/it]
 79%|███████▉  | 6500/8189 [10:08:50<2:33:39,  5.46s/it]
 79%|███████▉  | 6501/8189 [10:08:56<2:32:46,  5.43s/it]
 79%|███████▉  | 6502/8189 [10:09:02<2:38:43,  5.64s/it]
 79%|███████▉  | 6503/8189 [10:09:07<2:37:41,  5.61s/it]
 79%|███████▉  | 6504/8189 [10:09:12<2:32:15,  5.42s/it]
 79%|███████▉  | 6505/8189 [10:09:19<2:38:46,  5.66s/it]
 79%|███████▉  | 6506/8189 [10:09:24<2:37:57,  5.63s/it]
 79%|███████▉  | 6507/8189 [10:09:29<2:34:16,  5.50s/it]
 79%|███████▉  | 6508/8189 [10:09:34<2:29:48,  5.35s/it]
 79%|███████▉  | 6509/8189 [10:09:40<2:34:34,  5.52s/it]
 79%|███████▉  | 6510/8189 [10:09:45<2:32:04,  5.43s/it]
 80%|███████▉  | 6511/8189 [10:09:51<2:36:49,  5.61s/it]
 80%|███████▉  | 6512/8189 [10:09:58<2:45:12,  5.91s/it]
 80%|███████▉  | 6513/8189 [10:10:04<2:46:07,  5.95s/it]
 80%|███████▉  | 6514/8189 [10:10:10<2:44:19,  5.89s/it]
 80%|███████▉  | 6515/8189 [10:10:16<2:42:52,  5.84s/it]
 80%|███████▉  | 6516/8189 [10:10:21<2:37:50,  5.66s/it]
 80%|███████▉  | 6517/8189 [10:10:26<2:35:53,  5.59s/it]
 80%|███████▉  | 6518/8189 [10:10:32<2:38:40,  5.70s/it]
 80%|███████▉  | 6519/8189 [10:10:38<2:43:04,  5.86s/it]
 80%|███████▉  | 6520/8189 [10:10:44<2:40:26,  5.77s/it]
 80%|███████▉  | 6521/8189 [10:10:50<2:40:25,  5.77s/it]
 80%|███████▉  | 6522/8189 [10:10:55<2:35:03,  5.58s/it]
 80%|███████▉  | 6523/8189 [10:11:00<2:33:10,  5.52s/it]
 80%|███████▉  | 6524/8189 [10:11:06<2:31:15,  5.45s/it]
 80%|███████▉  | 6525/8189 [10:11:12<2:35:02,  5.59s/it]
 80%|███████▉  | 6526/8189 [10:11:17<2:38:09,  5.71s/it]
 80%|███████▉  | 6527/8189 [10:11:23<2:33:08,  5.53s/it]
 80%|███████▉  | 6528/8189 [10:11:28<2:33:49,  5.56s/it]
 80%|███████▉  | 6529/8189 [10:11:34<2:33:15,  5.54s/it]
 80%|███████▉  | 6530/8189 [10:11:40<2:35:47,  5.63s/it]
 80%|███████▉  | 6531/8189 [10:11:46<2:42:37,  5.88s/it]
 80%|███████▉  | 6532/8189 [10:11:52<2:39:34,  5.78s/it]
 80%|███████▉  | 6533/8189 [10:11:57<2:40:03,  5.80s/it]
 80%|███████▉  | 6534/8189 [10:12:03<2:38:06,  5.73s/it]
 80%|███████▉  | 6535/8189 [10:12:09<2:41:39,  5.86s/it]
 80%|███████▉  | 6536/8189 [10:12:15<2:40:12,  5.82s/it]
 80%|███████▉  | 6537/8189 [10:12:20<2:37:17,  5.71s/it]
 80%|███████▉  | 6538/8189 [10:12:26<2:34:33,  5.62s/it]
 80%|███████▉  | 6539/8189 [10:12:32<2:40:35,  5.84s/it]
 80%|███████▉  | 6540/8189 [10:12:38<2:43:11,  5.94s/it]
 80%|███████▉  | 6541/8189 [10:12:44<2:40:24,  5.84s/it]
 80%|███████▉  | 6542/8189 [10:12:50<2:43:04,  5.94s/it]
 80%|███████▉  | 6543/8189 [10:12:56<2:46:54,  6.08s/it]
 80%|███████▉  | 6544/8189 [10:13:02<2:43:51,  5.98s/it]
 80%|███████▉  | 6545/8189 [10:13:08<2:40:00,  5.84s/it]
 80%|███████▉  | 6546/8189 [10:13:14<2:40:53,  5.88s/it]
 80%|███████▉  | 6547/8189 [10:13:19<2:39:37,  5.83s/it]
 80%|███████▉  | 6548/8189 [10:13:26<2:43:47,  5.99s/it]
 80%|███████▉  | 6549/8189 [10:13:32<2:44:41,  6.03s/it]
 80%|███████▉  | 6550/8189 [10:13:38<2:47:12,  6.12s/it]
 80%|███████▉  | 6551/8189 [10:13:44<2:46:23,  6.09s/it]
 80%|████████  | 6552/8189 [10:13:50<2:44:29,  6.03s/it]
 80%|████████  | 6553/8189 [10:13:56<2:45:10,  6.06s/it]
 80%|████████  | 6554/8189 [10:14:02<2:44:45,  6.05s/it]
 80%|████████  | 6555/8189 [10:14:08<2:43:12,  5.99s/it]
 80%|████████  | 6556/8189 [10:14:14<2:40:49,  5.91s/it]
 80%|████████  | 6557/8189 [10:14:20<2:42:46,  5.98s/it]
 80%|████████  | 6558/8189 [10:14:26<2:41:18,  5.93s/it]
 80%|████████  | 6559/8189 [10:14:31<2:39:01,  5.85s/it]
 80%|████████  | 6560/8189 [10:14:37<2:38:55,  5.85s/it]
 80%|████████  | 6561/8189 [10:14:43<2:39:48,  5.89s/it]
 80%|████████  | 6562/8189 [10:14:49<2:41:43,  5.96s/it]
 80%|████████  | 6563/8189 [10:14:55<2:38:30,  5.85s/it]
 80%|████████  | 6564/8189 [10:15:01<2:36:56,  5.79s/it]
 80%|████████  | 6565/8189 [10:15:07<2:38:28,  5.86s/it]
 80%|████████  | 6566/8189 [10:15:11<2:28:48,  5.50s/it]
 80%|████████  | 6567/8189 [10:15:18<2:36:59,  5.81s/it]
 80%|████████  | 6568/8189 [10:15:22<2:25:41,  5.39s/it]
 80%|████████  | 6569/8189 [10:15:28<2:28:28,  5.50s/it]
 80%|████████  | 6570/8189 [10:15:34<2:29:09,  5.53s/it]
 80%|████████  | 6571/8189 [10:15:39<2:25:33,  5.40s/it]
 80%|████████  | 6572/8189 [10:15:45<2:28:55,  5.53s/it]
 80%|████████  | 6573/8189 [10:15:50<2:31:40,  5.63s/it]
 80%|████████  | 6574/8189 [10:15:57<2:35:38,  5.78s/it]
 80%|████████  | 6575/8189 [10:16:02<2:32:47,  5.68s/it]
 80%|████████  | 6576/8189 [10:16:08<2:38:34,  5.90s/it]
 80%|████████  | 6577/8189 [10:16:14<2:34:32,  5.75s/it]
 80%|████████  | 6578/8189 [10:16:19<2:32:19,  5.67s/it]
 80%|████████  | 6579/8189 [10:16:25<2:31:04,  5.63s/it]
 80%|████████  | 6580/8189 [10:16:30<2:28:54,  5.55s/it]
 80%|████████  | 6581/8189 [10:16:35<2:24:25,  5.39s/it]
 80%|████████  | 6582/8189 [10:16:41<2:31:00,  5.64s/it]
 80%|████████  | 6583/8189 [10:16:47<2:27:35,  5.51s/it]
 80%|████████  | 6584/8189 [10:16:52<2:24:54,  5.42s/it]
 80%|████████  | 6585/8189 [10:16:57<2:21:23,  5.29s/it]
 80%|████████  | 6586/8189 [10:17:02<2:19:41,  5.23s/it]
 80%|████████  | 6587/8189 [10:17:07<2:18:32,  5.19s/it]
 80%|████████  | 6588/8189 [10:17:13<2:24:37,  5.42s/it]
 80%|████████  | 6589/8189 [10:17:19<2:31:39,  5.69s/it]
 80%|████████  | 6590/8189 [10:17:25<2:34:04,  5.78s/it]
 80%|████████  | 6591/8189 [10:17:31<2:35:39,  5.84s/it]
 80%|████████  | 6592/8189 [10:17:37<2:36:50,  5.89s/it]
 81%|████████  | 6593/8189 [10:17:43<2:36:34,  5.89s/it]
 81%|████████  | 6594/8189 [10:17:49<2:35:46,  5.86s/it]
 81%|████████  | 6595/8189 [10:17:55<2:39:26,  6.00s/it]
 81%|████████  | 6596/8189 [10:18:01<2:35:07,  5.84s/it]
 81%|████████  | 6597/8189 [10:18:06<2:33:29,  5.78s/it]
 81%|████████  | 6598/8189 [10:18:12<2:28:58,  5.62s/it]
 81%|████████  | 6599/8189 [10:18:17<2:30:13,  5.67s/it]
 81%|████████  | 6600/8189 [10:18:23<2:32:26,  5.76s/it]
 81%|████████  | 6601/8189 [10:18:30<2:37:10,  5.94s/it]
 81%|████████  | 6602/8189 [10:18:35<2:34:02,  5.82s/it]
 81%|████████  | 6603/8189 [10:18:41<2:35:21,  5.88s/it]
 81%|████████  | 6604/8189 [10:18:47<2:33:58,  5.83s/it]
 81%|████████  | 6605/8189 [10:18:53<2:34:59,  5.87s/it]
 81%|████████  | 6606/8189 [10:18:59<2:32:54,  5.80s/it]
 81%|████████  | 6607/8189 [10:19:05<2:39:17,  6.04s/it]
 81%|████████  | 6608/8189 [10:19:11<2:33:29,  5.83s/it]
 81%|████████  | 6609/8189 [10:19:16<2:30:17,  5.71s/it]
 81%|████████  | 6610/8189 [10:19:22<2:30:33,  5.72s/it]
 81%|████████  | 6611/8189 [10:19:28<2:35:40,  5.92s/it]
 81%|████████  | 6612/8189 [10:19:34<2:31:55,  5.78s/it]
 81%|████████  | 6613/8189 [10:19:39<2:30:08,  5.72s/it]
 81%|████████  | 6614/8189 [10:19:45<2:32:28,  5.81s/it]
 81%|████████  | 6615/8189 [10:19:51<2:34:44,  5.90s/it]
 81%|████████  | 6616/8189 [10:19:57<2:35:10,  5.92s/it]
 81%|████████  | 6617/8189 [10:20:03<2:30:32,  5.75s/it]
 81%|████████  | 6618/8189 [10:20:08<2:29:52,  5.72s/it]
 81%|████████  | 6619/8189 [10:20:14<2:25:47,  5.57s/it]
 81%|████████  | 6620/8189 [10:20:19<2:24:31,  5.53s/it]
 81%|████████  | 6621/8189 [10:20:25<2:28:34,  5.69s/it]
 81%|████████  | 6622/8189 [10:20:30<2:24:03,  5.52s/it]
 81%|████████  | 6623/8189 [10:20:36<2:27:57,  5.67s/it]
 81%|████████  | 6624/8189 [10:20:42<2:28:50,  5.71s/it]
 81%|████████  | 6625/8189 [10:20:48<2:28:09,  5.68s/it]
 81%|████████  | 6626/8189 [10:20:54<2:36:11,  6.00s/it]
 81%|████████  | 6627/8189 [10:21:00<2:36:48,  6.02s/it]
 81%|████████  | 6628/8189 [10:21:05<2:28:20,  5.70s/it]
 81%|████████  | 6629/8189 [10:21:11<2:26:20,  5.63s/it]
 81%|████████  | 6630/8189 [10:21:17<2:32:16,  5.86s/it]
 81%|████████  | 6631/8189 [10:21:23<2:35:00,  5.97s/it]
 81%|████████  | 6632/8189 [10:21:30<2:39:39,  6.15s/it]
 81%|████████  | 6633/8189 [10:21:36<2:35:07,  5.98s/it]
 81%|████████  | 6634/8189 [10:21:42<2:41:34,  6.23s/it]
 81%|████████  | 6635/8189 [10:21:49<2:42:50,  6.29s/it]
 81%|████████  | 6636/8189 [10:21:54<2:33:04,  5.91s/it]
 81%|████████  | 6637/8189 [10:22:00<2:36:55,  6.07s/it]
 81%|████████  | 6638/8189 [10:22:05<2:27:30,  5.71s/it]
 81%|████████  | 6639/8189 [10:22:10<2:20:51,  5.45s/it]
 81%|████████  | 6640/8189 [10:22:17<2:31:28,  5.87s/it]
 81%|████████  | 6641/8189 [10:22:22<2:24:37,  5.61s/it]
 81%|████████  | 6642/8189 [10:22:27<2:19:59,  5.43s/it]
 81%|████████  | 6643/8189 [10:22:32<2:17:40,  5.34s/it]
 81%|████████  | 6644/8189 [10:22:38<2:22:52,  5.55s/it]
 81%|████████  | 6645/8189 [10:22:44<2:24:37,  5.62s/it]
 81%|████████  | 6646/8189 [10:22:50<2:25:45,  5.67s/it]
 81%|████████  | 6647/8189 [10:22:55<2:25:31,  5.66s/it]
 81%|████████  | 6648/8189 [10:23:01<2:27:16,  5.73s/it]
 81%|████████  | 6649/8189 [10:23:07<2:29:02,  5.81s/it]
 81%|████████  | 6650/8189 [10:23:13<2:28:35,  5.79s/it]
 81%|████████  | 6651/8189 [10:23:19<2:29:40,  5.84s/it]
 81%|████████  | 6652/8189 [10:23:25<2:28:36,  5.80s/it]
 81%|████████  | 6653/8189 [10:23:30<2:27:52,  5.78s/it]
 81%|████████▏ | 6654/8189 [10:23:36<2:28:28,  5.80s/it]
 81%|████████▏ | 6655/8189 [10:23:42<2:28:05,  5.79s/it]
 81%|████████▏ | 6656/8189 [10:23:47<2:21:56,  5.56s/it]
 81%|████████▏ | 6657/8189 [10:23:52<2:18:53,  5.44s/it]
 81%|████████▏ | 6658/8189 [10:23:58<2:23:24,  5.62s/it]
 81%|████████▏ | 6659/8189 [10:24:04<2:28:47,  5.83s/it]
 81%|████████▏ | 6660/8189 [10:24:09<2:21:15,  5.54s/it]
 81%|████████▏ | 6661/8189 [10:24:13<2:10:31,  5.13s/it]
 81%|████████▏ | 6662/8189 [10:24:19<2:11:03,  5.15s/it]
 81%|████████▏ | 6663/8189 [10:24:23<2:03:27,  4.85s/it]
 81%|████████▏ | 6664/8189 [10:24:28<2:03:45,  4.87s/it]
 81%|████████▏ | 6665/8189 [10:24:33<2:09:18,  5.09s/it]
 81%|████████▏ | 6666/8189 [10:24:39<2:14:34,  5.30s/it]
 81%|████████▏ | 6667/8189 [10:24:45<2:17:00,  5.40s/it]
 81%|████████▏ | 6668/8189 [10:24:51<2:22:16,  5.61s/it]
 81%|████████▏ | 6669/8189 [10:24:56<2:19:08,  5.49s/it]
 81%|████████▏ | 6670/8189 [10:25:00<2:08:55,  5.09s/it]
 81%|████████▏ | 6671/8189 [10:25:06<2:15:29,  5.36s/it]
 81%|████████▏ | 6672/8189 [10:25:12<2:18:57,  5.50s/it]
 81%|████████▏ | 6673/8189 [10:25:18<2:24:25,  5.72s/it]
 81%|████████▏ | 6674/8189 [10:25:23<2:17:35,  5.45s/it]
 82%|████████▏ | 6675/8189 [10:25:29<2:20:59,  5.59s/it]
 82%|████████▏ | 6676/8189 [10:25:35<2:21:25,  5.61s/it]
 82%|████████▏ | 6677/8189 [10:25:41<2:27:31,  5.85s/it]
 82%|████████▏ | 6678/8189 [10:25:47<2:30:47,  5.99s/it]
 82%|████████▏ | 6679/8189 [10:25:54<2:34:09,  6.13s/it]
 82%|████████▏ | 6680/8189 [10:26:00<2:30:50,  6.00s/it]
 82%|████████▏ | 6681/8189 [10:26:05<2:28:48,  5.92s/it]
 82%|████████▏ | 6682/8189 [10:26:10<2:21:27,  5.63s/it]
 82%|████████▏ | 6683/8189 [10:26:16<2:19:29,  5.56s/it]
 82%|████████▏ | 6684/8189 [10:26:21<2:21:14,  5.63s/it]
 82%|████████▏ | 6685/8189 [10:26:27<2:19:55,  5.58s/it]
 82%|████████▏ | 6686/8189 [10:26:33<2:25:41,  5.82s/it]
 82%|████████▏ | 6687/8189 [10:26:39<2:24:36,  5.78s/it]
 82%|████████▏ | 6688/8189 [10:26:45<2:26:53,  5.87s/it]
 82%|████████▏ | 6689/8189 [10:26:51<2:28:49,  5.95s/it]
 82%|████████▏ | 6690/8189 [10:26:57<2:29:30,  5.98s/it]
 82%|████████▏ | 6691/8189 [10:27:02<2:21:31,  5.67s/it]
 82%|████████▏ | 6692/8189 [10:27:07<2:13:21,  5.35s/it]
 82%|████████▏ | 6693/8189 [10:27:13<2:17:53,  5.53s/it]
 82%|████████▏ | 6694/8189 [10:27:18<2:15:30,  5.44s/it]
 82%|████████▏ | 6695/8189 [10:27:24<2:17:20,  5.52s/it]
 82%|████████▏ | 6696/8189 [10:27:30<2:21:08,  5.67s/it]
 82%|████████▏ | 6697/8189 [10:27:34<2:12:07,  5.31s/it]
 82%|████████▏ | 6698/8189 [10:27:40<2:13:45,  5.38s/it]
 82%|████████▏ | 6699/8189 [10:27:44<2:09:18,  5.21s/it]
 82%|████████▏ | 6700/8189 [10:27:51<2:16:40,  5.51s/it]
 82%|████████▏ | 6701/8189 [10:27:57<2:19:18,  5.62s/it]
 82%|████████▏ | 6702/8189 [10:28:01<2:12:59,  5.37s/it]
 82%|████████▏ | 6703/8189 [10:28:08<2:20:29,  5.67s/it]
 82%|████████▏ | 6704/8189 [10:28:14<2:22:41,  5.77s/it]
 82%|████████▏ | 6705/8189 [10:28:19<2:18:14,  5.59s/it]
 82%|████████▏ | 6706/8189 [10:28:24<2:16:33,  5.52s/it]
 82%|████████▏ | 6707/8189 [10:28:29<2:09:52,  5.26s/it]
 82%|████████▏ | 6708/8189 [10:28:35<2:15:38,  5.50s/it]
 82%|████████▏ | 6709/8189 [10:28:40<2:15:27,  5.49s/it]
 82%|████████▏ | 6710/8189 [10:28:46<2:18:02,  5.60s/it]
 82%|████████▏ | 6711/8189 [10:28:51<2:13:35,  5.42s/it]
 82%|████████▏ | 6712/8189 [10:28:57<2:16:32,  5.55s/it]
 82%|████████▏ | 6713/8189 [10:29:03<2:16:12,  5.54s/it]
 82%|████████▏ | 6714/8189 [10:29:09<2:19:58,  5.69s/it]
 82%|████████▏ | 6715/8189 [10:29:14<2:17:26,  5.59s/it]
 82%|████████▏ | 6716/8189 [10:29:21<2:24:43,  5.89s/it]
 82%|████████▏ | 6717/8189 [10:29:27<2:31:00,  6.16s/it]
 82%|████████▏ | 6718/8189 [10:29:34<2:31:30,  6.18s/it]
 82%|████████▏ | 6719/8189 [10:29:39<2:27:53,  6.04s/it]
 82%|████████▏ | 6720/8189 [10:29:44<2:19:45,  5.71s/it]
 82%|████████▏ | 6721/8189 [10:29:49<2:14:34,  5.50s/it]
 82%|████████▏ | 6722/8189 [10:29:54<2:09:41,  5.30s/it]
 82%|████████▏ | 6723/8189 [10:30:00<2:11:21,  5.38s/it]
 82%|████████▏ | 6724/8189 [10:30:06<2:15:19,  5.54s/it]
 82%|████████▏ | 6725/8189 [10:30:11<2:17:14,  5.62s/it]
 82%|████████▏ | 6726/8189 [10:30:17<2:18:41,  5.69s/it]
 82%|████████▏ | 6727/8189 [10:30:21<2:07:13,  5.22s/it]
 82%|████████▏ | 6728/8189 [10:30:27<2:06:57,  5.21s/it]
 82%|████████▏ | 6729/8189 [10:30:33<2:14:59,  5.55s/it]
 82%|████████▏ | 6730/8189 [10:30:39<2:15:33,  5.57s/it]
 82%|████████▏ | 6731/8189 [10:30:45<2:17:52,  5.67s/it]
 82%|████████▏ | 6732/8189 [10:30:48<2:04:38,  5.13s/it]
 82%|████████▏ | 6733/8189 [10:30:54<2:08:33,  5.30s/it]
 82%|████████▏ | 6734/8189 [10:30:58<2:00:51,  4.98s/it]
 82%|████████▏ | 6735/8189 [10:31:04<2:06:14,  5.21s/it]
 82%|████████▏ | 6736/8189 [10:31:10<2:09:03,  5.33s/it]
 82%|████████▏ | 6737/8189 [10:31:14<2:05:24,  5.18s/it]
 82%|████████▏ | 6738/8189 [10:31:19<2:00:03,  4.96s/it]
 82%|████████▏ | 6739/8189 [10:31:25<2:06:20,  5.23s/it]
 82%|████████▏ | 6740/8189 [10:31:30<2:03:10,  5.10s/it]
 82%|████████▏ | 6741/8189 [10:31:35<2:04:30,  5.16s/it]
 82%|████████▏ | 6742/8189 [10:31:41<2:11:06,  5.44s/it]
 82%|████████▏ | 6743/8189 [10:31:46<2:04:34,  5.17s/it]
 82%|████████▏ | 6744/8189 [10:31:51<2:06:06,  5.24s/it]
 82%|████████▏ | 6745/8189 [10:31:57<2:12:52,  5.52s/it]
 82%|████████▏ | 6746/8189 [10:32:03<2:16:46,  5.69s/it]
 82%|████████▏ | 6747/8189 [10:32:09<2:17:05,  5.70s/it]
 82%|████████▏ | 6748/8189 [10:32:15<2:16:18,  5.68s/it]
 82%|████████▏ | 6749/8189 [10:32:21<2:20:01,  5.83s/it]
 82%|████████▏ | 6750/8189 [10:32:26<2:17:33,  5.74s/it]
 82%|████████▏ | 6751/8189 [10:32:32<2:20:44,  5.87s/it]
 82%|████████▏ | 6752/8189 [10:32:38<2:19:08,  5.81s/it]
 82%|████████▏ | 6753/8189 [10:32:43<2:11:45,  5.51s/it]
 82%|████████▏ | 6754/8189 [10:32:48<2:09:05,  5.40s/it]
 82%|████████▏ | 6755/8189 [10:32:54<2:14:26,  5.63s/it]
 83%|████████▎ | 6756/8189 [10:33:00<2:18:26,  5.80s/it]
 83%|████████▎ | 6757/8189 [10:33:05<2:11:23,  5.51s/it]
 83%|████████▎ | 6758/8189 [10:33:11<2:10:30,  5.47s/it]
 83%|████████▎ | 6759/8189 [10:33:17<2:14:20,  5.64s/it]
 83%|████████▎ | 6760/8189 [10:33:21<2:03:18,  5.18s/it]
 83%|████████▎ | 6761/8189 [10:33:26<2:03:47,  5.20s/it]
 83%|████████▎ | 6762/8189 [10:33:32<2:09:24,  5.44s/it]
 83%|████████▎ | 6763/8189 [10:33:38<2:13:04,  5.60s/it]
 83%|████████▎ | 6764/8189 [10:33:43<2:10:12,  5.48s/it]
 83%|████████▎ | 6765/8189 [10:33:49<2:10:19,  5.49s/it]
 83%|████████▎ | 6766/8189 [10:33:54<2:05:56,  5.31s/it]
 83%|████████▎ | 6767/8189 [10:33:59<2:09:27,  5.46s/it]
 83%|████████▎ | 6768/8189 [10:34:05<2:09:56,  5.49s/it]
 83%|████████▎ | 6769/8189 [10:34:10<2:08:06,  5.41s/it]
 83%|████████▎ | 6770/8189 [10:34:16<2:10:45,  5.53s/it]
 83%|████████▎ | 6771/8189 [10:34:21<2:10:29,  5.52s/it]
 83%|████████▎ | 6772/8189 [10:34:27<2:07:55,  5.42s/it]
 83%|████████▎ | 6773/8189 [10:34:32<2:05:19,  5.31s/it]
 83%|████████▎ | 6774/8189 [10:34:37<2:05:05,  5.30s/it]
 83%|████████▎ | 6775/8189 [10:34:42<2:03:37,  5.25s/it]
 83%|████████▎ | 6776/8189 [10:34:47<2:01:26,  5.16s/it]
 83%|████████▎ | 6777/8189 [10:34:53<2:07:16,  5.41s/it]
 83%|████████▎ | 6778/8189 [10:34:58<2:04:17,  5.29s/it]
 83%|████████▎ | 6779/8189 [10:35:03<2:05:03,  5.32s/it]
 83%|████████▎ | 6780/8189 [10:35:10<2:12:11,  5.63s/it]
 83%|████████▎ | 6781/8189 [10:35:14<2:04:45,  5.32s/it]
 83%|████████▎ | 6782/8189 [10:35:20<2:06:43,  5.40s/it]
 83%|████████▎ | 6783/8189 [10:35:25<2:02:36,  5.23s/it]
 83%|████████▎ | 6784/8189 [10:35:31<2:06:21,  5.40s/it]
 83%|████████▎ | 6785/8189 [10:35:36<2:09:23,  5.53s/it]
 83%|████████▎ | 6786/8189 [10:35:42<2:08:27,  5.49s/it]
 83%|████████▎ | 6787/8189 [10:35:48<2:13:26,  5.71s/it]
 83%|████████▎ | 6788/8189 [10:35:52<1:59:02,  5.10s/it]
 83%|████████▎ | 6789/8189 [10:35:57<2:03:34,  5.30s/it]
 83%|████████▎ | 6790/8189 [10:36:03<2:06:04,  5.41s/it]
 83%|████████▎ | 6791/8189 [10:36:09<2:09:57,  5.58s/it]
 83%|████████▎ | 6792/8189 [10:36:15<2:14:02,  5.76s/it]
 83%|████████▎ | 6793/8189 [10:36:20<2:05:30,  5.39s/it]
 83%|████████▎ | 6794/8189 [10:36:26<2:08:57,  5.55s/it]
 83%|████████▎ | 6795/8189 [10:36:31<2:09:14,  5.56s/it]
 83%|████████▎ | 6796/8189 [10:36:37<2:10:22,  5.62s/it]
 83%|████████▎ | 6797/8189 [10:36:42<2:05:57,  5.43s/it]
 83%|████████▎ | 6798/8189 [10:36:48<2:07:06,  5.48s/it]
 83%|████████▎ | 6799/8189 [10:36:53<2:07:19,  5.50s/it]
 83%|████████▎ | 6800/8189 [10:36:59<2:08:28,  5.55s/it]
 83%|████████▎ | 6801/8189 [10:37:05<2:11:08,  5.67s/it]
 83%|████████▎ | 6802/8189 [10:37:11<2:11:05,  5.67s/it]
 83%|████████▎ | 6803/8189 [10:37:16<2:12:51,  5.75s/it]
 83%|████████▎ | 6804/8189 [10:37:22<2:12:21,  5.73s/it]
 83%|████████▎ | 6805/8189 [10:37:29<2:17:14,  5.95s/it]
 83%|████████▎ | 6806/8189 [10:37:34<2:11:13,  5.69s/it]
 83%|████████▎ | 6807/8189 [10:37:38<2:04:06,  5.39s/it]
 83%|████████▎ | 6808/8189 [10:37:43<1:59:52,  5.21s/it]
 83%|████████▎ | 6809/8189 [10:37:49<2:01:04,  5.26s/it]
 83%|████████▎ | 6810/8189 [10:37:55<2:05:35,  5.46s/it]
 83%|████████▎ | 6811/8189 [10:38:00<2:07:07,  5.54s/it]
 83%|████████▎ | 6812/8189 [10:38:06<2:08:29,  5.60s/it]
 83%|████████▎ | 6813/8189 [10:38:11<2:04:25,  5.43s/it]
 83%|████████▎ | 6814/8189 [10:38:17<2:07:07,  5.55s/it]
 83%|████████▎ | 6815/8189 [10:38:22<2:05:30,  5.48s/it]
 83%|████████▎ | 6816/8189 [10:38:28<2:11:19,  5.74s/it]
 83%|████████▎ | 6817/8189 [10:38:34<2:08:18,  5.61s/it]
 83%|████████▎ | 6818/8189 [10:38:39<2:06:51,  5.55s/it]
 83%|████████▎ | 6819/8189 [10:38:45<2:09:01,  5.65s/it]
 83%|████████▎ | 6820/8189 [10:38:51<2:11:11,  5.75s/it]
 83%|████████▎ | 6821/8189 [10:38:58<2:16:35,  5.99s/it]
 83%|████████▎ | 6822/8189 [10:39:03<2:09:44,  5.69s/it]
 83%|████████▎ | 6823/8189 [10:39:09<2:11:02,  5.76s/it]
 83%|████████▎ | 6824/8189 [10:39:14<2:09:48,  5.71s/it]
 83%|████████▎ | 6825/8189 [10:39:20<2:10:59,  5.76s/it]
 83%|████████▎ | 6826/8189 [10:39:24<2:01:59,  5.37s/it]
 83%|████████▎ | 6827/8189 [10:39:31<2:07:39,  5.62s/it]
 83%|████████▎ | 6828/8189 [10:39:37<2:09:05,  5.69s/it]
 83%|████████▎ | 6829/8189 [10:39:41<2:03:51,  5.46s/it]
 83%|████████▎ | 6830/8189 [10:39:46<1:58:38,  5.24s/it]
 83%|████████▎ | 6831/8189 [10:39:52<2:03:24,  5.45s/it]
 83%|████████▎ | 6832/8189 [10:39:58<2:06:42,  5.60s/it]
 83%|████████▎ | 6833/8189 [10:40:04<2:07:29,  5.64s/it]
 83%|████████▎ | 6834/8189 [10:40:10<2:08:07,  5.67s/it]
 83%|████████▎ | 6835/8189 [10:40:15<2:07:51,  5.67s/it]
 83%|████████▎ | 6836/8189 [10:40:21<2:07:41,  5.66s/it]
 83%|████████▎ | 6837/8189 [10:40:27<2:08:09,  5.69s/it]
 84%|████████▎ | 6838/8189 [10:40:32<2:04:05,  5.51s/it]
 84%|████████▎ | 6839/8189 [10:40:37<2:03:43,  5.50s/it]
 84%|████████▎ | 6840/8189 [10:40:43<2:06:38,  5.63s/it]
 84%|████████▎ | 6841/8189 [10:40:50<2:11:52,  5.87s/it]
 84%|████████▎ | 6842/8189 [10:40:55<2:08:58,  5.74s/it]
 84%|████████▎ | 6843/8189 [10:41:01<2:12:21,  5.90s/it]
 84%|████████▎ | 6844/8189 [10:41:07<2:13:32,  5.96s/it]
 84%|████████▎ | 6845/8189 [10:41:14<2:17:26,  6.14s/it]
 84%|████████▎ | 6846/8189 [10:41:21<2:22:48,  6.38s/it]
 84%|████████▎ | 6847/8189 [10:41:26<2:11:44,  5.89s/it]
 84%|████████▎ | 6848/8189 [10:41:31<2:09:19,  5.79s/it]
 84%|████████▎ | 6849/8189 [10:41:37<2:11:32,  5.89s/it]
 84%|████████▎ | 6850/8189 [10:41:43<2:11:31,  5.89s/it]
 84%|████████▎ | 6851/8189 [10:41:49<2:13:38,  5.99s/it]
 84%|████████▎ | 6852/8189 [10:41:53<1:57:08,  5.26s/it]
 84%|████████▎ | 6853/8189 [10:41:59<2:00:06,  5.39s/it]
 84%|████████▎ | 6854/8189 [10:42:05<2:04:47,  5.61s/it]
 84%|████████▎ | 6855/8189 [10:42:11<2:09:18,  5.82s/it]
 84%|████████▎ | 6856/8189 [10:42:18<2:16:55,  6.16s/it]
 84%|████████▎ | 6857/8189 [10:42:23<2:10:11,  5.86s/it]
 84%|████████▎ | 6858/8189 [10:42:29<2:10:28,  5.88s/it]
 84%|████████▍ | 6859/8189 [10:42:35<2:07:08,  5.74s/it]
 84%|████████▍ | 6860/8189 [10:42:41<2:10:47,  5.90s/it]
 84%|████████▍ | 6861/8189 [10:42:46<2:07:41,  5.77s/it]
 84%|████████▍ | 6862/8189 [10:42:52<2:08:22,  5.80s/it]
 84%|████████▍ | 6863/8189 [10:42:58<2:09:28,  5.86s/it]
 84%|████████▍ | 6864/8189 [10:43:04<2:08:26,  5.82s/it]
 84%|████████▍ | 6865/8189 [10:43:09<2:05:34,  5.69s/it]
 84%|████████▍ | 6866/8189 [10:43:16<2:11:15,  5.95s/it]
 84%|████████▍ | 6867/8189 [10:43:21<2:08:25,  5.83s/it]
 84%|████████▍ | 6868/8189 [10:43:27<2:06:45,  5.76s/it]
 84%|████████▍ | 6869/8189 [10:43:31<1:56:15,  5.28s/it]
 84%|████████▍ | 6870/8189 [10:43:36<1:50:41,  5.04s/it]
 84%|████████▍ | 6871/8189 [10:43:41<1:54:47,  5.23s/it]
 84%|████████▍ | 6872/8189 [10:43:46<1:50:15,  5.02s/it]
 84%|████████▍ | 6873/8189 [10:43:51<1:53:51,  5.19s/it]
 84%|████████▍ | 6874/8189 [10:43:57<1:59:32,  5.45s/it]
 84%|████████▍ | 6875/8189 [10:44:02<1:56:43,  5.33s/it]
 84%|████████▍ | 6876/8189 [10:44:07<1:51:07,  5.08s/it]
 84%|████████▍ | 6877/8189 [10:44:13<1:55:15,  5.27s/it]
 84%|████████▍ | 6878/8189 [10:44:18<1:54:41,  5.25s/it]
 84%|████████▍ | 6879/8189 [10:44:24<1:57:23,  5.38s/it]
 84%|████████▍ | 6880/8189 [10:44:28<1:50:22,  5.06s/it]
 84%|████████▍ | 6881/8189 [10:44:33<1:53:50,  5.22s/it]
 84%|████████▍ | 6882/8189 [10:44:39<1:55:54,  5.32s/it]
 84%|████████▍ | 6883/8189 [10:44:45<1:58:43,  5.45s/it]
 84%|████████▍ | 6884/8189 [10:44:50<1:57:14,  5.39s/it]
 84%|████████▍ | 6885/8189 [10:44:56<1:57:42,  5.42s/it]
 84%|████████▍ | 6886/8189 [10:45:01<1:59:08,  5.49s/it]
 84%|████████▍ | 6887/8189 [10:45:07<2:02:59,  5.67s/it]
 84%|████████▍ | 6888/8189 [10:45:13<2:06:04,  5.81s/it]
 84%|████████▍ | 6889/8189 [10:45:18<2:00:53,  5.58s/it]
 84%|████████▍ | 6890/8189 [10:45:24<1:59:39,  5.53s/it]
 84%|████████▍ | 6891/8189 [10:45:29<1:58:13,  5.47s/it]
 84%|████████▍ | 6892/8189 [10:45:35<1:58:07,  5.46s/it]
 84%|████████▍ | 6893/8189 [10:45:39<1:53:09,  5.24s/it]
 84%|████████▍ | 6894/8189 [10:45:45<1:58:29,  5.49s/it]
 84%|████████▍ | 6895/8189 [10:45:51<1:59:04,  5.52s/it]
 84%|████████▍ | 6896/8189 [10:45:57<1:59:04,  5.53s/it]
 84%|████████▍ | 6897/8189 [10:46:02<1:57:27,  5.45s/it]
 84%|████████▍ | 6898/8189 [10:46:07<1:56:58,  5.44s/it]
 84%|████████▍ | 6899/8189 [10:46:13<1:58:39,  5.52s/it]
 84%|████████▍ | 6900/8189 [10:46:19<2:01:35,  5.66s/it]
 84%|████████▍ | 6901/8189 [10:46:25<2:00:53,  5.63s/it]
 84%|████████▍ | 6902/8189 [10:46:30<1:59:08,  5.55s/it]
 84%|████████▍ | 6903/8189 [10:46:35<1:56:15,  5.42s/it]
 84%|████████▍ | 6904/8189 [10:46:41<2:01:04,  5.65s/it]
 84%|████████▍ | 6905/8189 [10:46:47<2:01:04,  5.66s/it]
 84%|████████▍ | 6906/8189 [10:46:52<1:58:35,  5.55s/it]
 84%|████████▍ | 6907/8189 [10:46:57<1:55:28,  5.40s/it]
 84%|████████▍ | 6908/8189 [10:47:03<1:56:20,  5.45s/it]
 84%|████████▍ | 6909/8189 [10:47:08<1:57:55,  5.53s/it]
 84%|████████▍ | 6910/8189 [10:47:15<2:01:51,  5.72s/it]
 84%|████████▍ | 6911/8189 [10:47:20<2:01:36,  5.71s/it]
 84%|████████▍ | 6912/8189 [10:47:27<2:06:07,  5.93s/it]
 84%|████████▍ | 6913/8189 [10:47:33<2:05:22,  5.90s/it]
 84%|████████▍ | 6914/8189 [10:47:38<2:03:43,  5.82s/it]
 84%|████████▍ | 6915/8189 [10:47:44<2:03:13,  5.80s/it]
 84%|████████▍ | 6916/8189 [10:47:48<1:53:12,  5.34s/it]
 84%|████████▍ | 6917/8189 [10:47:53<1:50:02,  5.19s/it]
 84%|████████▍ | 6918/8189 [10:47:59<1:51:20,  5.26s/it]
 84%|████████▍ | 6919/8189 [10:48:05<1:57:21,  5.54s/it]
 85%|████████▍ | 6920/8189 [10:48:11<2:01:47,  5.76s/it]
 85%|████████▍ | 6921/8189 [10:48:16<1:59:23,  5.65s/it]
 85%|████████▍ | 6922/8189 [10:48:23<2:03:35,  5.85s/it]
 85%|████████▍ | 6923/8189 [10:48:28<2:01:24,  5.75s/it]
 85%|████████▍ | 6924/8189 [10:48:34<2:01:16,  5.75s/it]
 85%|████████▍ | 6925/8189 [10:48:39<1:56:40,  5.54s/it]
 85%|████████▍ | 6926/8189 [10:48:45<1:59:07,  5.66s/it]
 85%|████████▍ | 6927/8189 [10:48:51<1:59:35,  5.69s/it]
 85%|████████▍ | 6928/8189 [10:48:57<2:02:23,  5.82s/it]
 85%|████████▍ | 6929/8189 [10:49:03<2:02:50,  5.85s/it]
 85%|████████▍ | 6930/8189 [10:49:09<2:04:04,  5.91s/it]
 85%|████████▍ | 6931/8189 [10:49:14<2:02:25,  5.84s/it]
 85%|████████▍ | 6932/8189 [10:49:20<1:59:49,  5.72s/it]
 85%|████████▍ | 6933/8189 [10:49:25<1:56:16,  5.55s/it]
 85%|████████▍ | 6934/8189 [10:49:30<1:53:48,  5.44s/it]
 85%|████████▍ | 6935/8189 [10:49:36<1:58:35,  5.67s/it]
 85%|████████▍ | 6936/8189 [10:49:42<1:59:04,  5.70s/it]
 85%|████████▍ | 6937/8189 [10:49:48<1:58:39,  5.69s/it]
 85%|████████▍ | 6938/8189 [10:49:53<1:57:48,  5.65s/it]
 85%|████████▍ | 6939/8189 [10:49:58<1:52:07,  5.38s/it]
 85%|████████▍ | 6940/8189 [10:50:04<1:54:35,  5.50s/it]
 85%|████████▍ | 6941/8189 [10:50:10<1:55:26,  5.55s/it]
 85%|████████▍ | 6942/8189 [10:50:15<1:52:02,  5.39s/it]
 85%|████████▍ | 6943/8189 [10:50:20<1:52:23,  5.41s/it]
 85%|████████▍ | 6944/8189 [10:50:26<1:53:30,  5.47s/it]
 85%|████████▍ | 6945/8189 [10:50:30<1:47:42,  5.19s/it]
 85%|████████▍ | 6946/8189 [10:50:37<1:56:51,  5.64s/it]
 85%|████████▍ | 6947/8189 [10:50:43<1:59:00,  5.75s/it]
 85%|████████▍ | 6948/8189 [10:50:50<2:06:25,  6.11s/it]
 85%|████████▍ | 6949/8189 [10:50:56<2:08:48,  6.23s/it]
 85%|████████▍ | 6950/8189 [10:51:03<2:11:06,  6.35s/it]
 85%|████████▍ | 6951/8189 [10:51:10<2:12:16,  6.41s/it]
 85%|████████▍ | 6952/8189 [10:51:15<2:08:26,  6.23s/it]
 85%|████████▍ | 6953/8189 [10:51:22<2:10:27,  6.33s/it]
 85%|████████▍ | 6954/8189 [10:51:28<2:08:47,  6.26s/it]
 85%|████████▍ | 6955/8189 [10:51:34<2:09:13,  6.28s/it]
 85%|████████▍ | 6956/8189 [10:51:41<2:09:42,  6.31s/it]
 85%|████████▍ | 6957/8189 [10:51:48<2:11:58,  6.43s/it]
 85%|████████▍ | 6958/8189 [10:51:54<2:11:00,  6.39s/it]
 85%|████████▍ | 6959/8189 [10:52:00<2:09:02,  6.29s/it]
 85%|████████▍ | 6960/8189 [10:52:06<2:07:30,  6.22s/it]
 85%|████████▌ | 6961/8189 [10:52:12<2:07:52,  6.25s/it]
 85%|████████▌ | 6962/8189 [10:52:19<2:12:51,  6.50s/it]
 85%|████████▌ | 6963/8189 [10:52:26<2:13:24,  6.53s/it]
 85%|████████▌ | 6964/8189 [10:52:32<2:10:48,  6.41s/it]
 85%|████████▌ | 6965/8189 [10:52:39<2:11:05,  6.43s/it]
 85%|████████▌ | 6966/8189 [10:52:45<2:11:56,  6.47s/it]
 85%|████████▌ | 6967/8189 [10:52:52<2:14:41,  6.61s/it]
 85%|████████▌ | 6968/8189 [10:52:58<2:11:40,  6.47s/it]
 85%|████████▌ | 6969/8189 [10:53:05<2:14:21,  6.61s/it]
 85%|████████▌ | 6970/8189 [10:53:11<2:09:26,  6.37s/it]
 85%|████████▌ | 6971/8189 [10:53:18<2:11:58,  6.50s/it]
 85%|████████▌ | 6972/8189 [10:53:24<2:12:43,  6.54s/it]
 85%|████████▌ | 6973/8189 [10:53:31<2:10:38,  6.45s/it]
 85%|████████▌ | 6974/8189 [10:53:37<2:13:01,  6.57s/it]
 85%|████████▌ | 6975/8189 [10:53:44<2:12:25,  6.54s/it]
 85%|████████▌ | 6976/8189 [10:53:50<2:11:31,  6.51s/it]
 85%|████████▌ | 6977/8189 [10:53:57<2:11:25,  6.51s/it]
 85%|████████▌ | 6978/8189 [10:54:03<2:10:35,  6.47s/it]
 85%|████████▌ | 6979/8189 [10:54:10<2:10:36,  6.48s/it]
 85%|████████▌ | 6980/8189 [10:54:16<2:08:24,  6.37s/it]
 85%|████████▌ | 6981/8189 [10:54:22<2:05:12,  6.22s/it]
 85%|████████▌ | 6982/8189 [10:54:27<2:01:36,  6.05s/it]
 85%|████████▌ | 6983/8189 [10:54:34<2:02:21,  6.09s/it]
 85%|████████▌ | 6984/8189 [10:54:39<2:00:44,  6.01s/it]
 85%|████████▌ | 6985/8189 [10:54:46<2:01:39,  6.06s/it]
 85%|████████▌ | 6986/8189 [10:54:52<2:02:24,  6.11s/it]
 85%|████████▌ | 6987/8189 [10:54:58<2:04:22,  6.21s/it]
 85%|████████▌ | 6988/8189 [10:55:04<2:04:06,  6.20s/it]
 85%|████████▌ | 6989/8189 [10:55:11<2:05:46,  6.29s/it]
 85%|████████▌ | 6990/8189 [10:55:17<2:02:58,  6.15s/it]
 85%|████████▌ | 6991/8189 [10:55:22<1:56:05,  5.81s/it]
 85%|████████▌ | 6992/8189 [10:55:28<1:59:07,  5.97s/it]
 85%|████████▌ | 6993/8189 [10:55:34<2:00:12,  6.03s/it]
 85%|████████▌ | 6994/8189 [10:55:40<2:00:46,  6.06s/it]
 85%|████████▌ | 6995/8189 [10:55:47<2:01:55,  6.13s/it]
 85%|████████▌ | 6996/8189 [10:55:53<2:02:05,  6.14s/it]
 85%|████████▌ | 6997/8189 [10:55:59<2:01:47,  6.13s/it]
 85%|████████▌ | 6998/8189 [10:56:05<2:02:31,  6.17s/it]
 85%|████████▌ | 6999/8189 [10:56:11<1:58:33,  5.98s/it]
 85%|████████▌ | 7000/8189 [10:56:17<1:58:34,  5.98s/it]
                                                        

 85%|████████▌ | 7000/8189 [10:56:17<1:58:34,  5.98s/it]

Batches:   0%|          | 0/9 [00:00<?, ?it/s][A

Batches:  56%|█████▌    | 5/9 [00:00<00:00, 43.96it/s][A
Batches: 100%|██████████| 9/9 [00:00<00:00, 50.45it/s]


Corpus Chunks:   0%|          | 0/1 [00:00<?, ?it/s][A


Batches:   0%|          | 0/9 [00:00<?, ?it/s][A[A


Batches:  67%|██████▋   | 6/9 [00:00<00:00, 54.27it/s][A[A
Batches: 100%|██████████| 9/9 [00:00<00:00, 59.34it/s]


Corpus Chunks: 100%|██████████| 1/1 [00:00<00:00,  6.32it/s][A
Corpus Chunks: 100%|██████████| 1/1 [00:00<00:00,  6.30it/s]


Batches:   0%|          | 0/7 [00:00<?, ?it/s][A
Batches: 100%|██████████| 7/7 [00:00<00:00, 75.07it/s]


Batches:   0%|          | 0/7 [00:00<?, ?it/s][A

Batches: 100%|██████████| 7/7 [00:00<00:00, 65.83it/s][A
Batches: 100%|██████████| 7/7 [00:00<00:00, 65.47it/s]


Batches:   0%|          | 0/7 [00:00<?, ?it/s][A

Batches: 100%|██████████| 7/7 [00:00<00:00, 68.83it/s][A
Batches: 100%|██████████| 7/7 [00:00<00:00, 68.40it/s]

                                                        

 85%|████████▌ | 7000/8189 [10:56:18<1:58:34,  5.98s/it]

Writing model shards:   0%|          | 0/1 [00:00<?, ?it/s][A

Writing model shards: 100%|██████████| 1/1 [00:01<00:00,  1.14s/it][A
Writing model shards: 100%|██████████| 1/1 [00:01<00:00,  1.14s/it]

 85%|████████▌ | 7001/8189 [10:56:29<2:33:10,  7.74s/it]
 86%|████████▌ | 7002/8189 [10:56:35<2:23:50,  7.27s/it]
 86%|████████▌ | 7003/8189 [10:56:42<2:22:26,  7.21s/it]
 86%|████████▌ | 7004/8189 [10:56:48<2:17:41,  6.97s/it]
 86%|████████▌ | 7005/8189 [10:56:54<2:11:42,  6.67s/it]
 86%|████████▌ | 7006/8189 [10:57:01<2:09:16,  6.56s/it]
 86%|████████▌ | 7007/8189 [10:57:06<2:05:09,  6.35s/it]
 86%|████████▌ | 7008/8189 [10:57:12<2:03:11,  6.26s/it]
 86%|████████▌ | 7009/8189 [10:57:18<2:01:13,  6.16s/it]
 86%|████████▌ | 7010/8189 [10:57:25<2:03:19,  6.28s/it]
 86%|████████▌ | 7011/8189 [10:57:31<2:01:53,  6.21s/it]
 86%|████████▌ | 7012/8189 [10:57:37<2:01:35,  6.20s/it]
 86%|████████▌ | 7013/8189 [10:57:43<2:00:24,  6.14s/it]
 86%|████████▌ | 7014/8189 [10:57:49<1:59:40,  6.11s/it]
 86%|████████▌ | 7015/8189 [10:57:55<1:57:30,  6.01s/it]
 86%|████████▌ | 7016/8189 [10:58:01<1:58:39,  6.07s/it]
 86%|████████▌ | 7017/8189 [10:58:07<1:59:01,  6.09s/it]
 86%|████████▌ | 7018/8189 [10:58:14<2:01:09,  6.21s/it]
 86%|████████▌ | 7019/8189 [10:58:20<2:00:17,  6.17s/it]
 86%|████████▌ | 7020/8189 [10:58:25<1:54:13,  5.86s/it]
 86%|████████▌ | 7021/8189 [10:58:31<1:51:58,  5.75s/it]
 86%|████████▌ | 7022/8189 [10:58:37<1:53:51,  5.85s/it]
 86%|████████▌ | 7023/8189 [10:58:42<1:50:59,  5.71s/it]
 86%|████████▌ | 7024/8189 [10:58:47<1:47:11,  5.52s/it]
 86%|████████▌ | 7025/8189 [10:58:53<1:51:02,  5.72s/it]
 86%|████████▌ | 7026/8189 [10:58:59<1:52:26,  5.80s/it]
 86%|████████▌ | 7027/8189 [10:59:05<1:54:07,  5.89s/it]
 86%|████████▌ | 7028/8189 [10:59:11<1:55:21,  5.96s/it]
 86%|████████▌ | 7029/8189 [10:59:18<1:57:13,  6.06s/it]
 86%|████████▌ | 7030/8189 [10:59:24<1:57:30,  6.08s/it]
 86%|████████▌ | 7031/8189 [10:59:29<1:49:39,  5.68s/it]
 86%|████████▌ | 7032/8189 [10:59:34<1:46:12,  5.51s/it]
 86%|████████▌ | 7033/8189 [10:59:39<1:42:54,  5.34s/it]
 86%|████████▌ | 7034/8189 [10:59:45<1:47:08,  5.57s/it]
 86%|████████▌ | 7035/8189 [10:59:51<1:48:33,  5.64s/it]
 86%|████████▌ | 7036/8189 [10:59:57<1:51:03,  5.78s/it]
 86%|████████▌ | 7037/8189 [11:00:03<1:53:42,  5.92s/it]
 86%|████████▌ | 7038/8189 [11:00:09<1:54:17,  5.96s/it]
 86%|████████▌ | 7039/8189 [11:00:15<1:55:04,  6.00s/it]
 86%|████████▌ | 7040/8189 [11:00:21<1:56:58,  6.11s/it]
 86%|████████▌ | 7041/8189 [11:00:28<1:59:18,  6.24s/it]
 86%|████████▌ | 7042/8189 [11:00:34<1:58:29,  6.20s/it]
 86%|████████▌ | 7043/8189 [11:00:40<1:56:48,  6.12s/it]
 86%|████████▌ | 7044/8189 [11:00:45<1:49:30,  5.74s/it]
 86%|████████▌ | 7045/8189 [11:00:51<1:50:33,  5.80s/it]
 86%|████████▌ | 7046/8189 [11:00:57<1:52:46,  5.92s/it]
 86%|████████▌ | 7047/8189 [11:01:03<1:52:43,  5.92s/it]
 86%|████████▌ | 7048/8189 [11:01:09<1:53:25,  5.96s/it]
 86%|████████▌ | 7049/8189 [11:01:15<1:53:01,  5.95s/it]
 86%|████████▌ | 7050/8189 [11:01:21<1:53:47,  5.99s/it]
 86%|████████▌ | 7051/8189 [11:01:27<1:54:28,  6.04s/it]
 86%|████████▌ | 7052/8189 [11:01:33<1:54:23,  6.04s/it]
 86%|████████▌ | 7053/8189 [11:01:40<1:56:42,  6.16s/it]
 86%|████████▌ | 7054/8189 [11:01:45<1:52:08,  5.93s/it]
 86%|████████▌ | 7055/8189 [11:01:50<1:47:16,  5.68s/it]
 86%|████████▌ | 7056/8189 [11:01:55<1:43:52,  5.50s/it]
 86%|████████▌ | 7057/8189 [11:02:00<1:41:48,  5.40s/it]
 86%|████████▌ | 7058/8189 [11:02:06<1:41:16,  5.37s/it]
 86%|████████▌ | 7059/8189 [11:02:12<1:44:06,  5.53s/it]
 86%|████████▌ | 7060/8189 [11:02:17<1:46:03,  5.64s/it]
 86%|████████▌ | 7061/8189 [11:02:23<1:45:44,  5.62s/it]
 86%|████████▌ | 7062/8189 [11:02:29<1:48:01,  5.75s/it]
 86%|████████▌ | 7063/8189 [11:02:35<1:49:12,  5.82s/it]
 86%|████████▋ | 7064/8189 [11:02:41<1:48:33,  5.79s/it]
 86%|████████▋ | 7065/8189 [11:02:47<1:51:37,  5.96s/it]
 86%|████████▋ | 7066/8189 [11:02:53<1:49:54,  5.87s/it]
 86%|████████▋ | 7067/8189 [11:02:59<1:49:33,  5.86s/it]
 86%|████████▋ | 7068/8189 [11:03:05<1:50:27,  5.91s/it]
 86%|████████▋ | 7069/8189 [11:03:09<1:39:38,  5.34s/it]
 86%|████████▋ | 7070/8189 [11:03:14<1:38:49,  5.30s/it]
 86%|████████▋ | 7071/8189 [11:03:20<1:41:02,  5.42s/it]
 86%|████████▋ | 7072/8189 [11:03:26<1:44:46,  5.63s/it]
 86%|████████▋ | 7073/8189 [11:03:32<1:46:01,  5.70s/it]
 86%|████████▋ | 7074/8189 [11:03:38<1:46:58,  5.76s/it]
 86%|████████▋ | 7075/8189 [11:03:43<1:47:42,  5.80s/it]
 86%|████████▋ | 7076/8189 [11:03:49<1:48:43,  5.86s/it]
 86%|████████▋ | 7077/8189 [11:03:55<1:47:51,  5.82s/it]
 86%|████████▋ | 7078/8189 [11:04:01<1:49:00,  5.89s/it]
 86%|████████▋ | 7079/8189 [11:04:07<1:49:01,  5.89s/it]
 86%|████████▋ | 7080/8189 [11:04:13<1:48:50,  5.89s/it]
 86%|████████▋ | 7081/8189 [11:04:19<1:48:31,  5.88s/it]
 86%|████████▋ | 7082/8189 [11:04:25<1:48:25,  5.88s/it]
 86%|████████▋ | 7083/8189 [11:04:31<1:48:14,  5.87s/it]
 87%|████████▋ | 7084/8189 [11:04:36<1:47:03,  5.81s/it]
 87%|████████▋ | 7085/8189 [11:04:42<1:45:46,  5.75s/it]
 87%|████████▋ | 7086/8189 [11:04:48<1:46:54,  5.82s/it]
 87%|████████▋ | 7087/8189 [11:04:54<1:50:57,  6.04s/it]
 87%|████████▋ | 7088/8189 [11:05:00<1:49:33,  5.97s/it]
 87%|████████▋ | 7089/8189 [11:05:06<1:49:06,  5.95s/it]
 87%|████████▋ | 7090/8189 [11:05:12<1:48:53,  5.94s/it]
 87%|████████▋ | 7091/8189 [11:05:18<1:51:26,  6.09s/it]
 87%|████████▋ | 7092/8189 [11:05:24<1:50:14,  6.03s/it]
 87%|████████▋ | 7093/8189 [11:05:30<1:46:14,  5.82s/it]
 87%|████████▋ | 7094/8189 [11:05:36<1:47:25,  5.89s/it]
 87%|████████▋ | 7095/8189 [11:05:42<1:48:08,  5.93s/it]
 87%|████████▋ | 7096/8189 [11:05:48<1:47:54,  5.92s/it]
 87%|████████▋ | 7097/8189 [11:05:54<1:48:43,  5.97s/it]
 87%|████████▋ | 7098/8189 [11:06:00<1:48:44,  5.98s/it]
 87%|████████▋ | 7099/8189 [11:06:06<1:49:55,  6.05s/it]
 87%|████████▋ | 7100/8189 [11:06:11<1:45:15,  5.80s/it]
 87%|████████▋ | 7101/8189 [11:06:17<1:47:38,  5.94s/it]
 87%|████████▋ | 7102/8189 [11:06:23<1:46:12,  5.86s/it]
 87%|████████▋ | 7103/8189 [11:06:29<1:47:39,  5.95s/it]
 87%|████████▋ | 7104/8189 [11:06:35<1:48:12,  5.98s/it]
 87%|████████▋ | 7105/8189 [11:06:41<1:48:55,  6.03s/it]
 87%|████████▋ | 7106/8189 [11:06:47<1:46:40,  5.91s/it]
 87%|████████▋ | 7107/8189 [11:06:53<1:47:06,  5.94s/it]
 87%|████████▋ | 7108/8189 [11:06:59<1:47:14,  5.95s/it]
 87%|████████▋ | 7109/8189 [11:07:05<1:48:50,  6.05s/it]
 87%|████████▋ | 7110/8189 [11:07:13<1:56:04,  6.45s/it]
 87%|████████▋ | 7111/8189 [11:07:20<2:00:53,  6.73s/it]
 87%|████████▋ | 7112/8189 [11:07:29<2:10:29,  7.27s/it]
 87%|████████▋ | 7113/8189 [11:07:36<2:10:08,  7.26s/it]
 87%|████████▋ | 7114/8189 [11:07:42<2:04:11,  6.93s/it]
 87%|████████▋ | 7115/8189 [11:07:48<2:00:35,  6.74s/it]
 87%|████████▋ | 7116/8189 [11:07:56<2:06:14,  7.06s/it]
 87%|████████▋ | 7117/8189 [11:08:05<2:13:07,  7.45s/it]
 87%|████████▋ | 7118/8189 [11:08:13<2:20:18,  7.86s/it]
 87%|████████▋ | 7119/8189 [11:08:35<3:33:51, 11.99s/it]
 87%|████████▋ | 7120/8189 [11:08:44<3:16:28, 11.03s/it]
 87%|████████▋ | 7121/8189 [11:08:52<3:01:40, 10.21s/it]
 87%|████████▋ | 7122/8189 [11:09:02<2:58:17, 10.03s/it]
 87%|████████▋ | 7123/8189 [11:09:14<3:12:41, 10.85s/it]
 87%|████████▋ | 7124/8189 [11:09:27<3:19:39, 11.25s/it]
 87%|████████▋ | 7125/8189 [11:09:45<3:57:35, 13.40s/it]
 87%|████████▋ | 7126/8189 [11:09:53<3:27:10, 11.69s/it]
 87%|████████▋ | 7127/8189 [11:10:02<3:15:44, 11.06s/it]
 87%|████████▋ | 7128/8189 [11:10:11<3:03:06, 10.35s/it]
 87%|████████▋ | 7129/8189 [11:10:17<2:40:51,  9.11s/it]
 87%|████████▋ | 7130/8189 [11:10:25<2:33:18,  8.69s/it]
 87%|████████▋ | 7131/8189 [11:10:38<2:53:57,  9.87s/it]
 87%|████████▋ | 7132/8189 [11:10:49<3:00:03, 10.22s/it]
 87%|████████▋ | 7133/8189 [11:10:59<3:02:09, 10.35s/it]
 87%|████████▋ | 7134/8189 [11:11:09<3:00:50, 10.28s/it]
 87%|████████▋ | 7135/8189 [11:11:16<2:39:55,  9.10s/it]
 87%|████████▋ | 7136/8189 [11:11:25<2:39:07,  9.07s/it]
 87%|████████▋ | 7137/8189 [11:11:35<2:45:08,  9.42s/it]
 87%|████████▋ | 7138/8189 [11:11:44<2:44:20,  9.38s/it]
 87%|████████▋ | 7139/8189 [11:11:52<2:38:21,  9.05s/it]
 87%|████████▋ | 7140/8189 [11:12:03<2:44:40,  9.42s/it]
 87%|████████▋ | 7141/8189 [11:12:11<2:37:09,  9.00s/it]
 87%|████████▋ | 7142/8189 [11:12:21<2:43:36,  9.38s/it]
 87%|████████▋ | 7143/8189 [11:12:28<2:29:52,  8.60s/it]
 87%|████████▋ | 7144/8189 [11:12:41<2:53:23,  9.96s/it]
 87%|████████▋ | 7145/8189 [11:12:49<2:40:54,  9.25s/it]
 87%|████████▋ | 7146/8189 [11:13:01<2:55:04, 10.07s/it]
 87%|████████▋ | 7147/8189 [11:13:08<2:43:49,  9.43s/it]
 87%|████████▋ | 7148/8189 [11:13:17<2:38:28,  9.13s/it]
 87%|████████▋ | 7149/8189 [11:13:23<2:24:56,  8.36s/it]
 87%|████████▋ | 7150/8189 [11:13:33<2:29:49,  8.65s/it]
 87%|████████▋ | 7151/8189 [11:13:41<2:28:31,  8.59s/it]
 87%|████████▋ | 7152/8189 [11:13:49<2:24:30,  8.36s/it]
 87%|████████▋ | 7153/8189 [11:13:58<2:28:33,  8.60s/it]
 87%|████████▋ | 7154/8189 [11:14:09<2:37:12,  9.11s/it]
 87%|████████▋ | 7155/8189 [11:14:17<2:32:28,  8.85s/it]
 87%|████████▋ | 7156/8189 [11:14:24<2:24:26,  8.39s/it]
 87%|████████▋ | 7157/8189 [11:14:34<2:30:36,  8.76s/it]
 87%|████████▋ | 7158/8189 [11:14:40<2:19:17,  8.11s/it]
 87%|████████▋ | 7159/8189 [11:14:48<2:18:21,  8.06s/it]
 87%|████████▋ | 7160/8189 [11:14:56<2:14:19,  7.83s/it]
 87%|████████▋ | 7161/8189 [11:15:03<2:14:47,  7.87s/it]
 87%|████████▋ | 7162/8189 [11:15:10<2:09:37,  7.57s/it]
 87%|████████▋ | 7163/8189 [11:15:18<2:10:35,  7.64s/it]
 87%|████████▋ | 7164/8189 [11:15:25<2:07:03,  7.44s/it]
 87%|████████▋ | 7165/8189 [11:15:32<2:06:08,  7.39s/it]
 88%|████████▊ | 7166/8189 [11:15:40<2:08:31,  7.54s/it]
 88%|████████▊ | 7167/8189 [11:15:47<2:03:30,  7.25s/it]
 88%|████████▊ | 7168/8189 [11:15:55<2:08:30,  7.55s/it]
 88%|████████▊ | 7169/8189 [11:16:02<2:04:57,  7.35s/it]
 88%|████████▊ | 7170/8189 [11:16:10<2:07:10,  7.49s/it]
 88%|████████▊ | 7171/8189 [11:16:16<2:02:24,  7.22s/it]
 88%|████████▊ | 7172/8189 [11:16:23<2:00:02,  7.08s/it]
 88%|████████▊ | 7173/8189 [11:16:31<2:01:45,  7.19s/it]
 88%|████████▊ | 7174/8189 [11:16:37<1:59:00,  7.03s/it]
 88%|████████▊ | 7175/8189 [11:16:44<1:55:39,  6.84s/it]
 88%|████████▊ | 7176/8189 [11:16:52<2:00:31,  7.14s/it]
 88%|████████▊ | 7177/8189 [11:16:59<2:03:00,  7.29s/it]
 88%|████████▊ | 7178/8189 [11:17:06<2:01:14,  7.20s/it]
 88%|████████▊ | 7179/8189 [11:17:14<2:02:26,  7.27s/it]
 88%|████████▊ | 7180/8189 [11:17:20<1:57:14,  6.97s/it]
 88%|████████▊ | 7181/8189 [11:17:28<2:05:17,  7.46s/it]
 88%|████████▊ | 7182/8189 [11:17:36<2:04:27,  7.42s/it]
 88%|████████▊ | 7183/8189 [11:17:42<1:58:20,  7.06s/it]
 88%|████████▊ | 7184/8189 [11:17:49<1:58:48,  7.09s/it]
 88%|████████▊ | 7185/8189 [11:17:58<2:05:40,  7.51s/it]
 88%|████████▊ | 7186/8189 [11:18:05<2:02:19,  7.32s/it]
 88%|████████▊ | 7187/8189 [11:18:11<1:58:33,  7.10s/it]
 88%|████████▊ | 7188/8189 [11:18:23<2:23:58,  8.63s/it]
 88%|████████▊ | 7189/8189 [11:18:28<2:05:50,  7.55s/it]
 88%|████████▊ | 7190/8189 [11:18:36<2:04:15,  7.46s/it]
 88%|████████▊ | 7191/8189 [11:18:42<2:00:41,  7.26s/it]
 88%|████████▊ | 7192/8189 [11:18:51<2:05:22,  7.54s/it]
 88%|████████▊ | 7193/8189 [11:18:57<2:00:43,  7.27s/it]
 88%|████████▊ | 7194/8189 [11:19:04<1:59:47,  7.22s/it]
 88%|████████▊ | 7195/8189 [11:19:11<1:54:47,  6.93s/it]
 88%|████████▊ | 7196/8189 [11:19:18<1:55:05,  6.95s/it]
 88%|████████▊ | 7197/8189 [11:19:24<1:50:38,  6.69s/it]
 88%|████████▊ | 7198/8189 [11:19:30<1:49:42,  6.64s/it]
 88%|████████▊ | 7199/8189 [11:19:37<1:48:30,  6.58s/it]
 88%|████████▊ | 7200/8189 [11:19:44<1:49:57,  6.67s/it]
 88%|████████▊ | 7201/8189 [11:19:50<1:48:42,  6.60s/it]
 88%|████████▊ | 7202/8189 [11:19:57<1:52:02,  6.81s/it]
 88%|████████▊ | 7203/8189 [11:20:04<1:52:28,  6.84s/it]
 88%|████████▊ | 7204/8189 [11:20:11<1:52:03,  6.83s/it]
 88%|████████▊ | 7205/8189 [11:20:18<1:51:02,  6.77s/it]
 88%|████████▊ | 7206/8189 [11:20:26<1:56:32,  7.11s/it]
 88%|████████▊ | 7207/8189 [11:20:32<1:54:55,  7.02s/it]
 88%|████████▊ | 7208/8189 [11:20:41<2:02:07,  7.47s/it]
 88%|████████▊ | 7209/8189 [11:20:48<2:01:07,  7.42s/it]
 88%|████████▊ | 7210/8189 [11:20:55<2:00:36,  7.39s/it]
 88%|████████▊ | 7211/8189 [11:21:02<1:57:37,  7.22s/it]
 88%|████████▊ | 7212/8189 [11:21:09<1:56:16,  7.14s/it]
 88%|████████▊ | 7213/8189 [11:21:15<1:48:57,  6.70s/it]
 88%|████████▊ | 7214/8189 [11:21:21<1:48:01,  6.65s/it]
 88%|████████▊ | 7215/8189 [11:21:28<1:45:49,  6.52s/it]
 88%|████████▊ | 7216/8189 [11:21:35<1:48:44,  6.71s/it]
 88%|████████▊ | 7217/8189 [11:21:42<1:50:47,  6.84s/it]
 88%|████████▊ | 7218/8189 [11:21:49<1:52:18,  6.94s/it]
 88%|████████▊ | 7219/8189 [11:21:56<1:49:56,  6.80s/it]
 88%|████████▊ | 7220/8189 [11:22:02<1:46:06,  6.57s/it]
 88%|████████▊ | 7221/8189 [11:22:08<1:47:27,  6.66s/it]
 88%|████████▊ | 7222/8189 [11:22:15<1:47:11,  6.65s/it]
 88%|████████▊ | 7223/8189 [11:22:22<1:47:06,  6.65s/it]
 88%|████████▊ | 7224/8189 [11:22:28<1:45:54,  6.58s/it]
 88%|████████▊ | 7225/8189 [11:22:34<1:44:06,  6.48s/it]
 88%|████████▊ | 7226/8189 [11:22:41<1:43:46,  6.47s/it]
 88%|████████▊ | 7227/8189 [11:22:47<1:41:48,  6.35s/it]
 88%|████████▊ | 7228/8189 [11:22:52<1:37:47,  6.11s/it]
 88%|████████▊ | 7229/8189 [11:22:59<1:41:37,  6.35s/it]
 88%|████████▊ | 7230/8189 [11:23:06<1:43:39,  6.49s/it]
 88%|████████▊ | 7231/8189 [11:23:13<1:43:16,  6.47s/it]
 88%|████████▊ | 7232/8189 [11:23:19<1:43:49,  6.51s/it]
 88%|████████▊ | 7233/8189 [11:23:26<1:43:27,  6.49s/it]
 88%|████████▊ | 7234/8189 [11:23:32<1:44:27,  6.56s/it]
 88%|████████▊ | 7235/8189 [11:23:40<1:47:45,  6.78s/it]
 88%|████████▊ | 7236/8189 [11:23:47<1:52:03,  7.05s/it]
 88%|████████▊ | 7237/8189 [11:23:54<1:50:44,  6.98s/it]
 88%|████████▊ | 7238/8189 [11:24:01<1:51:16,  7.02s/it]
 88%|████████▊ | 7239/8189 [11:24:08<1:50:36,  6.99s/it]
 88%|████████▊ | 7240/8189 [11:24:15<1:51:35,  7.06s/it]
 88%|████████▊ | 7241/8189 [11:24:21<1:42:20,  6.48s/it]
 88%|████████▊ | 7242/8189 [11:24:27<1:39:40,  6.31s/it]
 88%|████████▊ | 7243/8189 [11:24:32<1:36:44,  6.14s/it]
 88%|████████▊ | 7244/8189 [11:24:39<1:37:25,  6.19s/it]
 88%|████████▊ | 7245/8189 [11:24:45<1:40:46,  6.41s/it]
 88%|████████▊ | 7246/8189 [11:24:51<1:38:49,  6.29s/it]
 88%|████████▊ | 7247/8189 [11:24:58<1:39:16,  6.32s/it]
 89%|████████▊ | 7248/8189 [11:25:04<1:39:13,  6.33s/it]
 89%|████████▊ | 7249/8189 [11:25:11<1:39:45,  6.37s/it]
 89%|████████▊ | 7250/8189 [11:25:17<1:40:29,  6.42s/it]
 89%|████████▊ | 7251/8189 [11:25:24<1:40:03,  6.40s/it]
 89%|████████▊ | 7252/8189 [11:25:29<1:36:57,  6.21s/it]
 89%|████████▊ | 7253/8189 [11:25:36<1:38:13,  6.30s/it]
 89%|████████▊ | 7254/8189 [11:25:42<1:35:52,  6.15s/it]
 89%|████████▊ | 7255/8189 [11:25:48<1:36:17,  6.19s/it]
 89%|████████▊ | 7256/8189 [11:25:55<1:39:15,  6.38s/it]
 89%|████████▊ | 7257/8189 [11:26:01<1:39:45,  6.42s/it]
 89%|████████▊ | 7258/8189 [11:26:08<1:39:43,  6.43s/it]
 89%|████████▊ | 7259/8189 [11:26:14<1:36:58,  6.26s/it]
 89%|████████▊ | 7260/8189 [11:26:19<1:34:42,  6.12s/it]
 89%|████████▊ | 7261/8189 [11:26:25<1:33:52,  6.07s/it]
 89%|████████▊ | 7262/8189 [11:26:31<1:34:07,  6.09s/it]
 89%|████████▊ | 7263/8189 [11:26:38<1:35:30,  6.19s/it]
 89%|████████▊ | 7264/8189 [11:26:45<1:41:29,  6.58s/it]
 89%|████████▊ | 7265/8189 [11:26:51<1:38:25,  6.39s/it]
 89%|████████▊ | 7266/8189 [11:26:56<1:31:57,  5.98s/it]
 89%|████████▊ | 7267/8189 [11:27:01<1:27:40,  5.71s/it]
 89%|████████▉ | 7268/8189 [11:27:08<1:29:41,  5.84s/it]
 89%|████████▉ | 7269/8189 [11:27:14<1:30:18,  5.89s/it]
 89%|████████▉ | 7270/8189 [11:27:21<1:35:34,  6.24s/it]
 89%|████████▉ | 7271/8189 [11:27:27<1:36:28,  6.31s/it]
 89%|████████▉ | 7272/8189 [11:27:34<1:37:29,  6.38s/it]
 89%|████████▉ | 7273/8189 [11:27:40<1:36:44,  6.34s/it]
 89%|████████▉ | 7274/8189 [11:27:45<1:31:32,  6.00s/it]
 89%|████████▉ | 7275/8189 [11:27:50<1:25:08,  5.59s/it]
 89%|████████▉ | 7276/8189 [11:27:56<1:28:48,  5.84s/it]
 89%|████████▉ | 7277/8189 [11:28:02<1:30:28,  5.95s/it]
 89%|████████▉ | 7278/8189 [11:28:08<1:30:54,  5.99s/it]
 89%|████████▉ | 7279/8189 [11:28:15<1:34:58,  6.26s/it]
 89%|████████▉ | 7280/8189 [11:28:22<1:35:02,  6.27s/it]
 89%|████████▉ | 7281/8189 [11:28:28<1:36:11,  6.36s/it]
 89%|████████▉ | 7282/8189 [11:28:35<1:36:33,  6.39s/it]
 89%|████████▉ | 7283/8189 [11:28:41<1:35:45,  6.34s/it]
 89%|████████▉ | 7284/8189 [11:28:47<1:34:45,  6.28s/it]
 89%|████████▉ | 7285/8189 [11:28:53<1:34:43,  6.29s/it]
 89%|████████▉ | 7286/8189 [11:28:59<1:33:27,  6.21s/it]
 89%|████████▉ | 7287/8189 [11:29:05<1:29:46,  5.97s/it]
 89%|████████▉ | 7288/8189 [11:29:10<1:27:07,  5.80s/it]
 89%|████████▉ | 7289/8189 [11:29:16<1:27:23,  5.83s/it]
 89%|████████▉ | 7290/8189 [11:29:22<1:27:34,  5.85s/it]
 89%|████████▉ | 7291/8189 [11:29:28<1:28:33,  5.92s/it]
 89%|████████▉ | 7292/8189 [11:29:34<1:30:27,  6.05s/it]
 89%|████████▉ | 7293/8189 [11:29:41<1:31:27,  6.12s/it]
 89%|████████▉ | 7294/8189 [11:29:48<1:34:42,  6.35s/it]
 89%|████████▉ | 7295/8189 [11:29:53<1:32:42,  6.22s/it]
 89%|████████▉ | 7296/8189 [11:30:00<1:33:14,  6.26s/it]
 89%|████████▉ | 7297/8189 [11:30:06<1:32:03,  6.19s/it]
 89%|████████▉ | 7298/8189 [11:30:11<1:28:04,  5.93s/it]
 89%|████████▉ | 7299/8189 [11:30:17<1:28:50,  5.99s/it]
 89%|████████▉ | 7300/8189 [11:30:24<1:29:44,  6.06s/it]
 89%|████████▉ | 7301/8189 [11:30:30<1:31:09,  6.16s/it]
 89%|████████▉ | 7302/8189 [11:30:35<1:28:29,  5.99s/it]
 89%|████████▉ | 7303/8189 [11:30:42<1:29:42,  6.08s/it]
 89%|████████▉ | 7304/8189 [11:30:50<1:38:15,  6.66s/it]
 89%|████████▉ | 7305/8189 [11:30:56<1:35:18,  6.47s/it]
 89%|████████▉ | 7306/8189 [11:31:02<1:34:20,  6.41s/it]
 89%|████████▉ | 7307/8189 [11:31:09<1:35:10,  6.47s/it]
 89%|████████▉ | 7308/8189 [11:31:15<1:35:37,  6.51s/it]
 89%|████████▉ | 7309/8189 [11:31:22<1:34:43,  6.46s/it]
 89%|████████▉ | 7310/8189 [11:31:28<1:33:55,  6.41s/it]
 89%|████████▉ | 7311/8189 [11:31:34<1:33:40,  6.40s/it]
 89%|████████▉ | 7312/8189 [11:31:41<1:32:48,  6.35s/it]
 89%|████████▉ | 7313/8189 [11:31:47<1:32:08,  6.31s/it]
 89%|████████▉ | 7314/8189 [11:31:53<1:33:03,  6.38s/it]
 89%|████████▉ | 7315/8189 [11:32:00<1:33:19,  6.41s/it]
 89%|████████▉ | 7316/8189 [11:32:06<1:32:14,  6.34s/it]
 89%|████████▉ | 7317/8189 [11:32:12<1:31:49,  6.32s/it]
 89%|████████▉ | 7318/8189 [11:32:19<1:33:17,  6.43s/it]
 89%|████████▉ | 7319/8189 [11:32:25<1:31:45,  6.33s/it]
 89%|████████▉ | 7320/8189 [11:32:31<1:31:43,  6.33s/it]
 89%|████████▉ | 7321/8189 [11:32:38<1:32:00,  6.36s/it]
 89%|████████▉ | 7322/8189 [11:32:44<1:32:07,  6.38s/it]
 89%|████████▉ | 7323/8189 [11:32:51<1:33:31,  6.48s/it]
 89%|████████▉ | 7324/8189 [11:32:57<1:33:28,  6.48s/it]
 89%|████████▉ | 7325/8189 [11:33:03<1:30:07,  6.26s/it]
 89%|████████▉ | 7326/8189 [11:33:10<1:31:47,  6.38s/it]
 89%|████████▉ | 7327/8189 [11:33:16<1:31:09,  6.35s/it]
 89%|████████▉ | 7328/8189 [11:33:24<1:37:12,  6.77s/it]
 89%|████████▉ | 7329/8189 [11:33:30<1:36:06,  6.71s/it]
 90%|████████▉ | 7330/8189 [11:33:37<1:35:55,  6.70s/it]
 90%|████████▉ | 7331/8189 [11:33:46<1:43:13,  7.22s/it]
 90%|████████▉ | 7332/8189 [11:33:53<1:42:20,  7.17s/it]
 90%|████████▉ | 7333/8189 [11:34:00<1:44:50,  7.35s/it]
 90%|████████▉ | 7334/8189 [11:34:07<1:41:46,  7.14s/it]
 90%|████████▉ | 7335/8189 [11:34:13<1:38:23,  6.91s/it]
 90%|████████▉ | 7336/8189 [11:34:20<1:38:01,  6.89s/it]
 90%|████████▉ | 7337/8189 [11:34:27<1:38:23,  6.93s/it]
 90%|████████▉ | 7338/8189 [11:34:34<1:38:44,  6.96s/it]
 90%|████████▉ | 7339/8189 [11:34:42<1:42:21,  7.23s/it]
 90%|████████▉ | 7340/8189 [11:34:49<1:39:56,  7.06s/it]
 90%|████████▉ | 7341/8189 [11:34:55<1:34:33,  6.69s/it]
 90%|████████▉ | 7342/8189 [11:35:02<1:36:40,  6.85s/it]
 90%|████████▉ | 7343/8189 [11:35:09<1:39:00,  7.02s/it]
 90%|████████▉ | 7344/8189 [11:35:17<1:41:14,  7.19s/it]
 90%|████████▉ | 7345/8189 [11:35:24<1:38:53,  7.03s/it]
 90%|████████▉ | 7346/8189 [11:35:31<1:39:56,  7.11s/it]
 90%|████████▉ | 7347/8189 [11:35:39<1:44:02,  7.41s/it]
 90%|████████▉ | 7348/8189 [11:35:46<1:42:53,  7.34s/it]
 90%|████████▉ | 7349/8189 [11:35:54<1:43:06,  7.37s/it]
 90%|████████▉ | 7350/8189 [11:36:02<1:47:17,  7.67s/it]
 90%|████████▉ | 7351/8189 [11:36:09<1:46:43,  7.64s/it]
 90%|████████▉ | 7352/8189 [11:36:20<2:00:28,  8.64s/it]
 90%|████████▉ | 7353/8189 [11:36:29<1:58:44,  8.52s/it]
 90%|████████▉ | 7354/8189 [11:36:37<1:56:17,  8.36s/it]
 90%|████████▉ | 7355/8189 [11:36:44<1:52:17,  8.08s/it]
 90%|████████▉ | 7356/8189 [11:36:51<1:48:56,  7.85s/it]
 90%|████████▉ | 7357/8189 [11:37:00<1:50:31,  7.97s/it]
 90%|████████▉ | 7358/8189 [11:37:06<1:44:58,  7.58s/it]
 90%|████████▉ | 7359/8189 [11:37:16<1:51:54,  8.09s/it]
 90%|████████▉ | 7360/8189 [11:37:22<1:46:26,  7.70s/it]
 90%|████████▉ | 7361/8189 [11:37:29<1:40:17,  7.27s/it]
 90%|████████▉ | 7362/8189 [11:37:36<1:38:32,  7.15s/it]
 90%|████████▉ | 7363/8189 [11:37:42<1:33:59,  6.83s/it]
 90%|████████▉ | 7364/8189 [11:37:52<1:47:11,  7.80s/it]
 90%|████████▉ | 7365/8189 [11:37:59<1:44:14,  7.59s/it]
 90%|████████▉ | 7366/8189 [11:38:07<1:45:04,  7.66s/it]
 90%|████████▉ | 7367/8189 [11:38:18<2:01:30,  8.87s/it]
 90%|████████▉ | 7368/8189 [11:38:26<1:56:44,  8.53s/it]
 90%|████████▉ | 7369/8189 [11:38:33<1:51:09,  8.13s/it]
 90%|████████▉ | 7370/8189 [11:38:39<1:42:10,  7.49s/it]
 90%|█████████ | 7371/8189 [11:38:46<1:38:53,  7.25s/it]
 90%|█████████ | 7372/8189 [11:38:53<1:38:08,  7.21s/it]
 90%|█████████ | 7373/8189 [11:39:01<1:39:43,  7.33s/it]
 90%|█████████ | 7374/8189 [11:39:05<1:26:00,  6.33s/it]
 90%|█████████ | 7375/8189 [11:39:11<1:27:10,  6.43s/it]
 90%|█████████ | 7376/8189 [11:39:19<1:33:02,  6.87s/it]
 90%|█████████ | 7377/8189 [11:39:26<1:33:57,  6.94s/it]
 90%|█████████ | 7378/8189 [11:39:34<1:36:25,  7.13s/it]
 90%|█████████ | 7379/8189 [11:39:41<1:34:25,  6.99s/it]
 90%|█████████ | 7380/8189 [11:39:48<1:36:40,  7.17s/it]
 90%|█████████ | 7381/8189 [11:39:56<1:39:45,  7.41s/it]
 90%|█████████ | 7382/8189 [11:40:03<1:37:09,  7.22s/it]
 90%|█████████ | 7383/8189 [11:40:11<1:39:26,  7.40s/it]
 90%|█████████ | 7384/8189 [11:40:18<1:38:40,  7.35s/it]
 90%|█████████ | 7385/8189 [11:40:24<1:34:52,  7.08s/it]
 90%|█████████ | 7386/8189 [11:40:32<1:38:50,  7.39s/it]
 90%|█████████ | 7387/8189 [11:40:40<1:37:27,  7.29s/it]
 90%|█████████ | 7388/8189 [11:40:47<1:36:13,  7.21s/it]
 90%|█████████ | 7389/8189 [11:40:53<1:34:53,  7.12s/it]
 90%|█████████ | 7390/8189 [11:41:00<1:33:35,  7.03s/it]
 90%|█████████ | 7391/8189 [11:41:07<1:32:00,  6.92s/it]
 90%|█████████ | 7392/8189 [11:41:14<1:32:42,  6.98s/it]
 90%|█████████ | 7393/8189 [11:41:20<1:29:37,  6.76s/it]
 90%|█████████ | 7394/8189 [11:41:27<1:29:28,  6.75s/it]
 90%|█████████ | 7395/8189 [11:41:33<1:27:45,  6.63s/it]
 90%|█████████ | 7396/8189 [11:41:39<1:25:18,  6.45s/it]
 90%|█████████ | 7397/8189 [11:41:45<1:22:04,  6.22s/it]
 90%|█████████ | 7398/8189 [11:41:53<1:27:49,  6.66s/it]
 90%|█████████ | 7399/8189 [11:41:59<1:26:21,  6.56s/it]
 90%|█████████ | 7400/8189 [11:42:06<1:25:58,  6.54s/it]
 90%|█████████ | 7401/8189 [11:42:13<1:28:53,  6.77s/it]
 90%|█████████ | 7402/8189 [11:42:20<1:29:19,  6.81s/it]
 90%|█████████ | 7403/8189 [11:42:27<1:28:42,  6.77s/it]
 90%|█████████ | 7404/8189 [11:42:34<1:30:35,  6.92s/it]
 90%|█████████ | 7405/8189 [11:42:41<1:31:34,  7.01s/it]
 90%|█████████ | 7406/8189 [11:42:48<1:29:47,  6.88s/it]
 90%|█████████ | 7407/8189 [11:42:54<1:29:00,  6.83s/it]
 90%|█████████ | 7408/8189 [11:43:01<1:29:25,  6.87s/it]
 90%|█████████ | 7409/8189 [11:43:07<1:23:44,  6.44s/it]
 90%|█████████ | 7410/8189 [11:43:14<1:27:20,  6.73s/it]
 90%|█████████ | 7411/8189 [11:43:21<1:29:32,  6.91s/it]
 91%|█████████ | 7412/8189 [11:43:28<1:29:46,  6.93s/it]
 91%|█████████ | 7413/8189 [11:43:36<1:31:09,  7.05s/it]
 91%|█████████ | 7414/8189 [11:43:43<1:31:33,  7.09s/it]
 91%|█████████ | 7415/8189 [11:43:50<1:32:21,  7.16s/it]
 91%|█████████ | 7416/8189 [11:43:57<1:32:14,  7.16s/it]
 91%|█████████ | 7417/8189 [11:44:04<1:29:25,  6.95s/it]
 91%|█████████ | 7418/8189 [11:44:11<1:30:27,  7.04s/it]
 91%|█████████ | 7419/8189 [11:44:17<1:26:43,  6.76s/it]
 91%|█████████ | 7420/8189 [11:44:24<1:27:46,  6.85s/it]
 91%|█████████ | 7421/8189 [11:44:30<1:24:29,  6.60s/it]
 91%|█████████ | 7422/8189 [11:44:37<1:25:23,  6.68s/it]
 91%|█████████ | 7423/8189 [11:44:44<1:25:47,  6.72s/it]
 91%|█████████ | 7424/8189 [11:44:51<1:25:37,  6.72s/it]
 91%|█████████ | 7425/8189 [11:44:58<1:26:22,  6.78s/it]
 91%|█████████ | 7426/8189 [11:45:04<1:25:48,  6.75s/it]
 91%|█████████ | 7427/8189 [11:45:11<1:24:53,  6.68s/it]
 91%|█████████ | 7428/8189 [11:45:17<1:24:29,  6.66s/it]
 91%|█████████ | 7429/8189 [11:45:24<1:25:40,  6.76s/it]
 91%|█████████ | 7430/8189 [11:45:33<1:30:51,  7.18s/it]
 91%|█████████ | 7431/8189 [11:45:39<1:28:45,  7.03s/it]
 91%|█████████ | 7432/8189 [11:45:45<1:24:17,  6.68s/it]
 91%|█████████ | 7433/8189 [11:45:52<1:25:32,  6.79s/it]
 91%|█████████ | 7434/8189 [11:45:59<1:27:04,  6.92s/it]
 91%|█████████ | 7435/8189 [11:46:06<1:25:11,  6.78s/it]
 91%|█████████ | 7436/8189 [11:46:13<1:25:53,  6.84s/it]
 91%|█████████ | 7437/8189 [11:46:20<1:25:37,  6.83s/it]
 91%|█████████ | 7438/8189 [11:46:26<1:23:38,  6.68s/it]
 91%|█████████ | 7439/8189 [11:46:34<1:29:29,  7.16s/it]
 91%|█████████ | 7440/8189 [11:46:41<1:27:04,  6.98s/it]
 91%|█████████ | 7441/8189 [11:46:50<1:33:36,  7.51s/it]
 91%|█████████ | 7442/8189 [11:46:56<1:30:48,  7.29s/it]
 91%|█████████ | 7443/8189 [11:47:03<1:26:38,  6.97s/it]
 91%|█████████ | 7444/8189 [11:47:09<1:23:54,  6.76s/it]
 91%|█████████ | 7445/8189 [11:47:15<1:22:49,  6.68s/it]
 91%|█████████ | 7446/8189 [11:47:22<1:21:05,  6.55s/it]
 91%|█████████ | 7447/8189 [11:47:29<1:22:46,  6.69s/it]
 91%|█████████ | 7448/8189 [11:47:36<1:24:09,  6.82s/it]
 91%|█████████ | 7449/8189 [11:47:42<1:22:44,  6.71s/it]
 91%|█████████ | 7450/8189 [11:47:49<1:22:50,  6.73s/it]
 91%|█████████ | 7451/8189 [11:47:56<1:22:46,  6.73s/it]
 91%|█████████ | 7452/8189 [11:48:02<1:22:02,  6.68s/it]
 91%|█████████ | 7453/8189 [11:48:09<1:20:37,  6.57s/it]
 91%|█████████ | 7454/8189 [11:48:16<1:23:11,  6.79s/it]
 91%|█████████ | 7455/8189 [11:48:23<1:26:06,  7.04s/it]
 91%|█████████ | 7456/8189 [11:48:32<1:31:07,  7.46s/it]
 91%|█████████ | 7457/8189 [11:48:55<2:27:56, 12.13s/it]
 91%|█████████ | 7458/8189 [11:49:09<2:35:00, 12.72s/it]
 91%|█████████ | 7459/8189 [11:49:22<2:36:00, 12.82s/it]
 91%|█████████ | 7460/8189 [11:49:34<2:33:39, 12.65s/it]
 91%|█████████ | 7461/8189 [11:49:45<2:28:06, 12.21s/it]
 91%|█████████ | 7462/8189 [11:49:55<2:19:31, 11.52s/it]
 91%|█████████ | 7463/8189 [11:50:03<2:06:40, 10.47s/it]
 91%|█████████ | 7464/8189 [11:50:12<1:58:33,  9.81s/it]
 91%|█████████ | 7465/8189 [11:50:20<1:51:51,  9.27s/it]
 91%|█████████ | 7466/8189 [11:50:29<1:50:15,  9.15s/it]
 91%|█████████ | 7467/8189 [11:50:37<1:47:44,  8.95s/it]
 91%|█████████ | 7468/8189 [11:50:46<1:47:16,  8.93s/it]
 91%|█████████ | 7469/8189 [11:50:54<1:42:37,  8.55s/it]
 91%|█████████ | 7470/8189 [11:51:02<1:40:35,  8.39s/it]
 91%|█████████ | 7471/8189 [11:51:09<1:37:24,  8.14s/it]
 91%|█████████ | 7472/8189 [11:51:18<1:39:14,  8.31s/it]
 91%|█████████▏| 7473/8189 [11:51:26<1:36:46,  8.11s/it]
 91%|█████████▏| 7474/8189 [11:51:33<1:33:27,  7.84s/it]
 91%|█████████▏| 7475/8189 [11:51:40<1:31:14,  7.67s/it]
 91%|█████████▏| 7476/8189 [11:51:47<1:28:40,  7.46s/it]
 91%|█████████▏| 7477/8189 [11:51:56<1:34:25,  7.96s/it]
 91%|█████████▏| 7478/8189 [11:52:04<1:33:09,  7.86s/it]
 91%|█████████▏| 7479/8189 [11:52:11<1:30:32,  7.65s/it]
 91%|█████████▏| 7480/8189 [11:52:18<1:27:07,  7.37s/it]
 91%|█████████▏| 7481/8189 [11:52:26<1:30:23,  7.66s/it]
 91%|█████████▏| 7482/8189 [11:52:33<1:26:44,  7.36s/it]
 91%|█████████▏| 7483/8189 [11:52:40<1:25:28,  7.26s/it]
 91%|█████████▏| 7484/8189 [11:52:47<1:25:15,  7.26s/it]
 91%|█████████▏| 7485/8189 [11:52:55<1:27:11,  7.43s/it]
 91%|█████████▏| 7486/8189 [11:53:01<1:23:09,  7.10s/it]
 91%|█████████▏| 7487/8189 [11:53:10<1:28:26,  7.56s/it]
 91%|█████████▏| 7488/8189 [11:53:21<1:39:43,  8.54s/it]
 91%|█████████▏| 7489/8189 [11:53:29<1:38:55,  8.48s/it]
 91%|█████████▏| 7490/8189 [11:53:36<1:35:10,  8.17s/it]
 91%|█████████▏| 7491/8189 [11:53:44<1:33:20,  8.02s/it]
 91%|█████████▏| 7492/8189 [11:53:51<1:27:58,  7.57s/it]
 92%|█████████▏| 7493/8189 [11:53:57<1:25:45,  7.39s/it]
 92%|█████████▏| 7494/8189 [11:54:05<1:25:36,  7.39s/it]
 92%|█████████▏| 7495/8189 [11:54:13<1:27:16,  7.55s/it]
 92%|█████████▏| 7496/8189 [11:54:20<1:24:18,  7.30s/it]
 92%|█████████▏| 7497/8189 [11:54:26<1:21:24,  7.06s/it]
 92%|█████████▏| 7498/8189 [11:54:32<1:19:15,  6.88s/it]
 92%|█████████▏| 7499/8189 [11:54:38<1:14:07,  6.45s/it]
 92%|█████████▏| 7500/8189 [11:54:45<1:14:51,  6.52s/it]
 92%|█████████▏| 7501/8189 [11:54:51<1:15:28,  6.58s/it]
 92%|█████████▏| 7502/8189 [11:54:57<1:11:37,  6.26s/it]
 92%|█████████▏| 7503/8189 [11:55:03<1:11:43,  6.27s/it]
 92%|█████████▏| 7504/8189 [11:55:10<1:13:06,  6.40s/it]
 92%|█████████▏| 7505/8189 [11:55:17<1:14:17,  6.52s/it]
 92%|█████████▏| 7506/8189 [11:55:23<1:14:59,  6.59s/it]
 92%|█████████▏| 7507/8189 [11:55:30<1:13:51,  6.50s/it]
 92%|█████████▏| 7508/8189 [11:55:37<1:16:53,  6.77s/it]
 92%|█████████▏| 7509/8189 [11:55:43<1:15:00,  6.62s/it]
 92%|█████████▏| 7510/8189 [11:55:50<1:14:21,  6.57s/it]
 92%|█████████▏| 7511/8189 [11:55:56<1:14:10,  6.56s/it]
 92%|█████████▏| 7512/8189 [11:56:03<1:15:15,  6.67s/it]
 92%|█████████▏| 7513/8189 [11:56:10<1:13:56,  6.56s/it]
 92%|█████████▏| 7514/8189 [11:56:16<1:12:50,  6.47s/it]
 92%|█████████▏| 7515/8189 [11:56:22<1:12:59,  6.50s/it]
 92%|█████████▏| 7516/8189 [11:56:29<1:12:21,  6.45s/it]
 92%|█████████▏| 7517/8189 [11:56:35<1:12:00,  6.43s/it]
 92%|█████████▏| 7518/8189 [11:56:42<1:12:02,  6.44s/it]
 92%|█████████▏| 7519/8189 [11:56:49<1:15:36,  6.77s/it]
 92%|█████████▏| 7520/8189 [11:56:56<1:14:49,  6.71s/it]
 92%|█████████▏| 7521/8189 [11:57:02<1:14:09,  6.66s/it]
 92%|█████████▏| 7522/8189 [11:57:10<1:17:32,  6.97s/it]
 92%|█████████▏| 7523/8189 [11:57:16<1:13:59,  6.67s/it]
 92%|█████████▏| 7524/8189 [11:57:23<1:13:44,  6.65s/it]
 92%|█████████▏| 7525/8189 [11:57:29<1:13:23,  6.63s/it]
 92%|█████████▏| 7526/8189 [11:57:35<1:12:19,  6.55s/it]
 92%|█████████▏| 7527/8189 [11:57:42<1:10:40,  6.40s/it]
 92%|█████████▏| 7528/8189 [11:57:48<1:11:10,  6.46s/it]
 92%|█████████▏| 7529/8189 [11:57:54<1:10:46,  6.43s/it]
 92%|█████████▏| 7530/8189 [11:58:01<1:11:31,  6.51s/it]
 92%|█████████▏| 7531/8189 [11:58:08<1:10:53,  6.46s/it]
 92%|█████████▏| 7532/8189 [11:58:18<1:22:23,  7.52s/it]
 92%|█████████▏| 7533/8189 [11:58:24<1:18:56,  7.22s/it]
 92%|█████████▏| 7534/8189 [11:58:30<1:16:00,  6.96s/it]
 92%|█████████▏| 7535/8189 [11:58:37<1:15:41,  6.94s/it]
 92%|█████████▏| 7536/8189 [11:58:43<1:12:22,  6.65s/it]
 92%|█████████▏| 7537/8189 [11:58:50<1:12:51,  6.71s/it]
 92%|█████████▏| 7538/8189 [11:58:57<1:12:16,  6.66s/it]
 92%|█████████▏| 7539/8189 [11:59:03<1:11:58,  6.64s/it]
 92%|█████████▏| 7540/8189 [11:59:10<1:12:04,  6.66s/it]
 92%|█████████▏| 7541/8189 [11:59:17<1:12:54,  6.75s/it]
 92%|█████████▏| 7542/8189 [11:59:23<1:10:25,  6.53s/it]
 92%|█████████▏| 7543/8189 [11:59:29<1:08:56,  6.40s/it]
 92%|█████████▏| 7544/8189 [11:59:36<1:10:59,  6.60s/it]
 92%|█████████▏| 7545/8189 [11:59:42<1:10:00,  6.52s/it]
 92%|█████████▏| 7546/8189 [11:59:49<1:09:52,  6.52s/it]
 92%|█████████▏| 7547/8189 [11:59:55<1:09:03,  6.45s/it]
 92%|█████████▏| 7548/8189 [12:00:02<1:09:49,  6.54s/it]
 92%|█████████▏| 7549/8189 [12:00:08<1:09:28,  6.51s/it]
 92%|█████████▏| 7550/8189 [12:00:15<1:09:42,  6.55s/it]
 92%|█████████▏| 7551/8189 [12:00:21<1:09:14,  6.51s/it]
 92%|█████████▏| 7552/8189 [12:00:28<1:09:39,  6.56s/it]
 92%|█████████▏| 7553/8189 [12:00:34<1:07:39,  6.38s/it]
 92%|█████████▏| 7554/8189 [12:00:41<1:09:01,  6.52s/it]
 92%|█████████▏| 7555/8189 [12:00:47<1:08:03,  6.44s/it]
 92%|█████████▏| 7556/8189 [12:00:53<1:06:54,  6.34s/it]
 92%|█████████▏| 7557/8189 [12:00:59<1:05:00,  6.17s/it]
 92%|█████████▏| 7558/8189 [12:01:06<1:06:26,  6.32s/it]
 92%|█████████▏| 7559/8189 [12:01:10<1:00:46,  5.79s/it]
 92%|█████████▏| 7560/8189 [12:01:16<1:00:36,  5.78s/it]
 92%|█████████▏| 7561/8189 [12:01:22<1:00:28,  5.78s/it]
 92%|█████████▏| 7562/8189 [12:01:27<59:29,  5.69s/it]  
 92%|█████████▏| 7563/8189 [12:01:34<1:02:52,  6.03s/it]
 92%|█████████▏| 7564/8189 [12:01:41<1:04:07,  6.16s/it]
 92%|█████████▏| 7565/8189 [12:01:47<1:03:47,  6.13s/it]
 92%|█████████▏| 7566/8189 [12:01:53<1:03:52,  6.15s/it]
 92%|█████████▏| 7567/8189 [12:01:59<1:04:13,  6.20s/it]
 92%|█████████▏| 7568/8189 [12:02:06<1:05:01,  6.28s/it]
 92%|█████████▏| 7569/8189 [12:02:12<1:05:23,  6.33s/it]
 92%|█████████▏| 7570/8189 [12:02:18<1:04:45,  6.28s/it]
 92%|█████████▏| 7571/8189 [12:02:25<1:04:30,  6.26s/it]
 92%|█████████▏| 7572/8189 [12:02:31<1:06:09,  6.43s/it]
 92%|█████████▏| 7573/8189 [12:02:38<1:06:21,  6.46s/it]
 92%|█████████▏| 7574/8189 [12:02:44<1:05:07,  6.35s/it]
 93%|█████████▎| 7575/8189 [12:02:50<1:04:45,  6.33s/it]
 93%|█████████▎| 7576/8189 [12:02:57<1:04:41,  6.33s/it]
 93%|█████████▎| 7577/8189 [12:03:02<1:03:19,  6.21s/it]
 93%|█████████▎| 7578/8189 [12:03:08<1:00:42,  5.96s/it]
 93%|█████████▎| 7579/8189 [12:03:13<59:01,  5.81s/it]  
 93%|█████████▎| 7580/8189 [12:03:20<1:01:15,  6.04s/it]
 93%|█████████▎| 7581/8189 [12:03:26<1:01:58,  6.12s/it]
 93%|█████████▎| 7582/8189 [12:03:32<1:01:23,  6.07s/it]
 93%|█████████▎| 7583/8189 [12:03:37<57:07,  5.66s/it]  
 93%|█████████▎| 7584/8189 [12:03:43<58:10,  5.77s/it]
 93%|█████████▎| 7585/8189 [12:03:49<58:36,  5.82s/it]
 93%|█████████▎| 7586/8189 [12:03:54<57:28,  5.72s/it]
 93%|█████████▎| 7587/8189 [12:04:00<58:18,  5.81s/it]
 93%|█████████▎| 7588/8189 [12:04:06<59:02,  5.89s/it]
 93%|█████████▎| 7589/8189 [12:04:13<1:00:19,  6.03s/it]
 93%|█████████▎| 7590/8189 [12:04:19<1:00:53,  6.10s/it]
 93%|█████████▎| 7591/8189 [12:04:26<1:01:58,  6.22s/it]
 93%|█████████▎| 7592/8189 [12:04:32<1:01:22,  6.17s/it]
 93%|█████████▎| 7593/8189 [12:04:38<1:02:41,  6.31s/it]
 93%|█████████▎| 7594/8189 [12:04:45<1:04:02,  6.46s/it]
 93%|█████████▎| 7595/8189 [12:04:52<1:04:35,  6.52s/it]
 93%|█████████▎| 7596/8189 [12:04:58<1:04:19,  6.51s/it]
 93%|█████████▎| 7597/8189 [12:05:03<59:51,  6.07s/it]  
 93%|█████████▎| 7598/8189 [12:05:10<1:00:44,  6.17s/it]
 93%|█████████▎| 7599/8189 [12:05:15<59:07,  6.01s/it]  
 93%|█████████▎| 7600/8189 [12:05:22<1:00:28,  6.16s/it]
 93%|█████████▎| 7601/8189 [12:05:28<1:00:38,  6.19s/it]
 93%|█████████▎| 7602/8189 [12:05:34<59:36,  6.09s/it]  
 93%|█████████▎| 7603/8189 [12:05:40<1:00:36,  6.21s/it]
 93%|█████████▎| 7604/8189 [12:05:47<1:01:35,  6.32s/it]
 93%|█████████▎| 7605/8189 [12:05:52<59:12,  6.08s/it]  
 93%|█████████▎| 7606/8189 [12:05:59<1:00:13,  6.20s/it]
 93%|█████████▎| 7607/8189 [12:06:06<1:02:34,  6.45s/it]
 93%|█████████▎| 7608/8189 [12:06:12<1:02:24,  6.44s/it]
 93%|█████████▎| 7609/8189 [12:06:19<1:01:41,  6.38s/it]
 93%|█████████▎| 7610/8189 [12:06:25<1:01:29,  6.37s/it]
 93%|█████████▎| 7611/8189 [12:06:31<1:00:53,  6.32s/it]
 93%|█████████▎| 7612/8189 [12:06:38<1:01:38,  6.41s/it]
 93%|█████████▎| 7613/8189 [12:06:44<1:01:21,  6.39s/it]
 93%|█████████▎| 7614/8189 [12:06:50<1:00:11,  6.28s/it]
 93%|█████████▎| 7615/8189 [12:06:57<1:00:19,  6.31s/it]
 93%|█████████▎| 7616/8189 [12:07:03<1:00:30,  6.34s/it]
 93%|█████████▎| 7617/8189 [12:07:10<1:02:45,  6.58s/it]
 93%|█████████▎| 7618/8189 [12:07:17<1:02:37,  6.58s/it]
 93%|█████████▎| 7619/8189 [12:07:23<1:02:09,  6.54s/it]
 93%|█████████▎| 7620/8189 [12:07:30<1:01:34,  6.49s/it]
 93%|█████████▎| 7621/8189 [12:07:36<1:01:17,  6.47s/it]
 93%|█████████▎| 7622/8189 [12:07:42<59:35,  6.31s/it]  
 93%|█████████▎| 7623/8189 [12:07:49<1:00:28,  6.41s/it]
 93%|█████████▎| 7624/8189 [12:07:55<1:01:52,  6.57s/it]
 93%|█████████▎| 7625/8189 [12:08:02<1:02:37,  6.66s/it]
 93%|█████████▎| 7626/8189 [12:08:09<1:02:39,  6.68s/it]
 93%|█████████▎| 7627/8189 [12:08:15<1:01:21,  6.55s/it]
 93%|█████████▎| 7628/8189 [12:08:22<1:02:26,  6.68s/it]
 93%|█████████▎| 7629/8189 [12:08:30<1:03:53,  6.85s/it]
 93%|█████████▎| 7630/8189 [12:08:36<1:03:47,  6.85s/it]
 93%|█████████▎| 7631/8189 [12:08:43<1:02:41,  6.74s/it]
 93%|█████████▎| 7632/8189 [12:08:50<1:03:07,  6.80s/it]
 93%|█████████▎| 7633/8189 [12:08:56<1:01:22,  6.62s/it]
 93%|█████████▎| 7634/8189 [12:09:04<1:05:02,  7.03s/it]
 93%|█████████▎| 7635/8189 [12:09:10<1:02:14,  6.74s/it]
 93%|█████████▎| 7636/8189 [12:09:17<1:02:51,  6.82s/it]
 93%|█████████▎| 7637/8189 [12:09:24<1:02:59,  6.85s/it]
 93%|█████████▎| 7638/8189 [12:09:30<1:00:14,  6.56s/it]
 93%|█████████▎| 7639/8189 [12:09:37<1:00:44,  6.63s/it]
 93%|█████████▎| 7640/8189 [12:09:44<1:01:17,  6.70s/it]
 93%|█████████▎| 7641/8189 [12:09:50<1:00:52,  6.67s/it]
 93%|█████████▎| 7642/8189 [12:09:58<1:04:10,  7.04s/it]
 93%|█████████▎| 7643/8189 [12:10:06<1:06:21,  7.29s/it]
 93%|█████████▎| 7644/8189 [12:10:13<1:05:21,  7.20s/it]
 93%|█████████▎| 7645/8189 [12:10:19<1:03:25,  7.00s/it]
 93%|█████████▎| 7646/8189 [12:10:26<1:02:52,  6.95s/it]
 93%|█████████▎| 7647/8189 [12:10:33<1:01:27,  6.80s/it]
 93%|█████████▎| 7648/8189 [12:10:39<1:00:45,  6.74s/it]
 93%|█████████▎| 7649/8189 [12:10:45<57:30,  6.39s/it]  
 93%|█████████▎| 7650/8189 [12:10:52<58:54,  6.56s/it]
 93%|█████████▎| 7651/8189 [12:10:58<58:35,  6.53s/it]
 93%|█████████▎| 7652/8189 [12:11:05<59:11,  6.61s/it]
 93%|█████████▎| 7653/8189 [12:11:12<1:00:27,  6.77s/it]
 93%|█████████▎| 7654/8189 [12:11:18<58:49,  6.60s/it]  
 93%|█████████▎| 7655/8189 [12:11:25<59:30,  6.69s/it]
 93%|█████████▎| 7656/8189 [12:11:32<59:09,  6.66s/it]
 94%|█████████▎| 7657/8189 [12:11:39<59:54,  6.76s/it]
 94%|█████████▎| 7658/8189 [12:11:46<59:25,  6.71s/it]
 94%|█████████▎| 7659/8189 [12:11:52<59:28,  6.73s/it]
 94%|█████████▎| 7660/8189 [12:12:00<1:01:27,  6.97s/it]
 94%|█████████▎| 7661/8189 [12:12:06<1:00:21,  6.86s/it]
 94%|█████████▎| 7662/8189 [12:12:13<58:41,  6.68s/it]  
 94%|█████████▎| 7663/8189 [12:12:19<57:50,  6.60s/it]
 94%|█████████▎| 7664/8189 [12:12:26<57:52,  6.61s/it]
 94%|█████████▎| 7665/8189 [12:12:33<58:47,  6.73s/it]
 94%|█████████▎| 7666/8189 [12:12:40<59:19,  6.81s/it]
 94%|█████████▎| 7667/8189 [12:12:46<58:30,  6.72s/it]
 94%|█████████▎| 7668/8189 [12:12:53<57:57,  6.67s/it]
 94%|█████████▎| 7669/8189 [12:12:59<57:22,  6.62s/it]
 94%|█████████▎| 7670/8189 [12:13:06<57:47,  6.68s/it]
 94%|█████████▎| 7671/8189 [12:13:13<57:17,  6.64s/it]
 94%|█████████▎| 7672/8189 [12:13:19<56:49,  6.59s/it]
 94%|█████████▎| 7673/8189 [12:13:26<57:25,  6.68s/it]
 94%|█████████▎| 7674/8189 [12:13:32<55:59,  6.52s/it]
 94%|█████████▎| 7675/8189 [12:13:39<56:01,  6.54s/it]
 94%|█████████▎| 7676/8189 [12:13:45<55:28,  6.49s/it]
 94%|█████████▎| 7677/8189 [12:13:52<56:28,  6.62s/it]
 94%|█████████▍| 7678/8189 [12:13:59<56:45,  6.66s/it]
 94%|█████████▍| 7679/8189 [12:14:05<56:11,  6.61s/it]
 94%|█████████▍| 7680/8189 [12:14:12<55:58,  6.60s/it]
 94%|█████████▍| 7681/8189 [12:14:18<55:45,  6.59s/it]
 94%|█████████▍| 7682/8189 [12:14:25<55:10,  6.53s/it]
 94%|█████████▍| 7683/8189 [12:14:31<54:58,  6.52s/it]
 94%|█████████▍| 7684/8189 [12:14:38<55:20,  6.57s/it]
 94%|█████████▍| 7685/8189 [12:14:45<55:09,  6.57s/it]
 94%|█████████▍| 7686/8189 [12:14:50<53:14,  6.35s/it]
 94%|█████████▍| 7687/8189 [12:14:56<51:15,  6.13s/it]
 94%|█████████▍| 7688/8189 [12:15:02<50:28,  6.05s/it]
 94%|█████████▍| 7689/8189 [12:15:08<50:57,  6.12s/it]
 94%|█████████▍| 7690/8189 [12:15:14<50:09,  6.03s/it]
 94%|█████████▍| 7691/8189 [12:15:20<50:46,  6.12s/it]
 94%|█████████▍| 7692/8189 [12:15:27<51:33,  6.22s/it]
 94%|█████████▍| 7693/8189 [12:15:33<51:49,  6.27s/it]
 94%|█████████▍| 7694/8189 [12:15:40<52:31,  6.37s/it]
 94%|█████████▍| 7695/8189 [12:15:46<53:16,  6.47s/it]
 94%|█████████▍| 7696/8189 [12:15:53<53:29,  6.51s/it]
 94%|█████████▍| 7697/8189 [12:16:00<53:17,  6.50s/it]
 94%|█████████▍| 7698/8189 [12:16:06<52:52,  6.46s/it]
 94%|█████████▍| 7699/8189 [12:16:13<53:21,  6.53s/it]
 94%|█████████▍| 7700/8189 [12:16:19<52:46,  6.48s/it]
 94%|█████████▍| 7701/8189 [12:16:25<51:43,  6.36s/it]
 94%|█████████▍| 7702/8189 [12:16:30<49:22,  6.08s/it]
 94%|█████████▍| 7703/8189 [12:16:37<50:38,  6.25s/it]
 94%|█████████▍| 7704/8189 [12:16:44<51:00,  6.31s/it]
 94%|█████████▍| 7705/8189 [12:16:51<52:49,  6.55s/it]
 94%|█████████▍| 7706/8189 [12:16:58<53:38,  6.66s/it]
 94%|█████████▍| 7707/8189 [12:17:04<53:31,  6.66s/it]
 94%|█████████▍| 7708/8189 [12:17:11<53:22,  6.66s/it]
 94%|█████████▍| 7709/8189 [12:17:18<53:40,  6.71s/it]
 94%|█████████▍| 7710/8189 [12:17:24<53:16,  6.67s/it]
 94%|█████████▍| 7711/8189 [12:17:32<54:52,  6.89s/it]
 94%|█████████▍| 7712/8189 [12:17:38<54:25,  6.85s/it]
 94%|█████████▍| 7713/8189 [12:17:45<54:39,  6.89s/it]
 94%|█████████▍| 7714/8189 [12:17:52<53:33,  6.77s/it]
 94%|█████████▍| 7715/8189 [12:17:59<53:50,  6.82s/it]
 94%|█████████▍| 7716/8189 [12:18:05<53:06,  6.74s/it]
 94%|█████████▍| 7717/8189 [12:18:12<52:46,  6.71s/it]
 94%|█████████▍| 7718/8189 [12:18:19<52:29,  6.69s/it]
 94%|█████████▍| 7719/8189 [12:18:25<52:05,  6.65s/it]
 94%|█████████▍| 7720/8189 [12:18:32<52:03,  6.66s/it]
 94%|█████████▍| 7721/8189 [12:18:39<52:23,  6.72s/it]
 94%|█████████▍| 7722/8189 [12:18:46<52:31,  6.75s/it]
 94%|█████████▍| 7723/8189 [12:18:52<52:00,  6.70s/it]
 94%|█████████▍| 7724/8189 [12:18:59<52:54,  6.83s/it]
 94%|█████████▍| 7725/8189 [12:19:06<52:20,  6.77s/it]
 94%|█████████▍| 7726/8189 [12:19:13<51:44,  6.71s/it]
 94%|█████████▍| 7727/8189 [12:19:20<53:07,  6.90s/it]
 94%|█████████▍| 7728/8189 [12:19:26<50:41,  6.60s/it]
 94%|█████████▍| 7729/8189 [12:19:32<49:19,  6.43s/it]
 94%|█████████▍| 7730/8189 [12:19:39<50:05,  6.55s/it]
 94%|█████████▍| 7731/8189 [12:19:45<49:27,  6.48s/it]
 94%|█████████▍| 7732/8189 [12:19:52<50:23,  6.62s/it]
 94%|█████████▍| 7733/8189 [12:19:58<50:10,  6.60s/it]
 94%|█████████▍| 7734/8189 [12:20:06<51:45,  6.83s/it]
 94%|█████████▍| 7735/8189 [12:20:13<51:32,  6.81s/it]
 94%|█████████▍| 7736/8189 [12:20:20<52:56,  7.01s/it]
 94%|█████████▍| 7737/8189 [12:20:27<52:07,  6.92s/it]
 94%|█████████▍| 7738/8189 [12:20:34<52:01,  6.92s/it]
 95%|█████████▍| 7739/8189 [12:20:41<51:54,  6.92s/it]
 95%|█████████▍| 7740/8189 [12:20:48<51:49,  6.92s/it]
 95%|█████████▍| 7741/8189 [12:20:54<51:03,  6.84s/it]
 95%|█████████▍| 7742/8189 [12:21:01<50:17,  6.75s/it]
 95%|█████████▍| 7743/8189 [12:21:08<50:32,  6.80s/it]
 95%|█████████▍| 7744/8189 [12:21:14<49:51,  6.72s/it]
 95%|█████████▍| 7745/8189 [12:21:21<49:32,  6.69s/it]
 95%|█████████▍| 7746/8189 [12:21:27<48:41,  6.60s/it]
 95%|█████████▍| 7747/8189 [12:21:34<48:12,  6.54s/it]
 95%|█████████▍| 7748/8189 [12:21:40<47:39,  6.49s/it]
 95%|█████████▍| 7749/8189 [12:21:47<48:46,  6.65s/it]
 95%|█████████▍| 7750/8189 [12:21:54<49:52,  6.82s/it]
 95%|█████████▍| 7751/8189 [12:22:01<49:33,  6.79s/it]
 95%|█████████▍| 7752/8189 [12:22:08<50:44,  6.97s/it]
 95%|█████████▍| 7753/8189 [12:22:16<51:22,  7.07s/it]
 95%|█████████▍| 7754/8189 [12:22:23<52:16,  7.21s/it]
 95%|█████████▍| 7755/8189 [12:22:30<51:06,  7.07s/it]
 95%|█████████▍| 7756/8189 [12:22:36<48:40,  6.74s/it]
 95%|█████████▍| 7757/8189 [12:22:41<45:11,  6.28s/it]
 95%|█████████▍| 7758/8189 [12:22:57<1:06:23,  9.24s/it]
 95%|█████████▍| 7759/8189 [12:23:04<1:01:15,  8.55s/it]
 95%|█████████▍| 7760/8189 [12:23:10<55:21,  7.74s/it]  
 95%|█████████▍| 7761/8189 [12:23:16<51:51,  7.27s/it]
 95%|█████████▍| 7762/8189 [12:23:23<50:43,  7.13s/it]
 95%|█████████▍| 7763/8189 [12:23:29<49:11,  6.93s/it]
 95%|█████████▍| 7764/8189 [12:23:36<48:29,  6.85s/it]
 95%|█████████▍| 7765/8189 [12:23:42<45:51,  6.49s/it]
 95%|█████████▍| 7766/8189 [12:23:48<45:47,  6.50s/it]
 95%|█████████▍| 7767/8189 [12:23:55<45:39,  6.49s/it]
 95%|█████████▍| 7768/8189 [12:24:01<45:17,  6.45s/it]
 95%|█████████▍| 7769/8189 [12:24:07<44:35,  6.37s/it]
 95%|█████████▍| 7770/8189 [12:24:14<44:30,  6.37s/it]
 95%|█████████▍| 7771/8189 [12:24:20<43:39,  6.27s/it]
 95%|█████████▍| 7772/8189 [12:24:27<44:52,  6.46s/it]
 95%|█████████▍| 7773/8189 [12:24:33<45:05,  6.50s/it]
 95%|█████████▍| 7774/8189 [12:24:40<44:48,  6.48s/it]
 95%|█████████▍| 7775/8189 [12:24:46<44:46,  6.49s/it]
 95%|█████████▍| 7776/8189 [12:24:53<45:54,  6.67s/it]
 95%|█████████▍| 7777/8189 [12:25:00<46:19,  6.75s/it]
 95%|█████████▍| 7778/8189 [12:25:05<42:00,  6.13s/it]
 95%|█████████▍| 7779/8189 [12:25:11<41:19,  6.05s/it]
 95%|█████████▌| 7780/8189 [12:25:17<41:33,  6.10s/it]
 95%|█████████▌| 7781/8189 [12:25:23<41:52,  6.16s/it]
 95%|█████████▌| 7782/8189 [12:25:30<42:51,  6.32s/it]
 95%|█████████▌| 7783/8189 [12:25:36<42:02,  6.21s/it]
 95%|█████████▌| 7784/8189 [12:25:42<42:25,  6.28s/it]
 95%|█████████▌| 7785/8189 [12:25:49<42:40,  6.34s/it]
 95%|█████████▌| 7786/8189 [12:25:54<40:38,  6.05s/it]
 95%|█████████▌| 7787/8189 [12:26:00<40:47,  6.09s/it]
 95%|█████████▌| 7788/8189 [12:26:07<41:22,  6.19s/it]
 95%|█████████▌| 7789/8189 [12:26:13<42:01,  6.30s/it]
 95%|█████████▌| 7790/8189 [12:26:19<41:33,  6.25s/it]
 95%|█████████▌| 7791/8189 [12:26:26<42:17,  6.38s/it]
 95%|█████████▌| 7792/8189 [12:26:33<42:53,  6.48s/it]
 95%|█████████▌| 7793/8189 [12:26:39<41:46,  6.33s/it]
 95%|█████████▌| 7794/8189 [12:26:45<41:31,  6.31s/it]
 95%|█████████▌| 7795/8189 [12:26:51<40:59,  6.24s/it]
 95%|█████████▌| 7796/8189 [12:26:58<41:25,  6.33s/it]
 95%|█████████▌| 7797/8189 [12:27:03<40:11,  6.15s/it]
 95%|█████████▌| 7798/8189 [12:27:10<40:31,  6.22s/it]
 95%|█████████▌| 7799/8189 [12:27:16<40:28,  6.23s/it]
 95%|█████████▌| 7800/8189 [12:27:22<40:11,  6.20s/it]
 95%|█████████▌| 7801/8189 [12:27:29<40:30,  6.27s/it]
 95%|█████████▌| 7802/8189 [12:27:34<39:28,  6.12s/it]
 95%|█████████▌| 7803/8189 [12:27:41<39:50,  6.19s/it]
 95%|█████████▌| 7804/8189 [12:27:47<39:03,  6.09s/it]
 95%|█████████▌| 7805/8189 [12:27:53<39:50,  6.23s/it]
 95%|█████████▌| 7806/8189 [12:28:00<40:00,  6.27s/it]
 95%|█████████▌| 7807/8189 [12:28:06<40:25,  6.35s/it]
 95%|█████████▌| 7808/8189 [12:28:12<40:05,  6.31s/it]
 95%|█████████▌| 7809/8189 [12:28:18<39:08,  6.18s/it]
 95%|█████████▌| 7810/8189 [12:28:25<41:10,  6.52s/it]
 95%|█████████▌| 7811/8189 [12:28:34<43:57,  6.98s/it]
 95%|█████████▌| 7812/8189 [12:28:41<43:53,  6.99s/it]
 95%|█████████▌| 7813/8189 [12:28:47<43:04,  6.87s/it]
 95%|█████████▌| 7814/8189 [12:28:52<39:25,  6.31s/it]
 95%|█████████▌| 7815/8189 [12:28:59<39:31,  6.34s/it]
 95%|█████████▌| 7816/8189 [12:29:06<42:06,  6.77s/it]
 95%|█████████▌| 7817/8189 [12:29:13<41:23,  6.68s/it]
 95%|█████████▌| 7818/8189 [12:29:19<39:33,  6.40s/it]
 95%|█████████▌| 7819/8189 [12:29:25<39:09,  6.35s/it]
 95%|█████████▌| 7820/8189 [12:29:31<38:27,  6.25s/it]
 96%|█████████▌| 7821/8189 [12:29:37<37:45,  6.16s/it]
 96%|█████████▌| 7822/8189 [12:29:43<38:10,  6.24s/it]
 96%|█████████▌| 7823/8189 [12:29:49<37:48,  6.20s/it]
 96%|█████████▌| 7824/8189 [12:29:55<37:05,  6.10s/it]
 96%|█████████▌| 7825/8189 [12:30:02<37:55,  6.25s/it]
 96%|█████████▌| 7826/8189 [12:30:07<36:35,  6.05s/it]
 96%|█████████▌| 7827/8189 [12:30:12<34:55,  5.79s/it]
 96%|█████████▌| 7828/8189 [12:30:18<35:06,  5.84s/it]
 96%|█████████▌| 7829/8189 [12:30:25<35:42,  5.95s/it]
 96%|█████████▌| 7830/8189 [12:30:30<35:13,  5.89s/it]
 96%|█████████▌| 7831/8189 [12:30:36<33:49,  5.67s/it]
 96%|█████████▌| 7832/8189 [12:30:42<35:34,  5.98s/it]
 96%|█████████▌| 7833/8189 [12:30:48<35:37,  6.01s/it]
 96%|█████████▌| 7834/8189 [12:30:55<36:04,  6.10s/it]
 96%|█████████▌| 7835/8189 [12:31:01<36:30,  6.19s/it]
 96%|█████████▌| 7836/8189 [12:31:07<36:20,  6.18s/it]
 96%|█████████▌| 7837/8189 [12:31:14<36:43,  6.26s/it]
 96%|█████████▌| 7838/8189 [12:31:19<35:38,  6.09s/it]
 96%|█████████▌| 7839/8189 [12:31:25<34:33,  5.93s/it]
 96%|█████████▌| 7840/8189 [12:31:31<34:59,  6.02s/it]
 96%|█████████▌| 7841/8189 [12:31:37<34:03,  5.87s/it]
 96%|█████████▌| 7842/8189 [12:31:43<34:20,  5.94s/it]
 96%|█████████▌| 7843/8189 [12:31:49<35:05,  6.09s/it]
 96%|█████████▌| 7844/8189 [12:31:54<33:37,  5.85s/it]
 96%|█████████▌| 7845/8189 [12:32:01<34:52,  6.08s/it]
 96%|█████████▌| 7846/8189 [12:32:06<32:46,  5.73s/it]
 96%|█████████▌| 7847/8189 [12:32:12<33:45,  5.92s/it]
 96%|█████████▌| 7848/8189 [12:32:18<34:00,  5.98s/it]
 96%|█████████▌| 7849/8189 [12:32:24<33:53,  5.98s/it]
 96%|█████████▌| 7850/8189 [12:32:29<32:04,  5.68s/it]
 96%|█████████▌| 7851/8189 [12:32:36<33:00,  5.86s/it]
 96%|█████████▌| 7852/8189 [12:32:41<32:21,  5.76s/it]
 96%|█████████▌| 7853/8189 [12:32:47<32:42,  5.84s/it]
 96%|█████████▌| 7854/8189 [12:32:53<33:15,  5.96s/it]
 96%|█████████▌| 7855/8189 [12:33:00<33:37,  6.04s/it]
 96%|█████████▌| 7856/8189 [12:33:06<34:05,  6.14s/it]
 96%|█████████▌| 7857/8189 [12:33:12<34:18,  6.20s/it]
 96%|█████████▌| 7858/8189 [12:33:19<34:18,  6.22s/it]
 96%|█████████▌| 7859/8189 [12:33:25<34:27,  6.26s/it]
 96%|█████████▌| 7860/8189 [12:33:31<34:10,  6.23s/it]
 96%|█████████▌| 7861/8189 [12:33:37<33:56,  6.21s/it]
 96%|█████████▌| 7862/8189 [12:33:43<33:35,  6.16s/it]
 96%|█████████▌| 7863/8189 [12:33:49<33:07,  6.10s/it]
 96%|█████████▌| 7864/8189 [12:33:56<33:05,  6.11s/it]
 96%|█████████▌| 7865/8189 [12:34:02<32:54,  6.09s/it]
 96%|█████████▌| 7866/8189 [12:34:07<31:36,  5.87s/it]
 96%|█████████▌| 7867/8189 [12:34:13<32:15,  6.01s/it]
 96%|█████████▌| 7868/8189 [12:34:19<32:00,  5.98s/it]
 96%|█████████▌| 7869/8189 [12:34:26<32:31,  6.10s/it]
 96%|█████████▌| 7870/8189 [12:34:32<33:07,  6.23s/it]
 96%|█████████▌| 7871/8189 [12:34:38<33:10,  6.26s/it]
 96%|█████████▌| 7872/8189 [12:34:46<35:47,  6.77s/it]
 96%|█████████▌| 7873/8189 [12:34:53<34:43,  6.59s/it]
 96%|█████████▌| 7874/8189 [12:34:59<35:01,  6.67s/it]
 96%|█████████▌| 7875/8189 [12:35:06<35:09,  6.72s/it]
 96%|█████████▌| 7876/8189 [12:35:12<34:05,  6.54s/it]
 96%|█████████▌| 7877/8189 [12:35:18<33:03,  6.36s/it]
 96%|█████████▌| 7878/8189 [12:35:24<32:35,  6.29s/it]
 96%|█████████▌| 7879/8189 [12:35:31<32:40,  6.32s/it]
 96%|█████████▌| 7880/8189 [12:35:40<37:15,  7.24s/it]
 96%|█████████▌| 7881/8189 [12:35:55<48:22,  9.42s/it]
 96%|█████████▋| 7882/8189 [12:36:07<51:58, 10.16s/it]
 96%|█████████▋| 7883/8189 [12:36:16<50:47,  9.96s/it]
 96%|█████████▋| 7884/8189 [12:36:25<49:16,  9.69s/it]
 96%|█████████▋| 7885/8189 [12:36:32<45:05,  8.90s/it]
 96%|█████████▋| 7886/8189 [12:36:42<46:24,  9.19s/it]
 96%|█████████▋| 7887/8189 [12:36:52<46:44,  9.29s/it]
 96%|█████████▋| 7888/8189 [12:36:59<44:15,  8.82s/it]
 96%|█████████▋| 7889/8189 [12:37:06<41:15,  8.25s/it]
 96%|█████████▋| 7890/8189 [12:37:14<40:01,  8.03s/it]
 96%|█████████▋| 7891/8189 [12:37:20<37:52,  7.63s/it]
 96%|█████████▋| 7892/8189 [12:37:27<36:21,  7.34s/it]
 96%|█████████▋| 7893/8189 [12:37:34<35:51,  7.27s/it]
 96%|█████████▋| 7894/8189 [12:37:41<35:33,  7.23s/it]
 96%|█████████▋| 7895/8189 [12:37:48<34:52,  7.12s/it]
 96%|█████████▋| 7896/8189 [12:37:55<33:30,  6.86s/it]
 96%|█████████▋| 7897/8189 [12:38:02<33:40,  6.92s/it]
 96%|█████████▋| 7898/8189 [12:38:12<38:53,  8.02s/it]
 96%|█████████▋| 7899/8189 [12:38:19<36:35,  7.57s/it]
 96%|█████████▋| 7900/8189 [12:38:25<35:08,  7.30s/it]
 96%|█████████▋| 7901/8189 [12:38:32<34:19,  7.15s/it]
 96%|█████████▋| 7902/8189 [12:38:38<32:52,  6.87s/it]
 97%|█████████▋| 7903/8189 [12:38:45<32:27,  6.81s/it]
 97%|█████████▋| 7904/8189 [12:38:53<34:10,  7.20s/it]
 97%|█████████▋| 7905/8189 [12:38:59<32:18,  6.83s/it]
 97%|█████████▋| 7906/8189 [12:39:05<31:18,  6.64s/it]
 97%|█████████▋| 7907/8189 [12:39:10<29:11,  6.21s/it]
 97%|█████████▋| 7908/8189 [12:39:16<27:38,  5.90s/it]
 97%|█████████▋| 7909/8189 [12:39:22<28:34,  6.12s/it]
 97%|█████████▋| 7910/8189 [12:39:29<29:26,  6.33s/it]
 97%|█████████▋| 7911/8189 [12:39:35<29:19,  6.33s/it]
 97%|█████████▋| 7912/8189 [12:39:41<28:27,  6.16s/it]
 97%|█████████▋| 7913/8189 [12:39:47<27:18,  5.94s/it]
 97%|█████████▋| 7914/8189 [12:39:53<27:40,  6.04s/it]
 97%|█████████▋| 7915/8189 [12:39:59<27:04,  5.93s/it]
 97%|█████████▋| 7916/8189 [12:40:05<26:58,  5.93s/it]
 97%|█████████▋| 7917/8189 [12:40:11<27:36,  6.09s/it]
 97%|█████████▋| 7918/8189 [12:40:18<28:06,  6.22s/it]
 97%|█████████▋| 7919/8189 [12:40:24<28:03,  6.23s/it]
 97%|█████████▋| 7920/8189 [12:40:30<28:09,  6.28s/it]
 97%|█████████▋| 7921/8189 [12:40:35<26:00,  5.82s/it]
 97%|█████████▋| 7922/8189 [12:40:41<26:34,  5.97s/it]
 97%|█████████▋| 7923/8189 [12:40:48<26:53,  6.07s/it]
 97%|█████████▋| 7924/8189 [12:40:54<26:56,  6.10s/it]
 97%|█████████▋| 7925/8189 [12:41:00<26:54,  6.12s/it]
 97%|█████████▋| 7926/8189 [12:41:06<26:32,  6.05s/it]
 97%|█████████▋| 7927/8189 [12:41:13<27:37,  6.33s/it]
 97%|█████████▋| 7928/8189 [12:41:19<27:22,  6.29s/it]
 97%|█████████▋| 7929/8189 [12:41:25<27:30,  6.35s/it]
 97%|█████████▋| 7930/8189 [12:41:32<27:29,  6.37s/it]
 97%|█████████▋| 7931/8189 [12:41:38<27:24,  6.37s/it]
 97%|█████████▋| 7932/8189 [12:41:45<27:43,  6.47s/it]
 97%|█████████▋| 7933/8189 [12:41:51<26:40,  6.25s/it]
 97%|█████████▋| 7934/8189 [12:41:57<26:50,  6.32s/it]
 97%|█████████▋| 7935/8189 [12:42:03<26:24,  6.24s/it]
 97%|█████████▋| 7936/8189 [12:42:10<26:37,  6.32s/it]
 97%|█████████▋| 7937/8189 [12:42:16<26:12,  6.24s/it]
 97%|█████████▋| 7938/8189 [12:42:21<24:46,  5.92s/it]
 97%|█████████▋| 7939/8189 [12:42:27<25:15,  6.06s/it]
 97%|█████████▋| 7940/8189 [12:42:33<25:07,  6.05s/it]
 97%|█████████▋| 7941/8189 [12:42:40<25:55,  6.27s/it]
 97%|█████████▋| 7942/8189 [12:42:47<26:19,  6.39s/it]
 97%|█████████▋| 7943/8189 [12:42:53<26:21,  6.43s/it]
 97%|█████████▋| 7944/8189 [12:43:00<26:47,  6.56s/it]
 97%|█████████▋| 7945/8189 [12:43:07<26:48,  6.59s/it]
 97%|█████████▋| 7946/8189 [12:43:13<26:35,  6.57s/it]
 97%|█████████▋| 7947/8189 [12:43:20<26:34,  6.59s/it]
 97%|█████████▋| 7948/8189 [12:43:27<27:07,  6.75s/it]
 97%|█████████▋| 7949/8189 [12:43:34<26:49,  6.71s/it]
 97%|█████████▋| 7950/8189 [12:43:40<26:21,  6.62s/it]
 97%|█████████▋| 7951/8189 [12:43:46<25:51,  6.52s/it]
 97%|█████████▋| 7952/8189 [12:43:53<25:35,  6.48s/it]
 97%|█████████▋| 7953/8189 [12:43:59<25:00,  6.36s/it]
 97%|█████████▋| 7954/8189 [12:44:03<22:47,  5.82s/it]
 97%|█████████▋| 7955/8189 [12:44:10<23:08,  5.93s/it]
 97%|█████████▋| 7956/8189 [12:44:16<23:20,  6.01s/it]
 97%|█████████▋| 7957/8189 [12:44:22<23:17,  6.02s/it]
 97%|█████████▋| 7958/8189 [12:44:28<23:14,  6.04s/it]
 97%|█████████▋| 7959/8189 [12:44:33<22:19,  5.82s/it]
 97%|█████████▋| 7960/8189 [12:44:39<22:32,  5.90s/it]
 97%|█████████▋| 7961/8189 [12:44:46<23:03,  6.07s/it]
 97%|█████████▋| 7962/8189 [12:44:52<23:04,  6.10s/it]
 97%|█████████▋| 7963/8189 [12:44:58<22:55,  6.09s/it]
 97%|█████████▋| 7964/8189 [12:45:04<22:37,  6.03s/it]
 97%|█████████▋| 7965/8189 [12:45:10<22:58,  6.15s/it]
 97%|█████████▋| 7966/8189 [12:45:17<23:02,  6.20s/it]
 97%|█████████▋| 7967/8189 [12:45:23<23:05,  6.24s/it]
 97%|█████████▋| 7968/8189 [12:45:29<23:02,  6.26s/it]
 97%|█████████▋| 7969/8189 [12:45:35<22:30,  6.14s/it]
 97%|█████████▋| 7970/8189 [12:45:42<22:45,  6.23s/it]
 97%|█████████▋| 7971/8189 [12:45:48<22:34,  6.21s/it]
 97%|█████████▋| 7972/8189 [12:45:54<22:09,  6.13s/it]
 97%|█████████▋| 7973/8189 [12:46:00<21:44,  6.04s/it]
 97%|█████████▋| 7974/8189 [12:46:06<21:54,  6.11s/it]
 97%|█████████▋| 7975/8189 [12:46:12<21:51,  6.13s/it]
 97%|█████████▋| 7976/8189 [12:46:18<21:52,  6.16s/it]
 97%|█████████▋| 7977/8189 [12:46:25<21:51,  6.19s/it]
 97%|█████████▋| 7978/8189 [12:46:30<21:14,  6.04s/it]
 97%|█████████▋| 7979/8189 [12:46:36<21:13,  6.06s/it]
 97%|█████████▋| 7980/8189 [12:46:42<20:57,  6.02s/it]
 97%|█████████▋| 7981/8189 [12:46:48<20:35,  5.94s/it]
 97%|█████████▋| 7982/8189 [12:46:54<20:41,  6.00s/it]
 97%|█████████▋| 7983/8189 [12:47:00<20:52,  6.08s/it]
 97%|█████████▋| 7984/8189 [12:47:06<20:32,  6.01s/it]
 98%|█████████▊| 7985/8189 [12:47:12<20:34,  6.05s/it]
 98%|█████████▊| 7986/8189 [12:47:19<21:13,  6.27s/it]
 98%|█████████▊| 7987/8189 [12:47:25<21:03,  6.26s/it]
 98%|█████████▊| 7988/8189 [12:47:31<20:27,  6.11s/it]
 98%|█████████▊| 7989/8189 [12:47:37<20:15,  6.08s/it]
 98%|█████████▊| 7990/8189 [12:47:43<19:39,  5.93s/it]
 98%|█████████▊| 7991/8189 [12:47:49<19:58,  6.05s/it]
 98%|█████████▊| 7992/8189 [12:47:56<20:12,  6.15s/it]
 98%|█████████▊| 7993/8189 [12:48:02<20:43,  6.34s/it]
 98%|█████████▊| 7994/8189 [12:48:08<19:35,  6.03s/it]
 98%|█████████▊| 7995/8189 [12:48:14<19:36,  6.07s/it]
 98%|█████████▊| 7996/8189 [12:48:20<19:37,  6.10s/it]
 98%|█████████▊| 7997/8189 [12:48:26<19:35,  6.12s/it]
 98%|█████████▊| 7998/8189 [12:48:33<19:59,  6.28s/it]
 98%|█████████▊| 7999/8189 [12:48:38<19:22,  6.12s/it]
 98%|█████████▊| 8000/8189 [12:48:44<18:49,  5.98s/it]
                                                      

 98%|█████████▊| 8000/8189 [12:48:44<18:49,  5.98s/it]

Batches:   0%|          | 0/9 [00:00<?, ?it/s][A

Batches:  56%|█████▌    | 5/9 [00:00<00:00, 49.48it/s][A
Batches: 100%|██████████| 9/9 [00:00<00:00, 60.95it/s]


Corpus Chunks:   0%|          | 0/1 [00:00<?, ?it/s][A


Batches:   0%|          | 0/9 [00:00<?, ?it/s][A[A


Batches:  67%|██████▋   | 6/9 [00:00<00:00, 58.62it/s][A[A
Batches: 100%|██████████| 9/9 [00:00<00:00, 63.42it/s]


Corpus Chunks: 100%|██████████| 1/1 [00:00<00:00,  6.81it/s][A
Corpus Chunks: 100%|██████████| 1/1 [00:00<00:00,  6.79it/s]


Batches:   0%|          | 0/7 [00:00<?, ?it/s][A

Batches:  71%|███████▏  | 5/7 [00:00<00:00, 47.11it/s][A
Batches: 100%|██████████| 7/7 [00:00<00:00, 50.88it/s]


Batches:   0%|          | 0/7 [00:00<?, ?it/s][A

Batches: 100%|██████████| 7/7 [00:00<00:00, 63.83it/s][A
Batches: 100%|██████████| 7/7 [00:00<00:00, 63.32it/s]


Batches:   0%|          | 0/7 [00:00<?, ?it/s][A

Batches: 100%|██████████| 7/7 [00:00<00:00, 68.36it/s][A
Batches: 100%|██████████| 7/7 [00:00<00:00, 67.92it/s]

                                                      

 98%|█████████▊| 8000/8189 [12:48:46<18:49,  5.98s/it]

Writing model shards:   0%|          | 0/1 [00:00<?, ?it/s][A

Writing model shards: 100%|██████████| 1/1 [00:01<00:00,  1.65s/it][A
Writing model shards: 100%|██████████| 1/1 [00:01<00:00,  1.65s/it]

 98%|█████████▊| 8001/8189 [12:49:00<27:35,  8.80s/it]
 98%|█████████▊| 8002/8189 [12:49:06<25:08,  8.06s/it]
 98%|█████████▊| 8003/8189 [12:49:13<23:39,  7.63s/it]
 98%|█████████▊| 8004/8189 [12:49:19<22:27,  7.28s/it]
 98%|█████████▊| 8005/8189 [12:49:25<21:38,  7.06s/it]
 98%|█████████▊| 8006/8189 [12:49:32<20:37,  6.76s/it]
 98%|█████████▊| 8007/8189 [12:49:38<20:03,  6.61s/it]
 98%|█████████▊| 8008/8189 [12:49:44<19:42,  6.53s/it]
 98%|█████████▊| 8009/8189 [12:49:50<19:05,  6.37s/it]
 98%|█████████▊| 8010/8189 [12:49:56<18:49,  6.31s/it]
 98%|█████████▊| 8011/8189 [12:50:03<18:41,  6.30s/it]
 98%|█████████▊| 8012/8189 [12:50:09<18:48,  6.37s/it]
 98%|█████████▊| 8013/8189 [12:50:14<16:55,  5.77s/it]
 98%|█████████▊| 8014/8189 [12:50:20<17:11,  5.89s/it]
 98%|█████████▊| 8015/8189 [12:50:25<16:39,  5.74s/it]
 98%|█████████▊| 8016/8189 [12:50:31<17:06,  5.93s/it]
 98%|█████████▊| 8017/8189 [12:50:37<16:38,  5.81s/it]
 98%|█████████▊| 8018/8189 [12:50:44<17:26,  6.12s/it]
 98%|█████████▊| 8019/8189 [12:50:50<17:20,  6.12s/it]
 98%|█████████▊| 8020/8189 [12:50:56<17:16,  6.13s/it]
 98%|█████████▊| 8021/8189 [12:51:03<17:42,  6.32s/it]
 98%|█████████▊| 8022/8189 [12:51:09<17:32,  6.30s/it]
 98%|█████████▊| 8023/8189 [12:51:16<17:33,  6.34s/it]
 98%|█████████▊| 8024/8189 [12:51:22<17:17,  6.29s/it]
 98%|█████████▊| 8025/8189 [12:51:27<16:36,  6.08s/it]
 98%|█████████▊| 8026/8189 [12:51:33<16:20,  6.02s/it]
 98%|█████████▊| 8027/8189 [12:51:40<16:30,  6.11s/it]
 98%|█████████▊| 8028/8189 [12:51:46<16:49,  6.27s/it]
 98%|█████████▊| 8029/8189 [12:51:52<16:32,  6.20s/it]
 98%|█████████▊| 8030/8189 [12:51:59<16:36,  6.26s/it]
 98%|█████████▊| 8031/8189 [12:52:04<16:07,  6.13s/it]
 98%|█████████▊| 8032/8189 [12:52:11<16:04,  6.14s/it]
 98%|█████████▊| 8033/8189 [12:52:17<16:18,  6.27s/it]
 98%|█████████▊| 8034/8189 [12:52:25<17:01,  6.59s/it]
 98%|█████████▊| 8035/8189 [12:52:31<16:45,  6.53s/it]
 98%|█████████▊| 8036/8189 [12:52:37<16:40,  6.54s/it]
 98%|█████████▊| 8037/8189 [12:52:44<16:27,  6.50s/it]
 98%|█████████▊| 8038/8189 [12:52:51<16:41,  6.64s/it]
 98%|█████████▊| 8039/8189 [12:52:57<16:25,  6.57s/it]
 98%|█████████▊| 8040/8189 [12:53:03<15:29,  6.24s/it]
 98%|█████████▊| 8041/8189 [12:53:08<15:02,  6.10s/it]
 98%|█████████▊| 8042/8189 [12:53:15<15:18,  6.25s/it]
 98%|█████████▊| 8043/8189 [12:53:21<15:18,  6.29s/it]
 98%|█████████▊| 8044/8189 [12:53:28<15:18,  6.34s/it]
 98%|█████████▊| 8045/8189 [12:53:34<15:23,  6.41s/it]
 98%|█████████▊| 8046/8189 [12:53:41<15:12,  6.38s/it]
 98%|█████████▊| 8047/8189 [12:53:47<15:04,  6.37s/it]
 98%|█████████▊| 8048/8189 [12:53:54<15:14,  6.48s/it]
 98%|█████████▊| 8049/8189 [12:54:00<14:41,  6.30s/it]
 98%|█████████▊| 8050/8189 [12:54:05<14:02,  6.06s/it]
 98%|█████████▊| 8051/8189 [12:54:12<14:11,  6.17s/it]
 98%|█████████▊| 8052/8189 [12:54:18<14:12,  6.22s/it]
 98%|█████████▊| 8053/8189 [12:54:25<14:16,  6.30s/it]
 98%|█████████▊| 8054/8189 [12:54:30<13:33,  6.03s/it]
 98%|█████████▊| 8055/8189 [12:54:36<13:37,  6.10s/it]
 98%|█████████▊| 8056/8189 [12:54:43<13:44,  6.20s/it]
 98%|█████████▊| 8057/8189 [12:54:49<13:47,  6.27s/it]
 98%|█████████▊| 8058/8189 [12:54:55<13:16,  6.08s/it]
 98%|█████████▊| 8059/8189 [12:55:01<13:15,  6.12s/it]
 98%|█████████▊| 8060/8189 [12:55:07<13:09,  6.12s/it]
 98%|█████████▊| 8061/8189 [12:55:13<13:07,  6.15s/it]
 98%|█████████▊| 8062/8189 [12:55:20<13:06,  6.19s/it]
 98%|█████████▊| 8063/8189 [12:55:26<13:04,  6.22s/it]
 98%|█████████▊| 8064/8189 [12:55:33<13:23,  6.43s/it]
 98%|█████████▊| 8065/8189 [12:55:39<13:00,  6.29s/it]
 98%|█████████▊| 8066/8189 [12:55:45<12:45,  6.22s/it]
 99%|█████████▊| 8067/8189 [12:55:51<12:42,  6.25s/it]
 99%|█████████▊| 8068/8189 [12:55:57<12:28,  6.19s/it]
 99%|█████████▊| 8069/8189 [12:56:02<11:44,  5.87s/it]
 99%|█████████▊| 8070/8189 [12:56:09<12:02,  6.07s/it]
 99%|█████████▊| 8071/8189 [12:56:15<11:59,  6.10s/it]
 99%|█████████▊| 8072/8189 [12:56:21<11:53,  6.10s/it]
 99%|█████████▊| 8073/8189 [12:56:27<11:52,  6.14s/it]
 99%|█████████▊| 8074/8189 [12:56:34<12:00,  6.26s/it]
 99%|█████████▊| 8075/8189 [12:56:40<11:56,  6.29s/it]
 99%|█████████▊| 8076/8189 [12:56:46<11:39,  6.19s/it]
 99%|█████████▊| 8077/8189 [12:56:52<11:37,  6.22s/it]
 99%|█████████▊| 8078/8189 [12:56:59<11:34,  6.25s/it]
 99%|█████████▊| 8079/8189 [12:57:04<10:52,  5.94s/it]
 99%|█████████▊| 8080/8189 [12:57:10<10:44,  5.91s/it]
 99%|█████████▊| 8081/8189 [12:57:16<10:54,  6.06s/it]
 99%|█████████▊| 8082/8189 [12:57:23<11:10,  6.26s/it]
 99%|█████████▊| 8083/8189 [12:57:29<10:58,  6.21s/it]
 99%|█████████▊| 8084/8189 [12:57:35<10:48,  6.18s/it]
 99%|█████████▊| 8085/8189 [12:57:42<10:52,  6.28s/it]
 99%|█████████▊| 8086/8189 [12:57:47<10:31,  6.13s/it]
 99%|█████████▉| 8087/8189 [12:57:54<10:32,  6.20s/it]
 99%|█████████▉| 8088/8189 [12:58:00<10:32,  6.27s/it]
 99%|█████████▉| 8089/8189 [12:58:07<10:26,  6.27s/it]
 99%|█████████▉| 8090/8189 [12:58:13<10:13,  6.20s/it]
 99%|█████████▉| 8091/8189 [12:58:19<10:07,  6.20s/it]
 99%|█████████▉| 8092/8189 [12:58:25<10:05,  6.24s/it]
 99%|█████████▉| 8093/8189 [12:58:32<10:05,  6.31s/it]
 99%|█████████▉| 8094/8189 [12:58:38<09:57,  6.28s/it]
 99%|█████████▉| 8095/8189 [12:58:44<09:51,  6.30s/it]
 99%|█████████▉| 8096/8189 [12:58:51<09:48,  6.32s/it]
 99%|█████████▉| 8097/8189 [12:58:57<09:51,  6.43s/it]
 99%|█████████▉| 8098/8189 [12:59:03<09:36,  6.33s/it]
 99%|█████████▉| 8099/8189 [12:59:10<09:28,  6.31s/it]
 99%|█████████▉| 8100/8189 [12:59:16<09:25,  6.35s/it]
 99%|█████████▉| 8101/8189 [12:59:22<09:14,  6.30s/it]
 99%|█████████▉| 8102/8189 [12:59:27<08:37,  5.95s/it]
 99%|█████████▉| 8103/8189 [12:59:34<08:46,  6.12s/it]
 99%|█████████▉| 8104/8189 [12:59:39<08:21,  5.90s/it]
 99%|█████████▉| 8105/8189 [12:59:45<08:15,  5.90s/it]
 99%|█████████▉| 8106/8189 [12:59:51<08:08,  5.89s/it]
 99%|█████████▉| 8107/8189 [12:59:56<07:34,  5.54s/it]
 99%|█████████▉| 8108/8189 [13:00:02<07:40,  5.69s/it]
 99%|█████████▉| 8109/8189 [13:00:07<07:31,  5.64s/it]
 99%|█████████▉| 8110/8189 [13:00:13<07:37,  5.79s/it]
 99%|█████████▉| 8111/8189 [13:00:19<07:37,  5.87s/it]
 99%|█████████▉| 8112/8189 [13:00:26<07:44,  6.03s/it]
 99%|█████████▉| 8113/8189 [13:00:31<07:18,  5.77s/it]
 99%|█████████▉| 8114/8189 [13:00:38<07:29,  5.99s/it]
 99%|█████████▉| 8115/8189 [13:00:44<07:23,  6.00s/it]
 99%|█████████▉| 8116/8189 [13:00:50<07:23,  6.07s/it]
 99%|█████████▉| 8117/8189 [13:00:55<07:08,  5.96s/it]
 99%|█████████▉| 8118/8189 [13:01:01<06:47,  5.74s/it]
 99%|█████████▉| 8119/8189 [13:01:07<06:47,  5.82s/it]
 99%|█████████▉| 8120/8189 [13:01:12<06:27,  5.61s/it]
 99%|█████████▉| 8121/8189 [13:01:18<06:31,  5.76s/it]
 99%|█████████▉| 8122/8189 [13:01:24<06:28,  5.79s/it]
 99%|█████████▉| 8123/8189 [13:01:28<05:49,  5.30s/it]
 99%|█████████▉| 8124/8189 [13:01:34<05:57,  5.50s/it]
 99%|█████████▉| 8125/8189 [13:01:40<06:10,  5.80s/it]
 99%|█████████▉| 8126/8189 [13:01:47<06:12,  5.91s/it]
 99%|█████████▉| 8127/8189 [13:01:52<05:59,  5.79s/it]
 99%|█████████▉| 8128/8189 [13:01:58<05:55,  5.83s/it]
 99%|█████████▉| 8129/8189 [13:02:04<05:49,  5.83s/it]
 99%|█████████▉| 8130/8189 [13:02:10<05:47,  5.89s/it]
 99%|█████████▉| 8131/8189 [13:02:16<05:44,  5.94s/it]
 99%|█████████▉| 8132/8189 [13:02:21<05:28,  5.76s/it]
 99%|█████████▉| 8133/8189 [13:02:27<05:24,  5.79s/it]
 99%|█████████▉| 8134/8189 [13:02:33<05:27,  5.95s/it]
 99%|█████████▉| 8135/8189 [13:02:40<05:30,  6.12s/it]
 99%|█████████▉| 8136/8189 [13:02:46<05:25,  6.13s/it]
 99%|█████████▉| 8137/8189 [13:02:52<05:13,  6.04s/it]
 99%|█████████▉| 8138/8189 [13:02:58<05:07,  6.03s/it]
 99%|█████████▉| 8139/8189 [13:03:04<05:06,  6.14s/it]
 99%|█████████▉| 8140/8189 [13:03:10<04:55,  6.02s/it]
 99%|█████████▉| 8141/8189 [13:03:17<04:54,  6.14s/it]
 99%|█████████▉| 8142/8189 [13:03:23<04:49,  6.17s/it]
 99%|█████████▉| 8143/8189 [13:03:28<04:31,  5.91s/it]
 99%|█████████▉| 8144/8189 [13:03:34<04:19,  5.77s/it]
 99%|█████████▉| 8145/8189 [13:03:40<04:19,  5.90s/it]
 99%|█████████▉| 8146/8189 [13:03:46<04:16,  5.98s/it]
 99%|█████████▉| 8147/8189 [13:03:51<04:04,  5.82s/it]
 99%|█████████▉| 8148/8189 [13:03:58<04:04,  5.96s/it]
100%|█████████▉| 8149/8189 [13:04:03<03:55,  5.90s/it]
100%|█████████▉| 8150/8189 [13:04:10<03:56,  6.07s/it]
100%|█████████▉| 8151/8189 [13:04:16<03:51,  6.10s/it]
100%|█████████▉| 8152/8189 [13:04:22<03:46,  6.11s/it]
100%|█████████▉| 8153/8189 [13:04:29<03:42,  6.18s/it]
100%|█████████▉| 8154/8189 [13:04:35<03:34,  6.14s/it]
100%|█████████▉| 8155/8189 [13:04:41<03:31,  6.22s/it]
100%|█████████▉| 8156/8189 [13:04:47<03:26,  6.24s/it]
100%|█████████▉| 8157/8189 [13:04:54<03:20,  6.27s/it]
100%|█████████▉| 8158/8189 [13:04:59<03:09,  6.11s/it]
100%|█████████▉| 8159/8189 [13:05:05<03:01,  6.06s/it]
100%|█████████▉| 8160/8189 [13:05:11<02:54,  6.02s/it]
100%|█████████▉| 8161/8189 [13:05:17<02:49,  6.06s/it]
100%|█████████▉| 8162/8189 [13:05:22<02:34,  5.74s/it]
100%|█████████▉| 8163/8189 [13:05:28<02:31,  5.81s/it]
100%|█████████▉| 8164/8189 [13:05:34<02:23,  5.76s/it]
100%|█████████▉| 8165/8189 [13:05:40<02:19,  5.83s/it]
100%|█████████▉| 8166/8189 [13:05:45<02:11,  5.73s/it]
100%|█████████▉| 8167/8189 [13:05:51<02:05,  5.68s/it]
100%|█████████▉| 8168/8189 [13:05:57<02:02,  5.83s/it]
100%|█████████▉| 8169/8189 [13:06:03<01:56,  5.81s/it]
100%|█████████▉| 8170/8189 [13:06:08<01:46,  5.58s/it]
100%|█████████▉| 8171/8189 [13:06:14<01:44,  5.81s/it]
100%|█████████▉| 8172/8189 [13:06:20<01:40,  5.89s/it]
100%|█████████▉| 8173/8189 [13:06:26<01:34,  5.93s/it]
100%|█████████▉| 8174/8189 [13:06:32<01:28,  5.92s/it]
100%|█████████▉| 8175/8189 [13:06:39<01:24,  6.04s/it]
100%|█████████▉| 8176/8189 [13:06:45<01:18,  6.04s/it]
100%|█████████▉| 8177/8189 [13:06:50<01:11,  5.94s/it]
100%|█████████▉| 8178/8189 [13:06:57<01:06,  6.02s/it]
100%|█████████▉| 8179/8189 [13:07:03<01:01,  6.11s/it]
100%|█████████▉| 8180/8189 [13:07:09<00:55,  6.18s/it]
100%|█████████▉| 8181/8189 [13:07:16<00:50,  6.26s/it]
100%|█████████▉| 8182/8189 [13:07:22<00:43,  6.24s/it]
100%|█████████▉| 8183/8189 [13:07:28<00:37,  6.28s/it]
100%|█████████▉| 8184/8189 [13:07:35<00:31,  6.36s/it]
100%|█████████▉| 8185/8189 [13:07:41<00:25,  6.26s/it]
100%|█████████▉| 8186/8189 [13:07:47<00:18,  6.31s/it]
100%|█████████▉| 8187/8189 [13:07:54<00:12,  6.32s/it]
100%|█████████▉| 8188/8189 [13:08:00<00:06,  6.40s/it]
100%|██████████| 8189/8189 [13:08:06<00:00,  6.24s/it]

Batches:   0%|          | 0/9 [00:00<?, ?it/s][A

Batches:  67%|██████▋   | 6/9 [00:00<00:00, 53.57it/s][A
Batches: 100%|██████████| 9/9 [00:00<00:00, 53.75it/s]


Corpus Chunks:   0%|          | 0/1 [00:00<?, ?it/s][A


Batches:   0%|          | 0/9 [00:00<?, ?it/s][A[A


Batches:  56%|█████▌    | 5/9 [00:00<00:00, 47.06it/s][A[A
Batches: 100%|██████████| 9/9 [00:00<00:00, 54.78it/s]


Corpus Chunks: 100%|██████████| 1/1 [00:00<00:00,  5.87it/s][A
Corpus Chunks: 100%|██████████| 1/1 [00:00<00:00,  5.85it/s]


Batches:   0%|          | 0/7 [00:00<?, ?it/s][A
Batches: 100%|██████████| 7/7 [00:00<00:00, 76.44it/s]


Batches:   0%|          | 0/7 [00:00<?, ?it/s][A

Batches:  86%|████████▌ | 6/7 [00:00<00:00, 59.63it/s][A
Batches: 100%|██████████| 7/7 [00:00<00:00, 61.47it/s]


Batches:   0%|          | 0/7 [00:00<?, ?it/s][A

Batches: 100%|██████████| 7/7 [00:00<00:00, 66.76it/s][A
Batches: 100%|██████████| 7/7 [00:00<00:00, 66.31it/s]

                                                      

100%|██████████| 8189/8189 [13:08:07<00:00,  6.24s/it]

Writing model shards:   0%|          | 0/1 [00:00<?, ?it/s][A

Writing model shards: 100%|██████████| 1/1 [00:01<00:00,  1.27s/it][A
Writing model shards: 100%|██████████| 1/1 [00:01<00:00,  1.27s/it]

                                                      

100%|██████████| 8189/8189 [13:08:11<00:00,  6.24s/it]
100%|██████████| 8189/8189 [13:08:11<00:00,  5.78s/it]

Writing model shards:   0%|          | 0/1 [00:00<?, ?it/s]
Writing model shards: 100%|██████████| 1/1 [00:01<00:00,  1.40s/it]
Writing model shards: 100%|██████████| 1/1 [00:01<00:00,  1.40s/it]
wandb: Adding directory to artifact (../models/nrows_None__nsrc_None/timestamp_20260511_00-11-34/mpnet-base/final_model)... Done. 2.1s
wandb: uploading artifact final-sentence-transformer-model; updating run metadata
wandb: uploading artifact final-sentence-transformer-model; updating run metadata; uploading output.log; uploading wandb-summary.json
wandb: uploading artifact final-sentence-transformer-model
wandb: 
wandb: Run history:
wandb:                   annealed_tanh/beta ▁▃▄▅▆▇▇█
wandb:  eval/ir_evaluator_cosine_accuracy@1 ▁▄█▁▄▄▄▄▄
wandb: eval/ir_evaluator_cosine_accuracy@10 ▁▁▁▁▁▁▁▁▁
wandb:  eval/ir_evaluator_cosine_accuracy@5 ▁▁▁▁▁▁▁▁▁
wandb:       eval/ir_evaluator_cosine_map@1 ▁▄█▁▄▄▄▄▄
wandb:      eval/ir_evaluator_cosine_map@10 ▁▃█▂▅▅▅▅▅
wandb:       eval/ir_evaluator_cosine_map@5 ▁▃█▂▅▅▅▅▅
wandb:       eval/ir_evaluator_cosine_mrr@1 ▁▄█▁▄▄▄▄▄
wandb:      eval/ir_evaluator_cosine_mrr@10 ▁▃█▂▅▅▅▅▅
wandb:       eval/ir_evaluator_cosine_mrr@5 ▁▃█▂▅▅▅▅▅
wandb:                                  +23 ...
wandb: 
wandb: Run summary:
wandb:                   annealed_tanh/beta 40.0125
wandb:  eval/ir_evaluator_cosine_accuracy@1 0.98571
wandb: eval/ir_evaluator_cosine_accuracy@10 1
wandb:  eval/ir_evaluator_cosine_accuracy@5 1
wandb:       eval/ir_evaluator_cosine_map@1 0.98571
wandb:      eval/ir_evaluator_cosine_map@10 0.99167
wandb:       eval/ir_evaluator_cosine_map@5 0.99167
wandb:       eval/ir_evaluator_cosine_mrr@1 0.98571
wandb:      eval/ir_evaluator_cosine_mrr@10 0.99167
wandb:       eval/ir_evaluator_cosine_mrr@5 0.99167
wandb:                                  +28 ...
wandb: 
wandb: 🚀 View run proud-vortex-61 at: https://wandb.ai/sajil-awale-nasa-impact-uah/scale_emb_retrieval/runs/dsfj07h4
wandb: ⭐️ View project at: https://wandb.ai/sajil-awale-nasa-impact-uah/scale_emb_retrieval
wandb: Synced 5 W&B file(s), 0 media file(s), 6 artifact file(s) and 0 other file(s)
wandb: Find logs at: ./wandb/run-20260511_001134-dsfj07h4/logs
