/nas/rhome/sawale/thesis/experiments/../src/train.py:21: DeprecationWarning: Importing from 'sentence_transformers.models' is deprecated and will be removed in a future version. Please use 'sentence_transformers.sentence_transformer.modules' instead.
  from sentence_transformers import (
/nas/rhome/sawale/thesis/experiments/../src/train.py:21: DeprecationWarning: Importing from 'sentence_transformers.models' is deprecated and will be removed in a future version. Please use 'sentence_transformers.sentence_transformer.modules' instead.
  from sentence_transformers import (
/nas/rhome/sawale/thesis/experiments/../src/train.py:27: DeprecationWarning: Importing from 'sentence_transformers.evaluation' is deprecated and will be removed in a future version. Please use 'sentence_transformers.sentence_transformer.evaluation' instead.
  from sentence_transformers.evaluation import (
/nas/rhome/sawale/thesis/experiments/../src/train.py:27: DeprecationWarning: Importing from 'sentence_transformers.evaluation' is deprecated and will be removed in a future version. Please use 'sentence_transformers.sentence_transformer.evaluation' instead.
  from sentence_transformers.evaluation import (
/nas/rhome/sawale/thesis/experiments/../src/train.py:32: DeprecationWarning: Importing from 'sentence_transformers.losses' is deprecated and will be removed in a future version. Please use 'sentence_transformers.sentence_transformer.losses' instead.
  from sentence_transformers.losses import MultipleNegativesRankingLoss, MatryoshkaLoss
/nas/rhome/sawale/thesis/experiments/../src/train.py:38: DeprecationWarning: Importing from 'sentence_transformers.training_args' is deprecated and will be removed in a future version. Please use 'sentence_transformers.sentence_transformer.training_args' instead.
  from sentence_transformers.training_args import (
/nas/rhome/sawale/thesis/experiments/../src/train.py:32: DeprecationWarning: Importing from 'sentence_transformers.losses' is deprecated and will be removed in a future version. Please use 'sentence_transformers.sentence_transformer.losses' instead.
  from sentence_transformers.losses import MultipleNegativesRankingLoss, MatryoshkaLoss
/nas/rhome/sawale/thesis/experiments/../src/train.py:38: DeprecationWarning: Importing from 'sentence_transformers.training_args' is deprecated and will be removed in a future version. Please use 'sentence_transformers.sentence_transformer.training_args' instead.
  from sentence_transformers.training_args import (
wandb: Appending key for api.wandb.ai to your netrc file: /rhome/sawale/.netrc
wandb: Currently logged in as: sajil-awale (sajil-awale-nasa-impact-uah) to https://api.wandb.ai. Use `wandb login --relogin` to force relogin
wandb: setting up run zfaigxhi
wandb: Tracking run with wandb version 0.23.0
wandb: Run data is saved locally in /nas/rhome/sawale/thesis/experiments/wandb/run-20260512_004142-zfaigxhi
wandb: Run `wandb offline` to turn off syncing.
wandb: Syncing run celestial-cherry-64
wandb: ⭐️ View project at https://wandb.ai/sajil-awale-nasa-impact-uah/scale_emb_retrieval
wandb: 🚀 View run at https://wandb.ai/sajil-awale-nasa-impact-uah/scale_emb_retrieval/runs/zfaigxhi

Loading weights:   0%|          | 0/199 [00:00<?, ?it/s]
Loading weights:   0%|          | 0/199 [00:00<?, ?it/s]
Loading weights:   8%|▊         | 16/199 [00:00<00:01, 143.90it/s]
Loading weights:  11%|█         | 21/199 [00:00<00:00, 204.86it/s]
Loading weights:  17%|█▋        | 34/199 [00:00<00:01, 127.72it/s]
Loading weights:  21%|██        | 42/199 [00:00<00:01, 152.86it/s]
Loading weights:  26%|██▌       | 51/199 [00:00<00:01, 140.55it/s]
Loading weights:  33%|███▎      | 66/199 [00:00<00:00, 185.24it/s]
Loading weights:  35%|███▌      | 70/199 [00:00<00:00, 150.56it/s]
Loading weights:  43%|████▎     | 86/199 [00:00<00:00, 187.73it/s]
Loading weights: 100%|██████████| 199/199 [00:00<00:00, 420.33it/s]

Loading weights: 100%|██████████| 199/199 [00:00<00:00, 406.86it/s]
/nas/rhome/sawale/thesis/experiments/../src/train.py:442: FutureWarning: The `get_word_embedding_dimension` method has been renamed to `get_embedding_dimension`.
  word_embedding_model.get_word_embedding_dimension(),
The `tokenizer_kwargs` argument was renamed and is now deprecated. Please use `processor_kwargs` instead.
/nas/rhome/sawale/thesis/experiments/../src/train.py:442: FutureWarning: The `get_word_embedding_dimension` method has been renamed to `get_embedding_dimension`.
  word_embedding_model.get_word_embedding_dimension(),
The `tokenizer_kwargs` argument was renamed and is now deprecated. Please use `processor_kwargs` instead.
The `warmup_ratio` argument is deprecated in Transformers v5+, and will also be removed from Sentence Transformers once support for Transformers v4 is dropped. Since you're using Transformers v5+, please use `warmup_steps` (as a float) to specify the warmup ratio instead.
When using DistributedDataParallel (DDP), it is recommended to set `dataloader_drop_last=True` to avoid hanging issues with an uneven last batch. Setting `dataloader_drop_last=True`.
/nas/rhome/sawale/thesis/experiments/../src/train.py:547: FutureWarning: The `get_sentence_embedding_dimension` method has been renamed to `get_embedding_dimension`.
  n: MatryoshkaLoss(model=model, loss=base_loss, matryoshka_dims=config.get("mrl_config").get("matryoshka_dims") + [model.get_sentence_embedding_dimension()])
The `warmup_ratio` argument is deprecated in Transformers v5+, and will also be removed from Sentence Transformers once support for Transformers v4 is dropped. Since you're using Transformers v5+, please use `warmup_steps` (as a float) to specify the warmup ratio instead.
When using DistributedDataParallel (DDP), it is recommended to set `dataloader_drop_last=True` to avoid hanging issues with an uneven last batch. Setting `dataloader_drop_last=True`.
/nas/rhome/sawale/thesis/experiments/../src/train.py:547: FutureWarning: The `get_sentence_embedding_dimension` method has been renamed to `get_embedding_dimension`.
  n: MatryoshkaLoss(model=model, loss=base_loss, matryoshka_dims=config.get("mrl_config").get("matryoshka_dims") + [model.get_sentence_embedding_dimension()])
[RANK 0] Detected kernel version 3.10.0, which is below the recommended minimum of 5.5.0; this can cause the process to hang. It is recommended to upgrade the kernel to the minimum version or higher.

Computing widget examples:   0%|          | 0/4 [00:00<?, ?example/s]
Computing widget examples:  50%|█████     | 2/4 [00:00<00:00,  5.24example/s]
Computing widget examples:   0%|          | 0/4 [00:00<?, ?example/s]
Computing widget examples:  50%|█████     | 2/4 [00:00<00:00,  4.94example/s]
Computing widget examples:  75%|███████▌  | 3/4 [00:01<00:00,  1.92example/s]
                                                                             

Computing widget examples:  75%|███████▌  | 3/4 [00:01<00:00,  1.67example/s]
Computing widget examples: 100%|██████████| 4/4 [00:01<00:00,  2.42example/s]
                                                                             

  0%|          | 0/8189 [00:00<?, ?it/s]
  0%|          | 1/8189 [00:19<44:50:52, 19.72s/it]
  0%|          | 2/8189 [00:23<22:55:56, 10.08s/it]
  0%|          | 3/8189 [00:26<15:32:04,  6.83s/it]
  0%|          | 4/8189 [00:29<12:16:46,  5.40s/it]
  0%|          | 5/8189 [00:32<10:30:19,  4.62s/it]
  0%|          | 6/8189 [00:35<9:34:09,  4.21s/it] 
  0%|          | 7/8189 [00:39<8:51:50,  3.90s/it]
  0%|          | 8/8189 [00:42<8:17:51,  3.65s/it]
  0%|          | 9/8189 [00:45<8:00:49,  3.53s/it]
  0%|          | 10/8189 [00:48<7:53:00,  3.47s/it]
  0%|          | 11/8189 [00:52<7:45:42,  3.42s/it]
  0%|          | 12/8189 [00:55<7:38:00,  3.36s/it]
  0%|          | 13/8189 [00:58<7:35:07,  3.34s/it]
  0%|          | 14/8189 [01:02<7:35:11,  3.34s/it]
  0%|          | 15/8189 [01:05<7:39:11,  3.37s/it]
  0%|          | 16/8189 [01:08<7:28:14,  3.29s/it]
  0%|          | 17/8189 [01:11<7:18:34,  3.22s/it]
  0%|          | 18/8189 [01:14<7:13:35,  3.18s/it]
  0%|          | 19/8189 [01:17<7:15:00,  3.19s/it]
  0%|          | 20/8189 [01:21<7:12:33,  3.18s/it]
  0%|          | 21/8189 [01:24<7:26:55,  3.28s/it]
  0%|          | 22/8189 [01:28<7:41:12,  3.39s/it]
  0%|          | 23/8189 [01:31<7:29:32,  3.30s/it]
  0%|          | 24/8189 [01:34<7:27:07,  3.29s/it]
  0%|          | 25/8189 [01:37<7:24:20,  3.27s/it]
  0%|          | 26/8189 [01:41<7:23:08,  3.26s/it]
  0%|          | 27/8189 [01:44<7:17:02,  3.21s/it]
  0%|          | 28/8189 [01:47<7:22:36,  3.25s/it]
  0%|          | 29/8189 [01:50<7:22:48,  3.26s/it]
  0%|          | 30/8189 [01:54<7:27:36,  3.29s/it]
  0%|          | 31/8189 [01:57<7:24:04,  3.27s/it]
  0%|          | 32/8189 [02:00<7:24:11,  3.27s/it]
  0%|          | 33/8189 [02:03<7:28:40,  3.30s/it]
  0%|          | 34/8189 [02:07<7:35:55,  3.35s/it]
  0%|          | 35/8189 [02:10<7:21:26,  3.25s/it]
  0%|          | 36/8189 [02:13<7:08:42,  3.15s/it]
  0%|          | 37/8189 [02:16<7:06:00,  3.14s/it]
  0%|          | 38/8189 [02:19<7:07:17,  3.15s/it]
  0%|          | 39/8189 [02:22<7:06:55,  3.14s/it]
  0%|          | 40/8189 [02:25<7:08:25,  3.15s/it]
  1%|          | 41/8189 [02:29<7:12:51,  3.19s/it]
  1%|          | 42/8189 [02:32<7:03:00,  3.12s/it]
  1%|          | 43/8189 [02:35<7:05:58,  3.14s/it]
  1%|          | 44/8189 [02:38<7:04:01,  3.12s/it]
  1%|          | 45/8189 [02:41<7:02:54,  3.12s/it]
  1%|          | 46/8189 [02:44<7:05:08,  3.13s/it]
  1%|          | 47/8189 [02:47<7:01:11,  3.10s/it]
  1%|          | 48/8189 [02:51<7:09:14,  3.16s/it]
  1%|          | 49/8189 [02:54<7:07:56,  3.15s/it]
  1%|          | 50/8189 [02:57<7:03:38,  3.12s/it]
  1%|          | 51/8189 [03:00<7:10:46,  3.18s/it]
  1%|          | 52/8189 [03:03<7:16:59,  3.22s/it]
  1%|          | 53/8189 [03:07<7:38:45,  3.38s/it]
  1%|          | 54/8189 [03:11<7:40:18,  3.40s/it]
  1%|          | 55/8189 [03:14<7:35:22,  3.36s/it]
  1%|          | 56/8189 [03:17<7:38:21,  3.38s/it]
  1%|          | 57/8189 [03:20<7:29:40,  3.32s/it]
  1%|          | 58/8189 [03:24<7:20:35,  3.25s/it]
  1%|          | 59/8189 [03:27<7:23:04,  3.27s/it]
  1%|          | 60/8189 [03:30<7:06:51,  3.15s/it]
  1%|          | 61/8189 [03:33<7:01:36,  3.11s/it]
  1%|          | 62/8189 [03:36<7:11:31,  3.19s/it]
  1%|          | 63/8189 [03:39<7:12:18,  3.19s/it]
  1%|          | 64/8189 [03:42<6:58:40,  3.09s/it]
  1%|          | 65/8189 [03:45<6:48:19,  3.02s/it]
  1%|          | 66/8189 [03:48<7:01:15,  3.11s/it]
  1%|          | 67/8189 [03:52<7:04:09,  3.13s/it]
  1%|          | 68/8189 [03:55<7:05:21,  3.14s/it]
  1%|          | 69/8189 [03:58<7:09:03,  3.17s/it]
  1%|          | 70/8189 [04:01<7:02:42,  3.12s/it]
  1%|          | 71/8189 [04:04<7:01:06,  3.11s/it]
  1%|          | 72/8189 [04:07<7:03:33,  3.13s/it]
  1%|          | 73/8189 [04:11<7:15:39,  3.22s/it]
  1%|          | 74/8189 [04:14<7:08:33,  3.17s/it]
  1%|          | 75/8189 [04:17<7:10:11,  3.18s/it]
  1%|          | 76/8189 [04:20<7:05:41,  3.15s/it]
  1%|          | 77/8189 [04:23<6:59:56,  3.11s/it]
  1%|          | 78/8189 [04:26<7:04:50,  3.14s/it]
  1%|          | 79/8189 [04:30<7:12:32,  3.20s/it]
  1%|          | 80/8189 [04:33<7:14:36,  3.22s/it]
  1%|          | 81/8189 [04:36<7:18:11,  3.24s/it]
  1%|          | 82/8189 [04:39<7:16:12,  3.23s/it]
  1%|          | 83/8189 [04:43<7:18:44,  3.25s/it]
  1%|          | 84/8189 [04:46<7:22:19,  3.27s/it]
  1%|          | 85/8189 [04:49<7:24:17,  3.29s/it]
  1%|          | 86/8189 [04:53<7:26:26,  3.31s/it]
  1%|          | 87/8189 [04:56<7:30:00,  3.33s/it]
  1%|          | 88/8189 [05:00<7:44:57,  3.44s/it]
  1%|          | 89/8189 [05:03<7:39:09,  3.40s/it]
  1%|          | 90/8189 [05:06<7:31:20,  3.34s/it]
  1%|          | 91/8189 [05:10<7:34:26,  3.37s/it]
  1%|          | 92/8189 [05:13<7:27:16,  3.31s/it]
  1%|          | 93/8189 [05:16<7:30:09,  3.34s/it]
  1%|          | 94/8189 [05:19<7:28:13,  3.32s/it]
  1%|          | 95/8189 [05:23<7:27:56,  3.32s/it]
  1%|          | 96/8189 [05:26<7:25:39,  3.30s/it]
  1%|          | 97/8189 [05:29<7:27:50,  3.32s/it]
  1%|          | 98/8189 [05:33<7:23:05,  3.29s/it]
  1%|          | 99/8189 [05:36<7:36:17,  3.38s/it]
  1%|          | 100/8189 [05:40<7:41:26,  3.42s/it]
  1%|          | 101/8189 [05:43<7:45:11,  3.45s/it]
  1%|          | 102/8189 [05:47<7:47:55,  3.47s/it]
  1%|▏         | 103/8189 [05:50<7:46:47,  3.46s/it]
  1%|▏         | 104/8189 [05:54<7:39:26,  3.41s/it]
  1%|▏         | 105/8189 [05:57<7:38:43,  3.40s/it]
  1%|▏         | 106/8189 [06:00<7:26:19,  3.31s/it]
  1%|▏         | 107/8189 [06:04<7:36:12,  3.39s/it]
  1%|▏         | 108/8189 [06:07<7:47:25,  3.47s/it]
  1%|▏         | 109/8189 [06:11<7:38:45,  3.41s/it]
  1%|▏         | 110/8189 [06:14<7:36:39,  3.39s/it]
  1%|▏         | 111/8189 [06:17<7:46:00,  3.46s/it]
  1%|▏         | 112/8189 [06:21<7:40:27,  3.42s/it]
  1%|▏         | 113/8189 [06:24<7:34:05,  3.37s/it]
  1%|▏         | 114/8189 [06:27<7:27:29,  3.33s/it]
  1%|▏         | 115/8189 [06:31<7:30:15,  3.35s/it]
  1%|▏         | 116/8189 [06:34<7:38:16,  3.41s/it]
  1%|▏         | 117/8189 [06:37<7:19:20,  3.27s/it]
  1%|▏         | 118/8189 [06:40<7:20:25,  3.27s/it]
  1%|▏         | 119/8189 [06:44<7:20:21,  3.27s/it]
  1%|▏         | 120/8189 [06:47<7:20:38,  3.28s/it]
  1%|▏         | 121/8189 [06:50<7:26:13,  3.32s/it]
  1%|▏         | 122/8189 [06:54<7:30:14,  3.35s/it]
  2%|▏         | 123/8189 [06:57<7:29:10,  3.34s/it]
  2%|▏         | 124/8189 [07:01<7:30:02,  3.35s/it]
  2%|▏         | 125/8189 [07:04<7:34:05,  3.38s/it]
  2%|▏         | 126/8189 [07:07<7:28:03,  3.33s/it]
  2%|▏         | 127/8189 [07:10<7:25:26,  3.32s/it]
  2%|▏         | 128/8189 [07:14<7:24:44,  3.31s/it]
  2%|▏         | 129/8189 [07:17<7:08:17,  3.19s/it]
  2%|▏         | 130/8189 [07:20<7:09:08,  3.20s/it]
  2%|▏         | 131/8189 [07:24<7:36:32,  3.40s/it]
  2%|▏         | 132/8189 [07:27<7:46:46,  3.48s/it]
  2%|▏         | 133/8189 [07:30<7:25:15,  3.32s/it]
  2%|▏         | 134/8189 [07:33<7:14:56,  3.24s/it]
  2%|▏         | 135/8189 [07:37<7:18:53,  3.27s/it]
  2%|▏         | 136/8189 [07:40<7:21:29,  3.29s/it]
  2%|▏         | 137/8189 [07:43<7:19:07,  3.27s/it]
  2%|▏         | 138/8189 [07:47<7:17:06,  3.26s/it]
  2%|▏         | 139/8189 [07:50<7:13:28,  3.23s/it]
  2%|▏         | 140/8189 [07:53<7:05:05,  3.17s/it]
  2%|▏         | 141/8189 [07:56<7:06:24,  3.18s/it]
  2%|▏         | 142/8189 [07:59<7:06:11,  3.18s/it]
  2%|▏         | 143/8189 [08:03<7:14:02,  3.24s/it]
  2%|▏         | 144/8189 [08:06<7:13:32,  3.23s/it]
  2%|▏         | 145/8189 [08:09<7:12:15,  3.22s/it]
  2%|▏         | 146/8189 [08:12<7:07:00,  3.19s/it]
  2%|▏         | 147/8189 [08:15<6:59:23,  3.13s/it]
  2%|▏         | 148/8189 [08:18<7:08:42,  3.20s/it]
  2%|▏         | 149/8189 [08:22<7:10:16,  3.21s/it]
  2%|▏         | 150/8189 [08:25<7:08:23,  3.20s/it]
  2%|▏         | 151/8189 [08:28<7:03:42,  3.16s/it]
  2%|▏         | 152/8189 [08:31<7:06:30,  3.18s/it]
  2%|▏         | 153/8189 [08:34<7:06:43,  3.19s/it]
  2%|▏         | 154/8189 [08:37<6:57:55,  3.12s/it]
  2%|▏         | 155/8189 [08:40<6:55:17,  3.10s/it]
  2%|▏         | 156/8189 [08:43<6:42:23,  3.01s/it]
  2%|▏         | 157/8189 [08:46<6:52:30,  3.08s/it]
  2%|▏         | 158/8189 [08:49<6:38:57,  2.98s/it]
  2%|▏         | 159/8189 [08:52<6:44:27,  3.02s/it]
  2%|▏         | 160/8189 [08:55<6:46:16,  3.04s/it]
  2%|▏         | 161/8189 [08:58<6:47:25,  3.04s/it]
  2%|▏         | 162/8189 [09:02<6:50:47,  3.07s/it]
  2%|▏         | 163/8189 [09:04<6:43:58,  3.02s/it]
  2%|▏         | 164/8189 [09:07<6:35:34,  2.96s/it]
  2%|▏         | 165/8189 [09:10<6:41:40,  3.00s/it]
  2%|▏         | 166/8189 [09:13<6:44:15,  3.02s/it]
  2%|▏         | 167/8189 [09:17<6:49:40,  3.06s/it]
  2%|▏         | 168/8189 [09:20<6:46:31,  3.04s/it]
  2%|▏         | 169/8189 [09:22<6:32:42,  2.94s/it]
  2%|▏         | 170/8189 [09:25<6:23:15,  2.87s/it]
  2%|▏         | 171/8189 [09:28<6:13:15,  2.79s/it]
  2%|▏         | 172/8189 [09:31<6:36:45,  2.97s/it]
  2%|▏         | 173/8189 [09:34<6:41:40,  3.01s/it]
  2%|▏         | 174/8189 [09:37<6:48:08,  3.06s/it]
  2%|▏         | 175/8189 [09:40<6:53:34,  3.10s/it]
  2%|▏         | 176/8189 [09:44<6:54:08,  3.10s/it]
  2%|▏         | 177/8189 [09:47<7:05:13,  3.18s/it]
  2%|▏         | 178/8189 [09:50<7:06:42,  3.20s/it]
  2%|▏         | 179/8189 [09:53<6:37:57,  2.98s/it]
  2%|▏         | 180/8189 [09:56<6:42:39,  3.02s/it]
  2%|▏         | 181/8189 [09:58<6:28:36,  2.91s/it]
  2%|▏         | 182/8189 [10:01<6:27:07,  2.90s/it]
  2%|▏         | 183/8189 [10:04<6:23:34,  2.87s/it]
  2%|▏         | 184/8189 [10:07<6:27:48,  2.91s/it]
  2%|▏         | 185/8189 [10:10<6:37:00,  2.98s/it]
  2%|▏         | 186/8189 [10:14<6:52:43,  3.09s/it]
  2%|▏         | 187/8189 [10:17<7:01:00,  3.16s/it]
  2%|▏         | 188/8189 [10:20<6:50:56,  3.08s/it]
  2%|▏         | 189/8189 [10:23<6:58:35,  3.14s/it]
  2%|▏         | 190/8189 [10:26<6:55:11,  3.11s/it]
  2%|▏         | 191/8189 [10:29<6:35:46,  2.97s/it]
  2%|▏         | 192/8189 [10:32<6:34:46,  2.96s/it]
  2%|▏         | 193/8189 [10:35<6:43:43,  3.03s/it]
  2%|▏         | 194/8189 [10:38<6:42:31,  3.02s/it]
  2%|▏         | 195/8189 [10:41<6:45:26,  3.04s/it]
  2%|▏         | 196/8189 [10:44<6:48:27,  3.07s/it]
  2%|▏         | 197/8189 [10:47<6:58:14,  3.14s/it]
  2%|▏         | 198/8189 [10:50<6:52:38,  3.10s/it]
  2%|▏         | 199/8189 [10:53<6:47:29,  3.06s/it]
  2%|▏         | 200/8189 [10:57<6:57:08,  3.13s/it]
  2%|▏         | 201/8189 [11:00<6:53:06,  3.10s/it]
  2%|▏         | 202/8189 [11:03<6:53:50,  3.11s/it]
  2%|▏         | 203/8189 [11:06<6:56:28,  3.13s/it]
  2%|▏         | 204/8189 [11:09<6:45:41,  3.05s/it]
  3%|▎         | 205/8189 [11:12<6:49:52,  3.08s/it]
  3%|▎         | 206/8189 [11:15<6:54:53,  3.12s/it]
  3%|▎         | 207/8189 [11:19<7:03:04,  3.18s/it]
  3%|▎         | 208/8189 [11:22<7:04:03,  3.19s/it]
  3%|▎         | 209/8189 [11:25<7:08:54,  3.22s/it]
  3%|▎         | 210/8189 [11:28<7:06:01,  3.20s/it]
  3%|▎         | 211/8189 [11:32<7:18:13,  3.30s/it]
  3%|▎         | 212/8189 [11:35<7:21:31,  3.32s/it]
  3%|▎         | 213/8189 [11:38<7:02:08,  3.18s/it]
  3%|▎         | 214/8189 [11:41<7:03:56,  3.19s/it]
  3%|▎         | 215/8189 [11:44<7:03:51,  3.19s/it]
  3%|▎         | 216/8189 [11:47<7:02:22,  3.18s/it]
  3%|▎         | 217/8189 [11:51<7:05:48,  3.20s/it]
  3%|▎         | 218/8189 [11:54<7:03:12,  3.19s/it]
  3%|▎         | 219/8189 [11:57<6:59:23,  3.16s/it]
  3%|▎         | 220/8189 [12:00<6:53:42,  3.11s/it]
  3%|▎         | 221/8189 [12:03<6:55:42,  3.13s/it]
  3%|▎         | 222/8189 [12:07<7:11:19,  3.25s/it]
  3%|▎         | 223/8189 [12:10<7:08:07,  3.22s/it]
  3%|▎         | 224/8189 [12:13<7:10:13,  3.24s/it]
  3%|▎         | 225/8189 [12:16<7:09:16,  3.23s/it]
  3%|▎         | 226/8189 [12:20<7:06:39,  3.21s/it]
  3%|▎         | 227/8189 [12:23<7:02:03,  3.18s/it]
  3%|▎         | 228/8189 [12:26<6:54:26,  3.12s/it]
  3%|▎         | 229/8189 [12:29<6:55:46,  3.13s/it]
  3%|▎         | 230/8189 [12:32<6:56:05,  3.14s/it]
  3%|▎         | 231/8189 [12:35<6:59:38,  3.16s/it]
  3%|▎         | 232/8189 [12:38<7:02:51,  3.19s/it]
  3%|▎         | 233/8189 [12:41<6:44:07,  3.05s/it]
  3%|▎         | 234/8189 [12:44<6:50:29,  3.10s/it]
  3%|▎         | 235/8189 [12:47<6:51:34,  3.10s/it]
  3%|▎         | 236/8189 [12:51<7:02:20,  3.19s/it]
  3%|▎         | 237/8189 [12:54<7:01:58,  3.18s/it]
  3%|▎         | 238/8189 [12:57<7:00:12,  3.17s/it]
  3%|▎         | 239/8189 [13:00<7:06:10,  3.22s/it]
  3%|▎         | 240/8189 [13:04<7:10:28,  3.25s/it]
  3%|▎         | 241/8189 [13:07<7:21:54,  3.34s/it]
  3%|▎         | 242/8189 [13:10<7:11:41,  3.26s/it]
  3%|▎         | 243/8189 [13:14<7:09:30,  3.24s/it]
  3%|▎         | 244/8189 [13:17<7:05:33,  3.21s/it]
  3%|▎         | 245/8189 [13:20<7:06:16,  3.22s/it]
  3%|▎         | 246/8189 [13:23<7:01:44,  3.19s/it]
  3%|▎         | 247/8189 [13:26<7:05:19,  3.21s/it]
  3%|▎         | 248/8189 [13:30<7:15:42,  3.29s/it]
  3%|▎         | 249/8189 [13:33<7:11:18,  3.26s/it]
  3%|▎         | 250/8189 [13:36<7:09:50,  3.25s/it]
  3%|▎         | 251/8189 [13:40<7:14:27,  3.28s/it]
  3%|▎         | 252/8189 [13:43<7:03:42,  3.20s/it]
  3%|▎         | 253/8189 [13:46<6:58:36,  3.16s/it]
  3%|▎         | 254/8189 [13:49<6:57:23,  3.16s/it]
  3%|▎         | 255/8189 [13:52<6:53:22,  3.13s/it]
  3%|▎         | 256/8189 [13:55<6:50:35,  3.11s/it]
  3%|▎         | 257/8189 [13:58<6:48:15,  3.09s/it]
  3%|▎         | 258/8189 [14:01<6:45:08,  3.07s/it]
  3%|▎         | 259/8189 [14:04<6:38:30,  3.02s/it]
  3%|▎         | 260/8189 [14:07<6:45:48,  3.07s/it]
  3%|▎         | 261/8189 [14:10<6:51:32,  3.11s/it]
  3%|▎         | 262/8189 [14:14<7:16:03,  3.30s/it]
  3%|▎         | 263/8189 [14:17<7:08:51,  3.25s/it]
  3%|▎         | 264/8189 [14:20<7:03:08,  3.20s/it]
  3%|▎         | 265/8189 [14:24<7:09:10,  3.25s/it]
  3%|▎         | 266/8189 [14:27<7:17:51,  3.32s/it]
  3%|▎         | 267/8189 [14:30<7:12:24,  3.28s/it]
  3%|▎         | 268/8189 [14:33<7:07:43,  3.24s/it]
  3%|▎         | 269/8189 [14:37<7:15:34,  3.30s/it]
  3%|▎         | 270/8189 [14:40<7:08:31,  3.25s/it]
  3%|▎         | 271/8189 [14:43<7:03:51,  3.21s/it]
  3%|▎         | 272/8189 [14:46<6:56:54,  3.16s/it]
  3%|▎         | 273/8189 [14:49<6:48:32,  3.10s/it]
  3%|▎         | 274/8189 [14:52<6:49:58,  3.11s/it]
  3%|▎         | 275/8189 [14:56<6:59:03,  3.18s/it]
  3%|▎         | 276/8189 [14:59<6:58:07,  3.17s/it]
  3%|▎         | 277/8189 [15:02<6:41:47,  3.05s/it]
  3%|▎         | 278/8189 [15:04<6:35:11,  3.00s/it]
  3%|▎         | 279/8189 [15:08<6:43:20,  3.06s/it]
  3%|▎         | 280/8189 [15:11<7:00:25,  3.19s/it]
  3%|▎         | 281/8189 [15:14<7:04:32,  3.22s/it]
  3%|▎         | 282/8189 [15:18<7:04:37,  3.22s/it]
  3%|▎         | 283/8189 [15:21<7:01:08,  3.20s/it]
  3%|▎         | 284/8189 [15:24<6:56:13,  3.16s/it]
  3%|▎         | 285/8189 [15:27<6:50:23,  3.12s/it]
  3%|▎         | 286/8189 [15:30<6:50:34,  3.12s/it]
  4%|▎         | 287/8189 [15:33<7:04:08,  3.22s/it]
  4%|▎         | 288/8189 [15:37<7:06:43,  3.24s/it]
  4%|▎         | 289/8189 [15:40<7:10:37,  3.27s/it]
  4%|▎         | 290/8189 [15:43<7:08:29,  3.25s/it]
  4%|▎         | 291/8189 [15:46<7:00:27,  3.19s/it]
  4%|▎         | 292/8189 [15:49<6:52:26,  3.13s/it]
  4%|▎         | 293/8189 [15:52<6:53:23,  3.14s/it]
  4%|▎         | 294/8189 [15:55<6:40:04,  3.04s/it]
  4%|▎         | 295/8189 [15:58<6:42:41,  3.06s/it]
  4%|▎         | 296/8189 [16:01<6:40:01,  3.04s/it]
  4%|▎         | 297/8189 [16:05<6:48:56,  3.11s/it]
  4%|▎         | 298/8189 [16:08<6:53:54,  3.15s/it]
  4%|▎         | 299/8189 [16:11<6:52:36,  3.14s/it]
  4%|▎         | 300/8189 [16:14<6:31:07,  2.97s/it]
  4%|▎         | 301/8189 [16:17<6:32:05,  2.98s/it]
  4%|▎         | 302/8189 [16:20<6:33:20,  2.99s/it]
  4%|▎         | 303/8189 [16:23<6:42:51,  3.07s/it]
  4%|▎         | 304/8189 [16:26<6:40:15,  3.05s/it]
  4%|▎         | 305/8189 [16:29<6:46:32,  3.09s/it]
  4%|▎         | 306/8189 [16:32<6:39:05,  3.04s/it]
  4%|▎         | 307/8189 [16:35<6:48:49,  3.11s/it]
  4%|▍         | 308/8189 [16:38<6:43:38,  3.07s/it]
  4%|▍         | 309/8189 [16:42<6:58:53,  3.19s/it]
  4%|▍         | 310/8189 [16:45<7:05:48,  3.24s/it]
  4%|▍         | 311/8189 [16:48<7:07:13,  3.25s/it]
  4%|▍         | 312/8189 [16:52<7:10:55,  3.28s/it]
  4%|▍         | 313/8189 [16:55<7:16:39,  3.33s/it]
  4%|▍         | 314/8189 [16:59<7:20:17,  3.35s/it]
  4%|▍         | 315/8189 [17:02<7:14:12,  3.31s/it]
  4%|▍         | 316/8189 [17:05<7:08:58,  3.27s/it]
  4%|▍         | 317/8189 [17:08<7:09:42,  3.28s/it]
  4%|▍         | 318/8189 [17:11<7:06:35,  3.25s/it]
  4%|▍         | 319/8189 [17:15<7:10:12,  3.28s/it]
  4%|▍         | 320/8189 [17:18<7:06:50,  3.25s/it]
  4%|▍         | 321/8189 [17:21<7:07:05,  3.26s/it]
  4%|▍         | 322/8189 [17:24<7:03:13,  3.23s/it]
  4%|▍         | 323/8189 [17:28<7:03:34,  3.23s/it]
  4%|▍         | 324/8189 [17:31<6:59:47,  3.20s/it]
  4%|▍         | 325/8189 [17:34<6:57:55,  3.19s/it]
  4%|▍         | 326/8189 [17:37<6:58:23,  3.19s/it]
  4%|▍         | 327/8189 [17:40<6:57:51,  3.19s/it]
  4%|▍         | 328/8189 [17:44<7:07:34,  3.26s/it]
  4%|▍         | 329/8189 [17:47<6:58:41,  3.20s/it]
  4%|▍         | 330/8189 [17:50<6:59:02,  3.20s/it]
  4%|▍         | 331/8189 [17:53<7:05:04,  3.25s/it]
  4%|▍         | 332/8189 [17:57<7:09:15,  3.28s/it]
  4%|▍         | 333/8189 [18:00<7:05:54,  3.25s/it]
  4%|▍         | 334/8189 [18:03<7:08:18,  3.27s/it]
  4%|▍         | 335/8189 [18:06<6:43:30,  3.08s/it]
  4%|▍         | 336/8189 [18:09<6:44:46,  3.09s/it]
  4%|▍         | 337/8189 [18:12<6:47:56,  3.12s/it]
  4%|▍         | 338/8189 [18:15<6:53:33,  3.16s/it]
  4%|▍         | 339/8189 [18:19<6:54:03,  3.16s/it]
  4%|▍         | 340/8189 [18:22<7:02:42,  3.23s/it]
  4%|▍         | 341/8189 [18:26<7:34:13,  3.47s/it]
  4%|▍         | 342/8189 [18:30<8:13:01,  3.77s/it]
  4%|▍         | 343/8189 [18:35<8:57:40,  4.11s/it]
  4%|▍         | 344/8189 [18:40<9:13:50,  4.24s/it]
  4%|▍         | 345/8189 [18:45<9:36:46,  4.41s/it]
  4%|▍         | 346/8189 [18:50<10:19:25,  4.74s/it]
  4%|▍         | 347/8189 [18:54<10:00:13,  4.59s/it]
  4%|▍         | 348/8189 [18:58<9:36:21,  4.41s/it] 
  4%|▍         | 349/8189 [19:02<9:15:23,  4.25s/it]
  4%|▍         | 350/8189 [19:06<8:49:04,  4.05s/it]
  4%|▍         | 351/8189 [19:09<8:07:04,  3.73s/it]
  4%|▍         | 352/8189 [19:12<7:49:43,  3.60s/it]
  4%|▍         | 353/8189 [19:16<7:58:14,  3.66s/it]
  4%|▍         | 354/8189 [19:20<7:56:29,  3.65s/it]
  4%|▍         | 355/8189 [19:23<7:49:09,  3.59s/it]
  4%|▍         | 356/8189 [19:27<7:54:10,  3.63s/it]
  4%|▍         | 357/8189 [19:30<7:51:11,  3.61s/it]
  4%|▍         | 358/8189 [19:34<7:39:30,  3.52s/it]
  4%|▍         | 359/8189 [19:37<7:34:01,  3.48s/it]
  4%|▍         | 360/8189 [19:40<7:29:46,  3.45s/it]
  4%|▍         | 361/8189 [19:44<7:36:27,  3.50s/it]
  4%|▍         | 362/8189 [19:48<7:41:21,  3.54s/it]
  4%|▍         | 363/8189 [19:51<7:38:08,  3.51s/it]
  4%|▍         | 364/8189 [19:54<7:32:27,  3.47s/it]
  4%|▍         | 365/8189 [19:58<7:35:02,  3.49s/it]
  4%|▍         | 366/8189 [20:02<7:54:17,  3.64s/it]
  4%|▍         | 367/8189 [20:06<8:03:55,  3.71s/it]
  4%|▍         | 368/8189 [20:10<8:00:23,  3.69s/it]
  5%|▍         | 369/8189 [20:13<7:54:01,  3.64s/it]
  5%|▍         | 370/8189 [20:17<8:20:08,  3.84s/it]
  5%|▍         | 371/8189 [20:21<8:23:16,  3.86s/it]
  5%|▍         | 372/8189 [20:25<8:37:25,  3.97s/it]
  5%|▍         | 373/8189 [20:29<8:15:59,  3.81s/it]
  5%|▍         | 374/8189 [20:33<8:18:43,  3.83s/it]
  5%|▍         | 375/8189 [20:36<8:13:04,  3.79s/it]
  5%|▍         | 376/8189 [20:40<7:45:44,  3.58s/it]
  5%|▍         | 377/8189 [20:44<8:12:08,  3.78s/it]
  5%|▍         | 378/8189 [20:47<7:54:46,  3.65s/it]
  5%|▍         | 379/8189 [20:51<8:09:43,  3.76s/it]
  5%|▍         | 380/8189 [20:55<8:02:10,  3.70s/it]
  5%|▍         | 381/8189 [20:58<8:03:07,  3.71s/it]
  5%|▍         | 382/8189 [21:02<8:04:26,  3.72s/it]
  5%|▍         | 383/8189 [21:06<8:04:52,  3.73s/it]
  5%|▍         | 384/8189 [21:09<7:50:53,  3.62s/it]
  5%|▍         | 385/8189 [21:13<7:49:13,  3.61s/it]
  5%|▍         | 386/8189 [21:16<7:38:13,  3.52s/it]
  5%|▍         | 387/8189 [21:20<7:28:49,  3.45s/it]
  5%|▍         | 388/8189 [21:23<7:23:20,  3.41s/it]
  5%|▍         | 389/8189 [21:26<7:27:21,  3.44s/it]
  5%|▍         | 390/8189 [21:30<7:28:41,  3.45s/it]
  5%|▍         | 391/8189 [21:34<7:44:31,  3.57s/it]
  5%|▍         | 392/8189 [21:37<7:39:38,  3.54s/it]
  5%|▍         | 393/8189 [21:41<7:40:14,  3.54s/it]
  5%|▍         | 394/8189 [21:44<7:25:46,  3.43s/it]
  5%|▍         | 395/8189 [21:48<7:42:07,  3.56s/it]
  5%|▍         | 396/8189 [21:51<7:30:52,  3.47s/it]
  5%|▍         | 397/8189 [21:55<7:36:46,  3.52s/it]
  5%|▍         | 398/8189 [21:58<7:37:45,  3.53s/it]
  5%|▍         | 399/8189 [22:02<7:33:03,  3.49s/it]
  5%|▍         | 400/8189 [22:05<7:32:08,  3.48s/it]
  5%|▍         | 401/8189 [22:08<7:16:24,  3.36s/it]
  5%|▍         | 402/8189 [22:12<7:19:42,  3.39s/it]
  5%|▍         | 403/8189 [22:15<7:18:07,  3.38s/it]
  5%|▍         | 404/8189 [22:18<7:11:06,  3.32s/it]
  5%|▍         | 405/8189 [22:21<7:11:02,  3.32s/it]
  5%|▍         | 406/8189 [22:25<7:12:54,  3.34s/it]
  5%|▍         | 407/8189 [22:28<7:24:51,  3.43s/it]
  5%|▍         | 408/8189 [22:32<7:21:00,  3.40s/it]
  5%|▍         | 409/8189 [22:35<7:18:03,  3.38s/it]
  5%|▌         | 410/8189 [22:38<7:08:59,  3.31s/it]
  5%|▌         | 411/8189 [22:42<7:27:30,  3.45s/it]
  5%|▌         | 412/8189 [22:45<7:18:47,  3.39s/it]
  5%|▌         | 413/8189 [22:48<7:11:07,  3.33s/it]
  5%|▌         | 414/8189 [22:52<7:10:22,  3.32s/it]
  5%|▌         | 415/8189 [22:55<7:05:46,  3.29s/it]
  5%|▌         | 416/8189 [22:58<6:59:31,  3.24s/it]
  5%|▌         | 417/8189 [23:01<7:05:42,  3.29s/it]
  5%|▌         | 418/8189 [23:05<6:59:34,  3.24s/it]
  5%|▌         | 419/8189 [23:08<6:54:24,  3.20s/it]
  5%|▌         | 420/8189 [23:11<6:57:43,  3.23s/it]
  5%|▌         | 421/8189 [23:14<7:01:45,  3.26s/it]
  5%|▌         | 422/8189 [23:18<7:00:59,  3.25s/it]
  5%|▌         | 423/8189 [23:21<7:08:22,  3.31s/it]
  5%|▌         | 424/8189 [23:24<7:08:09,  3.31s/it]
  5%|▌         | 425/8189 [23:28<7:09:58,  3.32s/it]
  5%|▌         | 426/8189 [23:31<7:10:28,  3.33s/it]
  5%|▌         | 427/8189 [23:34<7:04:39,  3.28s/it]
  5%|▌         | 428/8189 [23:38<7:11:43,  3.34s/it]
  5%|▌         | 429/8189 [23:41<7:16:36,  3.38s/it]
  5%|▌         | 430/8189 [23:45<7:16:21,  3.37s/it]
  5%|▌         | 431/8189 [23:48<7:23:51,  3.43s/it]
  5%|▌         | 432/8189 [23:51<7:19:33,  3.40s/it]
  5%|▌         | 433/8189 [23:55<7:16:48,  3.38s/it]
  5%|▌         | 434/8189 [23:58<7:14:20,  3.36s/it]
  5%|▌         | 435/8189 [24:01<6:55:52,  3.22s/it]
  5%|▌         | 436/8189 [24:04<7:05:54,  3.30s/it]
  5%|▌         | 437/8189 [24:08<7:09:00,  3.32s/it]
  5%|▌         | 438/8189 [24:11<7:08:13,  3.31s/it]
  5%|▌         | 439/8189 [24:14<6:56:25,  3.22s/it]
  5%|▌         | 440/8189 [24:18<7:07:50,  3.31s/it]
  5%|▌         | 441/8189 [24:21<7:07:35,  3.31s/it]
  5%|▌         | 442/8189 [24:24<7:02:58,  3.28s/it]
  5%|▌         | 443/8189 [24:27<7:04:50,  3.29s/it]
  5%|▌         | 444/8189 [24:31<6:57:55,  3.24s/it]
  5%|▌         | 445/8189 [24:34<7:02:14,  3.27s/it]
  5%|▌         | 446/8189 [24:37<6:58:05,  3.24s/it]
  5%|▌         | 447/8189 [24:40<7:04:37,  3.29s/it]
  5%|▌         | 448/8189 [24:44<7:12:33,  3.35s/it]
  5%|▌         | 449/8189 [24:47<7:12:55,  3.36s/it]
  5%|▌         | 450/8189 [24:51<7:10:23,  3.34s/it]
  6%|▌         | 451/8189 [24:54<7:02:25,  3.28s/it]
  6%|▌         | 452/8189 [24:57<7:02:21,  3.28s/it]
  6%|▌         | 453/8189 [25:01<7:12:20,  3.35s/it]
  6%|▌         | 454/8189 [25:04<7:06:29,  3.31s/it]
  6%|▌         | 455/8189 [25:07<7:04:01,  3.29s/it]
  6%|▌         | 456/8189 [25:10<6:41:03,  3.11s/it]
  6%|▌         | 457/8189 [25:13<6:35:58,  3.07s/it]
  6%|▌         | 458/8189 [25:16<6:37:07,  3.08s/it]
  6%|▌         | 459/8189 [25:19<6:29:19,  3.02s/it]
  6%|▌         | 460/8189 [25:22<6:31:30,  3.04s/it]
  6%|▌         | 461/8189 [25:25<6:26:22,  3.00s/it]
  6%|▌         | 462/8189 [25:28<6:30:14,  3.03s/it]
  6%|▌         | 463/8189 [25:31<6:28:04,  3.01s/it]
  6%|▌         | 464/8189 [25:34<6:32:30,  3.05s/it]
  6%|▌         | 465/8189 [25:37<6:39:13,  3.10s/it]
  6%|▌         | 466/8189 [25:40<6:37:36,  3.09s/it]
  6%|▌         | 467/8189 [25:43<6:40:09,  3.11s/it]
  6%|▌         | 468/8189 [25:47<6:42:10,  3.13s/it]
  6%|▌         | 469/8189 [25:50<6:40:29,  3.11s/it]
  6%|▌         | 470/8189 [25:53<6:40:50,  3.12s/it]
  6%|▌         | 471/8189 [25:56<6:36:49,  3.08s/it]
  6%|▌         | 472/8189 [25:59<6:46:55,  3.16s/it]
  6%|▌         | 473/8189 [26:02<6:43:54,  3.14s/it]
  6%|▌         | 474/8189 [26:05<6:37:20,  3.09s/it]
  6%|▌         | 475/8189 [26:08<6:30:31,  3.04s/it]
  6%|▌         | 476/8189 [26:11<6:33:50,  3.06s/it]
  6%|▌         | 477/8189 [26:14<6:37:25,  3.09s/it]
  6%|▌         | 478/8189 [26:18<6:41:15,  3.12s/it]
  6%|▌         | 479/8189 [26:21<6:37:53,  3.10s/it]
  6%|▌         | 480/8189 [26:24<6:33:11,  3.06s/it]
  6%|▌         | 481/8189 [26:26<6:16:48,  2.93s/it]
  6%|▌         | 482/8189 [26:29<6:20:41,  2.96s/it]
  6%|▌         | 483/8189 [26:32<6:26:11,  3.01s/it]
  6%|▌         | 484/8189 [26:35<6:27:44,  3.02s/it]
  6%|▌         | 485/8189 [26:38<6:27:55,  3.02s/it]
  6%|▌         | 486/8189 [26:41<6:26:01,  3.01s/it]
  6%|▌         | 487/8189 [26:45<6:36:24,  3.09s/it]
  6%|▌         | 488/8189 [26:48<6:44:20,  3.15s/it]
  6%|▌         | 489/8189 [26:51<6:46:45,  3.17s/it]
  6%|▌         | 490/8189 [26:54<6:43:00,  3.14s/it]
  6%|▌         | 491/8189 [26:57<6:37:54,  3.10s/it]
  6%|▌         | 492/8189 [27:00<6:37:01,  3.09s/it]
  6%|▌         | 493/8189 [27:04<6:48:04,  3.18s/it]
  6%|▌         | 494/8189 [27:07<6:41:22,  3.13s/it]
  6%|▌         | 495/8189 [27:10<6:44:46,  3.16s/it]
  6%|▌         | 496/8189 [27:13<6:44:37,  3.16s/it]
  6%|▌         | 497/8189 [27:16<6:33:03,  3.07s/it]
  6%|▌         | 498/8189 [27:19<6:34:34,  3.08s/it]
  6%|▌         | 499/8189 [27:22<6:39:04,  3.11s/it]
  6%|▌         | 500/8189 [27:25<6:07:50,  2.87s/it]
  6%|▌         | 501/8189 [27:27<5:57:40,  2.79s/it]
  6%|▌         | 502/8189 [27:30<6:17:16,  2.94s/it]
  6%|▌         | 503/8189 [27:33<6:17:38,  2.95s/it]
  6%|▌         | 504/8189 [27:37<6:33:40,  3.07s/it]
  6%|▌         | 505/8189 [27:40<6:26:54,  3.02s/it]
  6%|▌         | 506/8189 [27:43<6:47:19,  3.18s/it]
  6%|▌         | 507/8189 [27:47<6:53:01,  3.23s/it]
  6%|▌         | 508/8189 [27:50<7:01:36,  3.29s/it]
  6%|▌         | 509/8189 [27:53<6:55:25,  3.25s/it]
  6%|▌         | 510/8189 [27:56<6:58:14,  3.27s/it]
  6%|▌         | 511/8189 [28:00<7:23:52,  3.47s/it]
  6%|▋         | 512/8189 [28:04<7:20:51,  3.45s/it]
  6%|▋         | 513/8189 [28:07<7:18:47,  3.43s/it]
  6%|▋         | 514/8189 [28:11<7:26:37,  3.49s/it]
  6%|▋         | 515/8189 [28:14<7:17:22,  3.42s/it]
  6%|▋         | 516/8189 [28:17<7:12:51,  3.38s/it]
  6%|▋         | 517/8189 [28:21<7:10:06,  3.36s/it]
  6%|▋         | 518/8189 [28:24<6:56:16,  3.26s/it]
  6%|▋         | 519/8189 [28:27<6:59:31,  3.28s/it]
  6%|▋         | 520/8189 [28:30<6:44:14,  3.16s/it]
  6%|▋         | 521/8189 [28:33<6:38:08,  3.12s/it]
  6%|▋         | 522/8189 [28:36<6:26:48,  3.03s/it]
  6%|▋         | 523/8189 [28:39<6:31:13,  3.06s/it]
  6%|▋         | 524/8189 [28:42<6:46:19,  3.18s/it]
  6%|▋         | 525/8189 [28:46<6:51:06,  3.22s/it]
  6%|▋         | 526/8189 [28:49<6:44:43,  3.17s/it]
  6%|▋         | 527/8189 [28:52<6:52:33,  3.23s/it]
  6%|▋         | 528/8189 [28:55<6:55:18,  3.25s/it]
  6%|▋         | 529/8189 [28:59<6:52:59,  3.23s/it]
  6%|▋         | 530/8189 [29:02<6:51:06,  3.22s/it]
  6%|▋         | 531/8189 [29:05<6:54:22,  3.25s/it]
  6%|▋         | 532/8189 [29:08<6:56:34,  3.26s/it]
  7%|▋         | 533/8189 [29:12<6:59:32,  3.29s/it]
  7%|▋         | 534/8189 [29:15<6:58:17,  3.28s/it]
  7%|▋         | 535/8189 [29:18<6:56:16,  3.26s/it]
  7%|▋         | 536/8189 [29:21<6:50:29,  3.22s/it]
  7%|▋         | 537/8189 [29:25<7:11:13,  3.38s/it]
  7%|▋         | 538/8189 [29:28<7:03:11,  3.32s/it]
  7%|▋         | 539/8189 [29:32<7:01:07,  3.30s/it]
  7%|▋         | 540/8189 [29:35<6:50:51,  3.22s/it]
  7%|▋         | 541/8189 [29:38<6:47:39,  3.20s/it]
  7%|▋         | 542/8189 [29:41<6:44:57,  3.18s/it]
  7%|▋         | 543/8189 [29:44<6:46:13,  3.19s/it]
  7%|▋         | 544/8189 [29:47<6:52:25,  3.24s/it]
  7%|▋         | 545/8189 [29:51<6:56:45,  3.27s/it]
  7%|▋         | 546/8189 [29:54<6:40:11,  3.14s/it]
  7%|▋         | 547/8189 [29:57<6:41:03,  3.15s/it]
  7%|▋         | 548/8189 [30:00<6:43:24,  3.17s/it]
  7%|▋         | 549/8189 [30:03<6:43:24,  3.17s/it]
  7%|▋         | 550/8189 [30:06<6:43:22,  3.17s/it]
  7%|▋         | 551/8189 [30:09<6:34:51,  3.10s/it]
  7%|▋         | 552/8189 [30:12<6:30:51,  3.07s/it]
  7%|▋         | 553/8189 [30:15<6:36:41,  3.12s/it]
  7%|▋         | 554/8189 [30:19<6:42:43,  3.16s/it]
  7%|▋         | 555/8189 [30:22<6:42:03,  3.16s/it]
  7%|▋         | 556/8189 [30:25<6:48:46,  3.21s/it]
  7%|▋         | 557/8189 [30:28<6:43:01,  3.17s/it]
  7%|▋         | 558/8189 [30:31<6:44:29,  3.18s/it]
  7%|▋         | 559/8189 [30:35<6:44:27,  3.18s/it]
  7%|▋         | 560/8189 [30:38<6:49:17,  3.22s/it]
  7%|▋         | 561/8189 [30:41<6:51:17,  3.24s/it]
  7%|▋         | 562/8189 [30:44<6:50:16,  3.23s/it]
  7%|▋         | 563/8189 [30:48<6:55:03,  3.27s/it]
  7%|▋         | 564/8189 [30:51<6:46:39,  3.20s/it]
  7%|▋         | 565/8189 [30:54<6:50:32,  3.23s/it]
  7%|▋         | 566/8189 [30:57<6:47:57,  3.21s/it]
  7%|▋         | 567/8189 [31:01<6:53:04,  3.25s/it]
  7%|▋         | 568/8189 [31:04<6:51:54,  3.24s/it]
  7%|▋         | 569/8189 [31:07<6:49:05,  3.22s/it]
  7%|▋         | 570/8189 [31:10<6:39:33,  3.15s/it]
  7%|▋         | 571/8189 [31:13<6:47:33,  3.21s/it]
  7%|▋         | 572/8189 [31:17<6:46:16,  3.20s/it]
  7%|▋         | 573/8189 [31:19<6:27:28,  3.05s/it]
  7%|▋         | 574/8189 [31:23<6:37:36,  3.13s/it]
  7%|▋         | 575/8189 [31:26<6:44:47,  3.19s/it]
  7%|▋         | 576/8189 [31:29<6:47:34,  3.21s/it]
  7%|▋         | 577/8189 [31:32<6:40:59,  3.16s/it]
  7%|▋         | 578/8189 [31:35<6:36:03,  3.12s/it]
  7%|▋         | 579/8189 [31:38<6:33:18,  3.10s/it]
  7%|▋         | 580/8189 [31:41<6:26:57,  3.05s/it]
  7%|▋         | 581/8189 [31:44<6:33:45,  3.11s/it]
  7%|▋         | 582/8189 [31:47<6:29:57,  3.08s/it]
  7%|▋         | 583/8189 [31:51<6:33:13,  3.10s/it]
  7%|▋         | 584/8189 [31:54<6:37:02,  3.13s/it]
  7%|▋         | 585/8189 [31:57<6:40:01,  3.16s/it]
  7%|▋         | 586/8189 [32:00<6:38:06,  3.14s/it]
  7%|▋         | 587/8189 [32:03<6:37:45,  3.14s/it]
  7%|▋         | 588/8189 [32:06<6:37:29,  3.14s/it]
  7%|▋         | 589/8189 [32:10<6:38:46,  3.15s/it]
  7%|▋         | 590/8189 [32:13<6:37:31,  3.14s/it]
  7%|▋         | 591/8189 [32:16<6:33:18,  3.11s/it]
  7%|▋         | 592/8189 [32:19<6:33:26,  3.11s/it]
  7%|▋         | 593/8189 [32:22<6:39:13,  3.15s/it]
  7%|▋         | 594/8189 [32:25<6:36:14,  3.13s/it]
  7%|▋         | 595/8189 [32:28<6:35:21,  3.12s/it]
  7%|▋         | 596/8189 [32:32<6:38:03,  3.15s/it]
  7%|▋         | 597/8189 [32:35<6:37:42,  3.14s/it]
  7%|▋         | 598/8189 [32:38<6:40:42,  3.17s/it]
  7%|▋         | 599/8189 [32:41<6:35:23,  3.13s/it]
  7%|▋         | 600/8189 [32:44<6:33:49,  3.11s/it]
  7%|▋         | 601/8189 [32:47<6:33:14,  3.11s/it]
  7%|▋         | 602/8189 [32:50<6:36:54,  3.14s/it]
  7%|▋         | 603/8189 [32:54<6:50:36,  3.25s/it]
  7%|▋         | 604/8189 [32:57<6:53:54,  3.27s/it]
  7%|▋         | 605/8189 [33:00<6:45:00,  3.20s/it]
  7%|▋         | 606/8189 [33:04<6:50:46,  3.25s/it]
  7%|▋         | 607/8189 [33:07<6:48:33,  3.23s/it]
  7%|▋         | 608/8189 [33:10<6:44:14,  3.20s/it]
  7%|▋         | 609/8189 [33:13<6:43:49,  3.20s/it]
  7%|▋         | 610/8189 [33:16<6:37:10,  3.14s/it]
  7%|▋         | 611/8189 [33:19<6:45:07,  3.21s/it]
  7%|▋         | 612/8189 [33:23<6:48:33,  3.24s/it]
  7%|▋         | 613/8189 [33:26<6:45:25,  3.21s/it]
  7%|▋         | 614/8189 [33:29<6:53:41,  3.28s/it]
  8%|▊         | 615/8189 [33:32<6:26:15,  3.06s/it]
  8%|▊         | 616/8189 [33:34<6:09:51,  2.93s/it]
  8%|▊         | 617/8189 [33:38<6:21:23,  3.02s/it]
  8%|▊         | 618/8189 [33:41<6:23:46,  3.04s/it]
  8%|▊         | 619/8189 [33:44<6:24:17,  3.05s/it]
  8%|▊         | 620/8189 [33:47<6:18:23,  3.00s/it]
  8%|▊         | 621/8189 [33:50<6:17:46,  3.00s/it]
  8%|▊         | 622/8189 [33:53<6:22:24,  3.03s/it]
  8%|▊         | 623/8189 [33:56<6:27:52,  3.08s/it]
  8%|▊         | 624/8189 [33:59<6:37:52,  3.16s/it]
  8%|▊         | 625/8189 [34:03<6:40:37,  3.18s/it]
  8%|▊         | 626/8189 [34:06<6:32:48,  3.12s/it]
  8%|▊         | 627/8189 [34:09<6:40:41,  3.18s/it]
  8%|▊         | 628/8189 [34:12<6:39:53,  3.17s/it]
  8%|▊         | 629/8189 [34:15<6:35:32,  3.14s/it]
  8%|▊         | 630/8189 [34:18<6:31:24,  3.11s/it]
  8%|▊         | 631/8189 [34:21<6:33:16,  3.12s/it]
  8%|▊         | 632/8189 [34:24<6:31:39,  3.11s/it]
  8%|▊         | 633/8189 [34:28<6:44:08,  3.21s/it]
  8%|▊         | 634/8189 [34:31<6:46:22,  3.23s/it]
  8%|▊         | 635/8189 [34:34<6:43:28,  3.20s/it]
  8%|▊         | 636/8189 [34:37<6:26:26,  3.07s/it]
  8%|▊         | 637/8189 [34:40<6:28:57,  3.09s/it]
  8%|▊         | 638/8189 [34:44<6:39:59,  3.18s/it]
  8%|▊         | 639/8189 [34:47<6:47:02,  3.23s/it]
  8%|▊         | 640/8189 [34:50<6:44:45,  3.22s/it]
  8%|▊         | 641/8189 [34:53<6:33:08,  3.13s/it]
  8%|▊         | 642/8189 [34:56<6:34:40,  3.14s/it]
  8%|▊         | 643/8189 [34:59<6:39:52,  3.18s/it]
  8%|▊         | 644/8189 [35:03<6:46:00,  3.23s/it]
  8%|▊         | 645/8189 [35:06<6:48:23,  3.25s/it]
  8%|▊         | 646/8189 [35:09<6:51:09,  3.27s/it]
  8%|▊         | 647/8189 [35:13<6:55:31,  3.31s/it]
  8%|▊         | 648/8189 [35:16<6:43:43,  3.21s/it]
  8%|▊         | 649/8189 [35:19<6:42:58,  3.21s/it]
  8%|▊         | 650/8189 [35:22<6:48:24,  3.25s/it]
  8%|▊         | 651/8189 [35:26<6:49:14,  3.26s/it]
  8%|▊         | 652/8189 [35:29<6:57:31,  3.32s/it]
  8%|▊         | 653/8189 [35:32<6:42:41,  3.21s/it]
  8%|▊         | 654/8189 [35:35<6:44:34,  3.22s/it]
  8%|▊         | 655/8189 [35:39<6:52:26,  3.28s/it]
  8%|▊         | 656/8189 [35:42<6:53:10,  3.29s/it]
  8%|▊         | 657/8189 [35:45<6:44:58,  3.23s/it]
  8%|▊         | 658/8189 [35:49<6:53:47,  3.30s/it]
  8%|▊         | 659/8189 [35:52<6:56:34,  3.32s/it]
  8%|▊         | 660/8189 [35:55<6:55:06,  3.31s/it]
  8%|▊         | 661/8189 [35:58<6:52:34,  3.29s/it]
  8%|▊         | 662/8189 [36:02<6:50:25,  3.27s/it]
  8%|▊         | 663/8189 [36:05<6:50:41,  3.27s/it]
  8%|▊         | 664/8189 [36:08<6:32:33,  3.13s/it]
  8%|▊         | 665/8189 [36:11<6:33:37,  3.14s/it]
  8%|▊         | 666/8189 [36:14<6:31:15,  3.12s/it]
  8%|▊         | 667/8189 [36:17<6:25:30,  3.08s/it]
  8%|▊         | 668/8189 [36:20<6:29:29,  3.11s/it]
  8%|▊         | 669/8189 [36:23<6:30:37,  3.12s/it]
  8%|▊         | 670/8189 [36:27<6:36:33,  3.16s/it]
  8%|▊         | 671/8189 [36:30<6:37:41,  3.17s/it]
  8%|▊         | 672/8189 [36:33<6:37:14,  3.17s/it]
  8%|▊         | 673/8189 [36:36<6:46:12,  3.24s/it]
  8%|▊         | 674/8189 [36:39<6:38:03,  3.18s/it]
  8%|▊         | 675/8189 [36:42<6:36:26,  3.17s/it]
  8%|▊         | 676/8189 [36:46<6:35:20,  3.16s/it]
  8%|▊         | 677/8189 [36:49<6:44:14,  3.23s/it]
  8%|▊         | 678/8189 [36:52<6:43:02,  3.22s/it]
  8%|▊         | 679/8189 [36:55<6:31:56,  3.13s/it]
  8%|▊         | 680/8189 [36:58<6:37:39,  3.18s/it]
  8%|▊         | 681/8189 [37:02<6:44:20,  3.23s/it]
  8%|▊         | 682/8189 [37:05<6:50:33,  3.28s/it]
  8%|▊         | 683/8189 [37:08<6:41:54,  3.21s/it]
  8%|▊         | 684/8189 [37:12<6:52:16,  3.30s/it]
  8%|▊         | 685/8189 [37:15<6:53:02,  3.30s/it]
  8%|▊         | 686/8189 [37:18<6:54:47,  3.32s/it]
  8%|▊         | 687/8189 [37:22<7:05:50,  3.41s/it]
  8%|▊         | 688/8189 [37:25<7:03:51,  3.39s/it]
  8%|▊         | 689/8189 [37:29<7:05:53,  3.41s/it]
  8%|▊         | 690/8189 [37:32<7:04:00,  3.39s/it]
  8%|▊         | 691/8189 [37:35<6:40:57,  3.21s/it]
  8%|▊         | 692/8189 [37:38<6:52:05,  3.30s/it]
  8%|▊         | 693/8189 [37:42<7:01:35,  3.37s/it]
  8%|▊         | 694/8189 [37:46<7:12:31,  3.46s/it]
  8%|▊         | 695/8189 [37:49<7:15:41,  3.49s/it]
  8%|▊         | 696/8189 [37:53<7:19:05,  3.52s/it]
  9%|▊         | 697/8189 [37:56<7:10:15,  3.45s/it]
  9%|▊         | 698/8189 [37:59<7:03:25,  3.39s/it]
  9%|▊         | 699/8189 [38:03<7:15:25,  3.49s/it]
  9%|▊         | 700/8189 [38:06<7:03:37,  3.39s/it]
  9%|▊         | 701/8189 [38:10<7:14:10,  3.48s/it]
  9%|▊         | 702/8189 [38:13<7:10:33,  3.45s/it]
  9%|▊         | 703/8189 [38:16<6:56:39,  3.34s/it]
  9%|▊         | 704/8189 [38:20<7:01:28,  3.38s/it]
  9%|▊         | 705/8189 [38:23<6:59:52,  3.37s/it]
  9%|▊         | 706/8189 [38:26<6:55:42,  3.33s/it]
  9%|▊         | 707/8189 [38:30<7:00:11,  3.37s/it]
  9%|▊         | 708/8189 [38:33<6:44:37,  3.25s/it]
  9%|▊         | 709/8189 [38:36<6:36:54,  3.18s/it]
  9%|▊         | 710/8189 [38:39<6:46:17,  3.26s/it]
  9%|▊         | 711/8189 [38:43<6:52:07,  3.31s/it]
  9%|▊         | 712/8189 [38:46<6:55:27,  3.33s/it]
  9%|▊         | 713/8189 [38:49<6:52:55,  3.31s/it]
  9%|▊         | 714/8189 [38:53<7:08:39,  3.44s/it]
  9%|▊         | 715/8189 [38:57<7:26:22,  3.58s/it]
  9%|▊         | 716/8189 [39:01<7:29:30,  3.61s/it]
  9%|▉         | 717/8189 [39:05<7:57:42,  3.84s/it]
  9%|▉         | 718/8189 [39:09<7:47:06,  3.75s/it]
  9%|▉         | 719/8189 [39:13<8:00:27,  3.86s/it]
  9%|▉         | 720/8189 [39:16<7:28:33,  3.60s/it]
  9%|▉         | 721/8189 [39:19<7:28:47,  3.61s/it]
  9%|▉         | 722/8189 [39:23<7:27:33,  3.60s/it]
  9%|▉         | 723/8189 [39:26<7:12:10,  3.47s/it]
  9%|▉         | 724/8189 [39:30<7:08:43,  3.45s/it]
  9%|▉         | 725/8189 [39:33<7:18:51,  3.53s/it]
  9%|▉         | 726/8189 [39:37<7:13:23,  3.48s/it]
  9%|▉         | 727/8189 [39:40<7:05:49,  3.42s/it]
  9%|▉         | 728/8189 [39:44<7:12:21,  3.48s/it]
  9%|▉         | 729/8189 [39:47<7:15:52,  3.51s/it]
  9%|▉         | 730/8189 [39:51<7:14:01,  3.49s/it]
  9%|▉         | 731/8189 [39:54<7:11:32,  3.47s/it]
  9%|▉         | 732/8189 [39:57<7:11:07,  3.47s/it]
  9%|▉         | 733/8189 [40:01<7:07:41,  3.44s/it]
  9%|▉         | 734/8189 [40:04<7:16:43,  3.51s/it]
  9%|▉         | 735/8189 [40:08<7:14:33,  3.50s/it]
  9%|▉         | 736/8189 [40:11<7:07:46,  3.44s/it]
  9%|▉         | 737/8189 [40:15<7:12:42,  3.48s/it]
  9%|▉         | 738/8189 [40:18<7:14:47,  3.50s/it]
  9%|▉         | 739/8189 [40:22<7:29:23,  3.62s/it]
  9%|▉         | 740/8189 [40:26<7:30:55,  3.63s/it]
  9%|▉         | 741/8189 [40:29<7:26:32,  3.60s/it]
  9%|▉         | 742/8189 [40:33<7:32:49,  3.65s/it]
  9%|▉         | 743/8189 [40:37<7:26:02,  3.59s/it]
  9%|▉         | 744/8189 [40:40<7:18:06,  3.53s/it]
  9%|▉         | 745/8189 [40:44<7:18:20,  3.53s/it]
  9%|▉         | 746/8189 [40:47<7:18:20,  3.53s/it]
  9%|▉         | 747/8189 [40:51<7:14:36,  3.50s/it]
  9%|▉         | 748/8189 [40:54<7:09:52,  3.47s/it]
  9%|▉         | 749/8189 [40:58<7:16:48,  3.52s/it]
  9%|▉         | 750/8189 [41:01<7:08:40,  3.46s/it]
  9%|▉         | 751/8189 [41:04<7:04:00,  3.42s/it]
  9%|▉         | 752/8189 [41:08<7:14:18,  3.50s/it]
  9%|▉         | 753/8189 [41:11<6:59:54,  3.39s/it]
  9%|▉         | 754/8189 [41:15<7:04:24,  3.42s/it]
  9%|▉         | 755/8189 [41:18<7:07:48,  3.45s/it]
  9%|▉         | 756/8189 [41:22<7:06:32,  3.44s/it]
  9%|▉         | 757/8189 [41:25<7:04:36,  3.43s/it]
  9%|▉         | 758/8189 [41:29<7:24:08,  3.59s/it]
  9%|▉         | 759/8189 [41:32<7:18:25,  3.54s/it]
  9%|▉         | 760/8189 [41:36<7:14:44,  3.51s/it]
  9%|▉         | 761/8189 [41:39<7:14:09,  3.51s/it]
  9%|▉         | 762/8189 [41:43<7:29:43,  3.63s/it]
  9%|▉         | 763/8189 [41:46<7:16:03,  3.52s/it]
  9%|▉         | 764/8189 [41:49<6:59:04,  3.39s/it]
  9%|▉         | 765/8189 [41:53<6:49:24,  3.31s/it]
  9%|▉         | 766/8189 [41:56<6:42:10,  3.25s/it]
  9%|▉         | 767/8189 [41:59<6:43:59,  3.27s/it]
  9%|▉         | 768/8189 [42:02<6:49:59,  3.31s/it]
  9%|▉         | 769/8189 [42:06<6:53:13,  3.34s/it]
  9%|▉         | 770/8189 [42:09<7:01:11,  3.41s/it]
  9%|▉         | 771/8189 [42:13<6:53:51,  3.35s/it]
  9%|▉         | 772/8189 [42:16<6:53:55,  3.35s/it]
  9%|▉         | 773/8189 [42:19<6:45:59,  3.28s/it]
  9%|▉         | 774/8189 [42:23<6:51:08,  3.33s/it]
  9%|▉         | 775/8189 [42:26<6:44:57,  3.28s/it]
  9%|▉         | 776/8189 [42:29<6:28:21,  3.14s/it]
  9%|▉         | 777/8189 [42:32<6:24:35,  3.11s/it]
 10%|▉         | 778/8189 [42:35<6:29:06,  3.15s/it]
 10%|▉         | 779/8189 [42:38<6:33:40,  3.19s/it]
 10%|▉         | 780/8189 [42:41<6:37:27,  3.22s/it]
 10%|▉         | 781/8189 [42:45<6:49:28,  3.32s/it]
 10%|▉         | 782/8189 [42:49<7:03:44,  3.43s/it]
 10%|▉         | 783/8189 [42:52<6:51:42,  3.34s/it]
 10%|▉         | 784/8189 [42:55<6:55:46,  3.37s/it]
 10%|▉         | 785/8189 [42:58<6:49:14,  3.32s/it]
 10%|▉         | 786/8189 [43:02<6:43:14,  3.27s/it]
 10%|▉         | 787/8189 [43:05<6:41:56,  3.26s/it]
 10%|▉         | 788/8189 [43:08<6:36:20,  3.21s/it]
 10%|▉         | 789/8189 [43:11<6:41:05,  3.25s/it]
 10%|▉         | 790/8189 [43:14<6:38:27,  3.23s/it]
 10%|▉         | 791/8189 [43:17<6:19:14,  3.08s/it]
 10%|▉         | 792/8189 [43:20<6:12:45,  3.02s/it]
 10%|▉         | 793/8189 [43:23<6:27:19,  3.14s/it]
 10%|▉         | 794/8189 [43:27<6:28:31,  3.15s/it]
 10%|▉         | 795/8189 [43:30<6:31:21,  3.18s/it]
 10%|▉         | 796/8189 [43:33<6:34:30,  3.20s/it]
 10%|▉         | 797/8189 [43:36<6:34:19,  3.20s/it]
 10%|▉         | 798/8189 [43:39<6:28:57,  3.16s/it]
 10%|▉         | 799/8189 [43:42<6:13:52,  3.04s/it]
 10%|▉         | 800/8189 [43:45<6:15:01,  3.05s/it]
 10%|▉         | 801/8189 [43:48<6:15:21,  3.05s/it]
 10%|▉         | 802/8189 [43:51<6:22:03,  3.10s/it]
 10%|▉         | 803/8189 [43:55<6:20:34,  3.09s/it]
 10%|▉         | 804/8189 [43:58<6:27:08,  3.15s/it]
 10%|▉         | 805/8189 [44:00<6:05:46,  2.97s/it]
 10%|▉         | 806/8189 [44:03<6:10:29,  3.01s/it]
 10%|▉         | 807/8189 [44:07<6:20:34,  3.09s/it]
 10%|▉         | 808/8189 [44:10<6:26:02,  3.14s/it]
 10%|▉         | 809/8189 [44:13<6:26:33,  3.14s/it]
 10%|▉         | 810/8189 [44:16<6:27:12,  3.15s/it]
 10%|▉         | 811/8189 [44:19<6:22:49,  3.11s/it]
 10%|▉         | 812/8189 [44:22<6:16:48,  3.06s/it]
 10%|▉         | 813/8189 [44:25<6:02:21,  2.95s/it]
 10%|▉         | 814/8189 [44:28<5:53:21,  2.87s/it]
 10%|▉         | 815/8189 [44:31<6:13:49,  3.04s/it]
 10%|▉         | 816/8189 [44:34<6:14:26,  3.05s/it]
 10%|▉         | 817/8189 [44:37<6:06:56,  2.99s/it]
 10%|▉         | 818/8189 [44:40<6:01:34,  2.94s/it]
 10%|█         | 819/8189 [44:43<6:02:18,  2.95s/it]
 10%|█         | 820/8189 [44:46<6:16:29,  3.07s/it]
 10%|█         | 821/8189 [44:50<6:29:46,  3.17s/it]
 10%|█         | 822/8189 [44:52<6:14:31,  3.05s/it]
 10%|█         | 823/8189 [44:55<6:11:22,  3.03s/it]
 10%|█         | 824/8189 [44:58<6:11:16,  3.02s/it]
 10%|█         | 825/8189 [45:01<6:05:21,  2.98s/it]
 10%|█         | 826/8189 [45:04<6:09:58,  3.01s/it]
 10%|█         | 827/8189 [45:08<6:16:54,  3.07s/it]
 10%|█         | 828/8189 [45:11<6:17:09,  3.07s/it]
 10%|█         | 829/8189 [45:14<6:23:55,  3.13s/it]
 10%|█         | 830/8189 [45:17<6:26:31,  3.15s/it]
 10%|█         | 831/8189 [45:20<6:24:02,  3.13s/it]
 10%|█         | 832/8189 [45:23<6:19:21,  3.09s/it]
 10%|█         | 833/8189 [45:26<6:17:11,  3.08s/it]
 10%|█         | 834/8189 [45:29<6:11:29,  3.03s/it]
 10%|█         | 835/8189 [45:32<6:06:58,  2.99s/it]
 10%|█         | 836/8189 [45:35<6:12:28,  3.04s/it]
 10%|█         | 837/8189 [45:38<6:16:50,  3.08s/it]
 10%|█         | 838/8189 [45:41<6:09:51,  3.02s/it]
 10%|█         | 839/8189 [45:44<5:55:03,  2.90s/it]
 10%|█         | 840/8189 [45:47<6:05:37,  2.99s/it]
 10%|█         | 841/8189 [45:50<6:10:24,  3.02s/it]
 10%|█         | 842/8189 [45:53<6:11:47,  3.04s/it]
 10%|█         | 843/8189 [45:56<6:12:22,  3.04s/it]
 10%|█         | 844/8189 [45:59<6:17:52,  3.09s/it]
 10%|█         | 845/8189 [46:03<6:22:05,  3.12s/it]
 10%|█         | 846/8189 [46:05<6:00:42,  2.95s/it]
 10%|█         | 847/8189 [46:08<5:58:42,  2.93s/it]
 10%|█         | 848/8189 [46:11<6:09:49,  3.02s/it]
 10%|█         | 849/8189 [46:14<6:11:51,  3.04s/it]
 10%|█         | 850/8189 [46:18<6:17:32,  3.09s/it]
 10%|█         | 851/8189 [46:21<6:25:12,  3.15s/it]
 10%|█         | 852/8189 [46:24<6:17:37,  3.09s/it]
 10%|█         | 853/8189 [46:27<6:23:04,  3.13s/it]
 10%|█         | 854/8189 [46:30<6:21:31,  3.12s/it]
 10%|█         | 855/8189 [46:33<6:01:49,  2.96s/it]
 10%|█         | 856/8189 [46:36<6:02:45,  2.97s/it]
 10%|█         | 857/8189 [46:39<6:06:19,  3.00s/it]
 10%|█         | 858/8189 [46:42<6:13:02,  3.05s/it]
 10%|█         | 859/8189 [46:45<6:23:24,  3.14s/it]
 11%|█         | 860/8189 [46:49<6:27:17,  3.17s/it]
 11%|█         | 861/8189 [46:52<6:32:37,  3.21s/it]
 11%|█         | 862/8189 [46:55<6:42:18,  3.29s/it]
 11%|█         | 863/8189 [46:59<6:43:36,  3.31s/it]
 11%|█         | 864/8189 [47:02<6:27:46,  3.18s/it]
 11%|█         | 865/8189 [47:05<6:29:18,  3.19s/it]
 11%|█         | 866/8189 [47:08<6:19:11,  3.11s/it]
 11%|█         | 867/8189 [47:10<6:07:39,  3.01s/it]
 11%|█         | 868/8189 [47:13<6:02:52,  2.97s/it]
 11%|█         | 869/8189 [47:16<5:45:34,  2.83s/it]
 11%|█         | 870/8189 [47:19<5:49:48,  2.87s/it]
 11%|█         | 871/8189 [47:22<5:50:08,  2.87s/it]
 11%|█         | 872/8189 [47:25<5:57:39,  2.93s/it]
 11%|█         | 873/8189 [47:28<5:54:45,  2.91s/it]
 11%|█         | 874/8189 [47:31<6:01:51,  2.97s/it]
 11%|█         | 875/8189 [47:33<5:52:10,  2.89s/it]
 11%|█         | 876/8189 [47:37<6:03:24,  2.98s/it]
 11%|█         | 877/8189 [47:40<6:13:24,  3.06s/it]
 11%|█         | 878/8189 [47:43<6:17:44,  3.10s/it]
 11%|█         | 879/8189 [47:46<6:18:26,  3.11s/it]
 11%|█         | 880/8189 [47:49<6:21:22,  3.13s/it]
 11%|█         | 881/8189 [47:53<6:36:09,  3.25s/it]
 11%|█         | 882/8189 [47:56<6:33:35,  3.23s/it]
 11%|█         | 883/8189 [47:59<6:37:56,  3.27s/it]
 11%|█         | 884/8189 [48:03<6:33:58,  3.24s/it]
 11%|█         | 885/8189 [48:06<6:39:35,  3.28s/it]
 11%|█         | 886/8189 [48:09<6:39:22,  3.28s/it]
 11%|█         | 887/8189 [48:12<6:36:00,  3.25s/it]
 11%|█         | 888/8189 [48:16<6:29:41,  3.20s/it]
 11%|█         | 889/8189 [48:19<6:22:43,  3.15s/it]
 11%|█         | 890/8189 [48:22<6:21:28,  3.14s/it]
 11%|█         | 891/8189 [48:25<6:17:32,  3.10s/it]
 11%|█         | 892/8189 [48:28<6:26:53,  3.18s/it]
 11%|█         | 893/8189 [48:31<6:31:18,  3.22s/it]
 11%|█         | 894/8189 [48:35<6:29:26,  3.20s/it]
 11%|█         | 895/8189 [48:38<6:35:23,  3.25s/it]
 11%|█         | 896/8189 [48:41<6:35:55,  3.26s/it]
 11%|█         | 897/8189 [48:45<6:39:06,  3.28s/it]
 11%|█         | 898/8189 [48:48<6:31:28,  3.22s/it]
 11%|█         | 899/8189 [48:51<6:25:56,  3.18s/it]
 11%|█         | 900/8189 [48:54<6:19:40,  3.13s/it]
 11%|█         | 901/8189 [48:57<6:19:41,  3.13s/it]
 11%|█         | 902/8189 [49:00<6:11:34,  3.06s/it]
 11%|█         | 903/8189 [49:03<6:21:25,  3.14s/it]
 11%|█         | 904/8189 [49:06<6:28:36,  3.20s/it]
 11%|█         | 905/8189 [49:09<6:14:40,  3.09s/it]
 11%|█         | 906/8189 [49:12<6:04:07,  3.00s/it]
 11%|█         | 907/8189 [49:15<6:02:07,  2.98s/it]
 11%|█         | 908/8189 [49:18<6:05:43,  3.01s/it]
 11%|█         | 909/8189 [49:21<6:13:27,  3.08s/it]
 11%|█         | 910/8189 [49:24<6:07:02,  3.03s/it]
 11%|█         | 911/8189 [49:27<6:16:05,  3.10s/it]
 11%|█         | 912/8189 [49:31<6:17:54,  3.12s/it]
 11%|█         | 913/8189 [49:34<6:19:59,  3.13s/it]
 11%|█         | 914/8189 [49:37<6:20:00,  3.13s/it]
 11%|█         | 915/8189 [49:40<6:25:02,  3.18s/it]
 11%|█         | 916/8189 [49:43<6:25:27,  3.18s/it]
 11%|█         | 917/8189 [49:46<6:17:26,  3.11s/it]
 11%|█         | 918/8189 [49:49<6:11:04,  3.06s/it]
 11%|█         | 919/8189 [49:53<6:19:57,  3.14s/it]
 11%|█         | 920/8189 [49:55<6:11:33,  3.07s/it]
 11%|█         | 921/8189 [49:59<6:14:41,  3.09s/it]
 11%|█▏        | 922/8189 [50:02<6:17:58,  3.12s/it]
 11%|█▏        | 923/8189 [50:05<6:21:12,  3.15s/it]
 11%|█▏        | 924/8189 [50:08<6:18:17,  3.12s/it]
 11%|█▏        | 925/8189 [50:11<6:20:01,  3.14s/it]
 11%|█▏        | 926/8189 [50:14<6:17:22,  3.12s/it]
 11%|█▏        | 927/8189 [50:17<6:15:37,  3.10s/it]
 11%|█▏        | 928/8189 [50:20<6:10:22,  3.06s/it]
 11%|█▏        | 929/8189 [50:23<6:06:18,  3.03s/it]
 11%|█▏        | 930/8189 [50:27<6:15:07,  3.10s/it]
 11%|█▏        | 931/8189 [50:30<6:19:14,  3.14s/it]
 11%|█▏        | 932/8189 [50:33<6:17:33,  3.12s/it]
 11%|█▏        | 933/8189 [50:36<6:11:02,  3.07s/it]
 11%|█▏        | 934/8189 [50:39<6:12:09,  3.08s/it]
 11%|█▏        | 935/8189 [50:42<6:11:35,  3.07s/it]
 11%|█▏        | 936/8189 [50:45<6:17:39,  3.12s/it]
 11%|█▏        | 937/8189 [50:49<6:24:12,  3.18s/it]
 11%|█▏        | 938/8189 [50:52<6:29:25,  3.22s/it]
 11%|█▏        | 939/8189 [50:55<6:25:14,  3.19s/it]
 11%|█▏        | 940/8189 [50:58<6:33:42,  3.26s/it]
 11%|█▏        | 941/8189 [51:02<6:34:53,  3.27s/it]
 12%|█▏        | 942/8189 [51:05<6:29:42,  3.23s/it]
 12%|█▏        | 943/8189 [51:08<6:26:21,  3.20s/it]
 12%|█▏        | 944/8189 [51:11<6:32:37,  3.25s/it]
 12%|█▏        | 945/8189 [51:15<6:30:13,  3.23s/it]
 12%|█▏        | 946/8189 [51:17<6:11:23,  3.08s/it]
 12%|█▏        | 947/8189 [51:20<6:14:19,  3.10s/it]
 12%|█▏        | 948/8189 [51:24<6:21:46,  3.16s/it]
 12%|█▏        | 949/8189 [51:27<6:22:14,  3.17s/it]
 12%|█▏        | 950/8189 [51:30<6:27:03,  3.21s/it]
 12%|█▏        | 951/8189 [51:33<6:27:08,  3.21s/it]
 12%|█▏        | 952/8189 [51:36<6:14:31,  3.11s/it]
 12%|█▏        | 953/8189 [51:40<6:23:43,  3.18s/it]
 12%|█▏        | 954/8189 [51:43<6:13:01,  3.09s/it]
 12%|█▏        | 955/8189 [51:46<6:10:44,  3.07s/it]
 12%|█▏        | 956/8189 [51:49<6:06:25,  3.04s/it]
 12%|█▏        | 957/8189 [51:52<6:10:47,  3.08s/it]
 12%|█▏        | 958/8189 [51:55<6:17:50,  3.14s/it]
 12%|█▏        | 959/8189 [51:58<6:08:41,  3.06s/it]
 12%|█▏        | 960/8189 [52:01<6:16:06,  3.12s/it]
 12%|█▏        | 961/8189 [52:04<6:14:04,  3.11s/it]
 12%|█▏        | 962/8189 [52:07<6:21:18,  3.17s/it]
 12%|█▏        | 963/8189 [52:11<6:20:50,  3.16s/it]
 12%|█▏        | 964/8189 [52:14<6:16:56,  3.13s/it]
 12%|█▏        | 965/8189 [52:17<6:13:10,  3.10s/it]
 12%|█▏        | 966/8189 [52:20<6:13:34,  3.10s/it]
 12%|█▏        | 967/8189 [52:23<6:13:21,  3.10s/it]
 12%|█▏        | 968/8189 [52:26<6:08:16,  3.06s/it]
 12%|█▏        | 969/8189 [52:29<6:05:29,  3.04s/it]
 12%|█▏        | 970/8189 [52:32<6:14:15,  3.11s/it]
 12%|█▏        | 971/8189 [52:35<6:13:57,  3.11s/it]
 12%|█▏        | 972/8189 [52:38<6:17:11,  3.14s/it]
 12%|█▏        | 973/8189 [52:42<6:18:59,  3.15s/it]
 12%|█▏        | 974/8189 [52:45<6:21:37,  3.17s/it]
 12%|█▏        | 975/8189 [52:48<6:15:53,  3.13s/it]
 12%|█▏        | 976/8189 [52:51<6:21:18,  3.17s/it]
 12%|█▏        | 977/8189 [52:54<6:24:17,  3.20s/it]
 12%|█▏        | 978/8189 [52:58<6:24:22,  3.20s/it]
 12%|█▏        | 979/8189 [53:01<6:28:18,  3.23s/it]
 12%|█▏        | 980/8189 [53:04<6:21:31,  3.18s/it]
 12%|█▏        | 981/8189 [53:07<6:24:30,  3.20s/it]
 12%|█▏        | 982/8189 [53:10<6:13:50,  3.11s/it]
 12%|█▏        | 983/8189 [53:13<5:58:26,  2.98s/it]
 12%|█▏        | 984/8189 [53:16<6:02:30,  3.02s/it]
 12%|█▏        | 985/8189 [53:19<6:10:33,  3.09s/it]
 12%|█▏        | 986/8189 [53:22<6:09:54,  3.08s/it]
 12%|█▏        | 987/8189 [53:25<6:11:04,  3.09s/it]
 12%|█▏        | 988/8189 [53:29<6:26:03,  3.22s/it]
 12%|█▏        | 989/8189 [53:32<6:23:10,  3.19s/it]
 12%|█▏        | 990/8189 [53:35<6:21:47,  3.18s/it]
 12%|█▏        | 991/8189 [53:38<6:13:03,  3.11s/it]
 12%|█▏        | 992/8189 [53:41<6:16:04,  3.14s/it]
 12%|█▏        | 993/8189 [53:45<6:20:30,  3.17s/it]
 12%|█▏        | 994/8189 [53:48<6:22:36,  3.19s/it]
 12%|█▏        | 995/8189 [53:51<6:19:05,  3.16s/it]
 12%|█▏        | 996/8189 [53:54<6:06:05,  3.05s/it]
 12%|█▏        | 997/8189 [53:57<6:13:31,  3.12s/it]
 12%|█▏        | 998/8189 [54:00<6:11:35,  3.10s/it]
 12%|█▏        | 999/8189 [54:03<6:18:34,  3.16s/it]
 12%|█▏        | 1000/8189 [54:06<6:15:53,  3.14s/it]
                                                     

 12%|█▏        | 1000/8189 [54:07<6:15:53,  3.14s/it]

Batches:   0%|          | 0/9 [00:00<?, ?it/s][A

Batches:  56%|█████▌    | 5/9 [00:00<00:00, 46.83it/s][A
Batches: 100%|██████████| 9/9 [00:00<00:00, 50.99it/s]


Corpus Chunks:   0%|          | 0/1 [00:00<?, ?it/s][A


Batches:   0%|          | 0/9 [00:00<?, ?it/s][A[A


Batches:  33%|███▎      | 3/9 [00:00<00:00, 28.25it/s][A[A


Batches:  89%|████████▉ | 8/9 [00:00<00:00, 36.50it/s][A[A
Batches: 100%|██████████| 9/9 [00:00<00:00, 36.05it/s]


Corpus Chunks: 100%|██████████| 1/1 [00:00<00:00,  2.71it/s][A
Corpus Chunks: 100%|██████████| 1/1 [00:00<00:00,  2.70it/s]


Batches:   0%|          | 0/7 [00:00<?, ?it/s][A

Batches:  86%|████████▌ | 6/7 [00:00<00:00, 56.22it/s][A
Batches: 100%|██████████| 7/7 [00:00<00:00, 35.75it/s]


Batches:   0%|          | 0/7 [00:00<?, ?it/s][A

Batches:  86%|████████▌ | 6/7 [00:00<00:00, 59.55it/s][A
Batches: 100%|██████████| 7/7 [00:00<00:00, 58.42it/s]


Batches:   0%|          | 0/7 [00:00<?, ?it/s][A

Batches:  71%|███████▏  | 5/7 [00:00<00:00, 49.45it/s][A
Batches: 100%|██████████| 7/7 [00:00<00:00, 54.77it/s]

                                                     

 12%|█▏        | 1000/8189 [54:08<6:15:53,  3.14s/it]

Writing model shards:   0%|          | 0/1 [00:00<?, ?it/s][A

Writing model shards: 100%|██████████| 1/1 [00:01<00:00,  1.41s/it][A
Writing model shards: 100%|██████████| 1/1 [00:01<00:00,  1.41s/it]

 12%|█▏        | 1001/8189 [54:15<9:43:20,  4.87s/it]
 12%|█▏        | 1002/8189 [54:18<8:43:04,  4.37s/it]
 12%|█▏        | 1003/8189 [54:22<7:58:58,  4.00s/it]
 12%|█▏        | 1004/8189 [54:25<7:32:28,  3.78s/it]
 12%|█▏        | 1005/8189 [54:28<7:06:22,  3.56s/it]
 12%|█▏        | 1006/8189 [54:31<6:52:38,  3.45s/it]
 12%|█▏        | 1007/8189 [54:34<6:48:33,  3.41s/it]
 12%|█▏        | 1008/8189 [54:38<6:40:27,  3.35s/it]
 12%|█▏        | 1009/8189 [54:41<6:33:38,  3.29s/it]
 12%|█▏        | 1010/8189 [54:44<6:32:20,  3.28s/it]
 12%|█▏        | 1011/8189 [54:47<6:29:18,  3.25s/it]
 12%|█▏        | 1012/8189 [54:51<6:30:14,  3.26s/it]
 12%|█▏        | 1013/8189 [54:54<6:23:43,  3.21s/it]
 12%|█▏        | 1014/8189 [54:57<6:27:31,  3.24s/it]
 12%|█▏        | 1015/8189 [55:00<6:26:56,  3.24s/it]
 12%|█▏        | 1016/8189 [55:04<6:30:35,  3.27s/it]
 12%|█▏        | 1017/8189 [55:07<6:38:50,  3.34s/it]
 12%|█▏        | 1018/8189 [55:10<6:28:40,  3.25s/it]
 12%|█▏        | 1019/8189 [55:13<6:19:10,  3.17s/it]
 12%|█▏        | 1020/8189 [55:16<6:17:52,  3.16s/it]
 12%|█▏        | 1021/8189 [55:19<6:22:33,  3.20s/it]
 12%|█▏        | 1022/8189 [55:23<6:28:08,  3.25s/it]
 12%|█▏        | 1023/8189 [55:26<6:35:59,  3.32s/it]
 13%|█▎        | 1024/8189 [55:30<6:33:51,  3.30s/it]
 13%|█▎        | 1025/8189 [55:33<6:23:54,  3.22s/it]
 13%|█▎        | 1026/8189 [55:35<6:06:36,  3.07s/it]
 13%|█▎        | 1027/8189 [55:39<6:10:21,  3.10s/it]
 13%|█▎        | 1028/8189 [55:42<6:20:12,  3.19s/it]
 13%|█▎        | 1029/8189 [55:45<6:20:21,  3.19s/it]
 13%|█▎        | 1030/8189 [55:48<6:23:43,  3.22s/it]
 13%|█▎        | 1031/8189 [55:51<6:15:29,  3.15s/it]
 13%|█▎        | 1032/8189 [55:55<6:26:18,  3.24s/it]
 13%|█▎        | 1033/8189 [55:58<6:29:37,  3.27s/it]
 13%|█▎        | 1034/8189 [56:02<6:38:05,  3.34s/it]
 13%|█▎        | 1035/8189 [56:05<6:28:04,  3.25s/it]
 13%|█▎        | 1036/8189 [56:08<6:32:56,  3.30s/it]
 13%|█▎        | 1037/8189 [56:11<6:30:44,  3.28s/it]
 13%|█▎        | 1038/8189 [56:14<6:26:58,  3.25s/it]
 13%|█▎        | 1039/8189 [56:18<6:25:20,  3.23s/it]
 13%|█▎        | 1040/8189 [56:21<6:25:27,  3.24s/it]
 13%|█▎        | 1041/8189 [56:24<6:24:34,  3.23s/it]
 13%|█▎        | 1042/8189 [56:28<6:38:36,  3.35s/it]
 13%|█▎        | 1043/8189 [56:31<6:32:30,  3.30s/it]
 13%|█▎        | 1044/8189 [56:34<6:31:21,  3.29s/it]
 13%|█▎        | 1045/8189 [56:37<6:26:18,  3.24s/it]
 13%|█▎        | 1046/8189 [56:40<6:20:30,  3.20s/it]
 13%|█▎        | 1047/8189 [56:44<6:21:32,  3.21s/it]
 13%|█▎        | 1048/8189 [56:47<6:24:33,  3.23s/it]
 13%|█▎        | 1049/8189 [56:50<6:32:29,  3.30s/it]
 13%|█▎        | 1050/8189 [56:54<6:35:55,  3.33s/it]
 13%|█▎        | 1051/8189 [56:57<6:32:41,  3.30s/it]
 13%|█▎        | 1052/8189 [57:00<6:33:00,  3.30s/it]
 13%|█▎        | 1053/8189 [57:04<6:28:03,  3.26s/it]
 13%|█▎        | 1054/8189 [57:07<6:25:20,  3.24s/it]
 13%|█▎        | 1055/8189 [57:10<6:29:41,  3.28s/it]
 13%|█▎        | 1056/8189 [57:13<6:26:58,  3.26s/it]
 13%|█▎        | 1057/8189 [57:16<6:18:33,  3.18s/it]
 13%|█▎        | 1058/8189 [57:19<6:18:35,  3.19s/it]
 13%|█▎        | 1059/8189 [57:23<6:21:50,  3.21s/it]
 13%|█▎        | 1060/8189 [57:26<6:29:09,  3.28s/it]
 13%|█▎        | 1061/8189 [57:29<6:27:36,  3.26s/it]
 13%|█▎        | 1062/8189 [57:33<6:28:54,  3.27s/it]
 13%|█▎        | 1063/8189 [57:36<6:31:31,  3.30s/it]
 13%|█▎        | 1064/8189 [57:39<6:30:33,  3.29s/it]
 13%|█▎        | 1065/8189 [57:43<6:31:41,  3.30s/it]
 13%|█▎        | 1066/8189 [57:46<6:32:00,  3.30s/it]
 13%|█▎        | 1067/8189 [57:49<6:29:29,  3.28s/it]
 13%|█▎        | 1068/8189 [57:52<6:24:26,  3.24s/it]
 13%|█▎        | 1069/8189 [57:56<6:27:33,  3.27s/it]
 13%|█▎        | 1070/8189 [57:59<6:29:31,  3.28s/it]
 13%|█▎        | 1071/8189 [58:02<6:32:24,  3.31s/it]
 13%|█▎        | 1072/8189 [58:06<6:30:48,  3.29s/it]
 13%|█▎        | 1073/8189 [58:09<6:32:41,  3.31s/it]
 13%|█▎        | 1074/8189 [58:12<6:28:24,  3.28s/it]
 13%|█▎        | 1075/8189 [58:15<6:24:36,  3.24s/it]
 13%|█▎        | 1076/8189 [58:19<6:26:08,  3.26s/it]
 13%|█▎        | 1077/8189 [58:22<6:25:50,  3.26s/it]
 13%|█▎        | 1078/8189 [58:26<6:41:32,  3.39s/it]
 13%|█▎        | 1079/8189 [58:29<6:40:58,  3.38s/it]
 13%|█▎        | 1080/8189 [58:32<6:37:39,  3.36s/it]
 13%|█▎        | 1081/8189 [58:36<6:38:21,  3.36s/it]
 13%|█▎        | 1082/8189 [58:39<6:43:11,  3.40s/it]
 13%|█▎        | 1083/8189 [58:42<6:39:10,  3.37s/it]
 13%|█▎        | 1084/8189 [58:46<6:35:41,  3.34s/it]
 13%|█▎        | 1085/8189 [58:49<6:27:57,  3.28s/it]
 13%|█▎        | 1086/8189 [58:52<6:29:58,  3.29s/it]
 13%|█▎        | 1087/8189 [58:56<6:35:30,  3.34s/it]
 13%|█▎        | 1088/8189 [58:59<6:28:00,  3.28s/it]
 13%|█▎        | 1089/8189 [59:02<6:28:10,  3.28s/it]
 13%|█▎        | 1090/8189 [59:05<6:34:20,  3.33s/it]
 13%|█▎        | 1091/8189 [59:09<6:40:32,  3.39s/it]
 13%|█▎        | 1092/8189 [59:12<6:36:42,  3.35s/it]
 13%|█▎        | 1093/8189 [59:15<6:31:07,  3.31s/it]
 13%|█▎        | 1094/8189 [59:19<6:30:55,  3.31s/it]
 13%|█▎        | 1095/8189 [59:22<6:32:17,  3.32s/it]
 13%|█▎        | 1096/8189 [59:25<6:32:28,  3.32s/it]
 13%|█▎        | 1097/8189 [59:29<6:30:10,  3.30s/it]
 13%|█▎        | 1098/8189 [59:32<6:28:52,  3.29s/it]
 13%|█▎        | 1099/8189 [59:35<6:35:43,  3.35s/it]
 13%|█▎        | 1100/8189 [59:39<6:37:59,  3.37s/it]
 13%|█▎        | 1101/8189 [59:42<6:46:38,  3.44s/it]
 13%|█▎        | 1102/8189 [59:46<6:40:18,  3.39s/it]
 13%|█▎        | 1103/8189 [59:49<6:48:30,  3.46s/it]
 13%|█▎        | 1104/8189 [59:53<6:44:25,  3.42s/it]
 13%|█▎        | 1105/8189 [59:56<6:46:40,  3.44s/it]
 14%|█▎        | 1106/8189 [59:59<6:35:45,  3.35s/it]
 14%|█▎        | 1107/8189 [1:00:03<6:35:15,  3.35s/it]
 14%|█▎        | 1108/8189 [1:00:06<6:29:32,  3.30s/it]
 14%|█▎        | 1109/8189 [1:00:09<6:35:00,  3.35s/it]
 14%|█▎        | 1110/8189 [1:00:13<6:30:34,  3.31s/it]
 14%|█▎        | 1111/8189 [1:00:16<6:27:35,  3.29s/it]
 14%|█▎        | 1112/8189 [1:00:19<6:20:54,  3.23s/it]
 14%|█▎        | 1113/8189 [1:00:22<6:15:38,  3.19s/it]
 14%|█▎        | 1114/8189 [1:00:25<6:17:19,  3.20s/it]
 14%|█▎        | 1115/8189 [1:00:28<6:12:40,  3.16s/it]
 14%|█▎        | 1116/8189 [1:00:31<6:06:18,  3.11s/it]
 14%|█▎        | 1117/8189 [1:00:34<5:55:08,  3.01s/it]
 14%|█▎        | 1118/8189 [1:00:37<5:51:39,  2.98s/it]
 14%|█▎        | 1119/8189 [1:00:40<5:54:01,  3.00s/it]
 14%|█▎        | 1120/8189 [1:00:43<5:57:14,  3.03s/it]
 14%|█▎        | 1121/8189 [1:00:46<6:03:14,  3.08s/it]
 14%|█▎        | 1122/8189 [1:00:49<5:59:15,  3.05s/it]
 14%|█▎        | 1123/8189 [1:00:53<6:08:23,  3.13s/it]
 14%|█▎        | 1124/8189 [1:00:56<6:09:09,  3.14s/it]
 14%|█▎        | 1125/8189 [1:00:59<5:58:25,  3.04s/it]
 14%|█▍        | 1126/8189 [1:01:01<5:52:34,  3.00s/it]
 14%|█▍        | 1127/8189 [1:01:05<6:00:22,  3.06s/it]
 14%|█▍        | 1128/8189 [1:01:08<5:55:26,  3.02s/it]
 14%|█▍        | 1129/8189 [1:01:11<5:58:52,  3.05s/it]
 14%|█▍        | 1130/8189 [1:01:14<5:59:33,  3.06s/it]
 14%|█▍        | 1131/8189 [1:01:17<5:52:00,  2.99s/it]
 14%|█▍        | 1132/8189 [1:01:20<5:55:14,  3.02s/it]
 14%|█▍        | 1133/8189 [1:01:23<5:56:27,  3.03s/it]
 14%|█▍        | 1134/8189 [1:01:26<6:02:20,  3.08s/it]
 14%|█▍        | 1135/8189 [1:01:29<6:04:25,  3.10s/it]
 14%|█▍        | 1136/8189 [1:01:32<6:10:28,  3.15s/it]
 14%|█▍        | 1137/8189 [1:01:35<5:56:39,  3.03s/it]
 14%|█▍        | 1138/8189 [1:01:38<5:53:30,  3.01s/it]
 14%|█▍        | 1139/8189 [1:01:41<5:38:35,  2.88s/it]
 14%|█▍        | 1140/8189 [1:01:44<5:45:28,  2.94s/it]
 14%|█▍        | 1141/8189 [1:01:47<5:54:23,  3.02s/it]
 14%|█▍        | 1142/8189 [1:01:50<5:53:05,  3.01s/it]
 14%|█▍        | 1143/8189 [1:01:53<5:46:08,  2.95s/it]
 14%|█▍        | 1144/8189 [1:01:56<5:51:18,  2.99s/it]
 14%|█▍        | 1145/8189 [1:01:59<5:55:02,  3.02s/it]
 14%|█▍        | 1146/8189 [1:02:02<5:54:39,  3.02s/it]
 14%|█▍        | 1147/8189 [1:02:05<5:44:13,  2.93s/it]
 14%|█▍        | 1148/8189 [1:02:08<5:48:44,  2.97s/it]
 14%|█▍        | 1149/8189 [1:02:11<5:53:09,  3.01s/it]
 14%|█▍        | 1150/8189 [1:02:14<6:00:39,  3.07s/it]
 14%|█▍        | 1151/8189 [1:02:17<5:39:30,  2.89s/it]
 14%|█▍        | 1152/8189 [1:02:19<5:29:42,  2.81s/it]
 14%|█▍        | 1153/8189 [1:02:22<5:43:14,  2.93s/it]
 14%|█▍        | 1154/8189 [1:02:25<5:36:03,  2.87s/it]
 14%|█▍        | 1155/8189 [1:02:28<5:44:41,  2.94s/it]
 14%|█▍        | 1156/8189 [1:02:31<5:50:34,  2.99s/it]
 14%|█▍        | 1157/8189 [1:02:35<5:59:23,  3.07s/it]
 14%|█▍        | 1158/8189 [1:02:38<5:59:52,  3.07s/it]
 14%|█▍        | 1159/8189 [1:02:40<5:53:12,  3.01s/it]
 14%|█▍        | 1160/8189 [1:02:44<5:57:07,  3.05s/it]
 14%|█▍        | 1161/8189 [1:02:47<6:01:38,  3.09s/it]
 14%|█▍        | 1162/8189 [1:02:50<5:55:56,  3.04s/it]
 14%|█▍        | 1163/8189 [1:02:53<6:00:12,  3.08s/it]
 14%|█▍        | 1164/8189 [1:02:56<6:05:59,  3.13s/it]
 14%|█▍        | 1165/8189 [1:02:59<6:05:17,  3.12s/it]
 14%|█▍        | 1166/8189 [1:03:02<6:07:06,  3.14s/it]
 14%|█▍        | 1167/8189 [1:03:05<6:02:22,  3.10s/it]
 14%|█▍        | 1168/8189 [1:03:09<6:10:34,  3.17s/it]
 14%|█▍        | 1169/8189 [1:03:12<5:59:30,  3.07s/it]
 14%|█▍        | 1170/8189 [1:03:15<6:02:34,  3.10s/it]
 14%|█▍        | 1171/8189 [1:03:18<5:52:52,  3.02s/it]
 14%|█▍        | 1172/8189 [1:03:21<5:51:10,  3.00s/it]
 14%|█▍        | 1173/8189 [1:03:23<5:41:31,  2.92s/it]
 14%|█▍        | 1174/8189 [1:03:27<5:52:34,  3.02s/it]
 14%|█▍        | 1175/8189 [1:03:30<5:56:16,  3.05s/it]
 14%|█▍        | 1176/8189 [1:03:33<5:58:24,  3.07s/it]
 14%|█▍        | 1177/8189 [1:03:36<5:56:14,  3.05s/it]
 14%|█▍        | 1178/8189 [1:03:39<6:03:00,  3.11s/it]
 14%|█▍        | 1179/8189 [1:03:42<6:04:26,  3.12s/it]
 14%|█▍        | 1180/8189 [1:03:46<6:15:04,  3.21s/it]
 14%|█▍        | 1181/8189 [1:03:49<6:11:25,  3.18s/it]
 14%|█▍        | 1182/8189 [1:03:51<5:54:09,  3.03s/it]
 14%|█▍        | 1183/8189 [1:03:54<5:54:43,  3.04s/it]
 14%|█▍        | 1184/8189 [1:03:58<5:58:53,  3.07s/it]
 14%|█▍        | 1185/8189 [1:04:01<6:04:10,  3.12s/it]
 14%|█▍        | 1186/8189 [1:04:04<6:10:10,  3.17s/it]
 14%|█▍        | 1187/8189 [1:04:07<6:10:56,  3.18s/it]
 15%|█▍        | 1188/8189 [1:04:11<6:12:36,  3.19s/it]
 15%|█▍        | 1189/8189 [1:04:13<5:55:30,  3.05s/it]
 15%|█▍        | 1190/8189 [1:04:16<5:54:20,  3.04s/it]
 15%|█▍        | 1191/8189 [1:04:19<5:54:08,  3.04s/it]
 15%|█▍        | 1192/8189 [1:04:22<5:55:22,  3.05s/it]
 15%|█▍        | 1193/8189 [1:04:26<5:59:36,  3.08s/it]
 15%|█▍        | 1194/8189 [1:04:29<6:02:14,  3.11s/it]
 15%|█▍        | 1195/8189 [1:04:32<5:52:48,  3.03s/it]
 15%|█▍        | 1196/8189 [1:04:35<5:58:28,  3.08s/it]
 15%|█▍        | 1197/8189 [1:04:38<6:09:58,  3.17s/it]
 15%|█▍        | 1198/8189 [1:04:41<5:53:55,  3.04s/it]
 15%|█▍        | 1199/8189 [1:04:44<5:48:15,  2.99s/it]
 15%|█▍        | 1200/8189 [1:04:47<6:02:25,  3.11s/it]
 15%|█▍        | 1201/8189 [1:04:50<6:10:19,  3.18s/it]
 15%|█▍        | 1202/8189 [1:04:53<5:57:07,  3.07s/it]
 15%|█▍        | 1203/8189 [1:04:56<6:00:42,  3.10s/it]
 15%|█▍        | 1204/8189 [1:05:00<6:09:00,  3.17s/it]
 15%|█▍        | 1205/8189 [1:05:03<6:06:38,  3.15s/it]
 15%|█▍        | 1206/8189 [1:05:06<5:54:33,  3.05s/it]
 15%|█▍        | 1207/8189 [1:05:09<5:52:35,  3.03s/it]
 15%|█▍        | 1208/8189 [1:05:12<5:55:33,  3.06s/it]
 15%|█▍        | 1209/8189 [1:05:15<5:59:30,  3.09s/it]
 15%|█▍        | 1210/8189 [1:05:18<6:04:23,  3.13s/it]
 15%|█▍        | 1211/8189 [1:05:21<6:03:35,  3.13s/it]
 15%|█▍        | 1212/8189 [1:05:25<6:09:06,  3.17s/it]
 15%|█▍        | 1213/8189 [1:05:28<6:14:31,  3.22s/it]
 15%|█▍        | 1214/8189 [1:05:31<6:17:10,  3.24s/it]
 15%|█▍        | 1215/8189 [1:05:34<6:04:56,  3.14s/it]
 15%|█▍        | 1216/8189 [1:05:37<6:08:28,  3.17s/it]
 15%|█▍        | 1217/8189 [1:05:40<5:56:54,  3.07s/it]
 15%|█▍        | 1218/8189 [1:05:43<6:01:55,  3.12s/it]
 15%|█▍        | 1219/8189 [1:05:47<6:04:18,  3.14s/it]
 15%|█▍        | 1220/8189 [1:05:50<6:09:22,  3.18s/it]
 15%|█▍        | 1221/8189 [1:05:53<6:08:03,  3.17s/it]
 15%|█▍        | 1222/8189 [1:05:56<5:59:09,  3.09s/it]
 15%|█▍        | 1223/8189 [1:05:59<5:55:20,  3.06s/it]
 15%|█▍        | 1224/8189 [1:06:02<6:02:28,  3.12s/it]
 15%|█▍        | 1225/8189 [1:06:06<6:09:24,  3.18s/it]
 15%|█▍        | 1226/8189 [1:06:09<6:14:49,  3.23s/it]
 15%|█▍        | 1227/8189 [1:06:12<6:10:56,  3.20s/it]
 15%|█▍        | 1228/8189 [1:06:15<6:09:16,  3.18s/it]
 15%|█▌        | 1229/8189 [1:06:18<6:15:42,  3.24s/it]
 15%|█▌        | 1230/8189 [1:06:21<6:00:08,  3.11s/it]
 15%|█▌        | 1231/8189 [1:06:24<5:53:51,  3.05s/it]
 15%|█▌        | 1232/8189 [1:06:27<5:56:38,  3.08s/it]
 15%|█▌        | 1233/8189 [1:06:30<5:59:23,  3.10s/it]
 15%|█▌        | 1234/8189 [1:06:33<5:48:39,  3.01s/it]
 15%|█▌        | 1235/8189 [1:06:36<5:40:12,  2.94s/it]
 15%|█▌        | 1236/8189 [1:06:39<5:49:11,  3.01s/it]
 15%|█▌        | 1237/8189 [1:06:42<5:46:08,  2.99s/it]
 15%|█▌        | 1238/8189 [1:06:45<5:51:10,  3.03s/it]
 15%|█▌        | 1239/8189 [1:06:48<5:51:35,  3.04s/it]
 15%|█▌        | 1240/8189 [1:06:51<5:53:00,  3.05s/it]
 15%|█▌        | 1241/8189 [1:06:55<5:59:31,  3.10s/it]
 15%|█▌        | 1242/8189 [1:06:57<5:39:20,  2.93s/it]
 15%|█▌        | 1243/8189 [1:07:01<5:53:51,  3.06s/it]
 15%|█▌        | 1244/8189 [1:07:04<6:01:35,  3.12s/it]
 15%|█▌        | 1245/8189 [1:07:07<5:58:54,  3.10s/it]
 15%|█▌        | 1246/8189 [1:07:10<6:04:31,  3.15s/it]
 15%|█▌        | 1247/8189 [1:07:13<6:10:40,  3.20s/it]
 15%|█▌        | 1248/8189 [1:07:16<5:53:08,  3.05s/it]
 15%|█▌        | 1249/8189 [1:07:19<5:57:26,  3.09s/it]
 15%|█▌        | 1250/8189 [1:07:23<6:00:48,  3.12s/it]
 15%|█▌        | 1251/8189 [1:07:26<5:59:11,  3.11s/it]
 15%|█▌        | 1252/8189 [1:07:29<5:55:01,  3.07s/it]
 15%|█▌        | 1253/8189 [1:07:32<6:01:02,  3.12s/it]
 15%|█▌        | 1254/8189 [1:07:35<6:02:37,  3.14s/it]
 15%|█▌        | 1255/8189 [1:07:38<6:00:44,  3.12s/it]
 15%|█▌        | 1256/8189 [1:07:42<6:13:56,  3.24s/it]
 15%|█▌        | 1257/8189 [1:07:45<6:09:39,  3.20s/it]
 15%|█▌        | 1258/8189 [1:07:48<6:07:22,  3.18s/it]
 15%|█▌        | 1259/8189 [1:07:51<6:04:40,  3.16s/it]
 15%|█▌        | 1260/8189 [1:07:54<6:03:32,  3.15s/it]
 15%|█▌        | 1261/8189 [1:07:57<6:03:01,  3.14s/it]
 15%|█▌        | 1262/8189 [1:08:00<6:01:04,  3.13s/it]
 15%|█▌        | 1263/8189 [1:08:04<6:11:27,  3.22s/it]
 15%|█▌        | 1264/8189 [1:08:07<6:04:17,  3.16s/it]
 15%|█▌        | 1265/8189 [1:08:10<6:05:06,  3.16s/it]
 15%|█▌        | 1266/8189 [1:08:13<6:07:52,  3.19s/it]
 15%|█▌        | 1267/8189 [1:08:16<6:02:37,  3.14s/it]
 15%|█▌        | 1268/8189 [1:08:19<6:05:56,  3.17s/it]
 15%|█▌        | 1269/8189 [1:08:23<6:06:21,  3.18s/it]
 16%|█▌        | 1270/8189 [1:08:25<5:51:17,  3.05s/it]
 16%|█▌        | 1271/8189 [1:08:29<5:57:17,  3.10s/it]
 16%|█▌        | 1272/8189 [1:08:32<6:01:25,  3.14s/it]
 16%|█▌        | 1273/8189 [1:08:35<6:05:23,  3.17s/it]
 16%|█▌        | 1274/8189 [1:08:38<5:57:06,  3.10s/it]
 16%|█▌        | 1275/8189 [1:08:41<5:50:36,  3.04s/it]
 16%|█▌        | 1276/8189 [1:08:44<5:40:01,  2.95s/it]
 16%|█▌        | 1277/8189 [1:08:47<5:48:12,  3.02s/it]
 16%|█▌        | 1278/8189 [1:08:50<5:45:00,  3.00s/it]
 16%|█▌        | 1279/8189 [1:08:53<5:46:14,  3.01s/it]
 16%|█▌        | 1280/8189 [1:08:56<5:43:19,  2.98s/it]
 16%|█▌        | 1281/8189 [1:08:59<5:49:22,  3.03s/it]
 16%|█▌        | 1282/8189 [1:09:02<5:52:10,  3.06s/it]
 16%|█▌        | 1283/8189 [1:09:05<5:46:34,  3.01s/it]
 16%|█▌        | 1284/8189 [1:09:08<5:55:58,  3.09s/it]
 16%|█▌        | 1285/8189 [1:09:11<5:54:43,  3.08s/it]
 16%|█▌        | 1286/8189 [1:09:14<5:51:43,  3.06s/it]
 16%|█▌        | 1287/8189 [1:09:17<5:52:59,  3.07s/it]
 16%|█▌        | 1288/8189 [1:09:20<5:55:50,  3.09s/it]
 16%|█▌        | 1289/8189 [1:09:24<5:52:59,  3.07s/it]
 16%|█▌        | 1290/8189 [1:09:27<5:54:47,  3.09s/it]
 16%|█▌        | 1291/8189 [1:09:29<5:40:39,  2.96s/it]
 16%|█▌        | 1292/8189 [1:09:32<5:39:43,  2.96s/it]
 16%|█▌        | 1293/8189 [1:09:35<5:47:29,  3.02s/it]
 16%|█▌        | 1294/8189 [1:09:39<5:51:06,  3.06s/it]
 16%|█▌        | 1295/8189 [1:09:42<5:49:50,  3.04s/it]
 16%|█▌        | 1296/8189 [1:09:45<5:50:14,  3.05s/it]
 16%|█▌        | 1297/8189 [1:09:47<5:43:26,  2.99s/it]
 16%|█▌        | 1298/8189 [1:09:51<5:46:52,  3.02s/it]
 16%|█▌        | 1299/8189 [1:09:53<5:42:28,  2.98s/it]
 16%|█▌        | 1300/8189 [1:09:57<5:47:23,  3.03s/it]
 16%|█▌        | 1301/8189 [1:10:00<5:44:33,  3.00s/it]
 16%|█▌        | 1302/8189 [1:10:03<5:49:20,  3.04s/it]
 16%|█▌        | 1303/8189 [1:10:06<5:51:48,  3.07s/it]
 16%|█▌        | 1304/8189 [1:10:08<5:38:10,  2.95s/it]
 16%|█▌        | 1305/8189 [1:10:11<5:34:34,  2.92s/it]
 16%|█▌        | 1306/8189 [1:10:14<5:40:09,  2.97s/it]
 16%|█▌        | 1307/8189 [1:10:18<5:47:06,  3.03s/it]
 16%|█▌        | 1308/8189 [1:10:21<5:55:32,  3.10s/it]
 16%|█▌        | 1309/8189 [1:10:24<5:45:37,  3.01s/it]
 16%|█▌        | 1310/8189 [1:10:27<5:48:44,  3.04s/it]
 16%|█▌        | 1311/8189 [1:10:30<5:47:13,  3.03s/it]
 16%|█▌        | 1312/8189 [1:10:33<5:41:28,  2.98s/it]
 16%|█▌        | 1313/8189 [1:10:36<5:40:54,  2.97s/it]
 16%|█▌        | 1314/8189 [1:10:39<5:43:12,  3.00s/it]
 16%|█▌        | 1315/8189 [1:10:42<5:55:06,  3.10s/it]
 16%|█▌        | 1316/8189 [1:10:45<5:54:55,  3.10s/it]
 16%|█▌        | 1317/8189 [1:10:48<5:51:33,  3.07s/it]
 16%|█▌        | 1318/8189 [1:10:51<5:51:56,  3.07s/it]
 16%|█▌        | 1319/8189 [1:10:54<5:47:52,  3.04s/it]
 16%|█▌        | 1320/8189 [1:10:57<5:54:56,  3.10s/it]
 16%|█▌        | 1321/8189 [1:11:01<5:58:14,  3.13s/it]
 16%|█▌        | 1322/8189 [1:11:04<6:02:57,  3.17s/it]
 16%|█▌        | 1323/8189 [1:11:07<6:06:42,  3.20s/it]
 16%|█▌        | 1324/8189 [1:11:10<6:00:41,  3.15s/it]
 16%|█▌        | 1325/8189 [1:11:13<5:42:58,  3.00s/it]
 16%|█▌        | 1326/8189 [1:11:16<5:43:56,  3.01s/it]
 16%|█▌        | 1327/8189 [1:11:19<5:52:41,  3.08s/it]
 16%|█▌        | 1328/8189 [1:11:22<5:52:04,  3.08s/it]
 16%|█▌        | 1329/8189 [1:11:25<5:54:27,  3.10s/it]
 16%|█▌        | 1330/8189 [1:11:28<5:54:29,  3.10s/it]
 16%|█▋        | 1331/8189 [1:11:32<6:10:27,  3.24s/it]
 16%|█▋        | 1332/8189 [1:11:35<6:00:42,  3.16s/it]
 16%|█▋        | 1333/8189 [1:11:38<6:03:45,  3.18s/it]
 16%|█▋        | 1334/8189 [1:11:41<6:05:22,  3.20s/it]
 16%|█▋        | 1335/8189 [1:11:45<6:09:06,  3.23s/it]
 16%|█▋        | 1336/8189 [1:11:48<5:59:38,  3.15s/it]
 16%|█▋        | 1337/8189 [1:11:51<5:53:42,  3.10s/it]
 16%|█▋        | 1338/8189 [1:11:54<5:57:42,  3.13s/it]
 16%|█▋        | 1339/8189 [1:11:57<5:52:06,  3.08s/it]
 16%|█▋        | 1340/8189 [1:12:00<5:54:36,  3.11s/it]
 16%|█▋        | 1341/8189 [1:12:03<5:56:05,  3.12s/it]
 16%|█▋        | 1342/8189 [1:12:06<5:55:58,  3.12s/it]
 16%|█▋        | 1343/8189 [1:12:10<6:02:03,  3.17s/it]
 16%|█▋        | 1344/8189 [1:12:13<6:02:54,  3.18s/it]
 16%|█▋        | 1345/8189 [1:12:16<6:01:01,  3.16s/it]
 16%|█▋        | 1346/8189 [1:12:19<5:54:28,  3.11s/it]
 16%|█▋        | 1347/8189 [1:12:22<5:55:46,  3.12s/it]
 16%|█▋        | 1348/8189 [1:12:25<5:58:57,  3.15s/it]
 16%|█▋        | 1349/8189 [1:12:28<5:56:05,  3.12s/it]
 16%|█▋        | 1350/8189 [1:12:31<5:55:27,  3.12s/it]
 16%|█▋        | 1351/8189 [1:12:35<5:59:01,  3.15s/it]
 17%|█▋        | 1352/8189 [1:12:38<5:57:13,  3.13s/it]
 17%|█▋        | 1353/8189 [1:12:41<5:50:04,  3.07s/it]
 17%|█▋        | 1354/8189 [1:12:44<5:54:36,  3.11s/it]
 17%|█▋        | 1355/8189 [1:12:47<6:00:29,  3.16s/it]
 17%|█▋        | 1356/8189 [1:12:50<6:03:53,  3.20s/it]
 17%|█▋        | 1357/8189 [1:12:53<5:59:49,  3.16s/it]
 17%|█▋        | 1358/8189 [1:12:57<6:01:54,  3.18s/it]
 17%|█▋        | 1359/8189 [1:13:00<6:01:06,  3.17s/it]
 17%|█▋        | 1360/8189 [1:13:03<6:00:43,  3.17s/it]
 17%|█▋        | 1361/8189 [1:13:06<6:04:12,  3.20s/it]
 17%|█▋        | 1362/8189 [1:13:09<6:03:02,  3.19s/it]
 17%|█▋        | 1363/8189 [1:13:12<5:53:44,  3.11s/it]
 17%|█▋        | 1364/8189 [1:13:15<5:54:25,  3.12s/it]
 17%|█▋        | 1365/8189 [1:13:19<5:54:54,  3.12s/it]
 17%|█▋        | 1366/8189 [1:13:22<6:00:19,  3.17s/it]
 17%|█▋        | 1367/8189 [1:13:25<5:51:33,  3.09s/it]
 17%|█▋        | 1368/8189 [1:13:28<5:55:47,  3.13s/it]
 17%|█▋        | 1369/8189 [1:13:31<5:54:02,  3.11s/it]
 17%|█▋        | 1370/8189 [1:13:34<5:50:27,  3.08s/it]
 17%|█▋        | 1371/8189 [1:13:37<5:47:43,  3.06s/it]
 17%|█▋        | 1372/8189 [1:13:40<5:51:06,  3.09s/it]
 17%|█▋        | 1373/8189 [1:13:44<5:59:02,  3.16s/it]
 17%|█▋        | 1374/8189 [1:13:47<6:00:27,  3.17s/it]
 17%|█▋        | 1375/8189 [1:13:50<5:47:38,  3.06s/it]
 17%|█▋        | 1376/8189 [1:13:53<5:54:45,  3.12s/it]
 17%|█▋        | 1377/8189 [1:13:56<5:50:46,  3.09s/it]
 17%|█▋        | 1378/8189 [1:13:59<5:46:36,  3.05s/it]
 17%|█▋        | 1379/8189 [1:14:02<5:44:29,  3.04s/it]
 17%|█▋        | 1380/8189 [1:14:05<5:53:37,  3.12s/it]
 17%|█▋        | 1381/8189 [1:14:08<5:57:40,  3.15s/it]
 17%|█▋        | 1382/8189 [1:14:12<6:04:10,  3.21s/it]
 17%|█▋        | 1383/8189 [1:14:15<6:03:37,  3.21s/it]
 17%|█▋        | 1384/8189 [1:14:18<6:00:02,  3.17s/it]
 17%|█▋        | 1385/8189 [1:14:21<6:02:00,  3.19s/it]
 17%|█▋        | 1386/8189 [1:14:24<6:02:05,  3.19s/it]
 17%|█▋        | 1387/8189 [1:14:28<5:57:41,  3.16s/it]
 17%|█▋        | 1388/8189 [1:14:31<5:53:14,  3.12s/it]
 17%|█▋        | 1389/8189 [1:14:34<6:00:09,  3.18s/it]
 17%|█▋        | 1390/8189 [1:14:37<5:59:50,  3.18s/it]
 17%|█▋        | 1391/8189 [1:14:40<6:04:44,  3.22s/it]
 17%|█▋        | 1392/8189 [1:14:43<5:58:51,  3.17s/it]
 17%|█▋        | 1393/8189 [1:14:47<5:55:28,  3.14s/it]
 17%|█▋        | 1394/8189 [1:14:50<5:53:38,  3.12s/it]
 17%|█▋        | 1395/8189 [1:14:53<5:48:17,  3.08s/it]
 17%|█▋        | 1396/8189 [1:14:56<5:52:26,  3.11s/it]
 17%|█▋        | 1397/8189 [1:14:59<5:57:11,  3.16s/it]
 17%|█▋        | 1398/8189 [1:15:02<5:58:23,  3.17s/it]
 17%|█▋        | 1399/8189 [1:15:05<5:55:49,  3.14s/it]
 17%|█▋        | 1400/8189 [1:15:08<5:50:20,  3.10s/it]
 17%|█▋        | 1401/8189 [1:15:12<5:59:45,  3.18s/it]
 17%|█▋        | 1402/8189 [1:15:15<6:01:13,  3.19s/it]
 17%|█▋        | 1403/8189 [1:15:18<5:58:26,  3.17s/it]
 17%|█▋        | 1404/8189 [1:15:21<6:02:27,  3.21s/it]
 17%|█▋        | 1405/8189 [1:15:25<6:05:58,  3.24s/it]
 17%|█▋        | 1406/8189 [1:15:28<5:59:47,  3.18s/it]
 17%|█▋        | 1407/8189 [1:15:31<6:01:42,  3.20s/it]
 17%|█▋        | 1408/8189 [1:15:34<6:01:42,  3.20s/it]
 17%|█▋        | 1409/8189 [1:15:37<6:04:50,  3.23s/it]
 17%|█▋        | 1410/8189 [1:15:41<6:03:17,  3.22s/it]
 17%|█▋        | 1411/8189 [1:15:44<6:04:09,  3.22s/it]
 17%|█▋        | 1412/8189 [1:15:47<6:05:53,  3.24s/it]
 17%|█▋        | 1413/8189 [1:15:50<5:59:18,  3.18s/it]
 17%|█▋        | 1414/8189 [1:15:53<5:50:45,  3.11s/it]
 17%|█▋        | 1415/8189 [1:15:56<5:49:10,  3.09s/it]
 17%|█▋        | 1416/8189 [1:15:59<5:50:27,  3.10s/it]
 17%|█▋        | 1417/8189 [1:16:02<5:51:45,  3.12s/it]
 17%|█▋        | 1418/8189 [1:16:05<5:48:17,  3.09s/it]
 17%|█▋        | 1419/8189 [1:16:08<5:35:22,  2.97s/it]
 17%|█▋        | 1420/8189 [1:16:11<5:36:26,  2.98s/it]
 17%|█▋        | 1421/8189 [1:16:14<5:43:59,  3.05s/it]
 17%|█▋        | 1422/8189 [1:16:17<5:40:01,  3.01s/it]
 17%|█▋        | 1423/8189 [1:16:20<5:39:46,  3.01s/it]
 17%|█▋        | 1424/8189 [1:16:23<5:40:31,  3.02s/it]
 17%|█▋        | 1425/8189 [1:16:27<5:46:24,  3.07s/it]
 17%|█▋        | 1426/8189 [1:16:30<5:48:49,  3.09s/it]
 17%|█▋        | 1427/8189 [1:16:33<5:53:28,  3.14s/it]
 17%|█▋        | 1428/8189 [1:16:36<5:43:29,  3.05s/it]
 17%|█▋        | 1429/8189 [1:16:39<5:51:04,  3.12s/it]
 17%|█▋        | 1430/8189 [1:16:42<5:54:19,  3.15s/it]
 17%|█▋        | 1431/8189 [1:16:45<5:54:37,  3.15s/it]
 17%|█▋        | 1432/8189 [1:16:48<5:44:47,  3.06s/it]
 17%|█▋        | 1433/8189 [1:16:51<5:45:14,  3.07s/it]
 18%|█▊        | 1434/8189 [1:16:54<5:45:03,  3.06s/it]
 18%|█▊        | 1435/8189 [1:16:57<5:44:39,  3.06s/it]
 18%|█▊        | 1436/8189 [1:17:01<5:45:19,  3.07s/it]
 18%|█▊        | 1437/8189 [1:17:04<5:42:51,  3.05s/it]
 18%|█▊        | 1438/8189 [1:17:07<5:45:10,  3.07s/it]
 18%|█▊        | 1439/8189 [1:17:10<5:54:10,  3.15s/it]
 18%|█▊        | 1440/8189 [1:17:13<6:02:55,  3.23s/it]
 18%|█▊        | 1441/8189 [1:17:17<6:09:42,  3.29s/it]
 18%|█▊        | 1442/8189 [1:17:20<6:03:12,  3.23s/it]
 18%|█▊        | 1443/8189 [1:17:23<6:05:16,  3.25s/it]
 18%|█▊        | 1444/8189 [1:17:26<5:58:57,  3.19s/it]
 18%|█▊        | 1445/8189 [1:17:29<5:51:18,  3.13s/it]
 18%|█▊        | 1446/8189 [1:17:32<5:44:09,  3.06s/it]
 18%|█▊        | 1447/8189 [1:17:35<5:45:46,  3.08s/it]
 18%|█▊        | 1448/8189 [1:17:38<5:45:03,  3.07s/it]
 18%|█▊        | 1449/8189 [1:17:41<5:47:58,  3.10s/it]
 18%|█▊        | 1450/8189 [1:17:45<5:51:00,  3.13s/it]
 18%|█▊        | 1451/8189 [1:17:48<5:56:29,  3.17s/it]
 18%|█▊        | 1452/8189 [1:17:51<5:50:23,  3.12s/it]
 18%|█▊        | 1453/8189 [1:17:54<5:42:12,  3.05s/it]
 18%|█▊        | 1454/8189 [1:17:57<5:34:39,  2.98s/it]
 18%|█▊        | 1455/8189 [1:18:00<5:46:15,  3.09s/it]
 18%|█▊        | 1456/8189 [1:18:03<5:44:56,  3.07s/it]
 18%|█▊        | 1457/8189 [1:18:06<5:52:40,  3.14s/it]
 18%|█▊        | 1458/8189 [1:18:10<5:54:02,  3.16s/it]
 18%|█▊        | 1459/8189 [1:18:13<5:50:16,  3.12s/it]
 18%|█▊        | 1460/8189 [1:18:16<5:48:43,  3.11s/it]
 18%|█▊        | 1461/8189 [1:18:19<5:47:33,  3.10s/it]
 18%|█▊        | 1462/8189 [1:18:22<5:47:28,  3.10s/it]
 18%|█▊        | 1463/8189 [1:18:25<5:48:05,  3.11s/it]
 18%|█▊        | 1464/8189 [1:18:28<5:45:00,  3.08s/it]
 18%|█▊        | 1465/8189 [1:18:31<5:43:41,  3.07s/it]
 18%|█▊        | 1466/8189 [1:18:34<5:45:25,  3.08s/it]
 18%|█▊        | 1467/8189 [1:18:37<5:44:43,  3.08s/it]
 18%|█▊        | 1468/8189 [1:18:40<5:34:13,  2.98s/it]
 18%|█▊        | 1469/8189 [1:18:43<5:36:23,  3.00s/it]
 18%|█▊        | 1470/8189 [1:18:46<5:38:51,  3.03s/it]
 18%|█▊        | 1471/8189 [1:18:49<5:47:19,  3.10s/it]
 18%|█▊        | 1472/8189 [1:18:52<5:46:40,  3.10s/it]
 18%|█▊        | 1473/8189 [1:18:55<5:44:04,  3.07s/it]
 18%|█▊        | 1474/8189 [1:18:58<5:39:23,  3.03s/it]
 18%|█▊        | 1475/8189 [1:19:01<5:34:50,  2.99s/it]
 18%|█▊        | 1476/8189 [1:19:04<5:38:14,  3.02s/it]
 18%|█▊        | 1477/8189 [1:19:07<5:41:39,  3.05s/it]
 18%|█▊        | 1478/8189 [1:19:11<5:43:36,  3.07s/it]
 18%|█▊        | 1479/8189 [1:19:13<5:36:49,  3.01s/it]
 18%|█▊        | 1480/8189 [1:19:16<5:36:17,  3.01s/it]
 18%|█▊        | 1481/8189 [1:19:19<5:33:07,  2.98s/it]
 18%|█▊        | 1482/8189 [1:19:22<5:37:08,  3.02s/it]
 18%|█▊        | 1483/8189 [1:19:25<5:35:46,  3.00s/it]
 18%|█▊        | 1484/8189 [1:19:29<5:40:15,  3.04s/it]
 18%|█▊        | 1485/8189 [1:19:32<5:52:24,  3.15s/it]
 18%|█▊        | 1486/8189 [1:19:35<5:53:55,  3.17s/it]
 18%|█▊        | 1487/8189 [1:19:38<5:49:38,  3.13s/it]
 18%|█▊        | 1488/8189 [1:19:41<5:45:38,  3.09s/it]
 18%|█▊        | 1489/8189 [1:19:44<5:41:29,  3.06s/it]
 18%|█▊        | 1490/8189 [1:19:48<5:48:05,  3.12s/it]
 18%|█▊        | 1491/8189 [1:19:51<5:44:56,  3.09s/it]
 18%|█▊        | 1492/8189 [1:19:54<5:43:50,  3.08s/it]
 18%|█▊        | 1493/8189 [1:19:57<5:44:52,  3.09s/it]
 18%|█▊        | 1494/8189 [1:20:00<5:35:12,  3.00s/it]
 18%|█▊        | 1495/8189 [1:20:03<5:42:08,  3.07s/it]
 18%|█▊        | 1496/8189 [1:20:06<5:37:03,  3.02s/it]
 18%|█▊        | 1497/8189 [1:20:09<5:32:41,  2.98s/it]
 18%|█▊        | 1498/8189 [1:20:11<5:28:43,  2.95s/it]
 18%|█▊        | 1499/8189 [1:20:14<5:28:52,  2.95s/it]
 18%|█▊        | 1500/8189 [1:20:17<5:25:15,  2.92s/it]
 18%|█▊        | 1501/8189 [1:20:20<5:14:59,  2.83s/it]
 18%|█▊        | 1502/8189 [1:20:23<5:19:52,  2.87s/it]
 18%|█▊        | 1503/8189 [1:20:25<5:14:31,  2.82s/it]
 18%|█▊        | 1504/8189 [1:20:29<5:22:01,  2.89s/it]
 18%|█▊        | 1505/8189 [1:20:31<5:22:18,  2.89s/it]
 18%|█▊        | 1506/8189 [1:20:35<5:30:48,  2.97s/it]
 18%|█▊        | 1507/8189 [1:20:38<5:31:24,  2.98s/it]
 18%|█▊        | 1508/8189 [1:20:41<5:32:59,  2.99s/it]
 18%|█▊        | 1509/8189 [1:20:43<5:28:17,  2.95s/it]
 18%|█▊        | 1510/8189 [1:20:47<5:32:03,  2.98s/it]
 18%|█▊        | 1511/8189 [1:20:49<5:25:35,  2.93s/it]
 18%|█▊        | 1512/8189 [1:20:52<5:28:02,  2.95s/it]
 18%|█▊        | 1513/8189 [1:20:55<5:36:14,  3.02s/it]
 18%|█▊        | 1514/8189 [1:20:59<5:42:09,  3.08s/it]
 19%|█▊        | 1515/8189 [1:21:02<5:40:56,  3.07s/it]
 19%|█▊        | 1516/8189 [1:21:05<5:38:04,  3.04s/it]
 19%|█▊        | 1517/8189 [1:21:07<5:27:32,  2.95s/it]
 19%|█▊        | 1518/8189 [1:21:10<5:28:29,  2.95s/it]
 19%|█▊        | 1519/8189 [1:21:13<5:29:37,  2.97s/it]
 19%|█▊        | 1520/8189 [1:21:17<5:36:48,  3.03s/it]
 19%|█▊        | 1521/8189 [1:21:20<5:37:58,  3.04s/it]
 19%|█▊        | 1522/8189 [1:21:23<5:38:26,  3.05s/it]
 19%|█▊        | 1523/8189 [1:21:26<5:42:22,  3.08s/it]
 19%|█▊        | 1524/8189 [1:21:29<5:40:40,  3.07s/it]
 19%|█▊        | 1525/8189 [1:21:32<5:37:48,  3.04s/it]
 19%|█▊        | 1526/8189 [1:21:35<5:44:07,  3.10s/it]
 19%|█▊        | 1527/8189 [1:21:38<5:44:12,  3.10s/it]
 19%|█▊        | 1528/8189 [1:21:41<5:40:34,  3.07s/it]
 19%|█▊        | 1529/8189 [1:21:44<5:46:55,  3.13s/it]
 19%|█▊        | 1530/8189 [1:21:48<5:47:09,  3.13s/it]
 19%|█▊        | 1531/8189 [1:21:51<5:45:02,  3.11s/it]
 19%|█▊        | 1532/8189 [1:21:54<5:49:04,  3.15s/it]
 19%|█▊        | 1533/8189 [1:21:57<5:33:44,  3.01s/it]
 19%|█▊        | 1534/8189 [1:21:59<5:25:48,  2.94s/it]
 19%|█▊        | 1535/8189 [1:22:03<5:37:01,  3.04s/it]
 19%|█▉        | 1536/8189 [1:22:06<5:32:18,  3.00s/it]
 19%|█▉        | 1537/8189 [1:22:08<5:29:33,  2.97s/it]
 19%|█▉        | 1538/8189 [1:22:11<5:27:18,  2.95s/it]
 19%|█▉        | 1539/8189 [1:22:14<5:32:20,  3.00s/it]
 19%|█▉        | 1540/8189 [1:22:18<5:37:03,  3.04s/it]
 19%|█▉        | 1541/8189 [1:22:21<5:45:03,  3.11s/it]
 19%|█▉        | 1542/8189 [1:22:24<5:43:20,  3.10s/it]
 19%|█▉        | 1543/8189 [1:22:27<5:47:27,  3.14s/it]
 19%|█▉        | 1544/8189 [1:22:29<5:18:49,  2.88s/it]
 19%|█▉        | 1545/8189 [1:22:32<5:19:52,  2.89s/it]
 19%|█▉        | 1546/8189 [1:22:36<5:29:14,  2.97s/it]
 19%|█▉        | 1547/8189 [1:22:39<5:29:58,  2.98s/it]
 19%|█▉        | 1548/8189 [1:22:42<5:36:18,  3.04s/it]
 19%|█▉        | 1549/8189 [1:22:45<5:36:27,  3.04s/it]
 19%|█▉        | 1550/8189 [1:22:48<5:29:26,  2.98s/it]
 19%|█▉        | 1551/8189 [1:22:51<5:34:39,  3.02s/it]
 19%|█▉        | 1552/8189 [1:22:54<5:28:59,  2.97s/it]
 19%|█▉        | 1553/8189 [1:22:57<5:29:44,  2.98s/it]
 19%|█▉        | 1554/8189 [1:23:00<5:35:33,  3.03s/it]
 19%|█▉        | 1555/8189 [1:23:03<5:42:05,  3.09s/it]
 19%|█▉        | 1556/8189 [1:23:06<5:31:09,  3.00s/it]
 19%|█▉        | 1557/8189 [1:23:09<5:28:38,  2.97s/it]
 19%|█▉        | 1558/8189 [1:23:12<5:30:48,  2.99s/it]
 19%|█▉        | 1559/8189 [1:23:15<5:36:06,  3.04s/it]
 19%|█▉        | 1560/8189 [1:23:18<5:35:26,  3.04s/it]
 19%|█▉        | 1561/8189 [1:23:21<5:24:02,  2.93s/it]
 19%|█▉        | 1562/8189 [1:23:23<5:19:50,  2.90s/it]
 19%|█▉        | 1563/8189 [1:23:27<5:30:57,  3.00s/it]
 19%|█▉        | 1564/8189 [1:23:30<5:31:39,  3.00s/it]
 19%|█▉        | 1565/8189 [1:23:33<5:35:34,  3.04s/it]
 19%|█▉        | 1566/8189 [1:23:36<5:31:31,  3.00s/it]
 19%|█▉        | 1567/8189 [1:23:39<5:37:14,  3.06s/it]
 19%|█▉        | 1568/8189 [1:23:42<5:41:33,  3.10s/it]
 19%|█▉        | 1569/8189 [1:23:45<5:41:10,  3.09s/it]
 19%|█▉        | 1570/8189 [1:23:48<5:35:16,  3.04s/it]
 19%|█▉        | 1571/8189 [1:23:51<5:39:23,  3.08s/it]
 19%|█▉        | 1572/8189 [1:23:54<5:33:49,  3.03s/it]
 19%|█▉        | 1573/8189 [1:23:57<5:34:15,  3.03s/it]
 19%|█▉        | 1574/8189 [1:24:00<5:21:29,  2.92s/it]
 19%|█▉        | 1575/8189 [1:24:03<5:24:56,  2.95s/it]
 19%|█▉        | 1576/8189 [1:24:06<5:33:39,  3.03s/it]
 19%|█▉        | 1577/8189 [1:24:09<5:42:51,  3.11s/it]
 19%|█▉        | 1578/8189 [1:24:13<5:46:18,  3.14s/it]
 19%|█▉        | 1579/8189 [1:24:15<5:37:14,  3.06s/it]
 19%|█▉        | 1580/8189 [1:24:19<5:39:51,  3.09s/it]
 19%|█▉        | 1581/8189 [1:24:22<5:42:24,  3.11s/it]
 19%|█▉        | 1582/8189 [1:24:25<5:38:31,  3.07s/it]
 19%|█▉        | 1583/8189 [1:24:28<5:40:57,  3.10s/it]
 19%|█▉        | 1584/8189 [1:24:31<5:41:39,  3.10s/it]
 19%|█▉        | 1585/8189 [1:24:34<5:35:08,  3.04s/it]
 19%|█▉        | 1586/8189 [1:24:37<5:36:55,  3.06s/it]
 19%|█▉        | 1587/8189 [1:24:40<5:39:03,  3.08s/it]
 19%|█▉        | 1588/8189 [1:24:43<5:37:27,  3.07s/it]
 19%|█▉        | 1589/8189 [1:24:46<5:35:59,  3.05s/it]
 19%|█▉        | 1590/8189 [1:24:49<5:35:59,  3.05s/it]
 19%|█▉        | 1591/8189 [1:24:52<5:35:54,  3.05s/it]
 19%|█▉        | 1592/8189 [1:24:55<5:36:26,  3.06s/it]
 19%|█▉        | 1593/8189 [1:24:59<5:45:59,  3.15s/it]
 19%|█▉        | 1594/8189 [1:25:02<5:46:47,  3.15s/it]
 19%|█▉        | 1595/8189 [1:25:05<5:36:38,  3.06s/it]
 19%|█▉        | 1596/8189 [1:25:08<5:42:34,  3.12s/it]
 20%|█▉        | 1597/8189 [1:25:11<5:40:26,  3.10s/it]
 20%|█▉        | 1598/8189 [1:25:14<5:27:00,  2.98s/it]
 20%|█▉        | 1599/8189 [1:25:17<5:30:12,  3.01s/it]
 20%|█▉        | 1600/8189 [1:25:19<5:15:34,  2.87s/it]
 20%|█▉        | 1601/8189 [1:25:22<5:19:48,  2.91s/it]
 20%|█▉        | 1602/8189 [1:25:25<5:22:07,  2.93s/it]
 20%|█▉        | 1603/8189 [1:25:28<5:25:38,  2.97s/it]
 20%|█▉        | 1604/8189 [1:25:32<5:29:55,  3.01s/it]
 20%|█▉        | 1605/8189 [1:25:35<5:31:18,  3.02s/it]
 20%|█▉        | 1606/8189 [1:25:38<5:33:01,  3.04s/it]
 20%|█▉        | 1607/8189 [1:25:40<5:24:07,  2.95s/it]
 20%|█▉        | 1608/8189 [1:25:43<5:19:56,  2.92s/it]
 20%|█▉        | 1609/8189 [1:25:46<5:07:17,  2.80s/it]
 20%|█▉        | 1610/8189 [1:25:49<5:11:30,  2.84s/it]
 20%|█▉        | 1611/8189 [1:25:52<5:21:58,  2.94s/it]
 20%|█▉        | 1612/8189 [1:25:55<5:26:19,  2.98s/it]
 20%|█▉        | 1613/8189 [1:25:58<5:29:27,  3.01s/it]
 20%|█▉        | 1614/8189 [1:26:01<5:33:32,  3.04s/it]
 20%|█▉        | 1615/8189 [1:26:04<5:30:33,  3.02s/it]
 20%|█▉        | 1616/8189 [1:26:07<5:38:15,  3.09s/it]
 20%|█▉        | 1617/8189 [1:26:10<5:31:45,  3.03s/it]
 20%|█▉        | 1618/8189 [1:26:13<5:35:56,  3.07s/it]
 20%|█▉        | 1619/8189 [1:26:17<5:40:13,  3.11s/it]
 20%|█▉        | 1620/8189 [1:26:20<5:41:55,  3.12s/it]
 20%|█▉        | 1621/8189 [1:26:23<5:47:09,  3.17s/it]
 20%|█▉        | 1622/8189 [1:26:26<5:42:15,  3.13s/it]
 20%|█▉        | 1623/8189 [1:26:29<5:42:39,  3.13s/it]
 20%|█▉        | 1624/8189 [1:26:32<5:41:18,  3.12s/it]
 20%|█▉        | 1625/8189 [1:26:36<5:44:57,  3.15s/it]
 20%|█▉        | 1626/8189 [1:26:39<5:44:34,  3.15s/it]
 20%|█▉        | 1627/8189 [1:26:42<5:38:00,  3.09s/it]
 20%|█▉        | 1628/8189 [1:26:45<5:35:52,  3.07s/it]
 20%|█▉        | 1629/8189 [1:26:48<5:33:16,  3.05s/it]
 20%|█▉        | 1630/8189 [1:26:51<5:35:26,  3.07s/it]
 20%|█▉        | 1631/8189 [1:26:54<5:33:23,  3.05s/it]
 20%|█▉        | 1632/8189 [1:26:57<5:37:26,  3.09s/it]
 20%|█▉        | 1633/8189 [1:27:00<5:38:25,  3.10s/it]
 20%|█▉        | 1634/8189 [1:27:03<5:32:09,  3.04s/it]
 20%|█▉        | 1635/8189 [1:27:06<5:33:31,  3.05s/it]
 20%|█▉        | 1636/8189 [1:27:09<5:35:53,  3.08s/it]
 20%|█▉        | 1637/8189 [1:27:12<5:26:11,  2.99s/it]
 20%|██        | 1638/8189 [1:27:15<5:30:57,  3.03s/it]
 20%|██        | 1639/8189 [1:27:18<5:28:58,  3.01s/it]
 20%|██        | 1640/8189 [1:27:21<5:15:41,  2.89s/it]
 20%|██        | 1641/8189 [1:27:24<5:18:00,  2.91s/it]
 20%|██        | 1642/8189 [1:27:26<5:15:44,  2.89s/it]
 20%|██        | 1643/8189 [1:27:30<5:22:33,  2.96s/it]
 20%|██        | 1644/8189 [1:27:33<5:26:31,  2.99s/it]
 20%|██        | 1645/8189 [1:27:35<5:17:57,  2.92s/it]
 20%|██        | 1646/8189 [1:27:38<5:13:49,  2.88s/it]
 20%|██        | 1647/8189 [1:27:41<5:19:20,  2.93s/it]
 20%|██        | 1648/8189 [1:27:44<5:18:42,  2.92s/it]
 20%|██        | 1649/8189 [1:27:47<5:18:19,  2.92s/it]
 20%|██        | 1650/8189 [1:27:50<5:14:46,  2.89s/it]
 20%|██        | 1651/8189 [1:27:53<5:27:43,  3.01s/it]
 20%|██        | 1652/8189 [1:27:56<5:25:30,  2.99s/it]
 20%|██        | 1653/8189 [1:27:59<5:25:14,  2.99s/it]
 20%|██        | 1654/8189 [1:28:02<5:23:40,  2.97s/it]
 20%|██        | 1655/8189 [1:28:05<5:28:26,  3.02s/it]
 20%|██        | 1656/8189 [1:28:08<5:24:50,  2.98s/it]
 20%|██        | 1657/8189 [1:28:11<5:25:10,  2.99s/it]
 20%|██        | 1658/8189 [1:28:14<5:26:19,  3.00s/it]
 20%|██        | 1659/8189 [1:28:17<5:10:57,  2.86s/it]
 20%|██        | 1660/8189 [1:28:19<5:09:12,  2.84s/it]
 20%|██        | 1661/8189 [1:28:22<5:06:05,  2.81s/it]
 20%|██        | 1662/8189 [1:28:25<5:17:01,  2.91s/it]
 20%|██        | 1663/8189 [1:28:28<5:23:48,  2.98s/it]
 20%|██        | 1664/8189 [1:28:32<5:28:30,  3.02s/it]
 20%|██        | 1665/8189 [1:28:35<5:29:47,  3.03s/it]
 20%|██        | 1666/8189 [1:28:38<5:26:54,  3.01s/it]
 20%|██        | 1667/8189 [1:28:40<5:17:11,  2.92s/it]
 20%|██        | 1668/8189 [1:28:44<5:29:11,  3.03s/it]
 20%|██        | 1669/8189 [1:28:47<5:31:24,  3.05s/it]
 20%|██        | 1670/8189 [1:28:50<5:39:01,  3.12s/it]
 20%|██        | 1671/8189 [1:28:53<5:34:25,  3.08s/it]
 20%|██        | 1672/8189 [1:28:56<5:36:13,  3.10s/it]
 20%|██        | 1673/8189 [1:28:59<5:30:46,  3.05s/it]
 20%|██        | 1674/8189 [1:29:02<5:16:40,  2.92s/it]
 20%|██        | 1675/8189 [1:29:04<5:14:23,  2.90s/it]
 20%|██        | 1676/8189 [1:29:08<5:20:34,  2.95s/it]
 20%|██        | 1677/8189 [1:29:10<5:19:56,  2.95s/it]
 20%|██        | 1678/8189 [1:29:13<5:21:34,  2.96s/it]
 21%|██        | 1679/8189 [1:29:16<5:15:00,  2.90s/it]
 21%|██        | 1680/8189 [1:29:19<5:17:56,  2.93s/it]
 21%|██        | 1681/8189 [1:29:22<5:14:40,  2.90s/it]
 21%|██        | 1682/8189 [1:29:25<5:22:00,  2.97s/it]
 21%|██        | 1683/8189 [1:29:28<5:28:23,  3.03s/it]
 21%|██        | 1684/8189 [1:29:31<5:15:39,  2.91s/it]
 21%|██        | 1685/8189 [1:29:34<5:18:48,  2.94s/it]
 21%|██        | 1686/8189 [1:29:37<5:28:02,  3.03s/it]
 21%|██        | 1687/8189 [1:29:40<5:22:03,  2.97s/it]
 21%|██        | 1688/8189 [1:29:43<5:25:07,  3.00s/it]
 21%|██        | 1689/8189 [1:29:46<5:26:08,  3.01s/it]
 21%|██        | 1690/8189 [1:29:49<5:27:52,  3.03s/it]
 21%|██        | 1691/8189 [1:29:52<5:31:15,  3.06s/it]
 21%|██        | 1692/8189 [1:29:55<5:32:08,  3.07s/it]
 21%|██        | 1693/8189 [1:29:59<5:37:05,  3.11s/it]
 21%|██        | 1694/8189 [1:30:02<5:36:50,  3.11s/it]
 21%|██        | 1695/8189 [1:30:05<5:43:13,  3.17s/it]
 21%|██        | 1696/8189 [1:30:09<5:52:03,  3.25s/it]
 21%|██        | 1697/8189 [1:30:12<5:46:27,  3.20s/it]
 21%|██        | 1698/8189 [1:30:15<5:51:28,  3.25s/it]
 21%|██        | 1699/8189 [1:30:18<5:51:52,  3.25s/it]
 21%|██        | 1700/8189 [1:30:21<5:45:40,  3.20s/it]
 21%|██        | 1701/8189 [1:30:25<5:50:45,  3.24s/it]
 21%|██        | 1702/8189 [1:30:28<5:45:37,  3.20s/it]
 21%|██        | 1703/8189 [1:30:31<5:35:22,  3.10s/it]
 21%|██        | 1704/8189 [1:30:34<5:31:35,  3.07s/it]
 21%|██        | 1705/8189 [1:30:37<5:37:02,  3.12s/it]
 21%|██        | 1706/8189 [1:30:40<5:32:00,  3.07s/it]
 21%|██        | 1707/8189 [1:30:43<5:43:02,  3.18s/it]
 21%|██        | 1708/8189 [1:30:46<5:39:27,  3.14s/it]
 21%|██        | 1709/8189 [1:30:49<5:36:19,  3.11s/it]
 21%|██        | 1710/8189 [1:30:52<5:35:01,  3.10s/it]
 21%|██        | 1711/8189 [1:30:55<5:31:27,  3.07s/it]
 21%|██        | 1712/8189 [1:30:58<5:26:23,  3.02s/it]
 21%|██        | 1713/8189 [1:31:01<5:17:23,  2.94s/it]
 21%|██        | 1714/8189 [1:31:04<5:21:16,  2.98s/it]
 21%|██        | 1715/8189 [1:31:07<5:28:42,  3.05s/it]
 21%|██        | 1716/8189 [1:31:11<5:32:39,  3.08s/it]
 21%|██        | 1717/8189 [1:31:13<5:28:46,  3.05s/it]
 21%|██        | 1718/8189 [1:31:16<5:27:00,  3.03s/it]
 21%|██        | 1719/8189 [1:31:20<5:35:22,  3.11s/it]
 21%|██        | 1720/8189 [1:31:23<5:42:38,  3.18s/it]
 21%|██        | 1721/8189 [1:31:26<5:37:11,  3.13s/it]
 21%|██        | 1722/8189 [1:31:29<5:36:27,  3.12s/it]
 21%|██        | 1723/8189 [1:31:33<5:41:25,  3.17s/it]
 21%|██        | 1724/8189 [1:31:36<5:40:10,  3.16s/it]
 21%|██        | 1725/8189 [1:31:39<5:38:25,  3.14s/it]
 21%|██        | 1726/8189 [1:31:42<5:44:53,  3.20s/it]
 21%|██        | 1727/8189 [1:31:45<5:49:14,  3.24s/it]
 21%|██        | 1728/8189 [1:31:48<5:34:20,  3.10s/it]
 21%|██        | 1729/8189 [1:31:52<5:41:33,  3.17s/it]
 21%|██        | 1730/8189 [1:31:55<5:42:00,  3.18s/it]
 21%|██        | 1731/8189 [1:31:58<5:38:20,  3.14s/it]
 21%|██        | 1732/8189 [1:32:01<5:31:44,  3.08s/it]
 21%|██        | 1733/8189 [1:32:04<5:26:21,  3.03s/it]
 21%|██        | 1734/8189 [1:32:07<5:32:06,  3.09s/it]
 21%|██        | 1735/8189 [1:32:10<5:34:08,  3.11s/it]
 21%|██        | 1736/8189 [1:32:13<5:25:32,  3.03s/it]
 21%|██        | 1737/8189 [1:32:16<5:27:58,  3.05s/it]
 21%|██        | 1738/8189 [1:32:19<5:38:44,  3.15s/it]
 21%|██        | 1739/8189 [1:32:23<5:40:30,  3.17s/it]
 21%|██        | 1740/8189 [1:32:26<5:36:40,  3.13s/it]
 21%|██▏       | 1741/8189 [1:32:28<5:25:05,  3.03s/it]
 21%|██▏       | 1742/8189 [1:32:32<5:31:21,  3.08s/it]
 21%|██▏       | 1743/8189 [1:32:35<5:26:37,  3.04s/it]
 21%|██▏       | 1744/8189 [1:32:38<5:33:19,  3.10s/it]
 21%|██▏       | 1745/8189 [1:32:41<5:27:05,  3.05s/it]
 21%|██▏       | 1746/8189 [1:32:44<5:26:17,  3.04s/it]
 21%|██▏       | 1747/8189 [1:32:47<5:24:00,  3.02s/it]
 21%|██▏       | 1748/8189 [1:32:50<5:22:48,  3.01s/it]
 21%|██▏       | 1749/8189 [1:32:53<5:28:45,  3.06s/it]
 21%|██▏       | 1750/8189 [1:32:56<5:26:47,  3.05s/it]
 21%|██▏       | 1751/8189 [1:32:59<5:23:53,  3.02s/it]
 21%|██▏       | 1752/8189 [1:33:02<5:18:45,  2.97s/it]
 21%|██▏       | 1753/8189 [1:33:05<5:31:03,  3.09s/it]
 21%|██▏       | 1754/8189 [1:33:08<5:36:50,  3.14s/it]
 21%|██▏       | 1755/8189 [1:33:12<5:41:20,  3.18s/it]
 21%|██▏       | 1756/8189 [1:33:15<5:39:42,  3.17s/it]
 21%|██▏       | 1757/8189 [1:33:18<5:43:27,  3.20s/it]
 21%|██▏       | 1758/8189 [1:33:21<5:38:41,  3.16s/it]
 21%|██▏       | 1759/8189 [1:33:24<5:33:56,  3.12s/it]
 21%|██▏       | 1760/8189 [1:33:27<5:35:16,  3.13s/it]
 22%|██▏       | 1761/8189 [1:33:30<5:33:05,  3.11s/it]
 22%|██▏       | 1762/8189 [1:33:34<5:35:52,  3.14s/it]
 22%|██▏       | 1763/8189 [1:33:37<5:34:16,  3.12s/it]
 22%|██▏       | 1764/8189 [1:33:40<5:27:51,  3.06s/it]
 22%|██▏       | 1765/8189 [1:33:43<5:30:03,  3.08s/it]
 22%|██▏       | 1766/8189 [1:33:46<5:34:33,  3.13s/it]
 22%|██▏       | 1767/8189 [1:33:49<5:37:44,  3.16s/it]
 22%|██▏       | 1768/8189 [1:33:52<5:33:44,  3.12s/it]
 22%|██▏       | 1769/8189 [1:33:55<5:34:22,  3.12s/it]
 22%|██▏       | 1770/8189 [1:33:59<5:38:10,  3.16s/it]
 22%|██▏       | 1771/8189 [1:34:01<5:31:05,  3.10s/it]
 22%|██▏       | 1772/8189 [1:34:05<5:32:37,  3.11s/it]
 22%|██▏       | 1773/8189 [1:34:08<5:37:10,  3.15s/it]
 22%|██▏       | 1774/8189 [1:34:11<5:41:17,  3.19s/it]
 22%|██▏       | 1775/8189 [1:34:14<5:33:22,  3.12s/it]
 22%|██▏       | 1776/8189 [1:34:17<5:22:18,  3.02s/it]
 22%|██▏       | 1777/8189 [1:34:20<5:16:14,  2.96s/it]
 22%|██▏       | 1778/8189 [1:34:24<5:45:42,  3.24s/it]
 22%|██▏       | 1779/8189 [1:34:27<5:52:22,  3.30s/it]
 22%|██▏       | 1780/8189 [1:34:30<5:54:09,  3.32s/it]
 22%|██▏       | 1781/8189 [1:34:33<5:39:34,  3.18s/it]
 22%|██▏       | 1782/8189 [1:34:36<5:31:26,  3.10s/it]
 22%|██▏       | 1783/8189 [1:34:39<5:38:23,  3.17s/it]
 22%|██▏       | 1784/8189 [1:34:42<5:31:35,  3.11s/it]
 22%|██▏       | 1785/8189 [1:34:46<5:34:34,  3.13s/it]
 22%|██▏       | 1786/8189 [1:34:49<5:28:51,  3.08s/it]
 22%|██▏       | 1787/8189 [1:34:51<5:15:11,  2.95s/it]
 22%|██▏       | 1788/8189 [1:34:54<5:20:17,  3.00s/it]
 22%|██▏       | 1789/8189 [1:34:57<5:22:24,  3.02s/it]
 22%|██▏       | 1790/8189 [1:35:00<5:19:03,  2.99s/it]
 22%|██▏       | 1791/8189 [1:35:04<5:28:59,  3.09s/it]
 22%|██▏       | 1792/8189 [1:35:07<5:35:46,  3.15s/it]
 22%|██▏       | 1793/8189 [1:35:10<5:40:26,  3.19s/it]
 22%|██▏       | 1794/8189 [1:35:13<5:30:23,  3.10s/it]
 22%|██▏       | 1795/8189 [1:35:16<5:26:17,  3.06s/it]
 22%|██▏       | 1796/8189 [1:35:19<5:31:08,  3.11s/it]
 22%|██▏       | 1797/8189 [1:35:23<5:36:55,  3.16s/it]
 22%|██▏       | 1798/8189 [1:35:26<5:35:10,  3.15s/it]
 22%|██▏       | 1799/8189 [1:35:29<5:44:37,  3.24s/it]
 22%|██▏       | 1800/8189 [1:35:32<5:43:12,  3.22s/it]
 22%|██▏       | 1801/8189 [1:35:35<5:36:04,  3.16s/it]
 22%|██▏       | 1802/8189 [1:35:39<5:38:27,  3.18s/it]
 22%|██▏       | 1803/8189 [1:35:42<5:37:14,  3.17s/it]
 22%|██▏       | 1804/8189 [1:35:45<5:48:22,  3.27s/it]
 22%|██▏       | 1805/8189 [1:35:48<5:45:12,  3.24s/it]
 22%|██▏       | 1806/8189 [1:35:52<5:46:21,  3.26s/it]
 22%|██▏       | 1807/8189 [1:35:55<5:44:43,  3.24s/it]
 22%|██▏       | 1808/8189 [1:35:58<5:52:24,  3.31s/it]
 22%|██▏       | 1809/8189 [1:36:02<5:45:54,  3.25s/it]
 22%|██▏       | 1810/8189 [1:36:05<5:45:44,  3.25s/it]
 22%|██▏       | 1811/8189 [1:36:08<5:37:24,  3.17s/it]
 22%|██▏       | 1812/8189 [1:36:11<5:35:53,  3.16s/it]
 22%|██▏       | 1813/8189 [1:36:14<5:34:00,  3.14s/it]
 22%|██▏       | 1814/8189 [1:36:17<5:36:34,  3.17s/it]
 22%|██▏       | 1815/8189 [1:36:20<5:37:55,  3.18s/it]
 22%|██▏       | 1816/8189 [1:36:24<5:40:10,  3.20s/it]
 22%|██▏       | 1817/8189 [1:36:27<5:39:36,  3.20s/it]
 22%|██▏       | 1818/8189 [1:36:30<5:38:04,  3.18s/it]
 22%|██▏       | 1819/8189 [1:36:33<5:38:38,  3.19s/it]
 22%|██▏       | 1820/8189 [1:36:36<5:34:54,  3.16s/it]
 22%|██▏       | 1821/8189 [1:36:40<5:43:19,  3.23s/it]
 22%|██▏       | 1822/8189 [1:36:43<5:42:01,  3.22s/it]
 22%|██▏       | 1823/8189 [1:36:46<5:31:19,  3.12s/it]
 22%|██▏       | 1824/8189 [1:36:49<5:31:06,  3.12s/it]
 22%|██▏       | 1825/8189 [1:36:52<5:25:00,  3.06s/it]
 22%|██▏       | 1826/8189 [1:36:55<5:26:50,  3.08s/it]
 22%|██▏       | 1827/8189 [1:36:58<5:27:28,  3.09s/it]
 22%|██▏       | 1828/8189 [1:37:01<5:28:38,  3.10s/it]
 22%|██▏       | 1829/8189 [1:37:04<5:30:51,  3.12s/it]
 22%|██▏       | 1830/8189 [1:37:07<5:29:05,  3.11s/it]
 22%|██▏       | 1831/8189 [1:37:11<5:33:39,  3.15s/it]
 22%|██▏       | 1832/8189 [1:37:14<5:37:43,  3.19s/it]
 22%|██▏       | 1833/8189 [1:37:17<5:42:15,  3.23s/it]
 22%|██▏       | 1834/8189 [1:37:20<5:40:16,  3.21s/it]
 22%|██▏       | 1835/8189 [1:37:24<5:45:16,  3.26s/it]
 22%|██▏       | 1836/8189 [1:37:27<5:50:14,  3.31s/it]
 22%|██▏       | 1837/8189 [1:37:31<5:48:22,  3.29s/it]
 22%|██▏       | 1838/8189 [1:37:34<5:45:36,  3.27s/it]
 22%|██▏       | 1839/8189 [1:37:37<5:40:27,  3.22s/it]
 22%|██▏       | 1840/8189 [1:37:40<5:41:16,  3.23s/it]
 22%|██▏       | 1841/8189 [1:37:43<5:41:10,  3.22s/it]
 22%|██▏       | 1842/8189 [1:37:46<5:38:51,  3.20s/it]
 23%|██▎       | 1843/8189 [1:37:50<5:37:13,  3.19s/it]
 23%|██▎       | 1844/8189 [1:37:53<5:40:29,  3.22s/it]
 23%|██▎       | 1845/8189 [1:37:56<5:24:03,  3.06s/it]
 23%|██▎       | 1846/8189 [1:37:59<5:25:49,  3.08s/it]
 23%|██▎       | 1847/8189 [1:38:01<5:15:39,  2.99s/it]
 23%|██▎       | 1848/8189 [1:38:05<5:30:08,  3.12s/it]
 23%|██▎       | 1849/8189 [1:38:08<5:32:07,  3.14s/it]
 23%|██▎       | 1850/8189 [1:38:11<5:37:26,  3.19s/it]
 23%|██▎       | 1851/8189 [1:38:14<5:31:14,  3.14s/it]
 23%|██▎       | 1852/8189 [1:38:18<5:32:14,  3.15s/it]
 23%|██▎       | 1853/8189 [1:38:21<5:34:14,  3.17s/it]
 23%|██▎       | 1854/8189 [1:38:24<5:33:54,  3.16s/it]
 23%|██▎       | 1855/8189 [1:38:27<5:33:51,  3.16s/it]
 23%|██▎       | 1856/8189 [1:38:30<5:31:40,  3.14s/it]
 23%|██▎       | 1857/8189 [1:38:33<5:34:01,  3.17s/it]
 23%|██▎       | 1858/8189 [1:38:37<5:33:54,  3.16s/it]
 23%|██▎       | 1859/8189 [1:38:40<5:33:53,  3.16s/it]
 23%|██▎       | 1860/8189 [1:38:43<5:30:55,  3.14s/it]
 23%|██▎       | 1861/8189 [1:38:46<5:25:41,  3.09s/it]
 23%|██▎       | 1862/8189 [1:38:49<5:22:27,  3.06s/it]
 23%|██▎       | 1863/8189 [1:38:52<5:27:11,  3.10s/it]
 23%|██▎       | 1864/8189 [1:38:55<5:20:26,  3.04s/it]
 23%|██▎       | 1865/8189 [1:38:58<5:10:11,  2.94s/it]
 23%|██▎       | 1866/8189 [1:39:01<5:19:11,  3.03s/it]
 23%|██▎       | 1867/8189 [1:39:04<5:20:11,  3.04s/it]
 23%|██▎       | 1868/8189 [1:39:07<5:16:09,  3.00s/it]
 23%|██▎       | 1869/8189 [1:39:10<5:18:02,  3.02s/it]
 23%|██▎       | 1870/8189 [1:39:13<5:18:15,  3.02s/it]
 23%|██▎       | 1871/8189 [1:39:16<5:25:18,  3.09s/it]
 23%|██▎       | 1872/8189 [1:39:19<5:31:22,  3.15s/it]
 23%|██▎       | 1873/8189 [1:39:23<5:35:49,  3.19s/it]
 23%|██▎       | 1874/8189 [1:39:26<5:41:08,  3.24s/it]
 23%|██▎       | 1875/8189 [1:39:29<5:37:15,  3.20s/it]
 23%|██▎       | 1876/8189 [1:39:32<5:30:16,  3.14s/it]
 23%|██▎       | 1877/8189 [1:39:35<5:32:08,  3.16s/it]
 23%|██▎       | 1878/8189 [1:39:39<5:36:49,  3.20s/it]
 23%|██▎       | 1879/8189 [1:39:42<5:43:22,  3.27s/it]
 23%|██▎       | 1880/8189 [1:39:45<5:44:27,  3.28s/it]
 23%|██▎       | 1881/8189 [1:39:49<5:44:11,  3.27s/it]
 23%|██▎       | 1882/8189 [1:39:52<5:43:16,  3.27s/it]
 23%|██▎       | 1883/8189 [1:39:55<5:47:38,  3.31s/it]
 23%|██▎       | 1884/8189 [1:39:58<5:35:16,  3.19s/it]
 23%|██▎       | 1885/8189 [1:40:01<5:35:36,  3.19s/it]
 23%|██▎       | 1886/8189 [1:40:05<5:37:05,  3.21s/it]
 23%|██▎       | 1887/8189 [1:40:07<5:20:04,  3.05s/it]
 23%|██▎       | 1888/8189 [1:40:11<5:28:54,  3.13s/it]
 23%|██▎       | 1889/8189 [1:40:14<5:27:28,  3.12s/it]
 23%|██▎       | 1890/8189 [1:40:17<5:31:18,  3.16s/it]
 23%|██▎       | 1891/8189 [1:40:20<5:19:21,  3.04s/it]
 23%|██▎       | 1892/8189 [1:40:23<5:18:23,  3.03s/it]
 23%|██▎       | 1893/8189 [1:40:26<5:19:21,  3.04s/it]
 23%|██▎       | 1894/8189 [1:40:29<5:28:14,  3.13s/it]
 23%|██▎       | 1895/8189 [1:40:32<5:26:33,  3.11s/it]
 23%|██▎       | 1896/8189 [1:40:36<5:29:54,  3.15s/it]
 23%|██▎       | 1897/8189 [1:40:39<5:31:46,  3.16s/it]
 23%|██▎       | 1898/8189 [1:40:42<5:30:48,  3.16s/it]
 23%|██▎       | 1899/8189 [1:40:45<5:26:14,  3.11s/it]
 23%|██▎       | 1900/8189 [1:40:48<5:29:16,  3.14s/it]
 23%|██▎       | 1901/8189 [1:40:51<5:25:25,  3.11s/it]
 23%|██▎       | 1902/8189 [1:40:54<5:32:40,  3.17s/it]
 23%|██▎       | 1903/8189 [1:40:58<5:38:57,  3.24s/it]
 23%|██▎       | 1904/8189 [1:41:01<5:33:56,  3.19s/it]
 23%|██▎       | 1905/8189 [1:41:04<5:36:17,  3.21s/it]
 23%|██▎       | 1906/8189 [1:41:07<5:38:20,  3.23s/it]
 23%|██▎       | 1907/8189 [1:41:11<5:36:11,  3.21s/it]
 23%|██▎       | 1908/8189 [1:41:14<5:32:48,  3.18s/it]
 23%|██▎       | 1909/8189 [1:41:17<5:31:33,  3.17s/it]
 23%|██▎       | 1910/8189 [1:41:20<5:30:10,  3.16s/it]
 23%|██▎       | 1911/8189 [1:41:23<5:33:44,  3.19s/it]
 23%|██▎       | 1912/8189 [1:41:26<5:32:10,  3.18s/it]
 23%|██▎       | 1913/8189 [1:41:30<5:34:28,  3.20s/it]
 23%|██▎       | 1914/8189 [1:41:33<5:40:29,  3.26s/it]
 23%|██▎       | 1915/8189 [1:41:36<5:35:36,  3.21s/it]
 23%|██▎       | 1916/8189 [1:41:39<5:39:37,  3.25s/it]
 23%|██▎       | 1917/8189 [1:41:43<5:38:16,  3.24s/it]
 23%|██▎       | 1918/8189 [1:41:46<5:28:12,  3.14s/it]
 23%|██▎       | 1919/8189 [1:41:49<5:27:11,  3.13s/it]
 23%|██▎       | 1920/8189 [1:41:52<5:27:57,  3.14s/it]
 23%|██▎       | 1921/8189 [1:41:55<5:23:30,  3.10s/it]
 23%|██▎       | 1922/8189 [1:41:58<5:32:30,  3.18s/it]
 23%|██▎       | 1923/8189 [1:42:01<5:30:09,  3.16s/it]
 23%|██▎       | 1924/8189 [1:42:04<5:26:42,  3.13s/it]
 24%|██▎       | 1925/8189 [1:42:08<5:25:43,  3.12s/it]
 24%|██▎       | 1926/8189 [1:42:11<5:25:30,  3.12s/it]
 24%|██▎       | 1927/8189 [1:42:14<5:22:32,  3.09s/it]
 24%|██▎       | 1928/8189 [1:42:17<5:25:38,  3.12s/it]
 24%|██▎       | 1929/8189 [1:42:20<5:20:30,  3.07s/it]
 24%|██▎       | 1930/8189 [1:42:23<5:23:30,  3.10s/it]
 24%|██▎       | 1931/8189 [1:42:26<5:20:16,  3.07s/it]
 24%|██▎       | 1932/8189 [1:42:29<5:13:51,  3.01s/it]
 24%|██▎       | 1933/8189 [1:42:32<5:18:44,  3.06s/it]
 24%|██▎       | 1934/8189 [1:42:35<5:19:02,  3.06s/it]
 24%|██▎       | 1935/8189 [1:42:38<5:17:07,  3.04s/it]
 24%|██▎       | 1936/8189 [1:42:41<5:16:19,  3.04s/it]
 24%|██▎       | 1937/8189 [1:42:44<5:14:28,  3.02s/it]
 24%|██▎       | 1938/8189 [1:42:47<5:22:35,  3.10s/it]
 24%|██▎       | 1939/8189 [1:42:50<5:15:20,  3.03s/it]
 24%|██▎       | 1940/8189 [1:42:53<5:13:06,  3.01s/it]
 24%|██▎       | 1941/8189 [1:42:56<5:13:50,  3.01s/it]
 24%|██▎       | 1942/8189 [1:42:59<5:19:12,  3.07s/it]
 24%|██▎       | 1943/8189 [1:43:03<5:27:34,  3.15s/it]
 24%|██▎       | 1944/8189 [1:43:06<5:30:27,  3.17s/it]
 24%|██▍       | 1945/8189 [1:43:09<5:27:31,  3.15s/it]
 24%|██▍       | 1946/8189 [1:43:12<5:24:46,  3.12s/it]
 24%|██▍       | 1947/8189 [1:43:15<5:31:06,  3.18s/it]
 24%|██▍       | 1948/8189 [1:43:18<5:23:23,  3.11s/it]
 24%|██▍       | 1949/8189 [1:43:21<5:18:52,  3.07s/it]
 24%|██▍       | 1950/8189 [1:43:24<5:20:00,  3.08s/it]
 24%|██▍       | 1951/8189 [1:43:28<5:24:20,  3.12s/it]
 24%|██▍       | 1952/8189 [1:43:31<5:23:36,  3.11s/it]
 24%|██▍       | 1953/8189 [1:43:34<5:20:33,  3.08s/it]
 24%|██▍       | 1954/8189 [1:43:37<5:27:57,  3.16s/it]
 24%|██▍       | 1955/8189 [1:43:40<5:17:24,  3.05s/it]
 24%|██▍       | 1956/8189 [1:43:43<5:13:42,  3.02s/it]
 24%|██▍       | 1957/8189 [1:43:46<5:20:34,  3.09s/it]
 24%|██▍       | 1958/8189 [1:43:49<5:28:45,  3.17s/it]
 24%|██▍       | 1959/8189 [1:43:53<5:32:15,  3.20s/it]
 24%|██▍       | 1960/8189 [1:43:56<5:32:53,  3.21s/it]
 24%|██▍       | 1961/8189 [1:43:59<5:36:53,  3.25s/it]
 24%|██▍       | 1962/8189 [1:44:02<5:36:05,  3.24s/it]
 24%|██▍       | 1963/8189 [1:44:06<5:32:09,  3.20s/it]
 24%|██▍       | 1964/8189 [1:44:09<5:27:18,  3.15s/it]
 24%|██▍       | 1965/8189 [1:44:12<5:24:46,  3.13s/it]
 24%|██▍       | 1966/8189 [1:44:15<5:18:13,  3.07s/it]
 24%|██▍       | 1967/8189 [1:44:18<5:16:05,  3.05s/it]
 24%|██▍       | 1968/8189 [1:44:21<5:16:58,  3.06s/it]
 24%|██▍       | 1969/8189 [1:44:23<5:07:45,  2.97s/it]
 24%|██▍       | 1970/8189 [1:44:27<5:11:35,  3.01s/it]
 24%|██▍       | 1971/8189 [1:44:30<5:16:39,  3.06s/it]
 24%|██▍       | 1972/8189 [1:44:33<5:19:55,  3.09s/it]
 24%|██▍       | 1973/8189 [1:44:37<5:36:00,  3.24s/it]
 24%|██▍       | 1974/8189 [1:44:39<5:25:39,  3.14s/it]
 24%|██▍       | 1975/8189 [1:44:43<5:26:50,  3.16s/it]
 24%|██▍       | 1976/8189 [1:44:46<5:26:26,  3.15s/it]
 24%|██▍       | 1977/8189 [1:44:49<5:21:58,  3.11s/it]
 24%|██▍       | 1978/8189 [1:44:52<5:20:30,  3.10s/it]
 24%|██▍       | 1979/8189 [1:44:55<5:23:52,  3.13s/it]
 24%|██▍       | 1980/8189 [1:44:58<5:23:39,  3.13s/it]
 24%|██▍       | 1981/8189 [1:45:01<5:27:48,  3.17s/it]
 24%|██▍       | 1982/8189 [1:45:04<5:21:25,  3.11s/it]
 24%|██▍       | 1983/8189 [1:45:08<5:25:29,  3.15s/it]
 24%|██▍       | 1984/8189 [1:45:11<5:26:19,  3.16s/it]
 24%|██▍       | 1985/8189 [1:45:14<5:26:17,  3.16s/it]
 24%|██▍       | 1986/8189 [1:45:17<5:26:13,  3.16s/it]
 24%|██▍       | 1987/8189 [1:45:20<5:22:00,  3.12s/it]
 24%|██▍       | 1988/8189 [1:45:23<5:14:08,  3.04s/it]
 24%|██▍       | 1989/8189 [1:45:26<5:17:01,  3.07s/it]
 24%|██▍       | 1990/8189 [1:45:29<5:18:29,  3.08s/it]
 24%|██▍       | 1991/8189 [1:45:32<5:18:25,  3.08s/it]
 24%|██▍       | 1992/8189 [1:45:36<5:22:11,  3.12s/it]
 24%|██▍       | 1993/8189 [1:45:39<5:28:56,  3.19s/it]
 24%|██▍       | 1994/8189 [1:45:42<5:12:22,  3.03s/it]
 24%|██▍       | 1995/8189 [1:45:45<5:21:26,  3.11s/it]
 24%|██▍       | 1996/8189 [1:45:48<5:20:15,  3.10s/it]
 24%|██▍       | 1997/8189 [1:45:51<5:17:48,  3.08s/it]
 24%|██▍       | 1998/8189 [1:45:54<5:17:45,  3.08s/it]
 24%|██▍       | 1999/8189 [1:45:57<5:08:25,  2.99s/it]
 24%|██▍       | 2000/8189 [1:46:00<5:07:47,  2.98s/it]
                                                       

 24%|██▍       | 2000/8189 [1:46:00<5:07:47,  2.98s/it]

Batches:   0%|          | 0/9 [00:00<?, ?it/s][A

Batches:  56%|█████▌    | 5/9 [00:00<00:00, 42.82it/s][A
Batches: 100%|██████████| 9/9 [00:00<00:00, 49.76it/s]


Corpus Chunks:   0%|          | 0/1 [00:00<?, ?it/s][A


Batches:   0%|          | 0/9 [00:00<?, ?it/s][A[A


Batches:  44%|████▍     | 4/9 [00:00<00:00, 39.57it/s][A[A
Batches: 100%|██████████| 9/9 [00:00<00:00, 49.44it/s]


Corpus Chunks: 100%|██████████| 1/1 [00:00<00:00,  5.34it/s][A
Corpus Chunks: 100%|██████████| 1/1 [00:00<00:00,  5.32it/s]


Batches:   0%|          | 0/7 [00:00<?, ?it/s][A
Batches: 100%|██████████| 7/7 [00:00<00:00, 76.83it/s]


Batches:   0%|          | 0/7 [00:00<?, ?it/s][A

Batches: 100%|██████████| 7/7 [00:00<00:00, 68.43it/s][A
Batches: 100%|██████████| 7/7 [00:00<00:00, 68.08it/s]


Batches:   0%|          | 0/7 [00:00<?, ?it/s][A
Batches: 100%|██████████| 7/7 [00:00<00:00, 75.03it/s]

                                                       

 24%|██▍       | 2000/8189 [1:46:01<5:07:47,  2.98s/it]

Writing model shards:   0%|          | 0/1 [00:00<?, ?it/s][A

Writing model shards: 100%|██████████| 1/1 [00:01<00:00,  1.43s/it][A
Writing model shards: 100%|██████████| 1/1 [00:01<00:00,  1.43s/it]

 24%|██▍       | 2001/8189 [1:46:08<8:01:05,  4.66s/it]
 24%|██▍       | 2002/8189 [1:46:12<7:17:43,  4.24s/it]
 24%|██▍       | 2003/8189 [1:46:15<6:49:47,  3.97s/it]
 24%|██▍       | 2004/8189 [1:46:18<6:34:33,  3.83s/it]
 24%|██▍       | 2005/8189 [1:46:22<6:13:35,  3.62s/it]
 24%|██▍       | 2006/8189 [1:46:25<6:00:56,  3.50s/it]
 25%|██▍       | 2007/8189 [1:46:28<5:58:13,  3.48s/it]
 25%|██▍       | 2008/8189 [1:46:32<5:55:55,  3.46s/it]
 25%|██▍       | 2009/8189 [1:46:35<5:48:55,  3.39s/it]
 25%|██▍       | 2010/8189 [1:46:38<5:44:40,  3.35s/it]
 25%|██▍       | 2011/8189 [1:46:41<5:44:20,  3.34s/it]
 25%|██▍       | 2012/8189 [1:46:45<5:40:56,  3.31s/it]
 25%|██▍       | 2013/8189 [1:46:48<5:39:22,  3.30s/it]
 25%|██▍       | 2014/8189 [1:46:51<5:37:01,  3.27s/it]
 25%|██▍       | 2015/8189 [1:46:54<5:37:03,  3.28s/it]
 25%|██▍       | 2016/8189 [1:46:58<5:38:03,  3.29s/it]
 25%|██▍       | 2017/8189 [1:47:01<5:40:25,  3.31s/it]
 25%|██▍       | 2018/8189 [1:47:05<5:42:41,  3.33s/it]
 25%|██▍       | 2019/8189 [1:47:08<5:37:01,  3.28s/it]
 25%|██▍       | 2020/8189 [1:47:11<5:31:19,  3.22s/it]
 25%|██▍       | 2021/8189 [1:47:14<5:26:52,  3.18s/it]
 25%|██▍       | 2022/8189 [1:47:17<5:32:08,  3.23s/it]
 25%|██▍       | 2023/8189 [1:47:21<5:36:23,  3.27s/it]
 25%|██▍       | 2024/8189 [1:47:24<5:52:19,  3.43s/it]
 25%|██▍       | 2025/8189 [1:47:28<5:46:49,  3.38s/it]
 25%|██▍       | 2026/8189 [1:47:31<5:40:51,  3.32s/it]
 25%|██▍       | 2027/8189 [1:47:34<5:40:00,  3.31s/it]
 25%|██▍       | 2028/8189 [1:47:37<5:34:25,  3.26s/it]
 25%|██▍       | 2029/8189 [1:47:40<5:28:37,  3.20s/it]
 25%|██▍       | 2030/8189 [1:47:44<5:31:24,  3.23s/it]
 25%|██▍       | 2031/8189 [1:47:47<5:26:37,  3.18s/it]
 25%|██▍       | 2032/8189 [1:47:50<5:29:18,  3.21s/it]
 25%|██▍       | 2033/8189 [1:47:53<5:26:50,  3.19s/it]
 25%|██▍       | 2034/8189 [1:47:56<5:13:30,  3.06s/it]
 25%|██▍       | 2035/8189 [1:47:59<5:18:33,  3.11s/it]
 25%|██▍       | 2036/8189 [1:48:02<5:21:22,  3.13s/it]
 25%|██▍       | 2037/8189 [1:48:05<5:15:04,  3.07s/it]
 25%|██▍       | 2038/8189 [1:48:08<5:17:04,  3.09s/it]
 25%|██▍       | 2039/8189 [1:48:11<5:07:29,  3.00s/it]
 25%|██▍       | 2040/8189 [1:48:14<5:08:53,  3.01s/it]
 25%|██▍       | 2041/8189 [1:48:17<5:15:34,  3.08s/it]
 25%|██▍       | 2042/8189 [1:48:21<5:24:35,  3.17s/it]
 25%|██▍       | 2043/8189 [1:48:24<5:25:33,  3.18s/it]
 25%|██▍       | 2044/8189 [1:48:27<5:26:13,  3.19s/it]
 25%|██▍       | 2045/8189 [1:48:30<5:20:17,  3.13s/it]
 25%|██▍       | 2046/8189 [1:48:33<5:17:29,  3.10s/it]
 25%|██▍       | 2047/8189 [1:48:36<5:14:33,  3.07s/it]
 25%|██▌       | 2048/8189 [1:48:39<5:19:54,  3.13s/it]
 25%|██▌       | 2049/8189 [1:48:43<5:24:47,  3.17s/it]
 25%|██▌       | 2050/8189 [1:48:46<5:21:05,  3.14s/it]
 25%|██▌       | 2051/8189 [1:48:49<5:25:50,  3.19s/it]
 25%|██▌       | 2052/8189 [1:48:52<5:14:43,  3.08s/it]
 25%|██▌       | 2053/8189 [1:48:55<5:21:13,  3.14s/it]
 25%|██▌       | 2054/8189 [1:48:58<5:17:03,  3.10s/it]
 25%|██▌       | 2055/8189 [1:49:01<5:22:08,  3.15s/it]
 25%|██▌       | 2056/8189 [1:49:05<5:24:05,  3.17s/it]
 25%|██▌       | 2057/8189 [1:49:08<5:21:28,  3.15s/it]
 25%|██▌       | 2058/8189 [1:49:11<5:23:00,  3.16s/it]
 25%|██▌       | 2059/8189 [1:49:14<5:23:10,  3.16s/it]
 25%|██▌       | 2060/8189 [1:49:17<5:22:35,  3.16s/it]
 25%|██▌       | 2061/8189 [1:49:21<5:27:12,  3.20s/it]
 25%|██▌       | 2062/8189 [1:49:24<5:31:47,  3.25s/it]
 25%|██▌       | 2063/8189 [1:49:27<5:34:48,  3.28s/it]
 25%|██▌       | 2064/8189 [1:49:31<5:33:02,  3.26s/it]
 25%|██▌       | 2065/8189 [1:49:34<5:27:45,  3.21s/it]
 25%|██▌       | 2066/8189 [1:49:37<5:21:54,  3.15s/it]
 25%|██▌       | 2067/8189 [1:49:39<5:10:09,  3.04s/it]
 25%|██▌       | 2068/8189 [1:49:43<5:16:33,  3.10s/it]
 25%|██▌       | 2069/8189 [1:49:46<5:09:05,  3.03s/it]
 25%|██▌       | 2070/8189 [1:49:49<5:09:02,  3.03s/it]
 25%|██▌       | 2071/8189 [1:49:52<5:10:20,  3.04s/it]
 25%|██▌       | 2072/8189 [1:49:54<4:54:55,  2.89s/it]
 25%|██▌       | 2073/8189 [1:49:57<5:01:09,  2.95s/it]
 25%|██▌       | 2074/8189 [1:50:00<4:53:38,  2.88s/it]
 25%|██▌       | 2075/8189 [1:50:03<4:49:08,  2.84s/it]
 25%|██▌       | 2076/8189 [1:50:06<4:54:15,  2.89s/it]
 25%|██▌       | 2077/8189 [1:50:09<5:20:01,  3.14s/it]
 25%|██▌       | 2078/8189 [1:50:12<5:13:51,  3.08s/it]
 25%|██▌       | 2079/8189 [1:50:16<5:18:04,  3.12s/it]
 25%|██▌       | 2080/8189 [1:50:19<5:16:10,  3.11s/it]
 25%|██▌       | 2081/8189 [1:50:22<5:19:36,  3.14s/it]
 25%|██▌       | 2082/8189 [1:50:25<5:22:31,  3.17s/it]
 25%|██▌       | 2083/8189 [1:50:28<5:21:21,  3.16s/it]
 25%|██▌       | 2084/8189 [1:50:31<5:19:08,  3.14s/it]
 25%|██▌       | 2085/8189 [1:50:34<5:17:30,  3.12s/it]
 25%|██▌       | 2086/8189 [1:50:37<5:14:04,  3.09s/it]
 25%|██▌       | 2087/8189 [1:50:41<5:15:04,  3.10s/it]
 25%|██▌       | 2088/8189 [1:50:43<5:04:27,  2.99s/it]
 26%|██▌       | 2089/8189 [1:50:46<5:03:26,  2.98s/it]
 26%|██▌       | 2090/8189 [1:50:49<5:06:40,  3.02s/it]
 26%|██▌       | 2091/8189 [1:50:52<5:03:16,  2.98s/it]
 26%|██▌       | 2092/8189 [1:50:55<5:09:19,  3.04s/it]
 26%|██▌       | 2093/8189 [1:50:59<5:13:00,  3.08s/it]
 26%|██▌       | 2094/8189 [1:51:02<5:17:55,  3.13s/it]
 26%|██▌       | 2095/8189 [1:51:05<5:19:49,  3.15s/it]
 26%|██▌       | 2096/8189 [1:51:08<5:17:28,  3.13s/it]
 26%|██▌       | 2097/8189 [1:51:11<5:20:22,  3.16s/it]
 26%|██▌       | 2098/8189 [1:51:14<5:17:53,  3.13s/it]
 26%|██▌       | 2099/8189 [1:51:18<5:28:16,  3.23s/it]
 26%|██▌       | 2100/8189 [1:51:21<5:30:26,  3.26s/it]
 26%|██▌       | 2101/8189 [1:51:25<5:36:38,  3.32s/it]
 26%|██▌       | 2102/8189 [1:51:28<5:27:34,  3.23s/it]
 26%|██▌       | 2103/8189 [1:51:31<5:26:25,  3.22s/it]
 26%|██▌       | 2104/8189 [1:51:34<5:30:28,  3.26s/it]
 26%|██▌       | 2105/8189 [1:51:38<5:31:54,  3.27s/it]
 26%|██▌       | 2106/8189 [1:51:41<5:28:45,  3.24s/it]
 26%|██▌       | 2107/8189 [1:51:44<5:15:30,  3.11s/it]
 26%|██▌       | 2108/8189 [1:51:47<5:15:50,  3.12s/it]
 26%|██▌       | 2109/8189 [1:51:50<5:17:10,  3.13s/it]
 26%|██▌       | 2110/8189 [1:51:53<5:16:32,  3.12s/it]
 26%|██▌       | 2111/8189 [1:51:56<5:21:30,  3.17s/it]
 26%|██▌       | 2112/8189 [1:51:59<5:20:51,  3.17s/it]
 26%|██▌       | 2113/8189 [1:52:02<5:13:09,  3.09s/it]
 26%|██▌       | 2114/8189 [1:52:06<5:16:24,  3.12s/it]
 26%|██▌       | 2115/8189 [1:52:09<5:15:41,  3.12s/it]
 26%|██▌       | 2116/8189 [1:52:12<5:17:16,  3.13s/it]
 26%|██▌       | 2117/8189 [1:52:15<5:12:50,  3.09s/it]
 26%|██▌       | 2118/8189 [1:52:18<5:23:52,  3.20s/it]
 26%|██▌       | 2119/8189 [1:52:21<5:23:42,  3.20s/it]
 26%|██▌       | 2120/8189 [1:52:25<5:23:26,  3.20s/it]
 26%|██▌       | 2121/8189 [1:52:28<5:24:53,  3.21s/it]
 26%|██▌       | 2122/8189 [1:52:31<5:26:42,  3.23s/it]
 26%|██▌       | 2123/8189 [1:52:34<5:22:51,  3.19s/it]
 26%|██▌       | 2124/8189 [1:52:37<5:18:45,  3.15s/it]
 26%|██▌       | 2125/8189 [1:52:40<5:18:30,  3.15s/it]
 26%|██▌       | 2126/8189 [1:52:44<5:23:55,  3.21s/it]
 26%|██▌       | 2127/8189 [1:52:47<5:24:52,  3.22s/it]
 26%|██▌       | 2128/8189 [1:52:50<5:19:09,  3.16s/it]
 26%|██▌       | 2129/8189 [1:52:53<5:10:20,  3.07s/it]
 26%|██▌       | 2130/8189 [1:52:56<5:04:45,  3.02s/it]
 26%|██▌       | 2131/8189 [1:52:59<5:07:42,  3.05s/it]
 26%|██▌       | 2132/8189 [1:53:02<5:15:01,  3.12s/it]
 26%|██▌       | 2133/8189 [1:53:05<5:07:22,  3.05s/it]
 26%|██▌       | 2134/8189 [1:53:08<5:08:37,  3.06s/it]
 26%|██▌       | 2135/8189 [1:53:11<5:04:46,  3.02s/it]
 26%|██▌       | 2136/8189 [1:53:14<5:09:16,  3.07s/it]
 26%|██▌       | 2137/8189 [1:53:17<5:10:23,  3.08s/it]
 26%|██▌       | 2138/8189 [1:53:21<5:15:38,  3.13s/it]
 26%|██▌       | 2139/8189 [1:53:24<5:08:31,  3.06s/it]
 26%|██▌       | 2140/8189 [1:53:27<5:09:58,  3.07s/it]
 26%|██▌       | 2141/8189 [1:53:30<5:11:51,  3.09s/it]
 26%|██▌       | 2142/8189 [1:53:33<5:15:17,  3.13s/it]
 26%|██▌       | 2143/8189 [1:53:36<5:12:00,  3.10s/it]
 26%|██▌       | 2144/8189 [1:53:39<5:18:42,  3.16s/it]
 26%|██▌       | 2145/8189 [1:53:42<5:10:02,  3.08s/it]
 26%|██▌       | 2146/8189 [1:53:45<4:56:59,  2.95s/it]
 26%|██▌       | 2147/8189 [1:53:48<4:54:50,  2.93s/it]
 26%|██▌       | 2148/8189 [1:53:51<5:03:15,  3.01s/it]
 26%|██▌       | 2149/8189 [1:53:54<5:09:10,  3.07s/it]
 26%|██▋       | 2150/8189 [1:53:57<5:10:24,  3.08s/it]
 26%|██▋       | 2151/8189 [1:54:01<5:18:02,  3.16s/it]
 26%|██▋       | 2152/8189 [1:54:04<5:23:33,  3.22s/it]
 26%|██▋       | 2153/8189 [1:54:07<5:22:54,  3.21s/it]
 26%|██▋       | 2154/8189 [1:54:10<5:24:25,  3.23s/it]
 26%|██▋       | 2155/8189 [1:54:13<5:15:47,  3.14s/it]
 26%|██▋       | 2156/8189 [1:54:17<5:23:05,  3.21s/it]
 26%|██▋       | 2157/8189 [1:54:20<5:16:44,  3.15s/it]
 26%|██▋       | 2158/8189 [1:54:23<5:21:19,  3.20s/it]
 26%|██▋       | 2159/8189 [1:54:26<5:13:04,  3.12s/it]
 26%|██▋       | 2160/8189 [1:54:29<5:10:29,  3.09s/it]
 26%|██▋       | 2161/8189 [1:54:32<5:13:16,  3.12s/it]
 26%|██▋       | 2162/8189 [1:54:35<5:14:54,  3.14s/it]
 26%|██▋       | 2163/8189 [1:54:38<5:00:55,  3.00s/it]
 26%|██▋       | 2164/8189 [1:54:41<5:01:44,  3.00s/it]
 26%|██▋       | 2165/8189 [1:54:44<4:56:47,  2.96s/it]
 26%|██▋       | 2166/8189 [1:54:47<5:01:31,  3.00s/it]
 26%|██▋       | 2167/8189 [1:54:50<5:03:24,  3.02s/it]
 26%|██▋       | 2168/8189 [1:54:53<5:08:45,  3.08s/it]
 26%|██▋       | 2169/8189 [1:54:57<5:12:36,  3.12s/it]
 26%|██▋       | 2170/8189 [1:55:00<5:21:05,  3.20s/it]
 27%|██▋       | 2171/8189 [1:55:03<5:20:39,  3.20s/it]
 27%|██▋       | 2172/8189 [1:55:06<5:26:12,  3.25s/it]
 27%|██▋       | 2173/8189 [1:55:10<5:20:56,  3.20s/it]
 27%|██▋       | 2174/8189 [1:55:12<5:12:14,  3.11s/it]
 27%|██▋       | 2175/8189 [1:55:16<5:15:00,  3.14s/it]
 27%|██▋       | 2176/8189 [1:55:19<5:17:23,  3.17s/it]
 27%|██▋       | 2177/8189 [1:55:22<5:21:43,  3.21s/it]
 27%|██▋       | 2178/8189 [1:55:25<5:18:58,  3.18s/it]
 27%|██▋       | 2179/8189 [1:55:29<5:23:31,  3.23s/it]
 27%|██▋       | 2180/8189 [1:55:32<5:16:39,  3.16s/it]
 27%|██▋       | 2181/8189 [1:55:35<5:15:25,  3.15s/it]
 27%|██▋       | 2182/8189 [1:55:38<5:11:11,  3.11s/it]
 27%|██▋       | 2183/8189 [1:55:41<5:07:01,  3.07s/it]
 27%|██▋       | 2184/8189 [1:55:44<5:09:15,  3.09s/it]
 27%|██▋       | 2185/8189 [1:55:47<5:12:27,  3.12s/it]
 27%|██▋       | 2186/8189 [1:55:50<5:09:18,  3.09s/it]
 27%|██▋       | 2187/8189 [1:55:53<5:10:16,  3.10s/it]
 27%|██▋       | 2188/8189 [1:55:56<5:13:14,  3.13s/it]
 27%|██▋       | 2189/8189 [1:56:00<5:15:17,  3.15s/it]
 27%|██▋       | 2190/8189 [1:56:03<5:12:29,  3.13s/it]
 27%|██▋       | 2191/8189 [1:56:06<5:20:14,  3.20s/it]
 27%|██▋       | 2192/8189 [1:56:09<5:16:20,  3.17s/it]
 27%|██▋       | 2193/8189 [1:56:12<5:11:40,  3.12s/it]
 27%|██▋       | 2194/8189 [1:56:15<5:13:56,  3.14s/it]
 27%|██▋       | 2195/8189 [1:56:18<5:07:40,  3.08s/it]
 27%|██▋       | 2196/8189 [1:56:21<5:06:57,  3.07s/it]
 27%|██▋       | 2197/8189 [1:56:24<5:05:11,  3.06s/it]
 27%|██▋       | 2198/8189 [1:56:28<5:08:34,  3.09s/it]
 27%|██▋       | 2199/8189 [1:56:31<5:05:53,  3.06s/it]
 27%|██▋       | 2200/8189 [1:56:34<5:12:36,  3.13s/it]
 27%|██▋       | 2201/8189 [1:56:37<5:16:54,  3.18s/it]
 27%|██▋       | 2202/8189 [1:56:40<5:19:26,  3.20s/it]
 27%|██▋       | 2203/8189 [1:56:44<5:18:31,  3.19s/it]
 27%|██▋       | 2204/8189 [1:56:47<5:18:11,  3.19s/it]
 27%|██▋       | 2205/8189 [1:56:50<5:20:44,  3.22s/it]
 27%|██▋       | 2206/8189 [1:56:53<5:16:14,  3.17s/it]
 27%|██▋       | 2207/8189 [1:56:56<5:17:17,  3.18s/it]
 27%|██▋       | 2208/8189 [1:56:59<5:15:12,  3.16s/it]
 27%|██▋       | 2209/8189 [1:57:02<5:06:23,  3.07s/it]
 27%|██▋       | 2210/8189 [1:57:06<5:10:16,  3.11s/it]
 27%|██▋       | 2211/8189 [1:57:09<5:13:44,  3.15s/it]
 27%|██▋       | 2212/8189 [1:57:12<5:07:51,  3.09s/it]
 27%|██▋       | 2213/8189 [1:57:14<4:55:32,  2.97s/it]
 27%|██▋       | 2214/8189 [1:57:18<5:00:46,  3.02s/it]
 27%|██▋       | 2215/8189 [1:57:21<5:07:39,  3.09s/it]
 27%|██▋       | 2216/8189 [1:57:24<5:13:28,  3.15s/it]
 27%|██▋       | 2217/8189 [1:57:27<5:14:52,  3.16s/it]
 27%|██▋       | 2218/8189 [1:57:30<5:00:27,  3.02s/it]
 27%|██▋       | 2219/8189 [1:57:33<5:02:40,  3.04s/it]
 27%|██▋       | 2220/8189 [1:57:36<4:59:54,  3.01s/it]
 27%|██▋       | 2221/8189 [1:57:39<5:02:11,  3.04s/it]
 27%|██▋       | 2222/8189 [1:57:42<5:05:14,  3.07s/it]
 27%|██▋       | 2223/8189 [1:57:45<4:56:45,  2.98s/it]
 27%|██▋       | 2224/8189 [1:57:48<4:58:11,  3.00s/it]
 27%|██▋       | 2225/8189 [1:57:51<5:00:44,  3.03s/it]
 27%|██▋       | 2226/8189 [1:57:54<5:01:27,  3.03s/it]
 27%|██▋       | 2227/8189 [1:57:57<5:04:34,  3.07s/it]
 27%|██▋       | 2228/8189 [1:58:00<5:07:18,  3.09s/it]
 27%|██▋       | 2229/8189 [1:58:04<5:13:37,  3.16s/it]
 27%|██▋       | 2230/8189 [1:58:07<5:17:33,  3.20s/it]
 27%|██▋       | 2231/8189 [1:58:10<5:12:58,  3.15s/it]
 27%|██▋       | 2232/8189 [1:58:13<5:12:54,  3.15s/it]
 27%|██▋       | 2233/8189 [1:58:16<5:13:03,  3.15s/it]
 27%|██▋       | 2234/8189 [1:58:20<5:20:41,  3.23s/it]
 27%|██▋       | 2235/8189 [1:58:23<5:17:01,  3.19s/it]
 27%|██▋       | 2236/8189 [1:58:26<5:10:45,  3.13s/it]
 27%|██▋       | 2237/8189 [1:58:29<5:14:29,  3.17s/it]
 27%|██▋       | 2238/8189 [1:58:32<5:16:12,  3.19s/it]
 27%|██▋       | 2239/8189 [1:58:35<5:10:03,  3.13s/it]
 27%|██▋       | 2240/8189 [1:58:39<5:22:03,  3.25s/it]
 27%|██▋       | 2241/8189 [1:58:42<5:16:23,  3.19s/it]
 27%|██▋       | 2242/8189 [1:58:45<5:14:42,  3.18s/it]
 27%|██▋       | 2243/8189 [1:58:48<5:12:05,  3.15s/it]
 27%|██▋       | 2244/8189 [1:58:51<5:10:57,  3.14s/it]
 27%|██▋       | 2245/8189 [1:58:55<5:12:43,  3.16s/it]
 27%|██▋       | 2246/8189 [1:58:58<5:22:12,  3.25s/it]
 27%|██▋       | 2247/8189 [1:59:01<5:19:48,  3.23s/it]
 27%|██▋       | 2248/8189 [1:59:04<5:20:13,  3.23s/it]
 27%|██▋       | 2249/8189 [1:59:08<5:17:58,  3.21s/it]
 27%|██▋       | 2250/8189 [1:59:11<5:17:10,  3.20s/it]
 27%|██▋       | 2251/8189 [1:59:14<5:12:21,  3.16s/it]
 28%|██▊       | 2252/8189 [1:59:17<5:12:11,  3.16s/it]
 28%|██▊       | 2253/8189 [1:59:20<5:11:38,  3.15s/it]
 28%|██▊       | 2254/8189 [1:59:23<5:10:02,  3.13s/it]
 28%|██▊       | 2255/8189 [1:59:26<5:11:41,  3.15s/it]
 28%|██▊       | 2256/8189 [1:59:29<5:09:13,  3.13s/it]
 28%|██▊       | 2257/8189 [1:59:32<5:03:40,  3.07s/it]
 28%|██▊       | 2258/8189 [1:59:36<5:13:47,  3.17s/it]
 28%|██▊       | 2259/8189 [1:59:39<5:09:15,  3.13s/it]
 28%|██▊       | 2260/8189 [1:59:42<5:16:27,  3.20s/it]
 28%|██▊       | 2261/8189 [1:59:45<5:06:57,  3.11s/it]
 28%|██▊       | 2262/8189 [1:59:48<5:06:08,  3.10s/it]
 28%|██▊       | 2263/8189 [1:59:51<5:12:09,  3.16s/it]
 28%|██▊       | 2264/8189 [1:59:55<5:08:11,  3.12s/it]
 28%|██▊       | 2265/8189 [1:59:58<5:15:51,  3.20s/it]
 28%|██▊       | 2266/8189 [2:00:01<5:17:52,  3.22s/it]
 28%|██▊       | 2267/8189 [2:00:04<5:08:45,  3.13s/it]
 28%|██▊       | 2268/8189 [2:00:07<5:03:52,  3.08s/it]
 28%|██▊       | 2269/8189 [2:00:10<5:01:28,  3.06s/it]
 28%|██▊       | 2270/8189 [2:00:13<5:02:50,  3.07s/it]
 28%|██▊       | 2271/8189 [2:00:16<5:03:02,  3.07s/it]
 28%|██▊       | 2272/8189 [2:00:19<5:02:48,  3.07s/it]
 28%|██▊       | 2273/8189 [2:00:22<5:05:01,  3.09s/it]
 28%|██▊       | 2274/8189 [2:00:25<5:00:07,  3.04s/it]
 28%|██▊       | 2275/8189 [2:00:28<5:01:53,  3.06s/it]
 28%|██▊       | 2276/8189 [2:00:32<5:12:11,  3.17s/it]
 28%|██▊       | 2277/8189 [2:00:35<5:09:43,  3.14s/it]
 28%|██▊       | 2278/8189 [2:00:38<5:13:38,  3.18s/it]
 28%|██▊       | 2279/8189 [2:00:41<5:09:01,  3.14s/it]
 28%|██▊       | 2280/8189 [2:00:44<5:05:24,  3.10s/it]
 28%|██▊       | 2281/8189 [2:00:47<5:04:16,  3.09s/it]
 28%|██▊       | 2282/8189 [2:00:51<5:12:15,  3.17s/it]
 28%|██▊       | 2283/8189 [2:00:54<5:13:39,  3.19s/it]
 28%|██▊       | 2284/8189 [2:00:57<5:17:53,  3.23s/it]
 28%|██▊       | 2285/8189 [2:01:00<5:16:17,  3.21s/it]
 28%|██▊       | 2286/8189 [2:01:04<5:21:08,  3.26s/it]
 28%|██▊       | 2287/8189 [2:01:07<5:22:14,  3.28s/it]
 28%|██▊       | 2288/8189 [2:01:10<5:18:07,  3.23s/it]
 28%|██▊       | 2289/8189 [2:01:13<5:09:53,  3.15s/it]
 28%|██▊       | 2290/8189 [2:01:16<5:11:06,  3.16s/it]
 28%|██▊       | 2291/8189 [2:01:20<5:17:36,  3.23s/it]
 28%|██▊       | 2292/8189 [2:01:23<5:14:50,  3.20s/it]
 28%|██▊       | 2293/8189 [2:01:26<5:02:05,  3.07s/it]
 28%|██▊       | 2294/8189 [2:01:29<5:11:36,  3.17s/it]
 28%|██▊       | 2295/8189 [2:01:32<5:16:21,  3.22s/it]
 28%|██▊       | 2296/8189 [2:01:36<5:14:01,  3.20s/it]
 28%|██▊       | 2297/8189 [2:01:39<5:16:39,  3.22s/it]
 28%|██▊       | 2298/8189 [2:01:42<5:11:09,  3.17s/it]
 28%|██▊       | 2299/8189 [2:01:45<5:02:44,  3.08s/it]
 28%|██▊       | 2300/8189 [2:01:48<5:05:18,  3.11s/it]
 28%|██▊       | 2301/8189 [2:01:51<5:11:41,  3.18s/it]
 28%|██▊       | 2302/8189 [2:01:54<5:10:43,  3.17s/it]
 28%|██▊       | 2303/8189 [2:01:58<5:08:54,  3.15s/it]
 28%|██▊       | 2304/8189 [2:02:01<5:04:43,  3.11s/it]
 28%|██▊       | 2305/8189 [2:02:04<5:08:23,  3.14s/it]
 28%|██▊       | 2306/8189 [2:02:07<5:16:05,  3.22s/it]
 28%|██▊       | 2307/8189 [2:02:10<5:13:37,  3.20s/it]
 28%|██▊       | 2308/8189 [2:02:14<5:17:13,  3.24s/it]
 28%|██▊       | 2309/8189 [2:02:17<5:17:31,  3.24s/it]
 28%|██▊       | 2310/8189 [2:02:20<5:05:19,  3.12s/it]
 28%|██▊       | 2311/8189 [2:02:23<5:18:18,  3.25s/it]
 28%|██▊       | 2312/8189 [2:02:27<5:24:15,  3.31s/it]
 28%|██▊       | 2313/8189 [2:02:30<5:25:14,  3.32s/it]
 28%|██▊       | 2314/8189 [2:02:33<5:24:23,  3.31s/it]
 28%|██▊       | 2315/8189 [2:02:37<5:20:49,  3.28s/it]
 28%|██▊       | 2316/8189 [2:02:40<5:27:40,  3.35s/it]
 28%|██▊       | 2317/8189 [2:02:44<5:38:55,  3.46s/it]
 28%|██▊       | 2318/8189 [2:02:48<5:45:14,  3.53s/it]
 28%|██▊       | 2319/8189 [2:02:51<5:33:55,  3.41s/it]
 28%|██▊       | 2320/8189 [2:02:54<5:31:57,  3.39s/it]
 28%|██▊       | 2321/8189 [2:02:57<5:31:43,  3.39s/it]
 28%|██▊       | 2322/8189 [2:03:01<5:23:54,  3.31s/it]
 28%|██▊       | 2323/8189 [2:03:03<5:10:44,  3.18s/it]
 28%|██▊       | 2324/8189 [2:03:06<5:07:52,  3.15s/it]
 28%|██▊       | 2325/8189 [2:03:10<5:05:56,  3.13s/it]
 28%|██▊       | 2326/8189 [2:03:12<4:56:29,  3.03s/it]
 28%|██▊       | 2327/8189 [2:03:16<4:59:47,  3.07s/it]
 28%|██▊       | 2328/8189 [2:03:19<5:02:18,  3.09s/it]
 28%|██▊       | 2329/8189 [2:03:22<5:05:39,  3.13s/it]
 28%|██▊       | 2330/8189 [2:03:25<4:54:53,  3.02s/it]
 28%|██▊       | 2331/8189 [2:03:28<5:00:23,  3.08s/it]
 28%|██▊       | 2332/8189 [2:03:31<4:59:08,  3.06s/it]
 28%|██▊       | 2333/8189 [2:03:34<5:06:37,  3.14s/it]
 29%|██▊       | 2334/8189 [2:03:37<5:08:56,  3.17s/it]
 29%|██▊       | 2335/8189 [2:03:41<5:09:22,  3.17s/it]
 29%|██▊       | 2336/8189 [2:03:43<5:00:02,  3.08s/it]
 29%|██▊       | 2337/8189 [2:03:47<5:01:36,  3.09s/it]
 29%|██▊       | 2338/8189 [2:03:50<5:01:59,  3.10s/it]
 29%|██▊       | 2339/8189 [2:03:53<5:09:19,  3.17s/it]
 29%|██▊       | 2340/8189 [2:03:56<4:47:50,  2.95s/it]
 29%|██▊       | 2341/8189 [2:03:59<4:50:26,  2.98s/it]
 29%|██▊       | 2342/8189 [2:04:02<4:59:00,  3.07s/it]
 29%|██▊       | 2343/8189 [2:04:05<4:51:33,  2.99s/it]
 29%|██▊       | 2344/8189 [2:04:08<4:54:22,  3.02s/it]
 29%|██▊       | 2345/8189 [2:04:11<5:02:14,  3.10s/it]
 29%|██▊       | 2346/8189 [2:04:14<5:05:45,  3.14s/it]
 29%|██▊       | 2347/8189 [2:04:17<5:05:24,  3.14s/it]
 29%|██▊       | 2348/8189 [2:04:20<4:59:05,  3.07s/it]
 29%|██▊       | 2349/8189 [2:04:23<5:00:39,  3.09s/it]
 29%|██▊       | 2350/8189 [2:04:27<5:06:53,  3.15s/it]
 29%|██▊       | 2351/8189 [2:04:30<5:01:06,  3.09s/it]
 29%|██▊       | 2352/8189 [2:04:32<4:51:22,  3.00s/it]
 29%|██▊       | 2353/8189 [2:04:36<5:06:39,  3.15s/it]
 29%|██▊       | 2354/8189 [2:04:39<5:07:34,  3.16s/it]
 29%|██▉       | 2355/8189 [2:04:42<5:07:11,  3.16s/it]
 29%|██▉       | 2356/8189 [2:04:45<5:05:28,  3.14s/it]
 29%|██▉       | 2357/8189 [2:04:49<5:10:39,  3.20s/it]
 29%|██▉       | 2358/8189 [2:04:52<5:06:43,  3.16s/it]
 29%|██▉       | 2359/8189 [2:04:55<5:07:03,  3.16s/it]
 29%|██▉       | 2360/8189 [2:04:58<5:10:30,  3.20s/it]
 29%|██▉       | 2361/8189 [2:05:01<5:10:57,  3.20s/it]
 29%|██▉       | 2362/8189 [2:05:05<5:06:32,  3.16s/it]
 29%|██▉       | 2363/8189 [2:05:08<5:02:12,  3.11s/it]
 29%|██▉       | 2364/8189 [2:05:11<5:06:38,  3.16s/it]
 29%|██▉       | 2365/8189 [2:05:14<5:07:07,  3.16s/it]
 29%|██▉       | 2366/8189 [2:05:17<5:00:03,  3.09s/it]
 29%|██▉       | 2367/8189 [2:05:20<4:58:42,  3.08s/it]
 29%|██▉       | 2368/8189 [2:05:23<4:56:05,  3.05s/it]
 29%|██▉       | 2369/8189 [2:05:26<4:58:49,  3.08s/it]
 29%|██▉       | 2370/8189 [2:05:30<5:11:05,  3.21s/it]
 29%|██▉       | 2371/8189 [2:05:32<4:56:15,  3.06s/it]
 29%|██▉       | 2372/8189 [2:05:36<5:14:00,  3.24s/it]
 29%|██▉       | 2373/8189 [2:05:40<5:25:37,  3.36s/it]
 29%|██▉       | 2374/8189 [2:05:43<5:28:35,  3.39s/it]
 29%|██▉       | 2375/8189 [2:05:46<5:26:11,  3.37s/it]
 29%|██▉       | 2376/8189 [2:05:49<5:11:08,  3.21s/it]
 29%|██▉       | 2377/8189 [2:05:52<4:49:04,  2.98s/it]
 29%|██▉       | 2378/8189 [2:05:55<4:48:49,  2.98s/it]
 29%|██▉       | 2379/8189 [2:05:58<4:53:51,  3.03s/it]
 29%|██▉       | 2380/8189 [2:06:01<4:59:53,  3.10s/it]
 29%|██▉       | 2381/8189 [2:06:04<5:05:21,  3.15s/it]
 29%|██▉       | 2382/8189 [2:06:07<5:04:33,  3.15s/it]
 29%|██▉       | 2383/8189 [2:06:11<5:02:14,  3.12s/it]
 29%|██▉       | 2384/8189 [2:06:14<5:07:01,  3.17s/it]
 29%|██▉       | 2385/8189 [2:06:17<4:54:55,  3.05s/it]
 29%|██▉       | 2386/8189 [2:06:20<4:56:28,  3.07s/it]
 29%|██▉       | 2387/8189 [2:06:23<5:10:00,  3.21s/it]
 29%|██▉       | 2388/8189 [2:06:26<5:05:18,  3.16s/it]
 29%|██▉       | 2389/8189 [2:06:29<5:03:30,  3.14s/it]
 29%|██▉       | 2390/8189 [2:06:32<5:02:02,  3.13s/it]
 29%|██▉       | 2391/8189 [2:06:36<5:05:58,  3.17s/it]
 29%|██▉       | 2392/8189 [2:06:39<5:03:11,  3.14s/it]
 29%|██▉       | 2393/8189 [2:06:42<5:01:55,  3.13s/it]
 29%|██▉       | 2394/8189 [2:06:45<4:59:35,  3.10s/it]
 29%|██▉       | 2395/8189 [2:06:48<5:04:33,  3.15s/it]
 29%|██▉       | 2396/8189 [2:06:52<5:08:21,  3.19s/it]
 29%|██▉       | 2397/8189 [2:06:55<5:08:26,  3.20s/it]
 29%|██▉       | 2398/8189 [2:06:58<5:15:15,  3.27s/it]
 29%|██▉       | 2399/8189 [2:07:01<5:15:07,  3.27s/it]
 29%|██▉       | 2400/8189 [2:07:04<5:01:51,  3.13s/it]
 29%|██▉       | 2401/8189 [2:07:07<5:05:56,  3.17s/it]
 29%|██▉       | 2402/8189 [2:07:11<5:18:22,  3.30s/it]
 29%|██▉       | 2403/8189 [2:07:14<5:08:04,  3.19s/it]
 29%|██▉       | 2404/8189 [2:07:17<5:05:43,  3.17s/it]
 29%|██▉       | 2405/8189 [2:07:20<5:05:40,  3.17s/it]
 29%|██▉       | 2406/8189 [2:07:24<5:07:15,  3.19s/it]
 29%|██▉       | 2407/8189 [2:07:27<5:09:43,  3.21s/it]
 29%|██▉       | 2408/8189 [2:07:30<5:05:03,  3.17s/it]
 29%|██▉       | 2409/8189 [2:07:33<5:07:52,  3.20s/it]
 29%|██▉       | 2410/8189 [2:07:36<5:07:42,  3.19s/it]
 29%|██▉       | 2411/8189 [2:07:40<5:07:20,  3.19s/it]
 29%|██▉       | 2412/8189 [2:07:43<5:05:39,  3.17s/it]
 29%|██▉       | 2413/8189 [2:07:46<4:58:50,  3.10s/it]
 29%|██▉       | 2414/8189 [2:07:49<4:55:00,  3.06s/it]
 29%|██▉       | 2415/8189 [2:07:52<4:57:19,  3.09s/it]
 30%|██▉       | 2416/8189 [2:07:55<5:01:07,  3.13s/it]
 30%|██▉       | 2417/8189 [2:07:58<4:58:11,  3.10s/it]
 30%|██▉       | 2418/8189 [2:08:01<4:57:55,  3.10s/it]
 30%|██▉       | 2419/8189 [2:08:04<4:55:31,  3.07s/it]
 30%|██▉       | 2420/8189 [2:08:07<4:54:21,  3.06s/it]
 30%|██▉       | 2421/8189 [2:08:10<4:57:53,  3.10s/it]
 30%|██▉       | 2422/8189 [2:08:13<4:57:21,  3.09s/it]
 30%|██▉       | 2423/8189 [2:08:16<4:56:44,  3.09s/it]
 30%|██▉       | 2424/8189 [2:08:20<5:02:51,  3.15s/it]
 30%|██▉       | 2425/8189 [2:08:23<5:08:49,  3.21s/it]
 30%|██▉       | 2426/8189 [2:08:26<5:10:09,  3.23s/it]
 30%|██▉       | 2427/8189 [2:08:29<5:05:11,  3.18s/it]
 30%|██▉       | 2428/8189 [2:08:32<4:37:00,  2.88s/it]
 30%|██▉       | 2429/8189 [2:08:34<4:36:07,  2.88s/it]
 30%|██▉       | 2430/8189 [2:08:38<4:40:06,  2.92s/it]
 30%|██▉       | 2431/8189 [2:08:40<4:36:50,  2.88s/it]
 30%|██▉       | 2432/8189 [2:08:43<4:39:18,  2.91s/it]
 30%|██▉       | 2433/8189 [2:08:46<4:42:13,  2.94s/it]
 30%|██▉       | 2434/8189 [2:08:49<4:42:56,  2.95s/it]
 30%|██▉       | 2435/8189 [2:08:52<4:45:20,  2.98s/it]
 30%|██▉       | 2436/8189 [2:08:56<4:54:47,  3.07s/it]
 30%|██▉       | 2437/8189 [2:08:59<4:59:58,  3.13s/it]
 30%|██▉       | 2438/8189 [2:09:02<5:00:44,  3.14s/it]
 30%|██▉       | 2439/8189 [2:09:05<5:09:01,  3.22s/it]
 30%|██▉       | 2440/8189 [2:09:08<5:03:36,  3.17s/it]
 30%|██▉       | 2441/8189 [2:09:12<5:01:41,  3.15s/it]
 30%|██▉       | 2442/8189 [2:09:15<5:06:35,  3.20s/it]
 30%|██▉       | 2443/8189 [2:09:18<5:11:05,  3.25s/it]
 30%|██▉       | 2444/8189 [2:09:21<5:05:35,  3.19s/it]
 30%|██▉       | 2445/8189 [2:09:24<5:02:40,  3.16s/it]
 30%|██▉       | 2446/8189 [2:09:28<5:01:36,  3.15s/it]
 30%|██▉       | 2447/8189 [2:09:31<5:02:21,  3.16s/it]
 30%|██▉       | 2448/8189 [2:09:34<5:02:57,  3.17s/it]
 30%|██▉       | 2449/8189 [2:09:37<4:57:34,  3.11s/it]
 30%|██▉       | 2450/8189 [2:09:40<4:55:36,  3.09s/it]
 30%|██▉       | 2451/8189 [2:09:43<4:56:25,  3.10s/it]
 30%|██▉       | 2452/8189 [2:09:46<4:59:56,  3.14s/it]
 30%|██▉       | 2453/8189 [2:09:49<4:53:02,  3.07s/it]
 30%|██▉       | 2454/8189 [2:09:52<4:45:01,  2.98s/it]
 30%|██▉       | 2455/8189 [2:09:55<4:45:18,  2.99s/it]
 30%|██▉       | 2456/8189 [2:09:58<4:47:39,  3.01s/it]
 30%|███       | 2457/8189 [2:10:01<4:52:28,  3.06s/it]
 30%|███       | 2458/8189 [2:10:04<4:52:48,  3.07s/it]
 30%|███       | 2459/8189 [2:10:07<4:52:20,  3.06s/it]
 30%|███       | 2460/8189 [2:10:10<4:51:42,  3.06s/it]
 30%|███       | 2461/8189 [2:10:13<4:53:19,  3.07s/it]
 30%|███       | 2462/8189 [2:10:17<4:54:20,  3.08s/it]
 30%|███       | 2463/8189 [2:10:20<4:55:42,  3.10s/it]
 30%|███       | 2464/8189 [2:10:23<4:51:34,  3.06s/it]
 30%|███       | 2465/8189 [2:10:26<4:54:01,  3.08s/it]
 30%|███       | 2466/8189 [2:10:29<4:57:52,  3.12s/it]
 30%|███       | 2467/8189 [2:10:32<5:06:46,  3.22s/it]
 30%|███       | 2468/8189 [2:10:35<5:00:39,  3.15s/it]
 30%|███       | 2469/8189 [2:10:39<5:03:29,  3.18s/it]
 30%|███       | 2470/8189 [2:10:42<5:02:24,  3.17s/it]
 30%|███       | 2471/8189 [2:10:45<4:48:42,  3.03s/it]
 30%|███       | 2472/8189 [2:10:48<4:56:26,  3.11s/it]
 30%|███       | 2473/8189 [2:10:51<4:57:08,  3.12s/it]
 30%|███       | 2474/8189 [2:10:54<4:56:55,  3.12s/it]
 30%|███       | 2475/8189 [2:10:57<4:55:52,  3.11s/it]
 30%|███       | 2476/8189 [2:11:00<4:59:17,  3.14s/it]
 30%|███       | 2477/8189 [2:11:04<5:07:16,  3.23s/it]
 30%|███       | 2478/8189 [2:11:07<5:17:50,  3.34s/it]
 30%|███       | 2479/8189 [2:11:11<5:14:02,  3.30s/it]
 30%|███       | 2480/8189 [2:11:13<4:56:13,  3.11s/it]
 30%|███       | 2481/8189 [2:11:16<4:47:38,  3.02s/it]
 30%|███       | 2482/8189 [2:11:20<4:59:38,  3.15s/it]
 30%|███       | 2483/8189 [2:11:23<4:56:33,  3.12s/it]
 30%|███       | 2484/8189 [2:11:26<4:48:38,  3.04s/it]
 30%|███       | 2485/8189 [2:11:29<4:51:56,  3.07s/it]
 30%|███       | 2486/8189 [2:11:31<4:35:23,  2.90s/it]
 30%|███       | 2487/8189 [2:11:34<4:34:42,  2.89s/it]
 30%|███       | 2488/8189 [2:11:37<4:35:33,  2.90s/it]
 30%|███       | 2489/8189 [2:11:40<4:38:42,  2.93s/it]
 30%|███       | 2490/8189 [2:11:43<4:44:04,  2.99s/it]
 30%|███       | 2491/8189 [2:11:46<4:42:41,  2.98s/it]
 30%|███       | 2492/8189 [2:11:49<4:50:12,  3.06s/it]
 30%|███       | 2493/8189 [2:11:53<5:00:30,  3.17s/it]
 30%|███       | 2494/8189 [2:11:56<4:58:54,  3.15s/it]
 30%|███       | 2495/8189 [2:11:59<4:51:30,  3.07s/it]
 30%|███       | 2496/8189 [2:12:02<4:48:15,  3.04s/it]
 30%|███       | 2497/8189 [2:12:05<4:58:54,  3.15s/it]
 31%|███       | 2498/8189 [2:12:08<4:57:54,  3.14s/it]
 31%|███       | 2499/8189 [2:12:11<4:59:36,  3.16s/it]
 31%|███       | 2500/8189 [2:12:14<4:57:17,  3.14s/it]
 31%|███       | 2501/8189 [2:12:18<5:00:22,  3.17s/it]
 31%|███       | 2502/8189 [2:12:21<4:58:08,  3.15s/it]
 31%|███       | 2503/8189 [2:12:24<4:55:29,  3.12s/it]
 31%|███       | 2504/8189 [2:12:27<4:53:41,  3.10s/it]
 31%|███       | 2505/8189 [2:12:30<4:56:06,  3.13s/it]
 31%|███       | 2506/8189 [2:12:33<4:59:21,  3.16s/it]
 31%|███       | 2507/8189 [2:12:37<5:00:40,  3.18s/it]
 31%|███       | 2508/8189 [2:12:40<5:01:21,  3.18s/it]
 31%|███       | 2509/8189 [2:12:43<5:01:34,  3.19s/it]
 31%|███       | 2510/8189 [2:12:46<5:02:41,  3.20s/it]
 31%|███       | 2511/8189 [2:12:49<4:58:44,  3.16s/it]
 31%|███       | 2512/8189 [2:12:52<4:59:56,  3.17s/it]
 31%|███       | 2513/8189 [2:12:56<4:58:44,  3.16s/it]
 31%|███       | 2514/8189 [2:12:59<4:55:33,  3.12s/it]
 31%|███       | 2515/8189 [2:13:02<4:59:10,  3.16s/it]
 31%|███       | 2516/8189 [2:13:05<4:58:56,  3.16s/it]
 31%|███       | 2517/8189 [2:13:08<4:56:10,  3.13s/it]
 31%|███       | 2518/8189 [2:13:11<4:57:23,  3.15s/it]
 31%|███       | 2519/8189 [2:13:14<4:55:18,  3.13s/it]
 31%|███       | 2520/8189 [2:13:17<4:55:31,  3.13s/it]
 31%|███       | 2521/8189 [2:13:21<4:54:50,  3.12s/it]
 31%|███       | 2522/8189 [2:13:24<4:55:31,  3.13s/it]
 31%|███       | 2523/8189 [2:13:27<4:52:16,  3.10s/it]
 31%|███       | 2524/8189 [2:13:30<4:50:55,  3.08s/it]
 31%|███       | 2525/8189 [2:13:33<4:54:24,  3.12s/it]
 31%|███       | 2526/8189 [2:13:36<4:52:47,  3.10s/it]
 31%|███       | 2527/8189 [2:13:39<4:54:06,  3.12s/it]
 31%|███       | 2528/8189 [2:13:42<4:51:41,  3.09s/it]
 31%|███       | 2529/8189 [2:13:45<4:54:06,  3.12s/it]
 31%|███       | 2530/8189 [2:13:48<4:52:36,  3.10s/it]
 31%|███       | 2531/8189 [2:13:52<4:54:40,  3.12s/it]
 31%|███       | 2532/8189 [2:13:55<4:54:04,  3.12s/it]
 31%|███       | 2533/8189 [2:13:58<4:54:49,  3.13s/it]
 31%|███       | 2534/8189 [2:14:01<4:53:18,  3.11s/it]
 31%|███       | 2535/8189 [2:14:04<4:51:41,  3.10s/it]
 31%|███       | 2536/8189 [2:14:08<5:04:43,  3.23s/it]
 31%|███       | 2537/8189 [2:14:11<5:00:48,  3.19s/it]
 31%|███       | 2538/8189 [2:14:14<4:56:50,  3.15s/it]
 31%|███       | 2539/8189 [2:14:17<4:55:30,  3.14s/it]
 31%|███       | 2540/8189 [2:14:20<4:59:20,  3.18s/it]
 31%|███       | 2541/8189 [2:14:23<4:58:07,  3.17s/it]
 31%|███       | 2542/8189 [2:14:26<4:48:26,  3.06s/it]
 31%|███       | 2543/8189 [2:14:29<4:47:58,  3.06s/it]
 31%|███       | 2544/8189 [2:14:32<4:49:39,  3.08s/it]
 31%|███       | 2545/8189 [2:14:35<4:52:12,  3.11s/it]
 31%|███       | 2546/8189 [2:14:38<4:47:13,  3.05s/it]
 31%|███       | 2547/8189 [2:14:41<4:45:36,  3.04s/it]
 31%|███       | 2548/8189 [2:14:44<4:37:10,  2.95s/it]
 31%|███       | 2549/8189 [2:14:47<4:39:27,  2.97s/it]
 31%|███       | 2550/8189 [2:14:50<4:39:38,  2.98s/it]
 31%|███       | 2551/8189 [2:14:53<4:44:46,  3.03s/it]
 31%|███       | 2552/8189 [2:14:57<4:50:47,  3.10s/it]
 31%|███       | 2553/8189 [2:15:00<4:48:29,  3.07s/it]
 31%|███       | 2554/8189 [2:15:03<4:47:18,  3.06s/it]
 31%|███       | 2555/8189 [2:15:06<4:56:05,  3.15s/it]
 31%|███       | 2556/8189 [2:15:10<5:07:23,  3.27s/it]
 31%|███       | 2557/8189 [2:15:13<5:00:58,  3.21s/it]
 31%|███       | 2558/8189 [2:15:16<4:57:58,  3.17s/it]
 31%|███       | 2559/8189 [2:15:19<4:58:07,  3.18s/it]
 31%|███▏      | 2560/8189 [2:15:22<5:00:42,  3.21s/it]
 31%|███▏      | 2561/8189 [2:15:25<5:03:02,  3.23s/it]
 31%|███▏      | 2562/8189 [2:15:29<5:00:32,  3.20s/it]
 31%|███▏      | 2563/8189 [2:15:32<5:00:10,  3.20s/it]
 31%|███▏      | 2564/8189 [2:15:35<5:01:28,  3.22s/it]
 31%|███▏      | 2565/8189 [2:15:38<5:03:34,  3.24s/it]
 31%|███▏      | 2566/8189 [2:15:42<5:04:28,  3.25s/it]
 31%|███▏      | 2567/8189 [2:15:45<5:04:30,  3.25s/it]
 31%|███▏      | 2568/8189 [2:15:48<5:00:13,  3.20s/it]
 31%|███▏      | 2569/8189 [2:15:51<4:59:19,  3.20s/it]
 31%|███▏      | 2570/8189 [2:15:54<4:59:36,  3.20s/it]
 31%|███▏      | 2571/8189 [2:15:57<4:52:43,  3.13s/it]
 31%|███▏      | 2572/8189 [2:16:00<4:52:42,  3.13s/it]
 31%|███▏      | 2573/8189 [2:16:03<4:47:00,  3.07s/it]
 31%|███▏      | 2574/8189 [2:16:06<4:50:21,  3.10s/it]
 31%|███▏      | 2575/8189 [2:16:10<4:52:29,  3.13s/it]
 31%|███▏      | 2576/8189 [2:16:13<4:56:46,  3.17s/it]
 31%|███▏      | 2577/8189 [2:16:16<4:52:52,  3.13s/it]
 31%|███▏      | 2578/8189 [2:16:19<4:51:47,  3.12s/it]
 31%|███▏      | 2579/8189 [2:16:22<4:48:26,  3.08s/it]
 32%|███▏      | 2580/8189 [2:16:25<4:49:34,  3.10s/it]
 32%|███▏      | 2581/8189 [2:16:28<4:50:45,  3.11s/it]
 32%|███▏      | 2582/8189 [2:16:32<4:53:28,  3.14s/it]
 32%|███▏      | 2583/8189 [2:16:35<4:50:12,  3.11s/it]
 32%|███▏      | 2584/8189 [2:16:38<4:52:30,  3.13s/it]
 32%|███▏      | 2585/8189 [2:16:41<4:48:20,  3.09s/it]
 32%|███▏      | 2586/8189 [2:16:44<4:48:23,  3.09s/it]
 32%|███▏      | 2587/8189 [2:16:47<4:42:58,  3.03s/it]
 32%|███▏      | 2588/8189 [2:16:50<4:49:08,  3.10s/it]
 32%|███▏      | 2589/8189 [2:16:53<4:50:12,  3.11s/it]
 32%|███▏      | 2590/8189 [2:16:56<4:52:33,  3.14s/it]
 32%|███▏      | 2591/8189 [2:17:00<4:58:35,  3.20s/it]
 32%|███▏      | 2592/8189 [2:17:03<4:53:39,  3.15s/it]
 32%|███▏      | 2593/8189 [2:17:05<4:42:28,  3.03s/it]
 32%|███▏      | 2594/8189 [2:17:09<4:48:46,  3.10s/it]
 32%|███▏      | 2595/8189 [2:17:12<4:53:11,  3.14s/it]
 32%|███▏      | 2596/8189 [2:17:15<4:49:21,  3.10s/it]
 32%|███▏      | 2597/8189 [2:17:18<4:53:22,  3.15s/it]
 32%|███▏      | 2598/8189 [2:17:22<4:56:47,  3.19s/it]
 32%|███▏      | 2599/8189 [2:17:25<4:59:47,  3.22s/it]
 32%|███▏      | 2600/8189 [2:17:28<4:58:10,  3.20s/it]
 32%|███▏      | 2601/8189 [2:17:31<4:57:36,  3.20s/it]
 32%|███▏      | 2602/8189 [2:17:34<5:01:17,  3.24s/it]
 32%|███▏      | 2603/8189 [2:17:38<4:58:26,  3.21s/it]
 32%|███▏      | 2604/8189 [2:17:41<5:02:27,  3.25s/it]
 32%|███▏      | 2605/8189 [2:17:44<5:01:05,  3.24s/it]
 32%|███▏      | 2606/8189 [2:17:48<5:06:49,  3.30s/it]
 32%|███▏      | 2607/8189 [2:17:51<5:04:46,  3.28s/it]
 32%|███▏      | 2608/8189 [2:17:54<5:03:52,  3.27s/it]
 32%|███▏      | 2609/8189 [2:17:57<5:02:48,  3.26s/it]
 32%|███▏      | 2610/8189 [2:18:01<5:01:45,  3.25s/it]
 32%|███▏      | 2611/8189 [2:18:04<5:01:40,  3.24s/it]
 32%|███▏      | 2612/8189 [2:18:07<4:56:34,  3.19s/it]
 32%|███▏      | 2613/8189 [2:18:10<4:50:57,  3.13s/it]
 32%|███▏      | 2614/8189 [2:18:13<4:38:14,  2.99s/it]
 32%|███▏      | 2615/8189 [2:18:16<4:42:58,  3.05s/it]
 32%|███▏      | 2616/8189 [2:18:19<4:45:44,  3.08s/it]
 32%|███▏      | 2617/8189 [2:18:22<4:41:23,  3.03s/it]
 32%|███▏      | 2618/8189 [2:18:24<4:29:54,  2.91s/it]
 32%|███▏      | 2619/8189 [2:18:28<4:40:37,  3.02s/it]
 32%|███▏      | 2620/8189 [2:18:31<4:44:04,  3.06s/it]
 32%|███▏      | 2621/8189 [2:18:34<4:41:28,  3.03s/it]
 32%|███▏      | 2622/8189 [2:18:37<4:47:29,  3.10s/it]
 32%|███▏      | 2623/8189 [2:18:40<4:47:56,  3.10s/it]
 32%|███▏      | 2624/8189 [2:18:43<4:45:38,  3.08s/it]
 32%|███▏      | 2625/8189 [2:18:46<4:42:44,  3.05s/it]
 32%|███▏      | 2626/8189 [2:18:49<4:35:21,  2.97s/it]
 32%|███▏      | 2627/8189 [2:18:52<4:38:28,  3.00s/it]
 32%|███▏      | 2628/8189 [2:18:55<4:45:18,  3.08s/it]
 32%|███▏      | 2629/8189 [2:18:59<4:52:44,  3.16s/it]
 32%|███▏      | 2630/8189 [2:19:02<4:54:38,  3.18s/it]
 32%|███▏      | 2631/8189 [2:19:05<4:51:27,  3.15s/it]
 32%|███▏      | 2632/8189 [2:19:08<4:50:14,  3.13s/it]
 32%|███▏      | 2633/8189 [2:19:11<4:45:34,  3.08s/it]
 32%|███▏      | 2634/8189 [2:19:14<4:48:21,  3.11s/it]
 32%|███▏      | 2635/8189 [2:19:17<4:47:20,  3.10s/it]
 32%|███▏      | 2636/8189 [2:19:20<4:41:12,  3.04s/it]
 32%|███▏      | 2637/8189 [2:19:24<4:50:42,  3.14s/it]
 32%|███▏      | 2638/8189 [2:19:26<4:42:31,  3.05s/it]
 32%|███▏      | 2639/8189 [2:19:29<4:42:11,  3.05s/it]
 32%|███▏      | 2640/8189 [2:19:33<4:45:38,  3.09s/it]
 32%|███▏      | 2641/8189 [2:19:35<4:33:38,  2.96s/it]
 32%|███▏      | 2642/8189 [2:19:38<4:37:51,  3.01s/it]
 32%|███▏      | 2643/8189 [2:19:42<4:42:00,  3.05s/it]
 32%|███▏      | 2644/8189 [2:19:45<4:43:04,  3.06s/it]
 32%|███▏      | 2645/8189 [2:19:48<4:44:00,  3.07s/it]
 32%|███▏      | 2646/8189 [2:19:51<4:45:55,  3.09s/it]
 32%|███▏      | 2647/8189 [2:19:54<4:39:14,  3.02s/it]
 32%|███▏      | 2648/8189 [2:19:57<4:40:37,  3.04s/it]
 32%|███▏      | 2649/8189 [2:20:00<4:42:20,  3.06s/it]
 32%|███▏      | 2650/8189 [2:20:03<4:32:42,  2.95s/it]
 32%|███▏      | 2651/8189 [2:20:06<4:39:50,  3.03s/it]
 32%|███▏      | 2652/8189 [2:20:09<4:45:52,  3.10s/it]
 32%|███▏      | 2653/8189 [2:20:12<4:40:02,  3.04s/it]
 32%|███▏      | 2654/8189 [2:20:15<4:41:42,  3.05s/it]
 32%|███▏      | 2655/8189 [2:20:18<4:32:02,  2.95s/it]
 32%|███▏      | 2656/8189 [2:20:21<4:35:07,  2.98s/it]
 32%|███▏      | 2657/8189 [2:20:24<4:37:43,  3.01s/it]
 32%|███▏      | 2658/8189 [2:20:27<4:43:30,  3.08s/it]
 32%|███▏      | 2659/8189 [2:20:30<4:29:55,  2.93s/it]
 32%|███▏      | 2660/8189 [2:20:32<4:23:49,  2.86s/it]
 32%|███▏      | 2661/8189 [2:20:36<4:33:30,  2.97s/it]
 33%|███▎      | 2662/8189 [2:20:39<4:42:57,  3.07s/it]
 33%|███▎      | 2663/8189 [2:20:42<4:41:34,  3.06s/it]
 33%|███▎      | 2664/8189 [2:20:45<4:42:39,  3.07s/it]
 33%|███▎      | 2665/8189 [2:20:48<4:44:32,  3.09s/it]
 33%|███▎      | 2666/8189 [2:20:51<4:47:58,  3.13s/it]
 33%|███▎      | 2667/8189 [2:20:55<4:49:33,  3.15s/it]
 33%|███▎      | 2668/8189 [2:20:58<4:52:35,  3.18s/it]
 33%|███▎      | 2669/8189 [2:21:01<4:44:04,  3.09s/it]
 33%|███▎      | 2670/8189 [2:21:04<4:41:04,  3.06s/it]
 33%|███▎      | 2671/8189 [2:21:07<4:45:06,  3.10s/it]
 33%|███▎      | 2672/8189 [2:21:10<4:49:39,  3.15s/it]
 33%|███▎      | 2673/8189 [2:21:13<4:50:02,  3.15s/it]
 33%|███▎      | 2674/8189 [2:21:17<5:02:02,  3.29s/it]
 33%|███▎      | 2675/8189 [2:21:20<5:01:11,  3.28s/it]
 33%|███▎      | 2676/8189 [2:21:23<4:53:52,  3.20s/it]
 33%|███▎      | 2677/8189 [2:21:26<4:50:51,  3.17s/it]
 33%|███▎      | 2678/8189 [2:21:29<4:48:50,  3.14s/it]
 33%|███▎      | 2679/8189 [2:21:32<4:42:58,  3.08s/it]
 33%|███▎      | 2680/8189 [2:21:36<4:50:24,  3.16s/it]
 33%|███▎      | 2681/8189 [2:21:39<4:51:43,  3.18s/it]
 33%|███▎      | 2682/8189 [2:21:42<4:53:13,  3.19s/it]
 33%|███▎      | 2683/8189 [2:21:45<4:51:29,  3.18s/it]
 33%|███▎      | 2684/8189 [2:21:48<4:49:55,  3.16s/it]
 33%|███▎      | 2685/8189 [2:21:52<4:52:31,  3.19s/it]
 33%|███▎      | 2686/8189 [2:21:55<4:55:32,  3.22s/it]
 33%|███▎      | 2687/8189 [2:21:58<4:40:40,  3.06s/it]
 33%|███▎      | 2688/8189 [2:22:01<4:44:37,  3.10s/it]
 33%|███▎      | 2689/8189 [2:22:04<4:43:21,  3.09s/it]
 33%|███▎      | 2690/8189 [2:22:07<4:45:59,  3.12s/it]
 33%|███▎      | 2691/8189 [2:22:10<4:46:35,  3.13s/it]
 33%|███▎      | 2692/8189 [2:22:14<4:51:26,  3.18s/it]
 33%|███▎      | 2693/8189 [2:22:17<4:48:45,  3.15s/it]
 33%|███▎      | 2694/8189 [2:22:20<4:51:03,  3.18s/it]
 33%|███▎      | 2695/8189 [2:22:23<4:49:26,  3.16s/it]
 33%|███▎      | 2696/8189 [2:22:26<4:47:49,  3.14s/it]
 33%|███▎      | 2697/8189 [2:22:29<4:47:20,  3.14s/it]
 33%|███▎      | 2698/8189 [2:22:32<4:44:04,  3.10s/it]
 33%|███▎      | 2699/8189 [2:22:35<4:45:07,  3.12s/it]
 33%|███▎      | 2700/8189 [2:22:38<4:43:47,  3.10s/it]
 33%|███▎      | 2701/8189 [2:22:42<4:44:45,  3.11s/it]
 33%|███▎      | 2702/8189 [2:22:45<4:40:08,  3.06s/it]
 33%|███▎      | 2703/8189 [2:22:48<4:44:23,  3.11s/it]
 33%|███▎      | 2704/8189 [2:22:51<4:51:25,  3.19s/it]
 33%|███▎      | 2705/8189 [2:22:54<4:49:00,  3.16s/it]
 33%|███▎      | 2706/8189 [2:22:57<4:46:41,  3.14s/it]
 33%|███▎      | 2707/8189 [2:23:00<4:45:57,  3.13s/it]
 33%|███▎      | 2708/8189 [2:23:04<4:45:24,  3.12s/it]
 33%|███▎      | 2709/8189 [2:23:07<4:45:02,  3.12s/it]
 33%|███▎      | 2710/8189 [2:23:10<4:47:16,  3.15s/it]
 33%|███▎      | 2711/8189 [2:23:13<4:45:43,  3.13s/it]
 33%|███▎      | 2712/8189 [2:23:16<4:44:58,  3.12s/it]
 33%|███▎      | 2713/8189 [2:23:19<4:43:22,  3.10s/it]
 33%|███▎      | 2714/8189 [2:23:22<4:45:24,  3.13s/it]
 33%|███▎      | 2715/8189 [2:23:25<4:43:53,  3.11s/it]
 33%|███▎      | 2716/8189 [2:23:28<4:30:27,  2.96s/it]
 33%|███▎      | 2717/8189 [2:23:31<4:38:43,  3.06s/it]
 33%|███▎      | 2718/8189 [2:23:35<4:50:33,  3.19s/it]
 33%|███▎      | 2719/8189 [2:23:38<4:57:24,  3.26s/it]
 33%|███▎      | 2720/8189 [2:23:41<4:53:49,  3.22s/it]
 33%|███▎      | 2721/8189 [2:23:44<4:50:26,  3.19s/it]
 33%|███▎      | 2722/8189 [2:23:48<4:59:25,  3.29s/it]
 33%|███▎      | 2723/8189 [2:23:51<4:56:18,  3.25s/it]
 33%|███▎      | 2724/8189 [2:23:54<4:56:39,  3.26s/it]
 33%|███▎      | 2725/8189 [2:23:57<4:49:18,  3.18s/it]
 33%|███▎      | 2726/8189 [2:24:00<4:36:44,  3.04s/it]
 33%|███▎      | 2727/8189 [2:24:02<4:18:03,  2.83s/it]
 33%|███▎      | 2728/8189 [2:24:06<4:26:22,  2.93s/it]
 33%|███▎      | 2729/8189 [2:24:09<4:37:59,  3.05s/it]
 33%|███▎      | 2730/8189 [2:24:13<4:56:19,  3.26s/it]
 33%|███▎      | 2731/8189 [2:24:16<4:53:44,  3.23s/it]
 33%|███▎      | 2732/8189 [2:24:19<4:49:44,  3.19s/it]
 33%|███▎      | 2733/8189 [2:24:22<4:46:21,  3.15s/it]
 33%|███▎      | 2734/8189 [2:24:25<4:47:28,  3.16s/it]
 33%|███▎      | 2735/8189 [2:24:28<4:50:08,  3.19s/it]
 33%|███▎      | 2736/8189 [2:24:32<4:52:51,  3.22s/it]
 33%|███▎      | 2737/8189 [2:24:35<5:02:09,  3.33s/it]
 33%|███▎      | 2738/8189 [2:24:39<5:03:08,  3.34s/it]
 33%|███▎      | 2739/8189 [2:24:42<4:56:38,  3.27s/it]
 33%|███▎      | 2740/8189 [2:24:45<4:53:58,  3.24s/it]
 33%|███▎      | 2741/8189 [2:24:49<5:06:48,  3.38s/it]
 33%|███▎      | 2742/8189 [2:24:52<5:03:57,  3.35s/it]
 33%|███▎      | 2743/8189 [2:24:55<5:03:29,  3.34s/it]
 34%|███▎      | 2744/8189 [2:24:59<5:04:49,  3.36s/it]
 34%|███▎      | 2745/8189 [2:25:02<4:58:38,  3.29s/it]
 34%|███▎      | 2746/8189 [2:25:05<4:47:49,  3.17s/it]
 34%|███▎      | 2747/8189 [2:25:08<4:39:48,  3.08s/it]
 34%|███▎      | 2748/8189 [2:25:10<4:32:37,  3.01s/it]
 34%|███▎      | 2749/8189 [2:25:14<4:42:48,  3.12s/it]
 34%|███▎      | 2750/8189 [2:25:17<4:43:00,  3.12s/it]
 34%|███▎      | 2751/8189 [2:25:20<4:44:12,  3.14s/it]
 34%|███▎      | 2752/8189 [2:25:23<4:47:25,  3.17s/it]
 34%|███▎      | 2753/8189 [2:25:26<4:45:55,  3.16s/it]
 34%|███▎      | 2754/8189 [2:25:29<4:42:05,  3.11s/it]
 34%|███▎      | 2755/8189 [2:25:32<4:36:56,  3.06s/it]
 34%|███▎      | 2756/8189 [2:25:36<4:44:27,  3.14s/it]
 34%|███▎      | 2757/8189 [2:25:39<4:40:56,  3.10s/it]
 34%|███▎      | 2758/8189 [2:25:42<4:46:34,  3.17s/it]
 34%|███▎      | 2759/8189 [2:25:45<4:49:02,  3.19s/it]
 34%|███▎      | 2760/8189 [2:25:49<4:50:03,  3.21s/it]
 34%|███▎      | 2761/8189 [2:25:52<4:57:04,  3.28s/it]
 34%|███▎      | 2762/8189 [2:25:55<4:53:26,  3.24s/it]
 34%|███▎      | 2763/8189 [2:25:58<4:51:27,  3.22s/it]
 34%|███▍      | 2764/8189 [2:26:02<4:52:28,  3.23s/it]
 34%|███▍      | 2765/8189 [2:26:05<4:57:03,  3.29s/it]
 34%|███▍      | 2766/8189 [2:26:08<4:55:34,  3.27s/it]
 34%|███▍      | 2767/8189 [2:26:11<4:51:37,  3.23s/it]
 34%|███▍      | 2768/8189 [2:26:14<4:33:12,  3.02s/it]
 34%|███▍      | 2769/8189 [2:26:17<4:26:00,  2.94s/it]
 34%|███▍      | 2770/8189 [2:26:20<4:30:01,  2.99s/it]
 34%|███▍      | 2771/8189 [2:26:23<4:36:35,  3.06s/it]
 34%|███▍      | 2772/8189 [2:26:26<4:40:33,  3.11s/it]
 34%|███▍      | 2773/8189 [2:26:29<4:38:08,  3.08s/it]
 34%|███▍      | 2774/8189 [2:26:32<4:42:07,  3.13s/it]
 34%|███▍      | 2775/8189 [2:26:36<4:46:03,  3.17s/it]
 34%|███▍      | 2776/8189 [2:26:39<4:42:52,  3.14s/it]
 34%|███▍      | 2777/8189 [2:26:42<4:44:25,  3.15s/it]
 34%|███▍      | 2778/8189 [2:26:45<4:31:07,  3.01s/it]
 34%|███▍      | 2779/8189 [2:26:48<4:35:38,  3.06s/it]
 34%|███▍      | 2780/8189 [2:26:51<4:43:25,  3.14s/it]
 34%|███▍      | 2781/8189 [2:26:54<4:38:43,  3.09s/it]
 34%|███▍      | 2782/8189 [2:26:57<4:43:37,  3.15s/it]
 34%|███▍      | 2783/8189 [2:27:01<4:46:23,  3.18s/it]
 34%|███▍      | 2784/8189 [2:27:04<4:46:22,  3.18s/it]
 34%|███▍      | 2785/8189 [2:27:07<4:47:30,  3.19s/it]
 34%|███▍      | 2786/8189 [2:27:10<4:51:40,  3.24s/it]
 34%|███▍      | 2787/8189 [2:27:14<5:03:38,  3.37s/it]
 34%|███▍      | 2788/8189 [2:27:17<5:03:43,  3.37s/it]
 34%|███▍      | 2789/8189 [2:27:21<4:55:26,  3.28s/it]
 34%|███▍      | 2790/8189 [2:27:24<4:54:18,  3.27s/it]
 34%|███▍      | 2791/8189 [2:27:27<4:52:49,  3.25s/it]
 34%|███▍      | 2792/8189 [2:27:30<4:44:53,  3.17s/it]
 34%|███▍      | 2793/8189 [2:27:33<4:40:08,  3.11s/it]
 34%|███▍      | 2794/8189 [2:27:36<4:33:11,  3.04s/it]
 34%|███▍      | 2795/8189 [2:27:39<4:31:33,  3.02s/it]
 34%|███▍      | 2796/8189 [2:27:42<4:33:09,  3.04s/it]
 34%|███▍      | 2797/8189 [2:27:45<4:36:58,  3.08s/it]
 34%|███▍      | 2798/8189 [2:27:48<4:37:34,  3.09s/it]
 34%|███▍      | 2799/8189 [2:27:52<4:47:59,  3.21s/it]
 34%|███▍      | 2800/8189 [2:27:55<4:53:29,  3.27s/it]
 34%|███▍      | 2801/8189 [2:27:58<4:54:05,  3.27s/it]
 34%|███▍      | 2802/8189 [2:28:01<4:42:08,  3.14s/it]
 34%|███▍      | 2803/8189 [2:28:04<4:38:49,  3.11s/it]
 34%|███▍      | 2804/8189 [2:28:07<4:42:33,  3.15s/it]
 34%|███▍      | 2805/8189 [2:28:11<4:45:06,  3.18s/it]
 34%|███▍      | 2806/8189 [2:28:14<4:43:13,  3.16s/it]
 34%|███▍      | 2807/8189 [2:28:17<4:44:08,  3.17s/it]
 34%|███▍      | 2808/8189 [2:28:20<4:45:36,  3.18s/it]
 34%|███▍      | 2809/8189 [2:28:23<4:46:57,  3.20s/it]
 34%|███▍      | 2810/8189 [2:28:27<4:45:58,  3.19s/it]
 34%|███▍      | 2811/8189 [2:28:29<4:37:27,  3.10s/it]
 34%|███▍      | 2812/8189 [2:28:32<4:26:15,  2.97s/it]
 34%|███▍      | 2813/8189 [2:28:35<4:33:20,  3.05s/it]
 34%|███▍      | 2814/8189 [2:28:38<4:33:25,  3.05s/it]
 34%|███▍      | 2815/8189 [2:28:41<4:30:54,  3.02s/it]
 34%|███▍      | 2816/8189 [2:28:45<4:33:31,  3.05s/it]
 34%|███▍      | 2817/8189 [2:28:48<4:33:34,  3.06s/it]
 34%|███▍      | 2818/8189 [2:28:51<4:31:45,  3.04s/it]
 34%|███▍      | 2819/8189 [2:28:54<4:44:01,  3.17s/it]
 34%|███▍      | 2820/8189 [2:28:57<4:38:46,  3.12s/it]
 34%|███▍      | 2821/8189 [2:29:00<4:34:41,  3.07s/it]
 34%|███▍      | 2822/8189 [2:29:03<4:34:38,  3.07s/it]
 34%|███▍      | 2823/8189 [2:29:07<4:45:33,  3.19s/it]
 34%|███▍      | 2824/8189 [2:29:10<4:51:57,  3.27s/it]
 34%|███▍      | 2825/8189 [2:29:13<4:56:50,  3.32s/it]
 35%|███▍      | 2826/8189 [2:29:17<4:53:22,  3.28s/it]
 35%|███▍      | 2827/8189 [2:29:20<4:47:05,  3.21s/it]
 35%|███▍      | 2828/8189 [2:29:23<4:46:15,  3.20s/it]
 35%|███▍      | 2829/8189 [2:29:26<4:44:16,  3.18s/it]
 35%|███▍      | 2830/8189 [2:29:29<4:44:07,  3.18s/it]
 35%|███▍      | 2831/8189 [2:29:32<4:43:12,  3.17s/it]
 35%|███▍      | 2832/8189 [2:29:36<4:44:56,  3.19s/it]
 35%|███▍      | 2833/8189 [2:29:39<4:44:29,  3.19s/it]
 35%|███▍      | 2834/8189 [2:29:42<4:41:13,  3.15s/it]
 35%|███▍      | 2835/8189 [2:29:45<4:50:11,  3.25s/it]
 35%|███▍      | 2836/8189 [2:29:48<4:42:29,  3.17s/it]
 35%|███▍      | 2837/8189 [2:29:51<4:43:28,  3.18s/it]
 35%|███▍      | 2838/8189 [2:29:55<4:47:42,  3.23s/it]
 35%|███▍      | 2839/8189 [2:29:58<4:45:10,  3.20s/it]
 35%|███▍      | 2840/8189 [2:30:01<4:49:16,  3.24s/it]
 35%|███▍      | 2841/8189 [2:30:04<4:40:52,  3.15s/it]
 35%|███▍      | 2842/8189 [2:30:07<4:43:25,  3.18s/it]
 35%|███▍      | 2843/8189 [2:30:10<4:38:21,  3.12s/it]
 35%|███▍      | 2844/8189 [2:30:14<4:39:24,  3.14s/it]
 35%|███▍      | 2845/8189 [2:30:17<4:39:54,  3.14s/it]
 35%|███▍      | 2846/8189 [2:30:20<4:45:30,  3.21s/it]
 35%|███▍      | 2847/8189 [2:30:23<4:46:19,  3.22s/it]
 35%|███▍      | 2848/8189 [2:30:26<4:39:12,  3.14s/it]
 35%|███▍      | 2849/8189 [2:30:30<4:43:49,  3.19s/it]
 35%|███▍      | 2850/8189 [2:30:32<4:27:33,  3.01s/it]
 35%|███▍      | 2851/8189 [2:30:35<4:29:53,  3.03s/it]
 35%|███▍      | 2852/8189 [2:30:38<4:32:37,  3.06s/it]
 35%|███▍      | 2853/8189 [2:30:41<4:30:06,  3.04s/it]
 35%|███▍      | 2854/8189 [2:30:44<4:23:14,  2.96s/it]
 35%|███▍      | 2855/8189 [2:30:47<4:27:48,  3.01s/it]
 35%|███▍      | 2856/8189 [2:30:50<4:27:32,  3.01s/it]
 35%|███▍      | 2857/8189 [2:30:54<4:36:02,  3.11s/it]
 35%|███▍      | 2858/8189 [2:30:57<4:39:51,  3.15s/it]
 35%|███▍      | 2859/8189 [2:31:00<4:43:50,  3.20s/it]
 35%|███▍      | 2860/8189 [2:31:03<4:41:39,  3.17s/it]
 35%|███▍      | 2861/8189 [2:31:07<4:46:56,  3.23s/it]
 35%|███▍      | 2862/8189 [2:31:10<4:58:45,  3.37s/it]
 35%|███▍      | 2863/8189 [2:31:14<5:02:05,  3.40s/it]
 35%|███▍      | 2864/8189 [2:31:17<4:51:25,  3.28s/it]
 35%|███▍      | 2865/8189 [2:31:20<4:42:51,  3.19s/it]
 35%|███▍      | 2866/8189 [2:31:23<4:39:51,  3.15s/it]
 35%|███▌      | 2867/8189 [2:31:26<4:38:25,  3.14s/it]
 35%|███▌      | 2868/8189 [2:31:29<4:40:13,  3.16s/it]
 35%|███▌      | 2869/8189 [2:31:32<4:34:27,  3.10s/it]
 35%|███▌      | 2870/8189 [2:31:36<4:42:14,  3.18s/it]
 35%|███▌      | 2871/8189 [2:31:39<4:41:49,  3.18s/it]
 35%|███▌      | 2872/8189 [2:31:42<4:38:21,  3.14s/it]
 35%|███▌      | 2873/8189 [2:31:45<4:43:22,  3.20s/it]
 35%|███▌      | 2874/8189 [2:31:48<4:37:44,  3.14s/it]
 35%|███▌      | 2875/8189 [2:31:51<4:35:21,  3.11s/it]
 35%|███▌      | 2876/8189 [2:31:54<4:35:27,  3.11s/it]
 35%|███▌      | 2877/8189 [2:31:57<4:34:41,  3.10s/it]
 35%|███▌      | 2878/8189 [2:32:01<4:37:19,  3.13s/it]
 35%|███▌      | 2879/8189 [2:32:04<4:37:16,  3.13s/it]
 35%|███▌      | 2880/8189 [2:32:07<4:36:19,  3.12s/it]
 35%|███▌      | 2881/8189 [2:32:10<4:31:42,  3.07s/it]
 35%|███▌      | 2882/8189 [2:32:13<4:33:25,  3.09s/it]
 35%|███▌      | 2883/8189 [2:32:16<4:35:24,  3.11s/it]
 35%|███▌      | 2884/8189 [2:32:19<4:35:53,  3.12s/it]
 35%|███▌      | 2885/8189 [2:32:22<4:32:02,  3.08s/it]
 35%|███▌      | 2886/8189 [2:32:25<4:35:52,  3.12s/it]
 35%|███▌      | 2887/8189 [2:32:28<4:33:20,  3.09s/it]
 35%|███▌      | 2888/8189 [2:32:32<4:39:03,  3.16s/it]
 35%|███▌      | 2889/8189 [2:32:35<4:38:18,  3.15s/it]
 35%|███▌      | 2890/8189 [2:32:38<4:38:42,  3.16s/it]
 35%|███▌      | 2891/8189 [2:32:41<4:42:32,  3.20s/it]
 35%|███▌      | 2892/8189 [2:32:44<4:39:17,  3.16s/it]
 35%|███▌      | 2893/8189 [2:32:48<4:41:46,  3.19s/it]
 35%|███▌      | 2894/8189 [2:32:51<4:36:28,  3.13s/it]
 35%|███▌      | 2895/8189 [2:32:54<4:37:08,  3.14s/it]
 35%|███▌      | 2896/8189 [2:32:57<4:26:54,  3.03s/it]
 35%|███▌      | 2897/8189 [2:33:00<4:31:14,  3.08s/it]
 35%|███▌      | 2898/8189 [2:33:03<4:33:27,  3.10s/it]
 35%|███▌      | 2899/8189 [2:33:06<4:28:01,  3.04s/it]
 35%|███▌      | 2900/8189 [2:33:09<4:33:01,  3.10s/it]
 35%|███▌      | 2901/8189 [2:33:12<4:28:57,  3.05s/it]
 35%|███▌      | 2902/8189 [2:33:15<4:27:59,  3.04s/it]
 35%|███▌      | 2903/8189 [2:33:18<4:28:41,  3.05s/it]
 35%|███▌      | 2904/8189 [2:33:21<4:18:21,  2.93s/it]
 35%|███▌      | 2905/8189 [2:33:24<4:21:51,  2.97s/it]
 35%|███▌      | 2906/8189 [2:33:27<4:29:18,  3.06s/it]
 35%|███▌      | 2907/8189 [2:33:31<4:41:26,  3.20s/it]
 36%|███▌      | 2908/8189 [2:33:34<4:50:32,  3.30s/it]
 36%|███▌      | 2909/8189 [2:33:38<4:56:18,  3.37s/it]
 36%|███▌      | 2910/8189 [2:33:41<4:49:28,  3.29s/it]
 36%|███▌      | 2911/8189 [2:33:44<4:48:49,  3.28s/it]
 36%|███▌      | 2912/8189 [2:33:47<4:48:03,  3.28s/it]
 36%|███▌      | 2913/8189 [2:33:50<4:42:11,  3.21s/it]
 36%|███▌      | 2914/8189 [2:33:54<4:43:11,  3.22s/it]
 36%|███▌      | 2915/8189 [2:33:57<4:43:30,  3.23s/it]
 36%|███▌      | 2916/8189 [2:34:00<4:40:29,  3.19s/it]
 36%|███▌      | 2917/8189 [2:34:03<4:45:17,  3.25s/it]
 36%|███▌      | 2918/8189 [2:34:06<4:38:03,  3.17s/it]
 36%|███▌      | 2919/8189 [2:34:09<4:35:15,  3.13s/it]
 36%|███▌      | 2920/8189 [2:34:13<4:36:38,  3.15s/it]
 36%|███▌      | 2921/8189 [2:34:16<4:36:03,  3.14s/it]
 36%|███▌      | 2922/8189 [2:34:19<4:37:33,  3.16s/it]
 36%|███▌      | 2923/8189 [2:34:22<4:36:11,  3.15s/it]
 36%|███▌      | 2924/8189 [2:34:25<4:35:07,  3.14s/it]
 36%|███▌      | 2925/8189 [2:34:28<4:33:44,  3.12s/it]
 36%|███▌      | 2926/8189 [2:34:31<4:34:44,  3.13s/it]
 36%|███▌      | 2927/8189 [2:34:34<4:32:16,  3.10s/it]
 36%|███▌      | 2928/8189 [2:34:37<4:29:18,  3.07s/it]
 36%|███▌      | 2929/8189 [2:34:40<4:17:30,  2.94s/it]
 36%|███▌      | 2930/8189 [2:34:43<4:20:04,  2.97s/it]
 36%|███▌      | 2931/8189 [2:34:46<4:19:21,  2.96s/it]
 36%|███▌      | 2932/8189 [2:34:49<4:21:15,  2.98s/it]
 36%|███▌      | 2933/8189 [2:34:52<4:25:35,  3.03s/it]
 36%|███▌      | 2934/8189 [2:34:55<4:25:59,  3.04s/it]
 36%|███▌      | 2935/8189 [2:34:58<4:30:15,  3.09s/it]
 36%|███▌      | 2936/8189 [2:35:02<4:32:33,  3.11s/it]
 36%|███▌      | 2937/8189 [2:35:05<4:38:25,  3.18s/it]
 36%|███▌      | 2938/8189 [2:35:08<4:27:14,  3.05s/it]
 36%|███▌      | 2939/8189 [2:35:11<4:27:17,  3.05s/it]
 36%|███▌      | 2940/8189 [2:35:14<4:28:01,  3.06s/it]
 36%|███▌      | 2941/8189 [2:35:17<4:29:50,  3.09s/it]
 36%|███▌      | 2942/8189 [2:35:20<4:29:58,  3.09s/it]
 36%|███▌      | 2943/8189 [2:35:23<4:30:46,  3.10s/it]
 36%|███▌      | 2944/8189 [2:35:26<4:22:03,  3.00s/it]
 36%|███▌      | 2945/8189 [2:35:29<4:24:34,  3.03s/it]
 36%|███▌      | 2946/8189 [2:35:32<4:18:34,  2.96s/it]
 36%|███▌      | 2947/8189 [2:35:35<4:21:34,  2.99s/it]
 36%|███▌      | 2948/8189 [2:35:38<4:25:30,  3.04s/it]
 36%|███▌      | 2949/8189 [2:35:41<4:34:37,  3.14s/it]
 36%|███▌      | 2950/8189 [2:35:45<4:32:26,  3.12s/it]
 36%|███▌      | 2951/8189 [2:35:48<4:34:05,  3.14s/it]
 36%|███▌      | 2952/8189 [2:35:51<4:29:59,  3.09s/it]
 36%|███▌      | 2953/8189 [2:35:54<4:24:31,  3.03s/it]
 36%|███▌      | 2954/8189 [2:35:57<4:28:07,  3.07s/it]
 36%|███▌      | 2955/8189 [2:35:59<4:13:19,  2.90s/it]
 36%|███▌      | 2956/8189 [2:36:02<4:19:21,  2.97s/it]
 36%|███▌      | 2957/8189 [2:36:05<4:21:33,  3.00s/it]
 36%|███▌      | 2958/8189 [2:36:09<4:26:43,  3.06s/it]
 36%|███▌      | 2959/8189 [2:36:12<4:29:42,  3.09s/it]
 36%|███▌      | 2960/8189 [2:36:15<4:27:10,  3.07s/it]
 36%|███▌      | 2961/8189 [2:36:18<4:29:53,  3.10s/it]
 36%|███▌      | 2962/8189 [2:36:21<4:29:18,  3.09s/it]
 36%|███▌      | 2963/8189 [2:36:24<4:29:57,  3.10s/it]
 36%|███▌      | 2964/8189 [2:36:27<4:33:36,  3.14s/it]
 36%|███▌      | 2965/8189 [2:36:31<4:32:11,  3.13s/it]
 36%|███▌      | 2966/8189 [2:36:34<4:31:09,  3.12s/it]
 36%|███▌      | 2967/8189 [2:36:36<4:18:41,  2.97s/it]
 36%|███▌      | 2968/8189 [2:36:39<4:20:42,  3.00s/it]
 36%|███▋      | 2969/8189 [2:36:42<4:18:49,  2.98s/it]
 36%|███▋      | 2970/8189 [2:36:45<4:01:49,  2.78s/it]
 36%|███▋      | 2971/8189 [2:36:48<4:08:55,  2.86s/it]
 36%|███▋      | 2972/8189 [2:36:51<4:16:59,  2.96s/it]
 36%|███▋      | 2973/8189 [2:36:54<4:22:49,  3.02s/it]
 36%|███▋      | 2974/8189 [2:36:57<4:23:18,  3.03s/it]
 36%|███▋      | 2975/8189 [2:37:00<4:24:48,  3.05s/it]
 36%|███▋      | 2976/8189 [2:37:03<4:31:58,  3.13s/it]
 36%|███▋      | 2977/8189 [2:37:07<4:38:54,  3.21s/it]
 36%|███▋      | 2978/8189 [2:37:10<4:35:10,  3.17s/it]
 36%|███▋      | 2979/8189 [2:37:13<4:31:56,  3.13s/it]
 36%|███▋      | 2980/8189 [2:37:16<4:27:15,  3.08s/it]
 36%|███▋      | 2981/8189 [2:37:19<4:35:24,  3.17s/it]
 36%|███▋      | 2982/8189 [2:37:23<4:37:30,  3.20s/it]
 36%|███▋      | 2983/8189 [2:37:26<4:33:06,  3.15s/it]
 36%|███▋      | 2984/8189 [2:37:29<4:34:35,  3.17s/it]
 36%|███▋      | 2985/8189 [2:37:32<4:35:11,  3.17s/it]
 36%|███▋      | 2986/8189 [2:37:35<4:34:57,  3.17s/it]
 36%|███▋      | 2987/8189 [2:37:38<4:30:26,  3.12s/it]
 36%|███▋      | 2988/8189 [2:37:41<4:25:47,  3.07s/it]
 37%|███▋      | 2989/8189 [2:37:44<4:30:45,  3.12s/it]
 37%|███▋      | 2990/8189 [2:37:48<4:37:32,  3.20s/it]
 37%|███▋      | 2991/8189 [2:37:51<4:35:38,  3.18s/it]
 37%|███▋      | 2992/8189 [2:37:54<4:37:52,  3.21s/it]
 37%|███▋      | 2993/8189 [2:37:57<4:34:53,  3.17s/it]
 37%|███▋      | 2994/8189 [2:38:00<4:33:16,  3.16s/it]
 37%|███▋      | 2995/8189 [2:38:04<4:35:52,  3.19s/it]
 37%|███▋      | 2996/8189 [2:38:06<4:26:09,  3.08s/it]
 37%|███▋      | 2997/8189 [2:38:09<4:22:15,  3.03s/it]
 37%|███▋      | 2998/8189 [2:38:12<4:23:21,  3.04s/it]
 37%|███▋      | 2999/8189 [2:38:16<4:26:57,  3.09s/it]
 37%|███▋      | 3000/8189 [2:38:19<4:25:43,  3.07s/it]
                                                       

 37%|███▋      | 3000/8189 [2:38:19<4:25:43,  3.07s/it]

Batches:   0%|          | 0/9 [00:00<?, ?it/s][A

Batches:  67%|██████▋   | 6/9 [00:00<00:00, 52.27it/s][A
Batches: 100%|██████████| 9/9 [00:00<00:00, 53.50it/s]


Corpus Chunks:   0%|          | 0/1 [00:00<?, ?it/s][A


Batches:   0%|          | 0/9 [00:00<?, ?it/s][A[A


Batches:  67%|██████▋   | 6/9 [00:00<00:00, 56.43it/s][A[A
Batches: 100%|██████████| 9/9 [00:00<00:00, 61.10it/s]


Corpus Chunks: 100%|██████████| 1/1 [00:00<00:00,  6.50it/s][A
Corpus Chunks: 100%|██████████| 1/1 [00:00<00:00,  6.48it/s]


Batches:   0%|          | 0/7 [00:00<?, ?it/s][A

Batches:  86%|████████▌ | 6/7 [00:00<00:00, 52.71it/s][A
Batches: 100%|██████████| 7/7 [00:00<00:00, 52.88it/s]


Batches:   0%|          | 0/7 [00:00<?, ?it/s][A

Batches:  71%|███████▏  | 5/7 [00:00<00:00, 43.75it/s][A
Batches: 100%|██████████| 7/7 [00:00<00:00, 48.91it/s]


Batches:   0%|          | 0/7 [00:00<?, ?it/s][A

Batches:  71%|███████▏  | 5/7 [00:00<00:00, 43.56it/s][A
Batches: 100%|██████████| 7/7 [00:00<00:00, 48.95it/s]

                                                       

 37%|███▋      | 3000/8189 [2:38:20<4:25:43,  3.07s/it]

Writing model shards:   0%|          | 0/1 [00:00<?, ?it/s][A

Writing model shards: 100%|██████████| 1/1 [00:01<00:00,  1.47s/it][A
Writing model shards: 100%|██████████| 1/1 [00:01<00:00,  1.47s/it]

 37%|███▋      | 3001/8189 [2:38:27<6:45:15,  4.69s/it]
 37%|███▋      | 3002/8189 [2:38:30<6:06:09,  4.24s/it]
 37%|███▋      | 3003/8189 [2:38:33<5:36:51,  3.90s/it]
 37%|███▋      | 3004/8189 [2:38:37<5:16:42,  3.66s/it]
 37%|███▋      | 3005/8189 [2:38:40<5:00:53,  3.48s/it]
 37%|███▋      | 3006/8189 [2:38:43<4:54:28,  3.41s/it]
 37%|███▋      | 3007/8189 [2:38:46<4:39:32,  3.24s/it]
 37%|███▋      | 3008/8189 [2:38:48<4:23:38,  3.05s/it]
 37%|███▋      | 3009/8189 [2:38:52<4:30:48,  3.14s/it]
 37%|███▋      | 3010/8189 [2:38:54<4:19:51,  3.01s/it]
 37%|███▋      | 3011/8189 [2:38:57<4:18:02,  2.99s/it]
 37%|███▋      | 3012/8189 [2:39:00<4:10:07,  2.90s/it]
 37%|███▋      | 3013/8189 [2:39:03<4:06:16,  2.85s/it]
 37%|███▋      | 3014/8189 [2:39:06<4:14:19,  2.95s/it]
 37%|███▋      | 3015/8189 [2:39:09<4:19:20,  3.01s/it]
 37%|███▋      | 3016/8189 [2:39:12<4:24:51,  3.07s/it]
 37%|███▋      | 3017/8189 [2:39:15<4:26:26,  3.09s/it]
 37%|███▋      | 3018/8189 [2:39:18<4:24:55,  3.07s/it]
 37%|███▋      | 3019/8189 [2:39:21<4:24:25,  3.07s/it]
 37%|███▋      | 3020/8189 [2:39:25<4:25:52,  3.09s/it]
 37%|███▋      | 3021/8189 [2:39:28<4:25:03,  3.08s/it]
 37%|███▋      | 3022/8189 [2:39:31<4:23:16,  3.06s/it]
 37%|███▋      | 3023/8189 [2:39:34<4:28:25,  3.12s/it]
 37%|███▋      | 3024/8189 [2:39:37<4:26:01,  3.09s/it]
 37%|███▋      | 3025/8189 [2:39:40<4:22:36,  3.05s/it]
 37%|███▋      | 3026/8189 [2:39:43<4:16:26,  2.98s/it]
 37%|███▋      | 3027/8189 [2:39:46<4:14:53,  2.96s/it]
 37%|███▋      | 3028/8189 [2:39:49<4:14:25,  2.96s/it]
 37%|███▋      | 3029/8189 [2:39:51<4:09:47,  2.90s/it]
 37%|███▋      | 3030/8189 [2:39:54<4:11:46,  2.93s/it]
 37%|███▋      | 3031/8189 [2:39:57<4:09:36,  2.90s/it]
 37%|███▋      | 3032/8189 [2:40:00<4:12:09,  2.93s/it]
 37%|███▋      | 3033/8189 [2:40:03<4:17:49,  3.00s/it]
 37%|███▋      | 3034/8189 [2:40:07<4:29:56,  3.14s/it]
 37%|███▋      | 3035/8189 [2:40:10<4:27:23,  3.11s/it]
 37%|███▋      | 3036/8189 [2:40:13<4:26:20,  3.10s/it]
 37%|███▋      | 3037/8189 [2:40:16<4:29:51,  3.14s/it]
 37%|███▋      | 3038/8189 [2:40:19<4:29:36,  3.14s/it]
 37%|███▋      | 3039/8189 [2:40:23<4:31:56,  3.17s/it]
 37%|███▋      | 3040/8189 [2:40:26<4:29:20,  3.14s/it]
 37%|███▋      | 3041/8189 [2:40:28<4:09:15,  2.91s/it]
 37%|███▋      | 3042/8189 [2:40:31<4:21:03,  3.04s/it]
 37%|███▋      | 3043/8189 [2:40:35<4:26:08,  3.10s/it]
 37%|███▋      | 3044/8189 [2:40:38<4:32:52,  3.18s/it]
 37%|███▋      | 3045/8189 [2:40:41<4:29:57,  3.15s/it]
 37%|███▋      | 3046/8189 [2:40:44<4:24:58,  3.09s/it]
 37%|███▋      | 3047/8189 [2:40:47<4:25:58,  3.10s/it]
 37%|███▋      | 3048/8189 [2:40:50<4:18:47,  3.02s/it]
 37%|███▋      | 3049/8189 [2:40:53<4:07:14,  2.89s/it]
 37%|███▋      | 3050/8189 [2:40:55<4:08:13,  2.90s/it]
 37%|███▋      | 3051/8189 [2:40:58<4:07:54,  2.89s/it]
 37%|███▋      | 3052/8189 [2:41:01<4:05:28,  2.87s/it]
 37%|███▋      | 3053/8189 [2:41:04<4:05:26,  2.87s/it]
 37%|███▋      | 3054/8189 [2:41:07<4:09:52,  2.92s/it]
 37%|███▋      | 3055/8189 [2:41:10<4:12:24,  2.95s/it]
 37%|███▋      | 3056/8189 [2:41:13<4:10:28,  2.93s/it]
 37%|███▋      | 3057/8189 [2:41:16<4:16:48,  3.00s/it]
 37%|███▋      | 3058/8189 [2:41:19<4:23:23,  3.08s/it]
 37%|███▋      | 3059/8189 [2:41:22<4:18:05,  3.02s/it]
 37%|███▋      | 3060/8189 [2:41:25<4:18:15,  3.02s/it]
 37%|███▋      | 3061/8189 [2:41:28<4:19:35,  3.04s/it]
 37%|███▋      | 3062/8189 [2:41:32<4:25:29,  3.11s/it]
 37%|███▋      | 3063/8189 [2:41:35<4:26:20,  3.12s/it]
 37%|███▋      | 3064/8189 [2:41:38<4:22:22,  3.07s/it]
 37%|███▋      | 3065/8189 [2:41:40<4:13:08,  2.96s/it]
 37%|███▋      | 3066/8189 [2:41:44<4:17:36,  3.02s/it]
 37%|███▋      | 3067/8189 [2:41:47<4:23:30,  3.09s/it]
 37%|███▋      | 3068/8189 [2:41:50<4:25:52,  3.12s/it]
 37%|███▋      | 3069/8189 [2:41:53<4:33:10,  3.20s/it]
 37%|███▋      | 3070/8189 [2:41:57<4:31:03,  3.18s/it]
 38%|███▊      | 3071/8189 [2:42:00<4:25:27,  3.11s/it]
 38%|███▊      | 3072/8189 [2:42:03<4:26:07,  3.12s/it]
 38%|███▊      | 3073/8189 [2:42:06<4:26:00,  3.12s/it]
 38%|███▊      | 3074/8189 [2:42:09<4:29:41,  3.16s/it]
 38%|███▊      | 3075/8189 [2:42:12<4:29:19,  3.16s/it]
 38%|███▊      | 3076/8189 [2:42:15<4:29:12,  3.16s/it]
 38%|███▊      | 3077/8189 [2:42:19<4:30:08,  3.17s/it]
 38%|███▊      | 3078/8189 [2:42:21<4:12:13,  2.96s/it]
 38%|███▊      | 3079/8189 [2:42:24<4:09:42,  2.93s/it]
 38%|███▊      | 3080/8189 [2:42:27<4:11:12,  2.95s/it]
 38%|███▊      | 3081/8189 [2:42:29<4:02:11,  2.84s/it]
 38%|███▊      | 3082/8189 [2:42:33<4:13:17,  2.98s/it]
 38%|███▊      | 3083/8189 [2:42:36<4:11:43,  2.96s/it]
 38%|███▊      | 3084/8189 [2:42:39<4:15:17,  3.00s/it]
 38%|███▊      | 3085/8189 [2:42:41<4:07:42,  2.91s/it]
 38%|███▊      | 3086/8189 [2:42:44<3:59:40,  2.82s/it]
 38%|███▊      | 3087/8189 [2:42:47<4:06:57,  2.90s/it]
 38%|███▊      | 3088/8189 [2:42:50<4:11:15,  2.96s/it]
 38%|███▊      | 3089/8189 [2:42:53<4:04:09,  2.87s/it]
 38%|███▊      | 3090/8189 [2:42:56<3:59:11,  2.81s/it]
 38%|███▊      | 3091/8189 [2:42:59<4:07:33,  2.91s/it]
 38%|███▊      | 3092/8189 [2:43:02<4:12:17,  2.97s/it]
 38%|███▊      | 3093/8189 [2:43:05<4:19:25,  3.05s/it]
 38%|███▊      | 3094/8189 [2:43:08<4:19:36,  3.06s/it]
 38%|███▊      | 3095/8189 [2:43:11<4:24:37,  3.12s/it]
 38%|███▊      | 3096/8189 [2:43:15<4:24:16,  3.11s/it]
 38%|███▊      | 3097/8189 [2:43:18<4:23:40,  3.11s/it]
 38%|███▊      | 3098/8189 [2:43:21<4:22:13,  3.09s/it]
 38%|███▊      | 3099/8189 [2:43:24<4:22:51,  3.10s/it]
 38%|███▊      | 3100/8189 [2:43:27<4:18:12,  3.04s/it]
 38%|███▊      | 3101/8189 [2:43:30<4:25:24,  3.13s/it]
 38%|███▊      | 3102/8189 [2:43:33<4:26:54,  3.15s/it]
 38%|███▊      | 3103/8189 [2:43:36<4:25:02,  3.13s/it]
 38%|███▊      | 3104/8189 [2:43:40<4:30:44,  3.19s/it]
 38%|███▊      | 3105/8189 [2:43:43<4:28:17,  3.17s/it]
 38%|███▊      | 3106/8189 [2:43:46<4:30:25,  3.19s/it]
 38%|███▊      | 3107/8189 [2:43:49<4:32:48,  3.22s/it]
 38%|███▊      | 3108/8189 [2:43:52<4:30:41,  3.20s/it]
 38%|███▊      | 3109/8189 [2:43:56<4:31:27,  3.21s/it]
 38%|███▊      | 3110/8189 [2:43:59<4:30:12,  3.19s/it]
 38%|███▊      | 3111/8189 [2:44:02<4:27:37,  3.16s/it]
 38%|███▊      | 3112/8189 [2:44:05<4:25:47,  3.14s/it]
 38%|███▊      | 3113/8189 [2:44:08<4:27:46,  3.17s/it]
 38%|███▊      | 3114/8189 [2:44:11<4:27:00,  3.16s/it]
 38%|███▊      | 3115/8189 [2:44:14<4:23:45,  3.12s/it]
 38%|███▊      | 3116/8189 [2:44:18<4:24:28,  3.13s/it]
 38%|███▊      | 3117/8189 [2:44:20<4:11:32,  2.98s/it]
 38%|███▊      | 3118/8189 [2:44:23<4:19:40,  3.07s/it]
 38%|███▊      | 3119/8189 [2:44:27<4:29:23,  3.19s/it]
 38%|███▊      | 3120/8189 [2:44:31<4:43:03,  3.35s/it]
 38%|███▊      | 3121/8189 [2:44:34<4:49:40,  3.43s/it]
 38%|███▊      | 3122/8189 [2:44:37<4:30:08,  3.20s/it]
 38%|███▊      | 3123/8189 [2:44:41<4:43:10,  3.35s/it]
 38%|███▊      | 3124/8189 [2:44:44<4:43:51,  3.36s/it]
 38%|███▊      | 3125/8189 [2:44:47<4:43:50,  3.36s/it]
 38%|███▊      | 3126/8189 [2:44:51<4:48:53,  3.42s/it]
 38%|███▊      | 3127/8189 [2:44:55<4:53:35,  3.48s/it]
 38%|███▊      | 3128/8189 [2:44:58<4:44:34,  3.37s/it]
 38%|███▊      | 3129/8189 [2:45:01<4:35:52,  3.27s/it]
 38%|███▊      | 3130/8189 [2:45:04<4:32:49,  3.24s/it]
 38%|███▊      | 3131/8189 [2:45:07<4:29:21,  3.20s/it]
 38%|███▊      | 3132/8189 [2:45:10<4:16:57,  3.05s/it]
 38%|███▊      | 3133/8189 [2:45:13<4:14:43,  3.02s/it]
 38%|███▊      | 3134/8189 [2:45:16<4:18:14,  3.07s/it]
 38%|███▊      | 3135/8189 [2:45:19<4:18:33,  3.07s/it]
 38%|███▊      | 3136/8189 [2:45:22<4:16:30,  3.05s/it]
 38%|███▊      | 3137/8189 [2:45:25<4:23:45,  3.13s/it]
 38%|███▊      | 3138/8189 [2:45:28<4:21:08,  3.10s/it]
 38%|███▊      | 3139/8189 [2:45:31<4:17:16,  3.06s/it]
 38%|███▊      | 3140/8189 [2:45:34<4:19:18,  3.08s/it]
 38%|███▊      | 3141/8189 [2:45:37<4:17:19,  3.06s/it]
 38%|███▊      | 3142/8189 [2:45:40<4:19:16,  3.08s/it]
 38%|███▊      | 3143/8189 [2:45:44<4:23:05,  3.13s/it]
 38%|███▊      | 3144/8189 [2:45:47<4:19:55,  3.09s/it]
 38%|███▊      | 3145/8189 [2:45:50<4:19:59,  3.09s/it]
 38%|███▊      | 3146/8189 [2:45:53<4:19:06,  3.08s/it]
 38%|███▊      | 3147/8189 [2:45:56<4:19:12,  3.08s/it]
 38%|███▊      | 3148/8189 [2:45:59<4:23:59,  3.14s/it]
 38%|███▊      | 3149/8189 [2:46:02<4:23:46,  3.14s/it]
 38%|███▊      | 3150/8189 [2:46:05<4:20:40,  3.10s/it]
 38%|███▊      | 3151/8189 [2:46:08<4:12:36,  3.01s/it]
 38%|███▊      | 3152/8189 [2:46:11<4:15:15,  3.04s/it]
 39%|███▊      | 3153/8189 [2:46:14<4:18:48,  3.08s/it]
 39%|███▊      | 3154/8189 [2:46:18<4:19:12,  3.09s/it]
 39%|███▊      | 3155/8189 [2:46:21<4:20:04,  3.10s/it]
 39%|███▊      | 3156/8189 [2:46:24<4:18:20,  3.08s/it]
 39%|███▊      | 3157/8189 [2:46:27<4:16:19,  3.06s/it]
 39%|███▊      | 3158/8189 [2:46:30<4:15:44,  3.05s/it]
 39%|███▊      | 3159/8189 [2:46:33<4:16:24,  3.06s/it]
 39%|███▊      | 3160/8189 [2:46:36<4:16:22,  3.06s/it]
 39%|███▊      | 3161/8189 [2:46:39<4:17:12,  3.07s/it]
 39%|███▊      | 3162/8189 [2:46:42<4:11:16,  3.00s/it]
 39%|███▊      | 3163/8189 [2:46:45<4:12:26,  3.01s/it]
 39%|███▊      | 3164/8189 [2:46:48<4:15:07,  3.05s/it]
 39%|███▊      | 3165/8189 [2:46:51<4:23:40,  3.15s/it]
 39%|███▊      | 3166/8189 [2:46:54<4:17:35,  3.08s/it]
 39%|███▊      | 3167/8189 [2:46:57<4:16:26,  3.06s/it]
 39%|███▊      | 3168/8189 [2:47:00<4:14:30,  3.04s/it]
 39%|███▊      | 3169/8189 [2:47:03<4:15:56,  3.06s/it]
 39%|███▊      | 3170/8189 [2:47:07<4:16:09,  3.06s/it]
 39%|███▊      | 3171/8189 [2:47:10<4:16:28,  3.07s/it]
 39%|███▊      | 3172/8189 [2:47:13<4:17:37,  3.08s/it]
 39%|███▊      | 3173/8189 [2:47:16<4:16:51,  3.07s/it]
 39%|███▉      | 3174/8189 [2:47:19<4:17:05,  3.08s/it]
 39%|███▉      | 3175/8189 [2:47:22<4:12:12,  3.02s/it]
 39%|███▉      | 3176/8189 [2:47:25<4:23:33,  3.15s/it]
 39%|███▉      | 3177/8189 [2:47:29<4:31:19,  3.25s/it]
 39%|███▉      | 3178/8189 [2:47:32<4:26:48,  3.19s/it]
 39%|███▉      | 3179/8189 [2:47:35<4:25:56,  3.18s/it]
 39%|███▉      | 3180/8189 [2:47:38<4:29:16,  3.23s/it]
 39%|███▉      | 3181/8189 [2:47:41<4:28:42,  3.22s/it]
 39%|███▉      | 3182/8189 [2:47:45<4:36:14,  3.31s/it]
 39%|███▉      | 3183/8189 [2:47:48<4:38:28,  3.34s/it]
 39%|███▉      | 3184/8189 [2:47:52<4:45:45,  3.43s/it]
 39%|███▉      | 3185/8189 [2:47:55<4:34:06,  3.29s/it]
 39%|███▉      | 3186/8189 [2:47:58<4:25:00,  3.18s/it]
 39%|███▉      | 3187/8189 [2:48:01<4:22:37,  3.15s/it]
 39%|███▉      | 3188/8189 [2:48:04<4:10:04,  3.00s/it]
 39%|███▉      | 3189/8189 [2:48:07<4:13:42,  3.04s/it]
 39%|███▉      | 3190/8189 [2:48:10<4:14:15,  3.05s/it]
 39%|███▉      | 3191/8189 [2:48:13<4:17:56,  3.10s/it]
 39%|███▉      | 3192/8189 [2:48:16<4:08:04,  2.98s/it]
 39%|███▉      | 3193/8189 [2:48:19<4:16:05,  3.08s/it]
 39%|███▉      | 3194/8189 [2:48:22<4:18:56,  3.11s/it]
 39%|███▉      | 3195/8189 [2:48:25<4:16:22,  3.08s/it]
 39%|███▉      | 3196/8189 [2:48:28<4:15:15,  3.07s/it]
 39%|███▉      | 3197/8189 [2:48:31<4:14:57,  3.06s/it]
 39%|███▉      | 3198/8189 [2:48:34<4:11:49,  3.03s/it]
 39%|███▉      | 3199/8189 [2:48:37<4:11:41,  3.03s/it]
 39%|███▉      | 3200/8189 [2:48:41<4:17:54,  3.10s/it]
 39%|███▉      | 3201/8189 [2:48:44<4:21:05,  3.14s/it]
 39%|███▉      | 3202/8189 [2:48:47<4:21:22,  3.14s/it]
 39%|███▉      | 3203/8189 [2:48:50<4:21:05,  3.14s/it]
 39%|███▉      | 3204/8189 [2:48:53<4:18:41,  3.11s/it]
 39%|███▉      | 3205/8189 [2:48:56<4:19:51,  3.13s/it]
 39%|███▉      | 3206/8189 [2:49:00<4:25:13,  3.19s/it]
 39%|███▉      | 3207/8189 [2:49:03<4:26:24,  3.21s/it]
 39%|███▉      | 3208/8189 [2:49:06<4:32:22,  3.28s/it]
 39%|███▉      | 3209/8189 [2:49:10<4:40:02,  3.37s/it]
 39%|███▉      | 3210/8189 [2:49:13<4:35:48,  3.32s/it]
 39%|███▉      | 3211/8189 [2:49:16<4:32:34,  3.29s/it]
 39%|███▉      | 3212/8189 [2:49:19<4:22:30,  3.16s/it]
 39%|███▉      | 3213/8189 [2:49:23<4:27:53,  3.23s/it]
 39%|███▉      | 3214/8189 [2:49:26<4:29:07,  3.25s/it]
 39%|███▉      | 3215/8189 [2:49:30<4:43:06,  3.41s/it]
 39%|███▉      | 3216/8189 [2:49:33<4:38:50,  3.36s/it]
 39%|███▉      | 3217/8189 [2:49:36<4:32:55,  3.29s/it]
 39%|███▉      | 3218/8189 [2:49:39<4:32:05,  3.28s/it]
 39%|███▉      | 3219/8189 [2:49:43<4:31:30,  3.28s/it]
 39%|███▉      | 3220/8189 [2:49:46<4:40:27,  3.39s/it]
 39%|███▉      | 3221/8189 [2:49:50<4:49:12,  3.49s/it]
 39%|███▉      | 3222/8189 [2:49:54<4:58:47,  3.61s/it]
 39%|███▉      | 3223/8189 [2:49:57<4:47:10,  3.47s/it]
 39%|███▉      | 3224/8189 [2:50:00<4:40:35,  3.39s/it]
 39%|███▉      | 3225/8189 [2:50:03<4:35:36,  3.33s/it]
 39%|███▉      | 3226/8189 [2:50:07<4:43:41,  3.43s/it]
 39%|███▉      | 3227/8189 [2:50:10<4:36:07,  3.34s/it]
 39%|███▉      | 3228/8189 [2:50:13<4:35:42,  3.33s/it]
 39%|███▉      | 3229/8189 [2:50:17<4:28:45,  3.25s/it]
 39%|███▉      | 3230/8189 [2:50:20<4:25:13,  3.21s/it]
 39%|███▉      | 3231/8189 [2:50:23<4:18:58,  3.13s/it]
 39%|███▉      | 3232/8189 [2:50:26<4:20:32,  3.15s/it]
 39%|███▉      | 3233/8189 [2:50:29<4:14:55,  3.09s/it]
 39%|███▉      | 3234/8189 [2:50:32<4:26:32,  3.23s/it]
 40%|███▉      | 3235/8189 [2:50:35<4:25:05,  3.21s/it]
 40%|███▉      | 3236/8189 [2:50:39<4:21:12,  3.16s/it]
 40%|███▉      | 3237/8189 [2:50:42<4:18:57,  3.14s/it]
 40%|███▉      | 3238/8189 [2:50:45<4:25:10,  3.21s/it]
 40%|███▉      | 3239/8189 [2:50:48<4:22:32,  3.18s/it]
 40%|███▉      | 3240/8189 [2:50:51<4:26:13,  3.23s/it]
 40%|███▉      | 3241/8189 [2:50:54<4:18:20,  3.13s/it]
 40%|███▉      | 3242/8189 [2:50:58<4:23:09,  3.19s/it]
 40%|███▉      | 3243/8189 [2:51:01<4:21:52,  3.18s/it]
 40%|███▉      | 3244/8189 [2:51:04<4:20:43,  3.16s/it]
 40%|███▉      | 3245/8189 [2:51:07<4:20:50,  3.17s/it]
 40%|███▉      | 3246/8189 [2:51:10<4:21:03,  3.17s/it]
 40%|███▉      | 3247/8189 [2:51:14<4:26:51,  3.24s/it]
 40%|███▉      | 3248/8189 [2:51:17<4:17:51,  3.13s/it]
 40%|███▉      | 3249/8189 [2:51:19<4:06:29,  2.99s/it]
 40%|███▉      | 3250/8189 [2:51:22<4:04:08,  2.97s/it]
 40%|███▉      | 3251/8189 [2:51:26<4:15:45,  3.11s/it]
 40%|███▉      | 3252/8189 [2:51:29<4:13:34,  3.08s/it]
 40%|███▉      | 3253/8189 [2:51:32<4:09:13,  3.03s/it]
 40%|███▉      | 3254/8189 [2:51:35<4:09:28,  3.03s/it]
 40%|███▉      | 3255/8189 [2:51:37<4:04:25,  2.97s/it]
 40%|███▉      | 3256/8189 [2:51:40<3:55:48,  2.87s/it]
 40%|███▉      | 3257/8189 [2:51:43<4:06:40,  3.00s/it]
 40%|███▉      | 3258/8189 [2:51:46<4:08:58,  3.03s/it]
 40%|███▉      | 3259/8189 [2:51:50<4:11:29,  3.06s/it]
 40%|███▉      | 3260/8189 [2:51:53<4:15:51,  3.11s/it]
 40%|███▉      | 3261/8189 [2:51:56<4:09:36,  3.04s/it]
 40%|███▉      | 3262/8189 [2:51:59<4:21:11,  3.18s/it]
 40%|███▉      | 3263/8189 [2:52:02<4:20:56,  3.18s/it]
 40%|███▉      | 3264/8189 [2:52:05<4:18:11,  3.15s/it]
 40%|███▉      | 3265/8189 [2:52:09<4:24:37,  3.22s/it]
 40%|███▉      | 3266/8189 [2:52:12<4:21:35,  3.19s/it]
 40%|███▉      | 3267/8189 [2:52:15<4:16:52,  3.13s/it]
 40%|███▉      | 3268/8189 [2:52:18<4:15:17,  3.11s/it]
 40%|███▉      | 3269/8189 [2:52:21<4:20:39,  3.18s/it]
 40%|███▉      | 3270/8189 [2:52:24<4:15:54,  3.12s/it]
 40%|███▉      | 3271/8189 [2:52:28<4:19:09,  3.16s/it]
 40%|███▉      | 3272/8189 [2:52:30<4:08:14,  3.03s/it]
 40%|███▉      | 3273/8189 [2:52:33<4:03:28,  2.97s/it]
 40%|███▉      | 3274/8189 [2:52:36<3:58:40,  2.91s/it]
 40%|███▉      | 3275/8189 [2:52:39<3:57:36,  2.90s/it]
 40%|████      | 3276/8189 [2:52:42<4:02:25,  2.96s/it]
 40%|████      | 3277/8189 [2:52:45<4:03:30,  2.97s/it]
 40%|████      | 3278/8189 [2:52:48<4:05:48,  3.00s/it]
 40%|████      | 3279/8189 [2:52:51<4:00:01,  2.93s/it]
 40%|████      | 3280/8189 [2:52:54<4:12:43,  3.09s/it]
 40%|████      | 3281/8189 [2:52:57<4:10:21,  3.06s/it]
 40%|████      | 3282/8189 [2:53:01<4:19:10,  3.17s/it]
 40%|████      | 3283/8189 [2:53:04<4:18:18,  3.16s/it]
 40%|████      | 3284/8189 [2:53:07<4:22:27,  3.21s/it]
 40%|████      | 3285/8189 [2:53:11<4:29:52,  3.30s/it]
 40%|████      | 3286/8189 [2:53:13<4:19:58,  3.18s/it]
 40%|████      | 3287/8189 [2:53:17<4:16:12,  3.14s/it]
 40%|████      | 3288/8189 [2:53:20<4:30:04,  3.31s/it]
 40%|████      | 3289/8189 [2:53:24<4:37:13,  3.39s/it]
 40%|████      | 3290/8189 [2:53:28<4:46:02,  3.50s/it]
 40%|████      | 3291/8189 [2:53:31<4:40:31,  3.44s/it]
 40%|████      | 3292/8189 [2:53:35<4:46:35,  3.51s/it]
 40%|████      | 3293/8189 [2:53:37<4:28:36,  3.29s/it]
 40%|████      | 3294/8189 [2:53:40<4:21:48,  3.21s/it]
 40%|████      | 3295/8189 [2:53:44<4:30:00,  3.31s/it]
 40%|████      | 3296/8189 [2:53:48<4:39:51,  3.43s/it]
 40%|████      | 3297/8189 [2:53:51<4:31:05,  3.32s/it]
 40%|████      | 3298/8189 [2:53:54<4:19:10,  3.18s/it]
 40%|████      | 3299/8189 [2:53:57<4:16:14,  3.14s/it]
 40%|████      | 3300/8189 [2:54:00<4:16:02,  3.14s/it]
 40%|████      | 3301/8189 [2:54:03<4:16:28,  3.15s/it]
 40%|████      | 3302/8189 [2:54:06<4:20:42,  3.20s/it]
 40%|████      | 3303/8189 [2:54:09<4:16:50,  3.15s/it]
 40%|████      | 3304/8189 [2:54:12<4:13:12,  3.11s/it]
 40%|████      | 3305/8189 [2:54:15<4:12:46,  3.11s/it]
 40%|████      | 3306/8189 [2:54:19<4:15:38,  3.14s/it]
 40%|████      | 3307/8189 [2:54:22<4:14:27,  3.13s/it]
 40%|████      | 3308/8189 [2:54:25<4:14:53,  3.13s/it]
 40%|████      | 3309/8189 [2:54:28<4:14:01,  3.12s/it]
 40%|████      | 3310/8189 [2:54:31<4:24:26,  3.25s/it]
 40%|████      | 3311/8189 [2:54:35<4:20:34,  3.21s/it]
 40%|████      | 3312/8189 [2:54:38<4:20:18,  3.20s/it]
 40%|████      | 3313/8189 [2:54:41<4:14:40,  3.13s/it]
 40%|████      | 3314/8189 [2:54:44<4:13:37,  3.12s/it]
 40%|████      | 3315/8189 [2:54:47<4:16:03,  3.15s/it]
 40%|████      | 3316/8189 [2:54:50<4:17:10,  3.17s/it]
 41%|████      | 3317/8189 [2:54:53<4:16:46,  3.16s/it]
 41%|████      | 3318/8189 [2:54:57<4:20:16,  3.21s/it]
 41%|████      | 3319/8189 [2:55:00<4:31:57,  3.35s/it]
 41%|████      | 3320/8189 [2:55:04<4:38:13,  3.43s/it]
 41%|████      | 3321/8189 [2:55:07<4:37:08,  3.42s/it]
 41%|████      | 3322/8189 [2:55:10<4:24:32,  3.26s/it]
 41%|████      | 3323/8189 [2:55:13<4:19:49,  3.20s/it]
 41%|████      | 3324/8189 [2:55:17<4:19:13,  3.20s/it]
 41%|████      | 3325/8189 [2:55:19<4:13:01,  3.12s/it]
 41%|████      | 3326/8189 [2:55:23<4:15:00,  3.15s/it]
 41%|████      | 3327/8189 [2:55:26<4:11:53,  3.11s/it]
 41%|████      | 3328/8189 [2:55:29<4:11:30,  3.10s/it]
 41%|████      | 3329/8189 [2:55:32<4:10:46,  3.10s/it]
 41%|████      | 3330/8189 [2:55:35<4:13:39,  3.13s/it]
 41%|████      | 3331/8189 [2:55:38<4:06:21,  3.04s/it]
 41%|████      | 3332/8189 [2:55:41<4:11:51,  3.11s/it]
 41%|████      | 3333/8189 [2:55:44<4:11:23,  3.11s/it]
 41%|████      | 3334/8189 [2:55:47<4:10:30,  3.10s/it]
 41%|████      | 3335/8189 [2:55:50<4:08:10,  3.07s/it]
 41%|████      | 3336/8189 [2:55:53<4:05:17,  3.03s/it]
 41%|████      | 3337/8189 [2:55:56<4:05:20,  3.03s/it]
 41%|████      | 3338/8189 [2:56:00<4:08:47,  3.08s/it]
 41%|████      | 3339/8189 [2:56:02<4:00:47,  2.98s/it]
 41%|████      | 3340/8189 [2:56:05<4:02:04,  3.00s/it]
 41%|████      | 3341/8189 [2:56:08<3:55:01,  2.91s/it]
 41%|████      | 3342/8189 [2:56:11<3:58:50,  2.96s/it]
 41%|████      | 3343/8189 [2:56:14<3:59:46,  2.97s/it]
 41%|████      | 3344/8189 [2:56:17<4:00:27,  2.98s/it]
 41%|████      | 3345/8189 [2:56:20<4:06:12,  3.05s/it]
 41%|████      | 3346/8189 [2:56:23<3:55:17,  2.92s/it]
 41%|████      | 3347/8189 [2:56:26<3:56:53,  2.94s/it]
 41%|████      | 3348/8189 [2:56:29<4:02:40,  3.01s/it]
 41%|████      | 3349/8189 [2:56:32<4:06:44,  3.06s/it]
 41%|████      | 3350/8189 [2:56:35<4:08:16,  3.08s/it]
 41%|████      | 3351/8189 [2:56:39<4:09:44,  3.10s/it]
 41%|████      | 3352/8189 [2:56:42<4:13:16,  3.14s/it]
 41%|████      | 3353/8189 [2:56:45<4:14:27,  3.16s/it]
 41%|████      | 3354/8189 [2:56:48<4:14:27,  3.16s/it]
 41%|████      | 3355/8189 [2:56:51<4:15:38,  3.17s/it]
 41%|████      | 3356/8189 [2:56:54<4:12:16,  3.13s/it]
 41%|████      | 3357/8189 [2:56:58<4:12:49,  3.14s/it]
 41%|████      | 3358/8189 [2:57:00<4:08:41,  3.09s/it]
 41%|████      | 3359/8189 [2:57:04<4:07:29,  3.07s/it]
 41%|████      | 3360/8189 [2:57:06<4:04:52,  3.04s/it]
 41%|████      | 3361/8189 [2:57:10<4:09:44,  3.10s/it]
 41%|████      | 3362/8189 [2:57:13<4:15:51,  3.18s/it]
 41%|████      | 3363/8189 [2:57:17<4:23:35,  3.28s/it]
 41%|████      | 3364/8189 [2:57:20<4:17:47,  3.21s/it]
 41%|████      | 3365/8189 [2:57:23<4:16:32,  3.19s/it]
 41%|████      | 3366/8189 [2:57:26<4:11:05,  3.12s/it]
 41%|████      | 3367/8189 [2:57:29<4:09:59,  3.11s/it]
 41%|████      | 3368/8189 [2:57:32<4:12:11,  3.14s/it]
 41%|████      | 3369/8189 [2:57:35<4:03:41,  3.03s/it]
 41%|████      | 3370/8189 [2:57:38<4:09:19,  3.10s/it]
 41%|████      | 3371/8189 [2:57:41<4:07:38,  3.08s/it]
 41%|████      | 3372/8189 [2:57:45<4:15:18,  3.18s/it]
 41%|████      | 3373/8189 [2:57:48<4:10:33,  3.12s/it]
 41%|████      | 3374/8189 [2:57:51<4:09:43,  3.11s/it]
 41%|████      | 3375/8189 [2:57:54<4:04:31,  3.05s/it]
 41%|████      | 3376/8189 [2:57:56<4:00:18,  3.00s/it]
 41%|████      | 3377/8189 [2:57:59<4:02:17,  3.02s/it]
 41%|████▏     | 3378/8189 [2:58:03<4:03:36,  3.04s/it]
 41%|████▏     | 3379/8189 [2:58:05<3:56:28,  2.95s/it]
 41%|████▏     | 3380/8189 [2:58:08<3:48:13,  2.85s/it]
 41%|████▏     | 3381/8189 [2:58:11<3:52:04,  2.90s/it]
 41%|████▏     | 3382/8189 [2:58:14<3:59:40,  2.99s/it]
 41%|████▏     | 3383/8189 [2:58:17<4:03:06,  3.04s/it]
 41%|████▏     | 3384/8189 [2:58:20<4:02:36,  3.03s/it]
 41%|████▏     | 3385/8189 [2:58:23<4:05:11,  3.06s/it]
 41%|████▏     | 3386/8189 [2:58:26<4:03:52,  3.05s/it]
 41%|████▏     | 3387/8189 [2:58:30<4:05:14,  3.06s/it]
 41%|████▏     | 3388/8189 [2:58:33<4:06:55,  3.09s/it]
 41%|████▏     | 3389/8189 [2:58:36<4:03:27,  3.04s/it]
 41%|████▏     | 3390/8189 [2:58:39<4:06:27,  3.08s/it]
 41%|████▏     | 3391/8189 [2:58:42<3:58:40,  2.98s/it]
 41%|████▏     | 3392/8189 [2:58:45<4:02:08,  3.03s/it]
 41%|████▏     | 3393/8189 [2:58:48<4:02:11,  3.03s/it]
 41%|████▏     | 3394/8189 [2:58:51<4:08:02,  3.10s/it]
 41%|████▏     | 3395/8189 [2:58:54<4:06:49,  3.09s/it]
 41%|████▏     | 3396/8189 [2:58:57<4:08:56,  3.12s/it]
 41%|████▏     | 3397/8189 [2:59:00<4:05:31,  3.07s/it]
 41%|████▏     | 3398/8189 [2:59:03<3:59:31,  3.00s/it]
 42%|████▏     | 3399/8189 [2:59:06<4:03:56,  3.06s/it]
 42%|████▏     | 3400/8189 [2:59:09<4:01:24,  3.02s/it]
 42%|████▏     | 3401/8189 [2:59:12<4:01:06,  3.02s/it]
 42%|████▏     | 3402/8189 [2:59:15<4:02:02,  3.03s/it]
 42%|████▏     | 3403/8189 [2:59:18<4:03:41,  3.06s/it]
 42%|████▏     | 3404/8189 [2:59:21<4:00:42,  3.02s/it]
 42%|████▏     | 3405/8189 [2:59:24<4:01:26,  3.03s/it]
 42%|████▏     | 3406/8189 [2:59:27<4:02:23,  3.04s/it]
 42%|████▏     | 3407/8189 [2:59:30<4:01:35,  3.03s/it]
 42%|████▏     | 3408/8189 [2:59:33<3:55:04,  2.95s/it]
 42%|████▏     | 3409/8189 [2:59:36<3:53:54,  2.94s/it]
 42%|████▏     | 3410/8189 [2:59:39<4:02:06,  3.04s/it]
 42%|████▏     | 3411/8189 [2:59:43<4:07:51,  3.11s/it]
 42%|████▏     | 3412/8189 [2:59:46<4:08:06,  3.12s/it]
 42%|████▏     | 3413/8189 [2:59:49<4:10:56,  3.15s/it]
 42%|████▏     | 3414/8189 [2:59:52<4:13:04,  3.18s/it]
 42%|████▏     | 3415/8189 [2:59:55<4:09:11,  3.13s/it]
 42%|████▏     | 3416/8189 [2:59:58<4:03:21,  3.06s/it]
 42%|████▏     | 3417/8189 [3:00:01<3:59:21,  3.01s/it]
 42%|████▏     | 3418/8189 [3:00:05<4:12:20,  3.17s/it]
 42%|████▏     | 3419/8189 [3:00:08<4:11:15,  3.16s/it]
 42%|████▏     | 3420/8189 [3:00:11<4:05:10,  3.08s/it]
 42%|████▏     | 3421/8189 [3:00:14<4:04:28,  3.08s/it]
 42%|████▏     | 3422/8189 [3:00:17<3:58:44,  3.00s/it]
 42%|████▏     | 3423/8189 [3:00:20<4:03:54,  3.07s/it]
 42%|████▏     | 3424/8189 [3:00:23<4:00:05,  3.02s/it]
 42%|████▏     | 3425/8189 [3:00:26<3:58:47,  3.01s/it]
 42%|████▏     | 3426/8189 [3:00:29<4:04:44,  3.08s/it]
 42%|████▏     | 3427/8189 [3:00:32<4:03:50,  3.07s/it]
 42%|████▏     | 3428/8189 [3:00:35<3:57:21,  2.99s/it]
 42%|████▏     | 3429/8189 [3:00:38<3:57:05,  2.99s/it]
 42%|████▏     | 3430/8189 [3:00:40<3:40:09,  2.78s/it]
 42%|████▏     | 3431/8189 [3:00:43<3:39:39,  2.77s/it]
 42%|████▏     | 3432/8189 [3:00:45<3:33:46,  2.70s/it]
 42%|████▏     | 3433/8189 [3:00:48<3:39:32,  2.77s/it]
 42%|████▏     | 3434/8189 [3:00:51<3:46:03,  2.85s/it]
 42%|████▏     | 3435/8189 [3:00:54<3:49:16,  2.89s/it]
 42%|████▏     | 3436/8189 [3:00:57<3:51:23,  2.92s/it]
 42%|████▏     | 3437/8189 [3:01:00<3:56:14,  2.98s/it]
 42%|████▏     | 3438/8189 [3:01:04<3:59:46,  3.03s/it]
 42%|████▏     | 3439/8189 [3:01:07<4:00:31,  3.04s/it]
 42%|████▏     | 3440/8189 [3:01:10<3:58:50,  3.02s/it]
 42%|████▏     | 3441/8189 [3:01:13<4:03:00,  3.07s/it]
 42%|████▏     | 3442/8189 [3:01:16<3:56:01,  2.98s/it]
 42%|████▏     | 3443/8189 [3:01:19<3:58:00,  3.01s/it]
 42%|████▏     | 3444/8189 [3:01:22<4:11:57,  3.19s/it]
 42%|████▏     | 3445/8189 [3:01:26<4:16:30,  3.24s/it]
 42%|████▏     | 3446/8189 [3:01:28<4:03:49,  3.08s/it]
 42%|████▏     | 3447/8189 [3:01:31<4:03:10,  3.08s/it]
 42%|████▏     | 3448/8189 [3:01:34<3:54:32,  2.97s/it]
 42%|████▏     | 3449/8189 [3:01:36<3:41:34,  2.80s/it]
 42%|████▏     | 3450/8189 [3:01:40<3:54:46,  2.97s/it]
 42%|████▏     | 3451/8189 [3:01:43<3:55:30,  2.98s/it]
 42%|████▏     | 3452/8189 [3:01:46<3:54:19,  2.97s/it]
 42%|████▏     | 3453/8189 [3:01:49<3:59:23,  3.03s/it]
 42%|████▏     | 3454/8189 [3:01:52<3:59:32,  3.04s/it]
 42%|████▏     | 3455/8189 [3:01:55<4:04:06,  3.09s/it]
 42%|████▏     | 3456/8189 [3:01:58<3:56:17,  3.00s/it]
 42%|████▏     | 3457/8189 [3:02:01<3:58:30,  3.02s/it]
 42%|████▏     | 3458/8189 [3:02:04<3:58:20,  3.02s/it]
 42%|████▏     | 3459/8189 [3:02:07<4:00:33,  3.05s/it]
 42%|████▏     | 3460/8189 [3:02:10<3:54:59,  2.98s/it]
 42%|████▏     | 3461/8189 [3:02:13<4:02:13,  3.07s/it]
 42%|████▏     | 3462/8189 [3:02:16<4:03:18,  3.09s/it]
 42%|████▏     | 3463/8189 [3:02:20<4:06:59,  3.14s/it]
 42%|████▏     | 3464/8189 [3:02:23<4:03:08,  3.09s/it]
 42%|████▏     | 3465/8189 [3:02:26<4:04:47,  3.11s/it]
 42%|████▏     | 3466/8189 [3:02:29<4:05:31,  3.12s/it]
 42%|████▏     | 3467/8189 [3:02:32<4:03:47,  3.10s/it]
 42%|████▏     | 3468/8189 [3:02:35<4:06:24,  3.13s/it]
 42%|████▏     | 3469/8189 [3:02:38<4:06:30,  3.13s/it]
 42%|████▏     | 3470/8189 [3:02:42<4:09:51,  3.18s/it]
 42%|████▏     | 3471/8189 [3:02:45<4:06:41,  3.14s/it]
 42%|████▏     | 3472/8189 [3:02:48<4:04:23,  3.11s/it]
 42%|████▏     | 3473/8189 [3:02:51<4:03:31,  3.10s/it]
 42%|████▏     | 3474/8189 [3:02:54<4:04:33,  3.11s/it]
 42%|████▏     | 3475/8189 [3:02:57<3:56:09,  3.01s/it]
 42%|████▏     | 3476/8189 [3:03:00<3:55:05,  2.99s/it]
 42%|████▏     | 3477/8189 [3:03:03<4:00:05,  3.06s/it]
 42%|████▏     | 3478/8189 [3:03:06<3:50:08,  2.93s/it]
 42%|████▏     | 3479/8189 [3:03:09<3:57:08,  3.02s/it]
 42%|████▏     | 3480/8189 [3:03:12<4:01:13,  3.07s/it]
 43%|████▎     | 3481/8189 [3:03:15<4:00:09,  3.06s/it]
 43%|████▎     | 3482/8189 [3:03:18<3:55:39,  3.00s/it]
 43%|████▎     | 3483/8189 [3:03:21<3:55:31,  3.00s/it]
 43%|████▎     | 3484/8189 [3:03:24<3:59:35,  3.06s/it]
 43%|████▎     | 3485/8189 [3:03:27<4:00:32,  3.07s/it]
 43%|████▎     | 3486/8189 [3:03:30<4:01:07,  3.08s/it]
 43%|████▎     | 3487/8189 [3:03:33<4:02:43,  3.10s/it]
 43%|████▎     | 3488/8189 [3:03:36<4:01:49,  3.09s/it]
 43%|████▎     | 3489/8189 [3:03:39<3:59:59,  3.06s/it]
 43%|████▎     | 3490/8189 [3:03:42<3:59:45,  3.06s/it]
 43%|████▎     | 3491/8189 [3:03:46<4:00:40,  3.07s/it]
 43%|████▎     | 3492/8189 [3:03:49<4:01:09,  3.08s/it]
 43%|████▎     | 3493/8189 [3:03:52<3:58:22,  3.05s/it]
 43%|████▎     | 3494/8189 [3:03:55<3:54:53,  3.00s/it]
 43%|████▎     | 3495/8189 [3:03:58<3:57:00,  3.03s/it]
 43%|████▎     | 3496/8189 [3:04:01<3:57:00,  3.03s/it]
 43%|████▎     | 3497/8189 [3:04:04<3:57:32,  3.04s/it]
 43%|████▎     | 3498/8189 [3:04:07<4:01:04,  3.08s/it]
 43%|████▎     | 3499/8189 [3:04:10<4:02:18,  3.10s/it]
 43%|████▎     | 3500/8189 [3:04:14<4:17:09,  3.29s/it]
 43%|████▎     | 3501/8189 [3:04:17<4:20:48,  3.34s/it]
 43%|████▎     | 3502/8189 [3:04:21<4:27:01,  3.42s/it]
 43%|████▎     | 3503/8189 [3:04:24<4:18:40,  3.31s/it]
 43%|████▎     | 3504/8189 [3:04:28<4:25:44,  3.40s/it]
 43%|████▎     | 3505/8189 [3:04:31<4:27:19,  3.42s/it]
 43%|████▎     | 3506/8189 [3:04:35<4:48:50,  3.70s/it]
 43%|████▎     | 3507/8189 [3:04:40<5:00:45,  3.85s/it]
 43%|████▎     | 3508/8189 [3:04:43<5:01:58,  3.87s/it]
 43%|████▎     | 3509/8189 [3:04:47<4:58:13,  3.82s/it]
 43%|████▎     | 3510/8189 [3:04:51<4:49:37,  3.71s/it]
 43%|████▎     | 3511/8189 [3:04:54<4:37:32,  3.56s/it]
 43%|████▎     | 3512/8189 [3:04:57<4:27:51,  3.44s/it]
 43%|████▎     | 3513/8189 [3:05:00<4:19:57,  3.34s/it]
 43%|████▎     | 3514/8189 [3:05:03<4:18:27,  3.32s/it]
 43%|████▎     | 3515/8189 [3:05:06<4:11:39,  3.23s/it]
 43%|████▎     | 3516/8189 [3:05:09<4:05:03,  3.15s/it]
 43%|████▎     | 3517/8189 [3:05:13<4:05:12,  3.15s/it]
 43%|████▎     | 3518/8189 [3:05:16<4:01:59,  3.11s/it]
 43%|████▎     | 3519/8189 [3:05:19<4:00:38,  3.09s/it]
 43%|████▎     | 3520/8189 [3:05:21<3:55:46,  3.03s/it]
 43%|████▎     | 3521/8189 [3:05:25<3:56:23,  3.04s/it]
 43%|████▎     | 3522/8189 [3:05:28<4:01:27,  3.10s/it]
 43%|████▎     | 3523/8189 [3:05:31<4:01:49,  3.11s/it]
 43%|████▎     | 3524/8189 [3:05:34<3:59:20,  3.08s/it]
 43%|████▎     | 3525/8189 [3:05:37<4:04:08,  3.14s/it]
 43%|████▎     | 3526/8189 [3:05:40<4:02:40,  3.12s/it]
 43%|████▎     | 3527/8189 [3:05:43<4:02:39,  3.12s/it]
 43%|████▎     | 3528/8189 [3:05:47<4:07:54,  3.19s/it]
 43%|████▎     | 3529/8189 [3:05:50<4:02:17,  3.12s/it]
 43%|████▎     | 3530/8189 [3:05:53<4:02:22,  3.12s/it]
 43%|████▎     | 3531/8189 [3:05:56<3:56:02,  3.04s/it]
 43%|████▎     | 3532/8189 [3:05:59<3:56:06,  3.04s/it]
 43%|████▎     | 3533/8189 [3:06:02<3:57:15,  3.06s/it]
 43%|████▎     | 3534/8189 [3:06:05<4:00:39,  3.10s/it]
 43%|████▎     | 3535/8189 [3:06:09<4:14:18,  3.28s/it]
 43%|████▎     | 3536/8189 [3:06:12<4:21:02,  3.37s/it]
 43%|████▎     | 3537/8189 [3:06:16<4:18:08,  3.33s/it]
 43%|████▎     | 3538/8189 [3:06:19<4:17:10,  3.32s/it]
 43%|████▎     | 3539/8189 [3:06:22<4:06:39,  3.18s/it]
 43%|████▎     | 3540/8189 [3:06:25<4:00:05,  3.10s/it]
 43%|████▎     | 3541/8189 [3:06:28<4:04:01,  3.15s/it]
 43%|████▎     | 3542/8189 [3:06:31<4:02:03,  3.13s/it]
 43%|████▎     | 3543/8189 [3:06:34<4:02:03,  3.13s/it]
 43%|████▎     | 3544/8189 [3:06:37<4:01:14,  3.12s/it]
 43%|████▎     | 3545/8189 [3:06:40<4:00:18,  3.10s/it]
 43%|████▎     | 3546/8189 [3:06:43<4:00:52,  3.11s/it]
 43%|████▎     | 3547/8189 [3:06:47<4:06:06,  3.18s/it]
 43%|████▎     | 3548/8189 [3:06:50<4:08:17,  3.21s/it]
 43%|████▎     | 3549/8189 [3:06:53<4:02:23,  3.13s/it]
 43%|████▎     | 3550/8189 [3:06:56<4:03:24,  3.15s/it]
 43%|████▎     | 3551/8189 [3:06:59<4:01:42,  3.13s/it]
 43%|████▎     | 3552/8189 [3:07:02<4:04:22,  3.16s/it]
 43%|████▎     | 3553/8189 [3:07:06<4:05:15,  3.17s/it]
 43%|████▎     | 3554/8189 [3:07:09<4:03:01,  3.15s/it]
 43%|████▎     | 3555/8189 [3:07:12<4:02:41,  3.14s/it]
 43%|████▎     | 3556/8189 [3:07:15<4:06:37,  3.19s/it]
 43%|████▎     | 3557/8189 [3:07:18<4:04:01,  3.16s/it]
 43%|████▎     | 3558/8189 [3:07:21<3:57:35,  3.08s/it]
 43%|████▎     | 3559/8189 [3:07:24<3:59:52,  3.11s/it]
 43%|████▎     | 3560/8189 [3:07:27<4:01:00,  3.12s/it]
 43%|████▎     | 3561/8189 [3:07:30<3:55:55,  3.06s/it]
 43%|████▎     | 3562/8189 [3:07:33<3:54:11,  3.04s/it]
 44%|████▎     | 3563/8189 [3:07:36<3:49:09,  2.97s/it]
 44%|████▎     | 3564/8189 [3:07:39<3:54:23,  3.04s/it]
 44%|████▎     | 3565/8189 [3:07:43<3:59:28,  3.11s/it]
 44%|████▎     | 3566/8189 [3:07:45<3:39:30,  2.85s/it]
 44%|████▎     | 3567/8189 [3:07:48<3:42:00,  2.88s/it]
 44%|████▎     | 3568/8189 [3:07:51<3:43:22,  2.90s/it]
 44%|████▎     | 3569/8189 [3:07:54<3:48:08,  2.96s/it]
 44%|████▎     | 3570/8189 [3:07:57<3:49:01,  2.97s/it]
 44%|████▎     | 3571/8189 [3:08:00<3:51:53,  3.01s/it]
 44%|████▎     | 3572/8189 [3:08:03<3:57:24,  3.09s/it]
 44%|████▎     | 3573/8189 [3:08:06<3:50:50,  3.00s/it]
 44%|████▎     | 3574/8189 [3:08:09<3:59:23,  3.11s/it]
 44%|████▎     | 3575/8189 [3:08:13<4:03:13,  3.16s/it]
 44%|████▎     | 3576/8189 [3:08:16<3:59:28,  3.11s/it]
 44%|████▎     | 3577/8189 [3:08:19<4:06:26,  3.21s/it]
 44%|████▎     | 3578/8189 [3:08:22<4:03:44,  3.17s/it]
 44%|████▎     | 3579/8189 [3:08:25<3:53:16,  3.04s/it]
 44%|████▎     | 3580/8189 [3:08:28<3:50:10,  3.00s/it]
 44%|████▎     | 3581/8189 [3:08:31<3:52:10,  3.02s/it]
 44%|████▎     | 3582/8189 [3:08:34<3:57:16,  3.09s/it]
 44%|████▍     | 3583/8189 [3:08:37<3:55:04,  3.06s/it]
 44%|████▍     | 3584/8189 [3:08:40<3:52:43,  3.03s/it]
 44%|████▍     | 3585/8189 [3:08:43<3:53:09,  3.04s/it]
 44%|████▍     | 3586/8189 [3:08:46<3:52:28,  3.03s/it]
 44%|████▍     | 3587/8189 [3:08:49<3:53:54,  3.05s/it]
 44%|████▍     | 3588/8189 [3:08:52<3:56:25,  3.08s/it]
 44%|████▍     | 3589/8189 [3:08:56<4:04:24,  3.19s/it]
 44%|████▍     | 3590/8189 [3:08:59<4:04:57,  3.20s/it]
 44%|████▍     | 3591/8189 [3:09:02<3:59:51,  3.13s/it]
 44%|████▍     | 3592/8189 [3:09:05<4:01:41,  3.15s/it]
 44%|████▍     | 3593/8189 [3:09:08<3:53:23,  3.05s/it]
 44%|████▍     | 3594/8189 [3:09:11<3:57:32,  3.10s/it]
 44%|████▍     | 3595/8189 [3:09:14<3:57:11,  3.10s/it]
 44%|████▍     | 3596/8189 [3:09:18<3:57:56,  3.11s/it]
 44%|████▍     | 3597/8189 [3:09:21<3:57:27,  3.10s/it]
 44%|████▍     | 3598/8189 [3:09:23<3:50:19,  3.01s/it]
 44%|████▍     | 3599/8189 [3:09:27<3:51:44,  3.03s/it]
 44%|████▍     | 3600/8189 [3:09:30<3:54:28,  3.07s/it]
 44%|████▍     | 3601/8189 [3:09:33<3:54:08,  3.06s/it]
 44%|████▍     | 3602/8189 [3:09:36<3:55:29,  3.08s/it]
 44%|████▍     | 3603/8189 [3:09:39<3:56:02,  3.09s/it]
 44%|████▍     | 3604/8189 [3:09:42<3:57:53,  3.11s/it]
 44%|████▍     | 3605/8189 [3:09:45<3:58:30,  3.12s/it]
 44%|████▍     | 3606/8189 [3:09:48<3:54:37,  3.07s/it]
 44%|████▍     | 3607/8189 [3:09:52<4:01:57,  3.17s/it]
 44%|████▍     | 3608/8189 [3:09:55<4:01:11,  3.16s/it]
 44%|████▍     | 3609/8189 [3:09:58<3:59:27,  3.14s/it]
 44%|████▍     | 3610/8189 [3:10:01<3:56:52,  3.10s/it]
 44%|████▍     | 3611/8189 [3:10:03<3:44:04,  2.94s/it]
 44%|████▍     | 3612/8189 [3:10:07<3:51:35,  3.04s/it]
 44%|████▍     | 3613/8189 [3:10:10<3:52:34,  3.05s/it]
 44%|████▍     | 3614/8189 [3:10:13<3:51:00,  3.03s/it]
 44%|████▍     | 3615/8189 [3:10:16<3:51:30,  3.04s/it]
 44%|████▍     | 3616/8189 [3:10:19<3:53:55,  3.07s/it]
 44%|████▍     | 3617/8189 [3:10:22<3:56:37,  3.11s/it]
 44%|████▍     | 3618/8189 [3:10:25<4:01:17,  3.17s/it]
 44%|████▍     | 3619/8189 [3:10:28<3:52:16,  3.05s/it]
 44%|████▍     | 3620/8189 [3:10:31<3:51:51,  3.04s/it]
 44%|████▍     | 3621/8189 [3:10:34<3:48:47,  3.01s/it]
 44%|████▍     | 3622/8189 [3:10:37<3:48:47,  3.01s/it]
 44%|████▍     | 3623/8189 [3:10:40<3:50:25,  3.03s/it]
 44%|████▍     | 3624/8189 [3:10:43<3:54:53,  3.09s/it]
 44%|████▍     | 3625/8189 [3:10:47<3:54:36,  3.08s/it]
 44%|████▍     | 3626/8189 [3:10:50<3:55:11,  3.09s/it]
 44%|████▍     | 3627/8189 [3:10:53<3:56:44,  3.11s/it]
 44%|████▍     | 3628/8189 [3:10:56<3:49:04,  3.01s/it]
 44%|████▍     | 3629/8189 [3:10:59<3:55:46,  3.10s/it]
 44%|████▍     | 3630/8189 [3:11:02<3:54:59,  3.09s/it]
 44%|████▍     | 3631/8189 [3:11:05<3:49:35,  3.02s/it]
 44%|████▍     | 3632/8189 [3:11:08<3:51:43,  3.05s/it]
 44%|████▍     | 3633/8189 [3:11:11<3:49:13,  3.02s/it]
 44%|████▍     | 3634/8189 [3:11:14<3:47:57,  3.00s/it]
 44%|████▍     | 3635/8189 [3:11:17<3:43:20,  2.94s/it]
 44%|████▍     | 3636/8189 [3:11:20<3:43:14,  2.94s/it]
 44%|████▍     | 3637/8189 [3:11:23<3:44:34,  2.96s/it]
 44%|████▍     | 3638/8189 [3:11:26<3:47:16,  3.00s/it]
 44%|████▍     | 3639/8189 [3:11:29<3:47:53,  3.01s/it]
 44%|████▍     | 3640/8189 [3:11:32<3:51:47,  3.06s/it]
 44%|████▍     | 3641/8189 [3:11:35<3:54:08,  3.09s/it]
 44%|████▍     | 3642/8189 [3:11:38<3:55:12,  3.10s/it]
 44%|████▍     | 3643/8189 [3:11:41<3:55:37,  3.11s/it]
 44%|████▍     | 3644/8189 [3:11:45<4:00:53,  3.18s/it]
 45%|████▍     | 3645/8189 [3:11:48<4:00:19,  3.17s/it]
 45%|████▍     | 3646/8189 [3:11:51<4:01:52,  3.19s/it]
 45%|████▍     | 3647/8189 [3:11:54<4:04:20,  3.23s/it]
 45%|████▍     | 3648/8189 [3:11:58<4:08:12,  3.28s/it]
 45%|████▍     | 3649/8189 [3:12:01<4:10:11,  3.31s/it]
 45%|████▍     | 3650/8189 [3:12:04<3:59:25,  3.16s/it]
 45%|████▍     | 3651/8189 [3:12:07<3:58:28,  3.15s/it]
 45%|████▍     | 3652/8189 [3:12:10<3:53:01,  3.08s/it]
 45%|████▍     | 3653/8189 [3:12:13<3:50:39,  3.05s/it]
 45%|████▍     | 3654/8189 [3:12:16<3:52:58,  3.08s/it]
 45%|████▍     | 3655/8189 [3:12:19<3:58:48,  3.16s/it]
 45%|████▍     | 3656/8189 [3:12:23<3:58:15,  3.15s/it]
 45%|████▍     | 3657/8189 [3:12:26<4:04:05,  3.23s/it]
 45%|████▍     | 3658/8189 [3:12:29<3:51:03,  3.06s/it]
 45%|████▍     | 3659/8189 [3:12:32<3:51:11,  3.06s/it]
 45%|████▍     | 3660/8189 [3:12:35<3:56:10,  3.13s/it]
 45%|████▍     | 3661/8189 [3:12:38<3:57:31,  3.15s/it]
 45%|████▍     | 3662/8189 [3:12:41<3:55:54,  3.13s/it]
 45%|████▍     | 3663/8189 [3:12:44<3:55:21,  3.12s/it]
 45%|████▍     | 3664/8189 [3:12:48<3:56:32,  3.14s/it]
 45%|████▍     | 3665/8189 [3:12:51<3:59:08,  3.17s/it]
 45%|████▍     | 3666/8189 [3:12:54<3:59:32,  3.18s/it]
 45%|████▍     | 3667/8189 [3:12:57<3:52:07,  3.08s/it]
 45%|████▍     | 3668/8189 [3:13:00<3:50:23,  3.06s/it]
 45%|████▍     | 3669/8189 [3:13:03<3:52:49,  3.09s/it]
 45%|████▍     | 3670/8189 [3:13:06<3:53:23,  3.10s/it]
 45%|████▍     | 3671/8189 [3:13:09<3:43:58,  2.97s/it]
 45%|████▍     | 3672/8189 [3:13:12<3:41:27,  2.94s/it]
 45%|████▍     | 3673/8189 [3:13:15<3:41:46,  2.95s/it]
 45%|████▍     | 3674/8189 [3:13:18<3:47:17,  3.02s/it]
 45%|████▍     | 3675/8189 [3:13:21<3:57:36,  3.16s/it]
 45%|████▍     | 3676/8189 [3:13:25<4:07:46,  3.29s/it]
 45%|████▍     | 3677/8189 [3:13:28<4:12:51,  3.36s/it]
 45%|████▍     | 3678/8189 [3:13:32<4:16:23,  3.41s/it]
 45%|████▍     | 3679/8189 [3:13:36<4:18:28,  3.44s/it]
 45%|████▍     | 3680/8189 [3:13:39<4:08:22,  3.31s/it]
 45%|████▍     | 3681/8189 [3:13:41<3:57:34,  3.16s/it]
 45%|████▍     | 3682/8189 [3:13:44<3:52:17,  3.09s/it]
 45%|████▍     | 3683/8189 [3:13:47<3:50:09,  3.06s/it]
 45%|████▍     | 3684/8189 [3:13:50<3:47:23,  3.03s/it]
 45%|████▍     | 3685/8189 [3:13:53<3:43:37,  2.98s/it]
 45%|████▌     | 3686/8189 [3:13:56<3:42:26,  2.96s/it]
 45%|████▌     | 3687/8189 [3:13:59<3:45:15,  3.00s/it]
 45%|████▌     | 3688/8189 [3:14:02<3:52:07,  3.09s/it]
 45%|████▌     | 3689/8189 [3:14:05<3:50:03,  3.07s/it]
 45%|████▌     | 3690/8189 [3:14:09<3:52:41,  3.10s/it]
 45%|████▌     | 3691/8189 [3:14:12<3:50:37,  3.08s/it]
 45%|████▌     | 3692/8189 [3:14:14<3:44:35,  3.00s/it]
 45%|████▌     | 3693/8189 [3:14:18<3:49:05,  3.06s/it]
 45%|████▌     | 3694/8189 [3:14:21<3:49:21,  3.06s/it]
 45%|████▌     | 3695/8189 [3:14:23<3:43:00,  2.98s/it]
 45%|████▌     | 3696/8189 [3:14:27<3:46:59,  3.03s/it]
 45%|████▌     | 3697/8189 [3:14:30<3:45:46,  3.02s/it]
 45%|████▌     | 3698/8189 [3:14:33<3:50:38,  3.08s/it]
 45%|████▌     | 3699/8189 [3:14:36<3:53:09,  3.12s/it]
 45%|████▌     | 3700/8189 [3:14:39<3:58:18,  3.19s/it]
 45%|████▌     | 3701/8189 [3:14:43<3:56:53,  3.17s/it]
 45%|████▌     | 3702/8189 [3:14:45<3:50:06,  3.08s/it]
 45%|████▌     | 3703/8189 [3:14:48<3:45:18,  3.01s/it]
 45%|████▌     | 3704/8189 [3:14:51<3:47:59,  3.05s/it]
 45%|████▌     | 3705/8189 [3:14:54<3:46:05,  3.03s/it]
 45%|████▌     | 3706/8189 [3:14:58<3:50:09,  3.08s/it]
 45%|████▌     | 3707/8189 [3:15:01<3:49:56,  3.08s/it]
 45%|████▌     | 3708/8189 [3:15:04<3:52:30,  3.11s/it]
 45%|████▌     | 3709/8189 [3:15:07<3:50:28,  3.09s/it]
 45%|████▌     | 3710/8189 [3:15:10<3:45:34,  3.02s/it]
 45%|████▌     | 3711/8189 [3:15:13<3:47:34,  3.05s/it]
 45%|████▌     | 3712/8189 [3:15:16<3:49:20,  3.07s/it]
 45%|████▌     | 3713/8189 [3:15:19<3:47:05,  3.04s/it]
 45%|████▌     | 3714/8189 [3:15:22<3:50:58,  3.10s/it]
 45%|████▌     | 3715/8189 [3:15:26<3:56:40,  3.17s/it]
 45%|████▌     | 3716/8189 [3:15:29<3:56:41,  3.17s/it]
 45%|████▌     | 3717/8189 [3:15:32<3:52:57,  3.13s/it]
 45%|████▌     | 3718/8189 [3:15:35<3:47:10,  3.05s/it]
 45%|████▌     | 3719/8189 [3:15:37<3:44:19,  3.01s/it]
 45%|████▌     | 3720/8189 [3:15:41<3:49:21,  3.08s/it]
 45%|████▌     | 3721/8189 [3:15:44<3:45:24,  3.03s/it]
 45%|████▌     | 3722/8189 [3:15:47<3:49:16,  3.08s/it]
 45%|████▌     | 3723/8189 [3:15:50<3:53:15,  3.13s/it]
 45%|████▌     | 3724/8189 [3:15:54<4:00:25,  3.23s/it]
 45%|████▌     | 3725/8189 [3:15:57<3:59:01,  3.21s/it]
 46%|████▌     | 3726/8189 [3:16:00<3:58:02,  3.20s/it]
 46%|████▌     | 3727/8189 [3:16:03<3:57:49,  3.20s/it]
 46%|████▌     | 3728/8189 [3:16:06<3:52:01,  3.12s/it]
 46%|████▌     | 3729/8189 [3:16:09<3:50:48,  3.11s/it]
 46%|████▌     | 3730/8189 [3:16:12<3:49:59,  3.09s/it]
 46%|████▌     | 3731/8189 [3:16:16<4:01:27,  3.25s/it]
 46%|████▌     | 3732/8189 [3:16:19<4:09:53,  3.36s/it]
 46%|████▌     | 3733/8189 [3:16:23<4:05:10,  3.30s/it]
 46%|████▌     | 3734/8189 [3:16:26<4:01:05,  3.25s/it]
 46%|████▌     | 3735/8189 [3:16:29<3:56:10,  3.18s/it]
 46%|████▌     | 3736/8189 [3:16:32<3:49:50,  3.10s/it]
 46%|████▌     | 3737/8189 [3:16:34<3:42:47,  3.00s/it]
 46%|████▌     | 3738/8189 [3:16:37<3:41:32,  2.99s/it]
 46%|████▌     | 3739/8189 [3:16:40<3:45:01,  3.03s/it]
 46%|████▌     | 3740/8189 [3:16:44<3:48:51,  3.09s/it]
 46%|████▌     | 3741/8189 [3:16:47<3:49:06,  3.09s/it]
 46%|████▌     | 3742/8189 [3:16:50<3:55:50,  3.18s/it]
 46%|████▌     | 3743/8189 [3:16:53<3:54:50,  3.17s/it]
 46%|████▌     | 3744/8189 [3:16:56<3:52:50,  3.14s/it]
 46%|████▌     | 3745/8189 [3:17:00<3:53:19,  3.15s/it]
 46%|████▌     | 3746/8189 [3:17:03<3:54:57,  3.17s/it]
 46%|████▌     | 3747/8189 [3:17:05<3:42:28,  3.01s/it]
 46%|████▌     | 3748/8189 [3:17:09<3:44:04,  3.03s/it]
 46%|████▌     | 3749/8189 [3:17:12<3:47:46,  3.08s/it]
 46%|████▌     | 3750/8189 [3:17:15<3:50:26,  3.11s/it]
 46%|████▌     | 3751/8189 [3:17:18<3:49:28,  3.10s/it]
 46%|████▌     | 3752/8189 [3:17:21<3:44:55,  3.04s/it]
 46%|████▌     | 3753/8189 [3:17:24<3:46:15,  3.06s/it]
 46%|████▌     | 3754/8189 [3:17:27<3:49:45,  3.11s/it]
 46%|████▌     | 3755/8189 [3:17:30<3:50:45,  3.12s/it]
 46%|████▌     | 3756/8189 [3:17:33<3:40:13,  2.98s/it]
 46%|████▌     | 3757/8189 [3:17:36<3:41:03,  2.99s/it]
 46%|████▌     | 3758/8189 [3:17:39<3:41:38,  3.00s/it]
 46%|████▌     | 3759/8189 [3:17:42<3:41:58,  3.01s/it]
 46%|████▌     | 3760/8189 [3:17:45<3:44:28,  3.04s/it]
 46%|████▌     | 3761/8189 [3:17:48<3:47:30,  3.08s/it]
 46%|████▌     | 3762/8189 [3:17:51<3:48:24,  3.10s/it]
 46%|████▌     | 3763/8189 [3:17:55<3:49:36,  3.11s/it]
 46%|████▌     | 3764/8189 [3:17:58<3:53:27,  3.17s/it]
 46%|████▌     | 3765/8189 [3:18:01<3:53:16,  3.16s/it]
 46%|████▌     | 3766/8189 [3:18:04<3:50:40,  3.13s/it]
 46%|████▌     | 3767/8189 [3:18:07<3:49:13,  3.11s/it]
 46%|████▌     | 3768/8189 [3:18:10<3:43:38,  3.04s/it]
 46%|████▌     | 3769/8189 [3:18:13<3:43:50,  3.04s/it]
 46%|████▌     | 3770/8189 [3:18:16<3:41:37,  3.01s/it]
 46%|████▌     | 3771/8189 [3:18:19<3:44:48,  3.05s/it]
 46%|████▌     | 3772/8189 [3:18:22<3:47:11,  3.09s/it]
 46%|████▌     | 3773/8189 [3:18:25<3:47:11,  3.09s/it]
 46%|████▌     | 3774/8189 [3:18:29<3:47:48,  3.10s/it]
 46%|████▌     | 3775/8189 [3:18:32<3:44:18,  3.05s/it]
 46%|████▌     | 3776/8189 [3:18:35<3:45:03,  3.06s/it]
 46%|████▌     | 3777/8189 [3:18:38<3:45:34,  3.07s/it]
 46%|████▌     | 3778/8189 [3:18:41<3:47:32,  3.10s/it]
 46%|████▌     | 3779/8189 [3:18:44<3:44:11,  3.05s/it]
 46%|████▌     | 3780/8189 [3:18:47<3:41:49,  3.02s/it]
 46%|████▌     | 3781/8189 [3:18:49<3:32:44,  2.90s/it]
 46%|████▌     | 3782/8189 [3:18:52<3:31:55,  2.89s/it]
 46%|████▌     | 3783/8189 [3:18:55<3:38:37,  2.98s/it]
 46%|████▌     | 3784/8189 [3:18:59<3:41:18,  3.01s/it]
 46%|████▌     | 3785/8189 [3:19:02<3:42:12,  3.03s/it]
 46%|████▌     | 3786/8189 [3:19:05<3:42:10,  3.03s/it]
 46%|████▌     | 3787/8189 [3:19:08<3:43:14,  3.04s/it]
 46%|████▋     | 3788/8189 [3:19:11<3:47:15,  3.10s/it]
 46%|████▋     | 3789/8189 [3:19:14<3:43:19,  3.05s/it]
 46%|████▋     | 3790/8189 [3:19:17<3:49:10,  3.13s/it]
 46%|████▋     | 3791/8189 [3:19:20<3:52:30,  3.17s/it]
 46%|████▋     | 3792/8189 [3:19:24<4:02:25,  3.31s/it]
 46%|████▋     | 3793/8189 [3:19:27<4:04:56,  3.34s/it]
 46%|████▋     | 3794/8189 [3:19:31<3:59:58,  3.28s/it]
 46%|████▋     | 3795/8189 [3:19:34<3:54:43,  3.21s/it]
 46%|████▋     | 3796/8189 [3:19:37<3:49:58,  3.14s/it]
 46%|████▋     | 3797/8189 [3:19:40<3:47:12,  3.10s/it]
 46%|████▋     | 3798/8189 [3:19:42<3:41:20,  3.02s/it]
 46%|████▋     | 3799/8189 [3:19:46<3:47:39,  3.11s/it]
 46%|████▋     | 3800/8189 [3:19:49<3:42:08,  3.04s/it]
 46%|████▋     | 3801/8189 [3:19:52<3:47:24,  3.11s/it]
 46%|████▋     | 3802/8189 [3:19:55<3:48:08,  3.12s/it]
 46%|████▋     | 3803/8189 [3:19:58<3:51:08,  3.16s/it]
 46%|████▋     | 3804/8189 [3:20:02<3:51:49,  3.17s/it]
 46%|████▋     | 3805/8189 [3:20:05<3:51:31,  3.17s/it]
 46%|████▋     | 3806/8189 [3:20:08<3:48:46,  3.13s/it]
 46%|████▋     | 3807/8189 [3:20:11<3:54:02,  3.20s/it]
 47%|████▋     | 3808/8189 [3:20:15<4:00:28,  3.29s/it]
 47%|████▋     | 3809/8189 [3:20:18<3:57:45,  3.26s/it]
 47%|████▋     | 3810/8189 [3:20:21<4:02:59,  3.33s/it]
 47%|████▋     | 3811/8189 [3:20:25<4:14:27,  3.49s/it]
 47%|████▋     | 3812/8189 [3:20:30<4:39:13,  3.83s/it]
 47%|████▋     | 3813/8189 [3:20:34<4:38:43,  3.82s/it]
 47%|████▋     | 3814/8189 [3:20:37<4:24:18,  3.62s/it]
 47%|████▋     | 3815/8189 [3:20:40<4:12:41,  3.47s/it]
 47%|████▋     | 3816/8189 [3:20:43<4:09:35,  3.42s/it]
 47%|████▋     | 3817/8189 [3:20:47<4:08:23,  3.41s/it]
 47%|████▋     | 3818/8189 [3:20:50<4:00:49,  3.31s/it]
 47%|████▋     | 3819/8189 [3:20:53<3:58:27,  3.27s/it]
 47%|████▋     | 3820/8189 [3:20:56<4:00:35,  3.30s/it]
 47%|████▋     | 3821/8189 [3:20:59<3:59:04,  3.28s/it]
 47%|████▋     | 3822/8189 [3:21:03<3:58:06,  3.27s/it]
 47%|████▋     | 3823/8189 [3:21:06<3:53:28,  3.21s/it]
 47%|████▋     | 3824/8189 [3:21:09<4:05:31,  3.37s/it]
 47%|████▋     | 3825/8189 [3:21:13<4:05:07,  3.37s/it]
 47%|████▋     | 3826/8189 [3:21:16<3:58:35,  3.28s/it]
 47%|████▋     | 3827/8189 [3:21:19<3:51:27,  3.18s/it]
 47%|████▋     | 3828/8189 [3:21:22<3:47:10,  3.13s/it]
 47%|████▋     | 3829/8189 [3:21:25<3:47:47,  3.13s/it]
 47%|████▋     | 3830/8189 [3:21:28<3:42:45,  3.07s/it]
 47%|████▋     | 3831/8189 [3:21:31<3:47:46,  3.14s/it]
 47%|████▋     | 3832/8189 [3:21:35<3:53:18,  3.21s/it]
 47%|████▋     | 3833/8189 [3:21:38<3:52:09,  3.20s/it]
 47%|████▋     | 3834/8189 [3:21:41<3:47:50,  3.14s/it]
 47%|████▋     | 3835/8189 [3:21:44<3:49:27,  3.16s/it]
 47%|████▋     | 3836/8189 [3:21:47<3:55:27,  3.25s/it]
 47%|████▋     | 3837/8189 [3:21:51<3:55:45,  3.25s/it]
 47%|████▋     | 3838/8189 [3:21:54<3:50:44,  3.18s/it]
 47%|████▋     | 3839/8189 [3:21:57<3:53:09,  3.22s/it]
 47%|████▋     | 3840/8189 [3:22:00<3:44:09,  3.09s/it]
 47%|████▋     | 3841/8189 [3:22:03<3:46:22,  3.12s/it]
 47%|████▋     | 3842/8189 [3:22:06<3:42:12,  3.07s/it]
 47%|████▋     | 3843/8189 [3:22:09<3:44:17,  3.10s/it]
 47%|████▋     | 3844/8189 [3:22:12<3:44:37,  3.10s/it]
 47%|████▋     | 3845/8189 [3:22:15<3:46:06,  3.12s/it]
 47%|████▋     | 3846/8189 [3:22:18<3:45:02,  3.11s/it]
 47%|████▋     | 3847/8189 [3:22:21<3:42:25,  3.07s/it]
 47%|████▋     | 3848/8189 [3:22:24<3:33:03,  2.94s/it]
 47%|████▋     | 3849/8189 [3:22:27<3:38:26,  3.02s/it]
 47%|████▋     | 3850/8189 [3:22:30<3:41:48,  3.07s/it]
 47%|████▋     | 3851/8189 [3:22:34<3:51:48,  3.21s/it]
 47%|████▋     | 3852/8189 [3:22:37<3:46:36,  3.14s/it]
 47%|████▋     | 3853/8189 [3:22:40<3:48:01,  3.16s/it]
 47%|████▋     | 3854/8189 [3:22:43<3:50:40,  3.19s/it]
 47%|████▋     | 3855/8189 [3:22:47<3:51:02,  3.20s/it]
 47%|████▋     | 3856/8189 [3:22:50<3:54:06,  3.24s/it]
 47%|████▋     | 3857/8189 [3:22:53<3:37:54,  3.02s/it]
 47%|████▋     | 3858/8189 [3:22:56<3:44:19,  3.11s/it]
 47%|████▋     | 3859/8189 [3:22:59<3:43:53,  3.10s/it]
 47%|████▋     | 3860/8189 [3:23:02<3:40:14,  3.05s/it]
 47%|████▋     | 3861/8189 [3:23:05<3:38:47,  3.03s/it]
 47%|████▋     | 3862/8189 [3:23:08<3:40:07,  3.05s/it]
 47%|████▋     | 3863/8189 [3:23:11<3:43:05,  3.09s/it]
 47%|████▋     | 3864/8189 [3:23:14<3:31:01,  2.93s/it]
 47%|████▋     | 3865/8189 [3:23:17<3:32:38,  2.95s/it]
 47%|████▋     | 3866/8189 [3:23:20<3:39:38,  3.05s/it]
 47%|████▋     | 3867/8189 [3:23:23<3:39:24,  3.05s/it]
 47%|████▋     | 3868/8189 [3:23:26<3:40:20,  3.06s/it]
 47%|████▋     | 3869/8189 [3:23:29<3:41:41,  3.08s/it]
 47%|████▋     | 3870/8189 [3:23:32<3:41:58,  3.08s/it]
 47%|████▋     | 3871/8189 [3:23:35<3:42:42,  3.09s/it]
 47%|████▋     | 3872/8189 [3:23:39<3:45:24,  3.13s/it]
 47%|████▋     | 3873/8189 [3:23:42<3:49:22,  3.19s/it]
 47%|████▋     | 3874/8189 [3:23:45<3:47:54,  3.17s/it]
 47%|████▋     | 3875/8189 [3:23:48<3:44:07,  3.12s/it]
 47%|████▋     | 3876/8189 [3:23:51<3:43:28,  3.11s/it]
 47%|████▋     | 3877/8189 [3:23:54<3:46:18,  3.15s/it]
 47%|████▋     | 3878/8189 [3:23:58<3:45:32,  3.14s/it]
 47%|████▋     | 3879/8189 [3:24:01<3:46:34,  3.15s/it]
 47%|████▋     | 3880/8189 [3:24:04<3:46:43,  3.16s/it]
 47%|████▋     | 3881/8189 [3:24:07<3:44:49,  3.13s/it]
 47%|████▋     | 3882/8189 [3:24:10<3:36:17,  3.01s/it]
 47%|████▋     | 3883/8189 [3:24:13<3:36:59,  3.02s/it]
 47%|████▋     | 3884/8189 [3:24:16<3:42:53,  3.11s/it]
 47%|████▋     | 3885/8189 [3:24:18<3:23:16,  2.83s/it]
 47%|████▋     | 3886/8189 [3:24:22<3:32:42,  2.97s/it]
 47%|████▋     | 3887/8189 [3:24:25<3:36:44,  3.02s/it]
 47%|████▋     | 3888/8189 [3:24:28<3:36:20,  3.02s/it]
 47%|████▋     | 3889/8189 [3:24:31<3:41:41,  3.09s/it]
 48%|████▊     | 3890/8189 [3:24:34<3:37:01,  3.03s/it]
 48%|████▊     | 3891/8189 [3:24:37<3:39:14,  3.06s/it]
 48%|████▊     | 3892/8189 [3:24:40<3:40:39,  3.08s/it]
 48%|████▊     | 3893/8189 [3:24:43<3:42:29,  3.11s/it]
 48%|████▊     | 3894/8189 [3:24:47<3:47:14,  3.17s/it]
 48%|████▊     | 3895/8189 [3:24:50<3:47:53,  3.18s/it]
 48%|████▊     | 3896/8189 [3:24:53<3:45:49,  3.16s/it]
 48%|████▊     | 3897/8189 [3:24:56<3:44:52,  3.14s/it]
 48%|████▊     | 3898/8189 [3:24:59<3:43:11,  3.12s/it]
 48%|████▊     | 3899/8189 [3:25:02<3:46:35,  3.17s/it]
 48%|████▊     | 3900/8189 [3:25:05<3:45:27,  3.15s/it]
 48%|████▊     | 3901/8189 [3:25:09<3:43:25,  3.13s/it]
 48%|████▊     | 3902/8189 [3:25:12<3:45:53,  3.16s/it]
 48%|████▊     | 3903/8189 [3:25:15<3:47:50,  3.19s/it]
 48%|████▊     | 3904/8189 [3:25:18<3:43:44,  3.13s/it]
 48%|████▊     | 3905/8189 [3:25:21<3:44:01,  3.14s/it]
 48%|████▊     | 3906/8189 [3:25:24<3:43:07,  3.13s/it]
 48%|████▊     | 3907/8189 [3:25:28<3:45:44,  3.16s/it]
 48%|████▊     | 3908/8189 [3:25:31<3:45:26,  3.16s/it]
 48%|████▊     | 3909/8189 [3:25:34<3:46:16,  3.17s/it]
 48%|████▊     | 3910/8189 [3:25:37<3:48:33,  3.20s/it]
 48%|████▊     | 3911/8189 [3:25:40<3:48:25,  3.20s/it]
 48%|████▊     | 3912/8189 [3:25:44<3:52:40,  3.26s/it]
 48%|████▊     | 3913/8189 [3:25:47<3:46:01,  3.17s/it]
 48%|████▊     | 3914/8189 [3:25:50<3:41:55,  3.11s/it]
 48%|████▊     | 3915/8189 [3:25:53<3:39:45,  3.09s/it]
 48%|████▊     | 3916/8189 [3:25:56<3:40:14,  3.09s/it]
 48%|████▊     | 3917/8189 [3:25:59<3:36:48,  3.05s/it]
 48%|████▊     | 3918/8189 [3:26:02<3:31:51,  2.98s/it]
 48%|████▊     | 3919/8189 [3:26:04<3:25:53,  2.89s/it]
 48%|████▊     | 3920/8189 [3:26:08<3:36:30,  3.04s/it]
 48%|████▊     | 3921/8189 [3:26:10<3:30:44,  2.96s/it]
 48%|████▊     | 3922/8189 [3:26:13<3:22:02,  2.84s/it]
 48%|████▊     | 3923/8189 [3:26:16<3:23:53,  2.87s/it]
 48%|████▊     | 3924/8189 [3:26:19<3:33:17,  3.00s/it]
 48%|████▊     | 3925/8189 [3:26:22<3:36:16,  3.04s/it]
 48%|████▊     | 3926/8189 [3:26:26<3:39:14,  3.09s/it]
 48%|████▊     | 3927/8189 [3:26:29<3:39:56,  3.10s/it]
 48%|████▊     | 3928/8189 [3:26:32<3:38:08,  3.07s/it]
 48%|████▊     | 3929/8189 [3:26:35<3:37:41,  3.07s/it]
 48%|████▊     | 3930/8189 [3:26:38<3:38:38,  3.08s/it]
 48%|████▊     | 3931/8189 [3:26:41<3:37:34,  3.07s/it]
 48%|████▊     | 3932/8189 [3:26:44<3:29:35,  2.95s/it]
 48%|████▊     | 3933/8189 [3:26:46<3:26:26,  2.91s/it]
 48%|████▊     | 3934/8189 [3:26:49<3:28:59,  2.95s/it]
 48%|████▊     | 3935/8189 [3:26:53<3:32:30,  3.00s/it]
 48%|████▊     | 3936/8189 [3:26:56<3:31:43,  2.99s/it]
 48%|████▊     | 3937/8189 [3:26:59<3:35:23,  3.04s/it]
 48%|████▊     | 3938/8189 [3:27:02<3:33:23,  3.01s/it]
 48%|████▊     | 3939/8189 [3:27:05<3:35:49,  3.05s/it]
 48%|████▊     | 3940/8189 [3:27:08<3:34:17,  3.03s/it]
 48%|████▊     | 3941/8189 [3:27:11<3:35:54,  3.05s/it]
 48%|████▊     | 3942/8189 [3:27:14<3:31:11,  2.98s/it]
 48%|████▊     | 3943/8189 [3:27:17<3:31:57,  3.00s/it]
 48%|████▊     | 3944/8189 [3:27:20<3:38:14,  3.08s/it]
 48%|████▊     | 3945/8189 [3:27:23<3:39:08,  3.10s/it]
 48%|████▊     | 3946/8189 [3:27:26<3:38:40,  3.09s/it]
 48%|████▊     | 3947/8189 [3:27:29<3:30:27,  2.98s/it]
 48%|████▊     | 3948/8189 [3:27:32<3:30:15,  2.97s/it]
 48%|████▊     | 3949/8189 [3:27:35<3:30:57,  2.99s/it]
 48%|████▊     | 3950/8189 [3:27:38<3:34:10,  3.03s/it]
 48%|████▊     | 3951/8189 [3:27:41<3:39:05,  3.10s/it]
 48%|████▊     | 3952/8189 [3:27:44<3:41:07,  3.13s/it]
 48%|████▊     | 3953/8189 [3:27:48<3:42:36,  3.15s/it]
 48%|████▊     | 3954/8189 [3:27:51<3:43:21,  3.16s/it]
 48%|████▊     | 3955/8189 [3:27:54<3:45:06,  3.19s/it]
 48%|████▊     | 3956/8189 [3:27:57<3:44:19,  3.18s/it]
 48%|████▊     | 3957/8189 [3:28:00<3:38:34,  3.10s/it]
 48%|████▊     | 3958/8189 [3:28:03<3:38:26,  3.10s/it]
 48%|████▊     | 3959/8189 [3:28:06<3:36:58,  3.08s/it]
 48%|████▊     | 3960/8189 [3:28:09<3:35:51,  3.06s/it]
 48%|████▊     | 3961/8189 [3:28:13<3:38:08,  3.10s/it]
 48%|████▊     | 3962/8189 [3:28:16<3:40:40,  3.13s/it]
 48%|████▊     | 3963/8189 [3:28:19<3:43:02,  3.17s/it]
 48%|████▊     | 3964/8189 [3:28:22<3:41:44,  3.15s/it]
 48%|████▊     | 3965/8189 [3:28:25<3:39:53,  3.12s/it]
 48%|████▊     | 3966/8189 [3:28:28<3:39:33,  3.12s/it]
 48%|████▊     | 3967/8189 [3:28:31<3:40:11,  3.13s/it]
 48%|████▊     | 3968/8189 [3:28:34<3:32:08,  3.02s/it]
 48%|████▊     | 3969/8189 [3:28:38<3:42:18,  3.16s/it]
 48%|████▊     | 3970/8189 [3:28:41<3:47:16,  3.23s/it]
 48%|████▊     | 3971/8189 [3:28:44<3:45:18,  3.21s/it]
 49%|████▊     | 3972/8189 [3:28:47<3:42:06,  3.16s/it]
 49%|████▊     | 3973/8189 [3:28:50<3:42:02,  3.16s/it]
 49%|████▊     | 3974/8189 [3:28:53<3:39:22,  3.12s/it]
 49%|████▊     | 3975/8189 [3:28:57<3:38:26,  3.11s/it]
 49%|████▊     | 3976/8189 [3:29:00<3:36:48,  3.09s/it]
 49%|████▊     | 3977/8189 [3:29:03<3:34:04,  3.05s/it]
 49%|████▊     | 3978/8189 [3:29:05<3:28:15,  2.97s/it]
 49%|████▊     | 3979/8189 [3:29:08<3:27:24,  2.96s/it]
 49%|████▊     | 3980/8189 [3:29:11<3:32:39,  3.03s/it]
 49%|████▊     | 3981/8189 [3:29:15<3:34:27,  3.06s/it]
 49%|████▊     | 3982/8189 [3:29:17<3:28:54,  2.98s/it]
 49%|████▊     | 3983/8189 [3:29:20<3:24:50,  2.92s/it]
 49%|████▊     | 3984/8189 [3:29:23<3:29:56,  3.00s/it]
 49%|████▊     | 3985/8189 [3:29:26<3:28:21,  2.97s/it]
 49%|████▊     | 3986/8189 [3:29:29<3:21:36,  2.88s/it]
 49%|████▊     | 3987/8189 [3:29:32<3:22:54,  2.90s/it]
 49%|████▊     | 3988/8189 [3:29:35<3:21:26,  2.88s/it]
 49%|████▊     | 3989/8189 [3:29:38<3:24:57,  2.93s/it]
 49%|████▊     | 3990/8189 [3:29:41<3:31:23,  3.02s/it]
 49%|████▊     | 3991/8189 [3:29:44<3:33:56,  3.06s/it]
 49%|████▊     | 3992/8189 [3:29:47<3:36:25,  3.09s/it]
 49%|████▉     | 3993/8189 [3:29:50<3:36:23,  3.09s/it]
 49%|████▉     | 3994/8189 [3:29:53<3:34:29,  3.07s/it]
 49%|████▉     | 3995/8189 [3:29:56<3:31:38,  3.03s/it]
 49%|████▉     | 3996/8189 [3:29:59<3:33:26,  3.05s/it]
 49%|████▉     | 3997/8189 [3:30:03<3:35:55,  3.09s/it]
 49%|████▉     | 3998/8189 [3:30:06<3:36:50,  3.10s/it]
 49%|████▉     | 3999/8189 [3:30:09<3:33:41,  3.06s/it]
 49%|████▉     | 4000/8189 [3:30:12<3:34:24,  3.07s/it]
                                                       

 49%|████▉     | 4000/8189 [3:30:12<3:34:24,  3.07s/it]

Batches:   0%|          | 0/9 [00:00<?, ?it/s][A

Batches:  56%|█████▌    | 5/9 [00:00<00:00, 47.96it/s][A
Batches: 100%|██████████| 9/9 [00:00<00:00, 53.29it/s]


Corpus Chunks:   0%|          | 0/1 [00:00<?, ?it/s][A


Batches:   0%|          | 0/9 [00:00<?, ?it/s][A[A


Batches:  67%|██████▋   | 6/9 [00:00<00:00, 58.79it/s][A[A
Batches: 100%|██████████| 9/9 [00:00<00:00, 66.56it/s]


Corpus Chunks: 100%|██████████| 1/1 [00:00<00:00,  7.11it/s][A
Corpus Chunks: 100%|██████████| 1/1 [00:00<00:00,  7.10it/s]


Batches:   0%|          | 0/7 [00:00<?, ?it/s][A

Batches: 100%|██████████| 7/7 [00:00<00:00, 62.04it/s][A
Batches: 100%|██████████| 7/7 [00:00<00:00, 61.47it/s]


Batches:   0%|          | 0/7 [00:00<?, ?it/s][A

Batches:  86%|████████▌ | 6/7 [00:00<00:00, 57.15it/s][A
Batches: 100%|██████████| 7/7 [00:00<00:00, 59.48it/s]


Batches:   0%|          | 0/7 [00:00<?, ?it/s][A

Batches: 100%|██████████| 7/7 [00:00<00:00, 69.97it/s][A
Batches: 100%|██████████| 7/7 [00:00<00:00, 69.49it/s]

                                                       

 49%|████▉     | 4000/8189 [3:30:13<3:34:24,  3.07s/it]

Writing model shards:   0%|          | 0/1 [00:00<?, ?it/s][A

Writing model shards: 100%|██████████| 1/1 [00:01<00:00,  1.35s/it][A
Writing model shards: 100%|██████████| 1/1 [00:01<00:00,  1.35s/it]

 49%|████▉     | 4001/8189 [3:30:20<5:25:32,  4.66s/it]
 49%|████▉     | 4002/8189 [3:30:24<4:57:44,  4.27s/it]
 49%|████▉     | 4003/8189 [3:30:27<4:32:56,  3.91s/it]
 49%|████▉     | 4004/8189 [3:30:30<4:16:44,  3.68s/it]
 49%|████▉     | 4005/8189 [3:30:33<4:04:08,  3.50s/it]
 49%|████▉     | 4006/8189 [3:30:36<3:59:43,  3.44s/it]
 49%|████▉     | 4007/8189 [3:30:39<3:48:14,  3.27s/it]
 49%|████▉     | 4008/8189 [3:30:42<3:36:02,  3.10s/it]
 49%|████▉     | 4009/8189 [3:30:45<3:36:25,  3.11s/it]
 49%|████▉     | 4010/8189 [3:30:48<3:33:48,  3.07s/it]
 49%|████▉     | 4011/8189 [3:30:51<3:26:42,  2.97s/it]
 49%|████▉     | 4012/8189 [3:30:54<3:27:37,  2.98s/it]
 49%|████▉     | 4013/8189 [3:30:57<3:30:51,  3.03s/it]
 49%|████▉     | 4014/8189 [3:31:00<3:28:53,  3.00s/it]
 49%|████▉     | 4015/8189 [3:31:03<3:31:17,  3.04s/it]
 49%|████▉     | 4016/8189 [3:31:06<3:28:35,  3.00s/it]
 49%|████▉     | 4017/8189 [3:31:09<3:29:25,  3.01s/it]
 49%|████▉     | 4018/8189 [3:31:12<3:31:40,  3.04s/it]
 49%|████▉     | 4019/8189 [3:31:15<3:31:44,  3.05s/it]
 49%|████▉     | 4020/8189 [3:31:18<3:31:04,  3.04s/it]
 49%|████▉     | 4021/8189 [3:31:21<3:30:49,  3.03s/it]
 49%|████▉     | 4022/8189 [3:31:24<3:28:32,  3.00s/it]
 49%|████▉     | 4023/8189 [3:31:27<3:30:39,  3.03s/it]
 49%|████▉     | 4024/8189 [3:31:30<3:35:09,  3.10s/it]
 49%|████▉     | 4025/8189 [3:31:33<3:34:02,  3.08s/it]
 49%|████▉     | 4026/8189 [3:31:36<3:36:16,  3.12s/it]
 49%|████▉     | 4027/8189 [3:31:40<3:35:09,  3.10s/it]
 49%|████▉     | 4028/8189 [3:31:43<3:36:36,  3.12s/it]
 49%|████▉     | 4029/8189 [3:31:46<3:37:57,  3.14s/it]
 49%|████▉     | 4030/8189 [3:31:49<3:35:38,  3.11s/it]
 49%|████▉     | 4031/8189 [3:31:52<3:37:04,  3.13s/it]
 49%|████▉     | 4032/8189 [3:31:55<3:36:14,  3.12s/it]
 49%|████▉     | 4033/8189 [3:31:58<3:35:24,  3.11s/it]
 49%|████▉     | 4034/8189 [3:32:01<3:33:08,  3.08s/it]
 49%|████▉     | 4035/8189 [3:32:04<3:33:43,  3.09s/it]
 49%|████▉     | 4036/8189 [3:32:08<3:36:59,  3.14s/it]
 49%|████▉     | 4037/8189 [3:32:11<3:38:58,  3.16s/it]
 49%|████▉     | 4038/8189 [3:32:14<3:34:35,  3.10s/it]
 49%|████▉     | 4039/8189 [3:32:17<3:43:09,  3.23s/it]
 49%|████▉     | 4040/8189 [3:32:20<3:38:16,  3.16s/it]
 49%|████▉     | 4041/8189 [3:32:23<3:35:45,  3.12s/it]
 49%|████▉     | 4042/8189 [3:32:26<3:34:52,  3.11s/it]
 49%|████▉     | 4043/8189 [3:32:29<3:24:13,  2.96s/it]
 49%|████▉     | 4044/8189 [3:32:32<3:22:21,  2.93s/it]
 49%|████▉     | 4045/8189 [3:32:35<3:29:12,  3.03s/it]
 49%|████▉     | 4046/8189 [3:32:38<3:30:47,  3.05s/it]
 49%|████▉     | 4047/8189 [3:32:41<3:34:11,  3.10s/it]
 49%|████▉     | 4048/8189 [3:32:45<3:34:41,  3.11s/it]
 49%|████▉     | 4049/8189 [3:32:48<3:36:49,  3.14s/it]
 49%|████▉     | 4050/8189 [3:32:51<3:34:17,  3.11s/it]
 49%|████▉     | 4051/8189 [3:32:54<3:31:13,  3.06s/it]
 49%|████▉     | 4052/8189 [3:32:57<3:30:12,  3.05s/it]
 49%|████▉     | 4053/8189 [3:33:00<3:31:26,  3.07s/it]
 50%|████▉     | 4054/8189 [3:33:03<3:34:16,  3.11s/it]
 50%|████▉     | 4055/8189 [3:33:06<3:30:40,  3.06s/it]
 50%|████▉     | 4056/8189 [3:33:09<3:33:57,  3.11s/it]
 50%|████▉     | 4057/8189 [3:33:12<3:20:47,  2.92s/it]
 50%|████▉     | 4058/8189 [3:33:15<3:21:03,  2.92s/it]
 50%|████▉     | 4059/8189 [3:33:18<3:19:54,  2.90s/it]
 50%|████▉     | 4060/8189 [3:33:21<3:27:26,  3.01s/it]
 50%|████▉     | 4061/8189 [3:33:24<3:25:29,  2.99s/it]
 50%|████▉     | 4062/8189 [3:33:27<3:24:48,  2.98s/it]
 50%|████▉     | 4063/8189 [3:33:30<3:25:37,  2.99s/it]
 50%|████▉     | 4064/8189 [3:33:33<3:25:28,  2.99s/it]
 50%|████▉     | 4065/8189 [3:33:35<3:19:29,  2.90s/it]
 50%|████▉     | 4066/8189 [3:33:38<3:16:37,  2.86s/it]
 50%|████▉     | 4067/8189 [3:33:41<3:15:15,  2.84s/it]
 50%|████▉     | 4068/8189 [3:33:44<3:23:06,  2.96s/it]
 50%|████▉     | 4069/8189 [3:33:47<3:24:24,  2.98s/it]
 50%|████▉     | 4070/8189 [3:33:50<3:22:00,  2.94s/it]
 50%|████▉     | 4071/8189 [3:33:53<3:26:05,  3.00s/it]
 50%|████▉     | 4072/8189 [3:33:56<3:24:06,  2.97s/it]
 50%|████▉     | 4073/8189 [3:33:59<3:22:12,  2.95s/it]
 50%|████▉     | 4074/8189 [3:34:02<3:22:14,  2.95s/it]
 50%|████▉     | 4075/8189 [3:34:04<3:07:05,  2.73s/it]
 50%|████▉     | 4076/8189 [3:34:07<3:14:44,  2.84s/it]
 50%|████▉     | 4077/8189 [3:34:10<3:19:03,  2.90s/it]
 50%|████▉     | 4078/8189 [3:34:13<3:10:47,  2.78s/it]
 50%|████▉     | 4079/8189 [3:34:16<3:15:09,  2.85s/it]
 50%|████▉     | 4080/8189 [3:34:19<3:21:38,  2.94s/it]
 50%|████▉     | 4081/8189 [3:34:22<3:26:44,  3.02s/it]
 50%|████▉     | 4082/8189 [3:34:25<3:26:22,  3.01s/it]
 50%|████▉     | 4083/8189 [3:34:28<3:27:29,  3.03s/it]
 50%|████▉     | 4084/8189 [3:34:31<3:29:20,  3.06s/it]
 50%|████▉     | 4085/8189 [3:34:35<3:30:08,  3.07s/it]
 50%|████▉     | 4086/8189 [3:34:37<3:27:44,  3.04s/it]
 50%|████▉     | 4087/8189 [3:34:41<3:28:12,  3.05s/it]
 50%|████▉     | 4088/8189 [3:34:44<3:31:23,  3.09s/it]
 50%|████▉     | 4089/8189 [3:34:47<3:30:52,  3.09s/it]
 50%|████▉     | 4090/8189 [3:34:50<3:24:10,  2.99s/it]
 50%|████▉     | 4091/8189 [3:34:52<3:18:43,  2.91s/it]
 50%|████▉     | 4092/8189 [3:34:55<3:22:58,  2.97s/it]
 50%|████▉     | 4093/8189 [3:34:58<3:22:50,  2.97s/it]
 50%|████▉     | 4094/8189 [3:35:02<3:25:46,  3.01s/it]
 50%|█████     | 4095/8189 [3:35:04<3:23:43,  2.99s/it]
 50%|█████     | 4096/8189 [3:35:08<3:27:19,  3.04s/it]
 50%|█████     | 4097/8189 [3:35:11<3:30:09,  3.08s/it]
 50%|█████     | 4098/8189 [3:35:14<3:26:30,  3.03s/it]
 50%|█████     | 4099/8189 [3:35:17<3:33:09,  3.13s/it]
 50%|█████     | 4100/8189 [3:35:20<3:38:10,  3.20s/it]
 50%|█████     | 4101/8189 [3:35:23<3:28:52,  3.07s/it]
 50%|█████     | 4102/8189 [3:35:26<3:22:41,  2.98s/it]
 50%|█████     | 4103/8189 [3:35:29<3:25:44,  3.02s/it]
 50%|█████     | 4104/8189 [3:35:32<3:19:14,  2.93s/it]
 50%|█████     | 4105/8189 [3:35:35<3:19:20,  2.93s/it]
 50%|█████     | 4106/8189 [3:35:38<3:21:14,  2.96s/it]
 50%|█████     | 4107/8189 [3:35:40<3:14:20,  2.86s/it]
 50%|█████     | 4108/8189 [3:35:43<3:19:47,  2.94s/it]
 50%|█████     | 4109/8189 [3:35:46<3:19:54,  2.94s/it]
 50%|█████     | 4110/8189 [3:35:49<3:20:52,  2.95s/it]
 50%|█████     | 4111/8189 [3:35:53<3:25:56,  3.03s/it]
 50%|█████     | 4112/8189 [3:35:56<3:23:20,  2.99s/it]
 50%|█████     | 4113/8189 [3:35:58<3:20:30,  2.95s/it]
 50%|█████     | 4114/8189 [3:36:02<3:36:40,  3.19s/it]
 50%|█████     | 4115/8189 [3:36:05<3:38:48,  3.22s/it]
 50%|█████     | 4116/8189 [3:36:09<3:35:45,  3.18s/it]
 50%|█████     | 4117/8189 [3:36:12<3:43:10,  3.29s/it]
 50%|█████     | 4118/8189 [3:36:15<3:44:30,  3.31s/it]
 50%|█████     | 4119/8189 [3:36:19<3:52:45,  3.43s/it]
 50%|█████     | 4120/8189 [3:36:22<3:47:50,  3.36s/it]
 50%|█████     | 4121/8189 [3:36:26<3:45:58,  3.33s/it]
 50%|█████     | 4122/8189 [3:36:29<3:42:42,  3.29s/it]
 50%|█████     | 4123/8189 [3:36:32<3:36:07,  3.19s/it]
 50%|█████     | 4124/8189 [3:36:35<3:34:39,  3.17s/it]
 50%|█████     | 4125/8189 [3:36:38<3:37:11,  3.21s/it]
 50%|█████     | 4126/8189 [3:36:41<3:28:21,  3.08s/it]
 50%|█████     | 4127/8189 [3:36:44<3:28:20,  3.08s/it]
 50%|█████     | 4128/8189 [3:36:47<3:28:25,  3.08s/it]
 50%|█████     | 4129/8189 [3:36:50<3:28:35,  3.08s/it]
 50%|█████     | 4130/8189 [3:36:53<3:32:17,  3.14s/it]
 50%|█████     | 4131/8189 [3:36:57<3:31:46,  3.13s/it]
 50%|█████     | 4132/8189 [3:37:00<3:33:32,  3.16s/it]
 50%|█████     | 4133/8189 [3:37:03<3:35:13,  3.18s/it]
 50%|█████     | 4134/8189 [3:37:06<3:40:33,  3.26s/it]
 50%|█████     | 4135/8189 [3:37:09<3:34:48,  3.18s/it]
 51%|█████     | 4136/8189 [3:37:12<3:22:23,  3.00s/it]
 51%|█████     | 4137/8189 [3:37:15<3:23:47,  3.02s/it]
 51%|█████     | 4138/8189 [3:37:18<3:29:54,  3.11s/it]
 51%|█████     | 4139/8189 [3:37:21<3:25:31,  3.04s/it]
 51%|█████     | 4140/8189 [3:37:25<3:29:47,  3.11s/it]
 51%|█████     | 4141/8189 [3:37:28<3:27:22,  3.07s/it]
 51%|█████     | 4142/8189 [3:37:30<3:18:59,  2.95s/it]
 51%|█████     | 4143/8189 [3:37:33<3:18:20,  2.94s/it]
 51%|█████     | 4144/8189 [3:37:36<3:22:06,  3.00s/it]
 51%|█████     | 4145/8189 [3:37:39<3:24:03,  3.03s/it]
 51%|█████     | 4146/8189 [3:37:42<3:19:17,  2.96s/it]
 51%|█████     | 4147/8189 [3:37:45<3:15:41,  2.90s/it]
 51%|█████     | 4148/8189 [3:37:48<3:17:47,  2.94s/it]
 51%|█████     | 4149/8189 [3:37:51<3:18:31,  2.95s/it]
 51%|█████     | 4150/8189 [3:37:54<3:29:15,  3.11s/it]
 51%|█████     | 4151/8189 [3:37:57<3:21:38,  3.00s/it]
 51%|█████     | 4152/8189 [3:38:00<3:22:17,  3.01s/it]
 51%|█████     | 4153/8189 [3:38:03<3:22:34,  3.01s/it]
 51%|█████     | 4154/8189 [3:38:06<3:18:17,  2.95s/it]
 51%|█████     | 4155/8189 [3:38:09<3:18:04,  2.95s/it]
 51%|█████     | 4156/8189 [3:38:12<3:19:13,  2.96s/it]
 51%|█████     | 4157/8189 [3:38:15<3:22:02,  3.01s/it]
 51%|█████     | 4158/8189 [3:38:18<3:20:20,  2.98s/it]
 51%|█████     | 4159/8189 [3:38:21<3:22:29,  3.01s/it]
 51%|█████     | 4160/8189 [3:38:24<3:24:38,  3.05s/it]
 51%|█████     | 4161/8189 [3:38:27<3:27:31,  3.09s/it]
 51%|█████     | 4162/8189 [3:38:30<3:27:40,  3.09s/it]
 51%|█████     | 4163/8189 [3:38:34<3:28:01,  3.10s/it]
 51%|█████     | 4164/8189 [3:38:36<3:22:46,  3.02s/it]
 51%|█████     | 4165/8189 [3:38:39<3:23:02,  3.03s/it]
 51%|█████     | 4166/8189 [3:38:43<3:25:35,  3.07s/it]
 51%|█████     | 4167/8189 [3:38:46<3:27:31,  3.10s/it]
 51%|█████     | 4168/8189 [3:38:49<3:27:16,  3.09s/it]
 51%|█████     | 4169/8189 [3:38:52<3:26:32,  3.08s/it]
 51%|█████     | 4170/8189 [3:38:55<3:28:33,  3.11s/it]
 51%|█████     | 4171/8189 [3:38:58<3:28:04,  3.11s/it]
 51%|█████     | 4172/8189 [3:39:01<3:18:38,  2.97s/it]
 51%|█████     | 4173/8189 [3:39:04<3:18:37,  2.97s/it]
 51%|█████     | 4174/8189 [3:39:07<3:23:03,  3.03s/it]
 51%|█████     | 4175/8189 [3:39:10<3:27:34,  3.10s/it]
 51%|█████     | 4176/8189 [3:39:13<3:17:59,  2.96s/it]
 51%|█████     | 4177/8189 [3:39:16<3:24:46,  3.06s/it]
 51%|█████     | 4178/8189 [3:39:19<3:27:45,  3.11s/it]
 51%|█████     | 4179/8189 [3:39:23<3:30:57,  3.16s/it]
 51%|█████     | 4180/8189 [3:39:26<3:36:00,  3.23s/it]
 51%|█████     | 4181/8189 [3:39:29<3:33:29,  3.20s/it]
 51%|█████     | 4182/8189 [3:39:32<3:25:54,  3.08s/it]
 51%|█████     | 4183/8189 [3:39:35<3:23:30,  3.05s/it]
 51%|█████     | 4184/8189 [3:39:38<3:22:45,  3.04s/it]
 51%|█████     | 4185/8189 [3:39:41<3:26:12,  3.09s/it]
 51%|█████     | 4186/8189 [3:39:44<3:24:27,  3.06s/it]
 51%|█████     | 4187/8189 [3:39:47<3:26:47,  3.10s/it]
 51%|█████     | 4188/8189 [3:39:51<3:27:41,  3.11s/it]
 51%|█████     | 4189/8189 [3:39:54<3:32:20,  3.19s/it]
 51%|█████     | 4190/8189 [3:39:57<3:29:23,  3.14s/it]
 51%|█████     | 4191/8189 [3:40:00<3:30:05,  3.15s/it]
 51%|█████     | 4192/8189 [3:40:03<3:27:43,  3.12s/it]
 51%|█████     | 4193/8189 [3:40:06<3:28:37,  3.13s/it]
 51%|█████     | 4194/8189 [3:40:09<3:26:45,  3.11s/it]
 51%|█████     | 4195/8189 [3:40:12<3:25:08,  3.08s/it]
 51%|█████     | 4196/8189 [3:40:16<3:26:31,  3.10s/it]
 51%|█████▏    | 4197/8189 [3:40:19<3:24:06,  3.07s/it]
 51%|█████▏    | 4198/8189 [3:40:22<3:22:45,  3.05s/it]
 51%|█████▏    | 4199/8189 [3:40:25<3:23:41,  3.06s/it]
 51%|█████▏    | 4200/8189 [3:40:28<3:25:51,  3.10s/it]
 51%|█████▏    | 4201/8189 [3:40:31<3:25:34,  3.09s/it]
 51%|█████▏    | 4202/8189 [3:40:34<3:26:53,  3.11s/it]
 51%|█████▏    | 4203/8189 [3:40:37<3:29:44,  3.16s/it]
 51%|█████▏    | 4204/8189 [3:40:41<3:30:30,  3.17s/it]
 51%|█████▏    | 4205/8189 [3:40:44<3:33:07,  3.21s/it]
 51%|█████▏    | 4206/8189 [3:40:47<3:25:39,  3.10s/it]
 51%|█████▏    | 4207/8189 [3:40:49<3:18:44,  2.99s/it]
 51%|█████▏    | 4208/8189 [3:40:52<3:20:10,  3.02s/it]
 51%|█████▏    | 4209/8189 [3:40:56<3:25:06,  3.09s/it]
 51%|█████▏    | 4210/8189 [3:40:59<3:29:30,  3.16s/it]
 51%|█████▏    | 4211/8189 [3:41:02<3:28:00,  3.14s/it]
 51%|█████▏    | 4212/8189 [3:41:05<3:30:47,  3.18s/it]
 51%|█████▏    | 4213/8189 [3:41:09<3:30:00,  3.17s/it]
 51%|█████▏    | 4214/8189 [3:41:12<3:31:12,  3.19s/it]
 51%|█████▏    | 4215/8189 [3:41:15<3:31:35,  3.19s/it]
 51%|█████▏    | 4216/8189 [3:41:18<3:28:17,  3.15s/it]
 51%|█████▏    | 4217/8189 [3:41:21<3:27:25,  3.13s/it]
 52%|█████▏    | 4218/8189 [3:41:24<3:29:12,  3.16s/it]
 52%|█████▏    | 4219/8189 [3:41:28<3:31:51,  3.20s/it]
 52%|█████▏    | 4220/8189 [3:41:31<3:30:26,  3.18s/it]
 52%|█████▏    | 4221/8189 [3:41:34<3:29:57,  3.17s/it]
 52%|█████▏    | 4222/8189 [3:41:37<3:24:50,  3.10s/it]
 52%|█████▏    | 4223/8189 [3:41:40<3:22:24,  3.06s/it]
 52%|█████▏    | 4224/8189 [3:41:43<3:22:15,  3.06s/it]
 52%|█████▏    | 4225/8189 [3:41:46<3:19:35,  3.02s/it]
 52%|█████▏    | 4226/8189 [3:41:49<3:20:39,  3.04s/it]
 52%|█████▏    | 4227/8189 [3:41:52<3:15:19,  2.96s/it]
 52%|█████▏    | 4228/8189 [3:41:54<3:11:37,  2.90s/it]
 52%|█████▏    | 4229/8189 [3:41:57<3:13:30,  2.93s/it]
 52%|█████▏    | 4230/8189 [3:42:00<3:08:03,  2.85s/it]
 52%|█████▏    | 4231/8189 [3:42:03<3:16:27,  2.98s/it]
 52%|█████▏    | 4232/8189 [3:42:06<3:16:35,  2.98s/it]
 52%|█████▏    | 4233/8189 [3:42:09<3:16:32,  2.98s/it]
 52%|█████▏    | 4234/8189 [3:42:12<3:16:30,  2.98s/it]
 52%|█████▏    | 4235/8189 [3:42:15<3:18:15,  3.01s/it]
 52%|█████▏    | 4236/8189 [3:42:18<3:13:53,  2.94s/it]
 52%|█████▏    | 4237/8189 [3:42:21<3:20:03,  3.04s/it]
 52%|█████▏    | 4238/8189 [3:42:24<3:18:14,  3.01s/it]
 52%|█████▏    | 4239/8189 [3:42:28<3:20:21,  3.04s/it]
 52%|█████▏    | 4240/8189 [3:42:30<3:17:30,  3.00s/it]
 52%|█████▏    | 4241/8189 [3:42:34<3:18:40,  3.02s/it]
 52%|█████▏    | 4242/8189 [3:42:36<3:16:18,  2.98s/it]
 52%|█████▏    | 4243/8189 [3:42:40<3:21:06,  3.06s/it]
 52%|█████▏    | 4244/8189 [3:42:43<3:20:28,  3.05s/it]
 52%|█████▏    | 4245/8189 [3:42:46<3:23:14,  3.09s/it]
 52%|█████▏    | 4246/8189 [3:42:49<3:23:09,  3.09s/it]
 52%|█████▏    | 4247/8189 [3:42:52<3:21:27,  3.07s/it]
 52%|█████▏    | 4248/8189 [3:42:55<3:22:26,  3.08s/it]
 52%|█████▏    | 4249/8189 [3:42:58<3:24:11,  3.11s/it]
 52%|█████▏    | 4250/8189 [3:43:01<3:26:03,  3.14s/it]
 52%|█████▏    | 4251/8189 [3:43:04<3:21:50,  3.08s/it]
 52%|█████▏    | 4252/8189 [3:43:08<3:23:48,  3.11s/it]
 52%|█████▏    | 4253/8189 [3:43:10<3:18:50,  3.03s/it]
 52%|█████▏    | 4254/8189 [3:43:13<3:03:38,  2.80s/it]
 52%|█████▏    | 4255/8189 [3:43:16<3:10:04,  2.90s/it]
 52%|█████▏    | 4256/8189 [3:43:19<3:14:59,  2.97s/it]
 52%|█████▏    | 4257/8189 [3:43:22<3:15:09,  2.98s/it]
 52%|█████▏    | 4258/8189 [3:43:25<3:07:50,  2.87s/it]
 52%|█████▏    | 4259/8189 [3:43:27<3:02:16,  2.78s/it]
 52%|█████▏    | 4260/8189 [3:43:30<3:04:15,  2.81s/it]
 52%|█████▏    | 4261/8189 [3:43:33<3:03:54,  2.81s/it]
 52%|█████▏    | 4262/8189 [3:43:36<3:01:47,  2.78s/it]
 52%|█████▏    | 4263/8189 [3:43:38<3:02:53,  2.80s/it]
 52%|█████▏    | 4264/8189 [3:43:41<3:08:31,  2.88s/it]
 52%|█████▏    | 4265/8189 [3:43:45<3:15:04,  2.98s/it]
 52%|█████▏    | 4266/8189 [3:43:48<3:19:15,  3.05s/it]
 52%|█████▏    | 4267/8189 [3:43:51<3:20:04,  3.06s/it]
 52%|█████▏    | 4268/8189 [3:43:54<3:23:23,  3.11s/it]
 52%|█████▏    | 4269/8189 [3:43:57<3:22:59,  3.11s/it]
 52%|█████▏    | 4270/8189 [3:44:00<3:23:23,  3.11s/it]
 52%|█████▏    | 4271/8189 [3:44:04<3:26:19,  3.16s/it]
 52%|█████▏    | 4272/8189 [3:44:07<3:25:56,  3.15s/it]
 52%|█████▏    | 4273/8189 [3:44:10<3:24:51,  3.14s/it]
 52%|█████▏    | 4274/8189 [3:44:13<3:20:12,  3.07s/it]
 52%|█████▏    | 4275/8189 [3:44:16<3:21:39,  3.09s/it]
 52%|█████▏    | 4276/8189 [3:44:19<3:23:29,  3.12s/it]
 52%|█████▏    | 4277/8189 [3:44:22<3:21:54,  3.10s/it]
 52%|█████▏    | 4278/8189 [3:44:25<3:22:39,  3.11s/it]
 52%|█████▏    | 4279/8189 [3:44:28<3:18:30,  3.05s/it]
 52%|█████▏    | 4280/8189 [3:44:31<3:19:20,  3.06s/it]
 52%|█████▏    | 4281/8189 [3:44:35<3:22:04,  3.10s/it]
 52%|█████▏    | 4282/8189 [3:44:38<3:21:52,  3.10s/it]
 52%|█████▏    | 4283/8189 [3:44:41<3:18:39,  3.05s/it]
 52%|█████▏    | 4284/8189 [3:44:44<3:19:42,  3.07s/it]
 52%|█████▏    | 4285/8189 [3:44:47<3:20:47,  3.09s/it]
 52%|█████▏    | 4286/8189 [3:44:50<3:24:04,  3.14s/it]
 52%|█████▏    | 4287/8189 [3:44:53<3:19:12,  3.06s/it]
 52%|█████▏    | 4288/8189 [3:44:56<3:21:50,  3.10s/it]
 52%|█████▏    | 4289/8189 [3:44:59<3:21:53,  3.11s/it]
 52%|█████▏    | 4290/8189 [3:45:02<3:22:42,  3.12s/it]
 52%|█████▏    | 4291/8189 [3:45:06<3:23:58,  3.14s/it]
 52%|█████▏    | 4292/8189 [3:45:09<3:21:47,  3.11s/it]
 52%|█████▏    | 4293/8189 [3:45:12<3:18:47,  3.06s/it]
 52%|█████▏    | 4294/8189 [3:45:15<3:20:07,  3.08s/it]
 52%|█████▏    | 4295/8189 [3:45:18<3:22:35,  3.12s/it]
 52%|█████▏    | 4296/8189 [3:45:21<3:17:04,  3.04s/it]
 52%|█████▏    | 4297/8189 [3:45:24<3:20:29,  3.09s/it]
 52%|█████▏    | 4298/8189 [3:45:27<3:21:28,  3.11s/it]
 52%|█████▏    | 4299/8189 [3:45:30<3:17:42,  3.05s/it]
 53%|█████▎    | 4300/8189 [3:45:33<3:19:28,  3.08s/it]
 53%|█████▎    | 4301/8189 [3:45:36<3:22:55,  3.13s/it]
 53%|█████▎    | 4302/8189 [3:45:40<3:23:49,  3.15s/it]
 53%|█████▎    | 4303/8189 [3:45:43<3:24:00,  3.15s/it]
 53%|█████▎    | 4304/8189 [3:45:46<3:25:07,  3.17s/it]
 53%|█████▎    | 4305/8189 [3:45:49<3:23:11,  3.14s/it]
 53%|█████▎    | 4306/8189 [3:45:52<3:18:40,  3.07s/it]
 53%|█████▎    | 4307/8189 [3:45:55<3:26:24,  3.19s/it]
 53%|█████▎    | 4308/8189 [3:45:59<3:31:22,  3.27s/it]
 53%|█████▎    | 4309/8189 [3:46:02<3:22:36,  3.13s/it]
 53%|█████▎    | 4310/8189 [3:46:04<3:13:50,  3.00s/it]
 53%|█████▎    | 4311/8189 [3:46:08<3:18:28,  3.07s/it]
 53%|█████▎    | 4312/8189 [3:46:10<3:11:43,  2.97s/it]
 53%|█████▎    | 4313/8189 [3:46:13<3:00:19,  2.79s/it]
 53%|█████▎    | 4314/8189 [3:46:16<3:04:37,  2.86s/it]
 53%|█████▎    | 4315/8189 [3:46:19<3:07:33,  2.90s/it]
 53%|█████▎    | 4316/8189 [3:46:22<3:10:06,  2.95s/it]
 53%|█████▎    | 4317/8189 [3:46:25<3:14:02,  3.01s/it]
 53%|█████▎    | 4318/8189 [3:46:28<3:15:33,  3.03s/it]
 53%|█████▎    | 4319/8189 [3:46:31<3:15:00,  3.02s/it]
 53%|█████▎    | 4320/8189 [3:46:34<3:19:04,  3.09s/it]
 53%|█████▎    | 4321/8189 [3:46:37<3:15:19,  3.03s/it]
 53%|█████▎    | 4322/8189 [3:46:40<3:20:34,  3.11s/it]
 53%|█████▎    | 4323/8189 [3:46:44<3:22:06,  3.14s/it]
 53%|█████▎    | 4324/8189 [3:46:47<3:27:51,  3.23s/it]
 53%|█████▎    | 4325/8189 [3:46:50<3:30:09,  3.26s/it]
 53%|█████▎    | 4326/8189 [3:46:54<3:25:52,  3.20s/it]
 53%|█████▎    | 4327/8189 [3:46:57<3:25:09,  3.19s/it]
 53%|█████▎    | 4328/8189 [3:47:00<3:23:26,  3.16s/it]
 53%|█████▎    | 4329/8189 [3:47:03<3:18:51,  3.09s/it]
 53%|█████▎    | 4330/8189 [3:47:06<3:17:53,  3.08s/it]
 53%|█████▎    | 4331/8189 [3:47:09<3:12:13,  2.99s/it]
 53%|█████▎    | 4332/8189 [3:47:12<3:17:57,  3.08s/it]
 53%|█████▎    | 4333/8189 [3:47:15<3:15:00,  3.03s/it]
 53%|█████▎    | 4334/8189 [3:47:18<3:12:26,  3.00s/it]
 53%|█████▎    | 4335/8189 [3:47:21<3:17:32,  3.08s/it]
 53%|█████▎    | 4336/8189 [3:47:24<3:14:00,  3.02s/it]
 53%|█████▎    | 4337/8189 [3:47:28<3:27:18,  3.23s/it]
 53%|█████▎    | 4338/8189 [3:47:31<3:34:19,  3.34s/it]
 53%|█████▎    | 4339/8189 [3:47:35<3:41:20,  3.45s/it]
 53%|█████▎    | 4340/8189 [3:47:38<3:43:48,  3.49s/it]
 53%|█████▎    | 4341/8189 [3:47:41<3:35:51,  3.37s/it]
 53%|█████▎    | 4342/8189 [3:47:45<3:39:59,  3.43s/it]
 53%|█████▎    | 4343/8189 [3:47:49<3:41:09,  3.45s/it]
 53%|█████▎    | 4344/8189 [3:47:52<3:43:50,  3.49s/it]
 53%|█████▎    | 4345/8189 [3:47:56<3:43:14,  3.48s/it]
 53%|█████▎    | 4346/8189 [3:47:59<3:42:14,  3.47s/it]
 53%|█████▎    | 4347/8189 [3:48:02<3:39:41,  3.43s/it]
 53%|█████▎    | 4348/8189 [3:48:06<3:42:10,  3.47s/it]
 53%|█████▎    | 4349/8189 [3:48:09<3:42:58,  3.48s/it]
 53%|█████▎    | 4350/8189 [3:48:13<3:43:17,  3.49s/it]
 53%|█████▎    | 4351/8189 [3:48:16<3:43:20,  3.49s/it]
 53%|█████▎    | 4352/8189 [3:48:20<3:44:20,  3.51s/it]
 53%|█████▎    | 4353/8189 [3:48:24<3:43:56,  3.50s/it]
 53%|█████▎    | 4354/8189 [3:48:27<3:45:58,  3.54s/it]
 53%|█████▎    | 4355/8189 [3:48:31<3:44:10,  3.51s/it]
 53%|█████▎    | 4356/8189 [3:48:34<3:37:15,  3.40s/it]
 53%|█████▎    | 4357/8189 [3:48:37<3:37:17,  3.40s/it]
 53%|█████▎    | 4358/8189 [3:48:41<3:37:38,  3.41s/it]
 53%|█████▎    | 4359/8189 [3:48:44<3:38:39,  3.43s/it]
 53%|█████▎    | 4360/8189 [3:48:48<3:40:01,  3.45s/it]
 53%|█████▎    | 4361/8189 [3:48:51<3:34:09,  3.36s/it]
 53%|█████▎    | 4362/8189 [3:48:54<3:31:15,  3.31s/it]
 53%|█████▎    | 4363/8189 [3:48:57<3:22:43,  3.18s/it]
 53%|█████▎    | 4364/8189 [3:49:00<3:22:43,  3.18s/it]
 53%|█████▎    | 4365/8189 [3:49:03<3:21:11,  3.16s/it]
 53%|█████▎    | 4366/8189 [3:49:06<3:18:27,  3.11s/it]
 53%|█████▎    | 4367/8189 [3:49:09<3:14:23,  3.05s/it]
 53%|█████▎    | 4368/8189 [3:49:12<3:08:40,  2.96s/it]
 53%|█████▎    | 4369/8189 [3:49:15<3:13:18,  3.04s/it]
 53%|█████▎    | 4370/8189 [3:49:18<3:09:44,  2.98s/it]
 53%|█████▎    | 4371/8189 [3:49:21<3:09:54,  2.98s/it]
 53%|█████▎    | 4372/8189 [3:49:24<3:10:31,  2.99s/it]
 53%|█████▎    | 4373/8189 [3:49:27<3:09:07,  2.97s/it]
 53%|█████▎    | 4374/8189 [3:49:30<3:08:28,  2.96s/it]
 53%|█████▎    | 4375/8189 [3:49:32<3:01:03,  2.85s/it]
 53%|█████▎    | 4376/8189 [3:49:35<3:04:43,  2.91s/it]
 53%|█████▎    | 4377/8189 [3:49:38<3:05:02,  2.91s/it]
 53%|█████▎    | 4378/8189 [3:49:41<3:01:31,  2.86s/it]
 53%|█████▎    | 4379/8189 [3:49:44<3:04:02,  2.90s/it]
 53%|█████▎    | 4380/8189 [3:49:47<3:07:05,  2.95s/it]
 53%|█████▎    | 4381/8189 [3:49:50<2:59:10,  2.82s/it]
 54%|█████▎    | 4382/8189 [3:49:52<2:59:28,  2.83s/it]
 54%|█████▎    | 4383/8189 [3:49:55<3:02:32,  2.88s/it]
 54%|█████▎    | 4384/8189 [3:49:58<2:59:42,  2.83s/it]
 54%|█████▎    | 4385/8189 [3:50:01<3:07:04,  2.95s/it]
 54%|█████▎    | 4386/8189 [3:50:04<3:09:11,  2.98s/it]
 54%|█████▎    | 4387/8189 [3:50:07<3:08:55,  2.98s/it]
 54%|█████▎    | 4388/8189 [3:50:10<3:11:05,  3.02s/it]
 54%|█████▎    | 4389/8189 [3:50:13<3:08:37,  2.98s/it]
 54%|█████▎    | 4390/8189 [3:50:16<3:10:26,  3.01s/it]
 54%|█████▎    | 4391/8189 [3:50:20<3:13:31,  3.06s/it]
 54%|█████▎    | 4392/8189 [3:50:23<3:13:10,  3.05s/it]
 54%|█████▎    | 4393/8189 [3:50:25<3:07:27,  2.96s/it]
 54%|█████▎    | 4394/8189 [3:50:28<3:03:55,  2.91s/it]
 54%|█████▎    | 4395/8189 [3:50:31<3:09:11,  2.99s/it]
 54%|█████▎    | 4396/8189 [3:50:34<3:06:04,  2.94s/it]
 54%|█████▎    | 4397/8189 [3:50:37<3:08:37,  2.98s/it]
 54%|█████▎    | 4398/8189 [3:50:40<3:06:45,  2.96s/it]
 54%|█████▎    | 4399/8189 [3:50:43<3:12:00,  3.04s/it]
 54%|█████▎    | 4400/8189 [3:50:47<3:18:53,  3.15s/it]
 54%|█████▎    | 4401/8189 [3:50:50<3:17:54,  3.13s/it]
 54%|█████▍    | 4402/8189 [3:50:53<3:21:19,  3.19s/it]
 54%|█████▍    | 4403/8189 [3:50:56<3:22:01,  3.20s/it]
 54%|█████▍    | 4404/8189 [3:51:00<3:32:46,  3.37s/it]
 54%|█████▍    | 4405/8189 [3:51:04<3:38:59,  3.47s/it]
 54%|█████▍    | 4406/8189 [3:51:08<3:45:03,  3.57s/it]
 54%|█████▍    | 4407/8189 [3:51:11<3:39:45,  3.49s/it]
 54%|█████▍    | 4408/8189 [3:51:15<3:40:52,  3.51s/it]
 54%|█████▍    | 4409/8189 [3:51:18<3:32:52,  3.38s/it]
 54%|█████▍    | 4410/8189 [3:51:21<3:33:02,  3.38s/it]
 54%|█████▍    | 4411/8189 [3:51:24<3:33:32,  3.39s/it]
 54%|█████▍    | 4412/8189 [3:51:28<3:35:27,  3.42s/it]
 54%|█████▍    | 4413/8189 [3:51:31<3:34:00,  3.40s/it]
 54%|█████▍    | 4414/8189 [3:51:35<3:38:23,  3.47s/it]
 54%|█████▍    | 4415/8189 [3:51:38<3:33:39,  3.40s/it]
 54%|█████▍    | 4416/8189 [3:51:42<3:39:58,  3.50s/it]
 54%|█████▍    | 4417/8189 [3:51:45<3:36:42,  3.45s/it]
 54%|█████▍    | 4418/8189 [3:51:48<3:31:39,  3.37s/it]
 54%|█████▍    | 4419/8189 [3:51:52<3:39:19,  3.49s/it]
 54%|█████▍    | 4420/8189 [3:51:55<3:36:12,  3.44s/it]
 54%|█████▍    | 4421/8189 [3:51:59<3:33:11,  3.39s/it]
 54%|█████▍    | 4422/8189 [3:52:02<3:33:10,  3.40s/it]
 54%|█████▍    | 4423/8189 [3:52:06<3:35:38,  3.44s/it]
 54%|█████▍    | 4424/8189 [3:52:09<3:38:50,  3.49s/it]
 54%|█████▍    | 4425/8189 [3:52:13<3:44:13,  3.57s/it]
 54%|█████▍    | 4426/8189 [3:52:16<3:34:05,  3.41s/it]
 54%|█████▍    | 4427/8189 [3:52:20<3:37:17,  3.47s/it]
 54%|█████▍    | 4428/8189 [3:52:23<3:38:44,  3.49s/it]
 54%|█████▍    | 4429/8189 [3:52:27<3:40:48,  3.52s/it]
 54%|█████▍    | 4430/8189 [3:52:30<3:31:02,  3.37s/it]
 54%|█████▍    | 4431/8189 [3:52:33<3:31:57,  3.38s/it]
 54%|█████▍    | 4432/8189 [3:52:37<3:36:06,  3.45s/it]
 54%|█████▍    | 4433/8189 [3:52:41<3:39:38,  3.51s/it]
 54%|█████▍    | 4434/8189 [3:52:43<3:29:00,  3.34s/it]
 54%|█████▍    | 4435/8189 [3:52:47<3:23:06,  3.25s/it]
 54%|█████▍    | 4436/8189 [3:52:50<3:22:49,  3.24s/it]
 54%|█████▍    | 4437/8189 [3:52:52<3:12:02,  3.07s/it]
 54%|█████▍    | 4438/8189 [3:52:56<3:15:32,  3.13s/it]
 54%|█████▍    | 4439/8189 [3:52:58<3:08:17,  3.01s/it]
 54%|█████▍    | 4440/8189 [3:53:02<3:10:37,  3.05s/it]
 54%|█████▍    | 4441/8189 [3:53:05<3:12:15,  3.08s/it]
 54%|█████▍    | 4442/8189 [3:53:08<3:09:53,  3.04s/it]
 54%|█████▍    | 4443/8189 [3:53:11<3:12:09,  3.08s/it]
 54%|█████▍    | 4444/8189 [3:53:14<3:13:37,  3.10s/it]
 54%|█████▍    | 4445/8189 [3:53:17<3:16:16,  3.15s/it]
 54%|█████▍    | 4446/8189 [3:53:20<3:14:35,  3.12s/it]
 54%|█████▍    | 4447/8189 [3:53:24<3:20:29,  3.21s/it]
 54%|█████▍    | 4448/8189 [3:53:27<3:14:59,  3.13s/it]
 54%|█████▍    | 4449/8189 [3:53:29<3:07:30,  3.01s/it]
 54%|█████▍    | 4450/8189 [3:53:32<3:05:14,  2.97s/it]
 54%|█████▍    | 4451/8189 [3:53:35<3:09:27,  3.04s/it]
 54%|█████▍    | 4452/8189 [3:53:39<3:10:42,  3.06s/it]
 54%|█████▍    | 4453/8189 [3:53:42<3:12:35,  3.09s/it]
 54%|█████▍    | 4454/8189 [3:53:45<3:10:19,  3.06s/it]
 54%|█████▍    | 4455/8189 [3:53:48<3:12:42,  3.10s/it]
 54%|█████▍    | 4456/8189 [3:53:51<3:11:10,  3.07s/it]
 54%|█████▍    | 4457/8189 [3:53:54<3:12:02,  3.09s/it]
 54%|█████▍    | 4458/8189 [3:53:57<3:08:02,  3.02s/it]
 54%|█████▍    | 4459/8189 [3:54:00<3:01:44,  2.92s/it]
 54%|█████▍    | 4460/8189 [3:54:03<3:03:12,  2.95s/it]
 54%|█████▍    | 4461/8189 [3:54:05<2:59:15,  2.88s/it]
 54%|█████▍    | 4462/8189 [3:54:08<3:03:33,  2.96s/it]
 54%|█████▍    | 4463/8189 [3:54:12<3:06:53,  3.01s/it]
 55%|█████▍    | 4464/8189 [3:54:15<3:11:49,  3.09s/it]
 55%|█████▍    | 4465/8189 [3:54:18<3:10:59,  3.08s/it]
 55%|█████▍    | 4466/8189 [3:54:21<3:13:47,  3.12s/it]
 55%|█████▍    | 4467/8189 [3:54:24<3:16:28,  3.17s/it]
 55%|█████▍    | 4468/8189 [3:54:28<3:15:48,  3.16s/it]
 55%|█████▍    | 4469/8189 [3:54:31<3:18:06,  3.20s/it]
 55%|█████▍    | 4470/8189 [3:54:34<3:17:59,  3.19s/it]
 55%|█████▍    | 4471/8189 [3:54:37<3:13:19,  3.12s/it]
 55%|█████▍    | 4472/8189 [3:54:40<3:15:55,  3.16s/it]
 55%|█████▍    | 4473/8189 [3:54:43<3:16:42,  3.18s/it]
 55%|█████▍    | 4474/8189 [3:54:46<3:13:35,  3.13s/it]
 55%|█████▍    | 4475/8189 [3:54:49<3:04:44,  2.98s/it]
 55%|█████▍    | 4476/8189 [3:54:52<2:58:04,  2.88s/it]
 55%|█████▍    | 4477/8189 [3:54:55<2:59:41,  2.90s/it]
 55%|█████▍    | 4478/8189 [3:54:58<3:04:44,  2.99s/it]
 55%|█████▍    | 4479/8189 [3:55:01<3:05:17,  3.00s/it]
 55%|█████▍    | 4480/8189 [3:55:04<3:05:57,  3.01s/it]
 55%|█████▍    | 4481/8189 [3:55:07<3:06:21,  3.02s/it]
 55%|█████▍    | 4482/8189 [3:55:10<3:09:48,  3.07s/it]
 55%|█████▍    | 4483/8189 [3:55:14<3:18:15,  3.21s/it]
 55%|█████▍    | 4484/8189 [3:55:17<3:23:42,  3.30s/it]
 55%|█████▍    | 4485/8189 [3:55:21<3:28:54,  3.38s/it]
 55%|█████▍    | 4486/8189 [3:55:24<3:30:40,  3.41s/it]
 55%|█████▍    | 4487/8189 [3:55:28<3:33:27,  3.46s/it]
 55%|█████▍    | 4488/8189 [3:55:31<3:25:56,  3.34s/it]
 55%|█████▍    | 4489/8189 [3:55:35<3:31:56,  3.44s/it]
 55%|█████▍    | 4490/8189 [3:55:38<3:32:40,  3.45s/it]
 55%|█████▍    | 4491/8189 [3:55:41<3:20:20,  3.25s/it]
 55%|█████▍    | 4492/8189 [3:55:44<3:18:54,  3.23s/it]
 55%|█████▍    | 4493/8189 [3:55:47<3:17:33,  3.21s/it]
 55%|█████▍    | 4494/8189 [3:55:50<3:11:57,  3.12s/it]
 55%|█████▍    | 4495/8189 [3:55:53<3:11:46,  3.12s/it]
 55%|█████▍    | 4496/8189 [3:55:56<3:14:41,  3.16s/it]
 55%|█████▍    | 4497/8189 [3:56:00<3:15:48,  3.18s/it]
 55%|█████▍    | 4498/8189 [3:56:03<3:17:14,  3.21s/it]
 55%|█████▍    | 4499/8189 [3:56:06<3:17:24,  3.21s/it]
 55%|█████▍    | 4500/8189 [3:56:09<3:07:14,  3.05s/it]
 55%|█████▍    | 4501/8189 [3:56:12<3:08:25,  3.07s/it]
 55%|█████▍    | 4502/8189 [3:56:15<3:09:44,  3.09s/it]
 55%|█████▍    | 4503/8189 [3:56:18<3:09:09,  3.08s/it]
 55%|█████▌    | 4504/8189 [3:56:21<3:09:20,  3.08s/it]
 55%|█████▌    | 4505/8189 [3:56:24<3:06:27,  3.04s/it]
 55%|█████▌    | 4506/8189 [3:56:27<3:09:03,  3.08s/it]
 55%|█████▌    | 4507/8189 [3:56:30<3:09:09,  3.08s/it]
 55%|█████▌    | 4508/8189 [3:56:34<3:09:10,  3.08s/it]
 55%|█████▌    | 4509/8189 [3:56:37<3:11:23,  3.12s/it]
 55%|█████▌    | 4510/8189 [3:56:40<3:11:07,  3.12s/it]
 55%|█████▌    | 4511/8189 [3:56:43<3:08:17,  3.07s/it]
 55%|█████▌    | 4512/8189 [3:56:46<3:11:12,  3.12s/it]
 55%|█████▌    | 4513/8189 [3:56:49<3:11:52,  3.13s/it]
 55%|█████▌    | 4514/8189 [3:56:52<3:05:49,  3.03s/it]
 55%|█████▌    | 4515/8189 [3:56:55<3:01:42,  2.97s/it]
 55%|█████▌    | 4516/8189 [3:56:58<3:05:07,  3.02s/it]
 55%|█████▌    | 4517/8189 [3:57:01<3:02:45,  2.99s/it]
 55%|█████▌    | 4518/8189 [3:57:04<3:05:15,  3.03s/it]
 55%|█████▌    | 4519/8189 [3:57:07<3:00:46,  2.96s/it]
 55%|█████▌    | 4520/8189 [3:57:10<2:56:55,  2.89s/it]
 55%|█████▌    | 4521/8189 [3:57:12<2:47:17,  2.74s/it]
 55%|█████▌    | 4522/8189 [3:57:15<2:55:17,  2.87s/it]
 55%|█████▌    | 4523/8189 [3:57:18<2:49:17,  2.77s/it]
 55%|█████▌    | 4524/8189 [3:57:20<2:39:10,  2.61s/it]
 55%|█████▌    | 4525/8189 [3:57:23<2:49:45,  2.78s/it]
 55%|█████▌    | 4526/8189 [3:57:26<2:57:45,  2.91s/it]
 55%|█████▌    | 4527/8189 [3:57:29<2:57:01,  2.90s/it]
 55%|█████▌    | 4528/8189 [3:57:32<2:57:02,  2.90s/it]
 55%|█████▌    | 4529/8189 [3:57:35<3:00:06,  2.95s/it]
 55%|█████▌    | 4530/8189 [3:57:38<3:03:41,  3.01s/it]
 55%|█████▌    | 4531/8189 [3:57:41<3:06:54,  3.07s/it]
 55%|█████▌    | 4532/8189 [3:57:45<3:07:53,  3.08s/it]
 55%|█████▌    | 4533/8189 [3:57:47<3:03:37,  3.01s/it]
 55%|█████▌    | 4534/8189 [3:57:51<3:06:28,  3.06s/it]
 55%|█████▌    | 4535/8189 [3:57:54<3:06:13,  3.06s/it]
 55%|█████▌    | 4536/8189 [3:57:57<3:08:45,  3.10s/it]
 55%|█████▌    | 4537/8189 [3:58:00<3:10:34,  3.13s/it]
 55%|█████▌    | 4538/8189 [3:58:03<3:13:09,  3.17s/it]
 55%|█████▌    | 4539/8189 [3:58:07<3:14:55,  3.20s/it]
 55%|█████▌    | 4540/8189 [3:58:10<3:13:00,  3.17s/it]
 55%|█████▌    | 4541/8189 [3:58:13<3:11:36,  3.15s/it]
 55%|█████▌    | 4542/8189 [3:58:16<3:13:56,  3.19s/it]
 55%|█████▌    | 4543/8189 [3:58:20<3:21:37,  3.32s/it]
 55%|█████▌    | 4544/8189 [3:58:23<3:18:22,  3.27s/it]
 56%|█████▌    | 4545/8189 [3:58:26<3:20:02,  3.29s/it]
 56%|█████▌    | 4546/8189 [3:58:29<3:17:54,  3.26s/it]
 56%|█████▌    | 4547/8189 [3:58:33<3:24:23,  3.37s/it]
 56%|█████▌    | 4548/8189 [3:58:36<3:22:10,  3.33s/it]
 56%|█████▌    | 4549/8189 [3:58:40<3:21:14,  3.32s/it]
 56%|█████▌    | 4550/8189 [3:58:43<3:18:59,  3.28s/it]
 56%|█████▌    | 4551/8189 [3:58:46<3:15:36,  3.23s/it]
 56%|█████▌    | 4552/8189 [3:58:49<3:10:20,  3.14s/it]
 56%|█████▌    | 4553/8189 [3:58:51<2:59:14,  2.96s/it]
 56%|█████▌    | 4554/8189 [3:58:54<3:00:09,  2.97s/it]
 56%|█████▌    | 4555/8189 [3:58:57<3:00:18,  2.98s/it]
 56%|█████▌    | 4556/8189 [3:59:00<3:00:01,  2.97s/it]
 56%|█████▌    | 4557/8189 [3:59:03<3:02:03,  3.01s/it]
 56%|█████▌    | 4558/8189 [3:59:07<3:07:20,  3.10s/it]
 56%|█████▌    | 4559/8189 [3:59:10<3:09:45,  3.14s/it]
 56%|█████▌    | 4560/8189 [3:59:13<3:07:36,  3.10s/it]
 56%|█████▌    | 4561/8189 [3:59:16<3:02:25,  3.02s/it]
 56%|█████▌    | 4562/8189 [3:59:19<3:02:57,  3.03s/it]
 56%|█████▌    | 4563/8189 [3:59:22<3:06:11,  3.08s/it]
 56%|█████▌    | 4564/8189 [3:59:25<3:07:45,  3.11s/it]
 56%|█████▌    | 4565/8189 [3:59:28<3:04:57,  3.06s/it]
 56%|█████▌    | 4566/8189 [3:59:31<3:01:11,  3.00s/it]
 56%|█████▌    | 4567/8189 [3:59:34<3:01:33,  3.01s/it]
 56%|█████▌    | 4568/8189 [3:59:37<3:01:03,  3.00s/it]
 56%|█████▌    | 4569/8189 [3:59:40<3:04:28,  3.06s/it]
 56%|█████▌    | 4570/8189 [3:59:43<3:03:03,  3.03s/it]
 56%|█████▌    | 4571/8189 [3:59:46<2:57:28,  2.94s/it]
 56%|█████▌    | 4572/8189 [3:59:49<2:54:41,  2.90s/it]
 56%|█████▌    | 4573/8189 [3:59:52<2:55:20,  2.91s/it]
 56%|█████▌    | 4574/8189 [3:59:55<2:58:00,  2.95s/it]
 56%|█████▌    | 4575/8189 [3:59:58<2:58:41,  2.97s/it]
 56%|█████▌    | 4576/8189 [4:00:01<3:00:40,  3.00s/it]
 56%|█████▌    | 4577/8189 [4:00:04<2:57:10,  2.94s/it]
 56%|█████▌    | 4578/8189 [4:00:06<2:55:54,  2.92s/it]
 56%|█████▌    | 4579/8189 [4:00:10<2:59:16,  2.98s/it]
 56%|█████▌    | 4580/8189 [4:00:13<3:01:13,  3.01s/it]
 56%|█████▌    | 4581/8189 [4:00:16<3:02:19,  3.03s/it]
 56%|█████▌    | 4582/8189 [4:00:19<3:00:59,  3.01s/it]
 56%|█████▌    | 4583/8189 [4:00:22<3:02:52,  3.04s/it]
 56%|█████▌    | 4584/8189 [4:00:25<3:04:49,  3.08s/it]
 56%|█████▌    | 4585/8189 [4:00:28<3:07:32,  3.12s/it]
 56%|█████▌    | 4586/8189 [4:00:31<3:08:59,  3.15s/it]
 56%|█████▌    | 4587/8189 [4:00:34<3:06:41,  3.11s/it]
 56%|█████▌    | 4588/8189 [4:00:37<3:04:05,  3.07s/it]
 56%|█████▌    | 4589/8189 [4:00:40<2:56:40,  2.94s/it]
 56%|█████▌    | 4590/8189 [4:00:43<3:05:12,  3.09s/it]
 56%|█████▌    | 4591/8189 [4:00:47<3:07:54,  3.13s/it]
 56%|█████▌    | 4592/8189 [4:00:50<3:05:53,  3.10s/it]
 56%|█████▌    | 4593/8189 [4:00:53<3:02:42,  3.05s/it]
 56%|█████▌    | 4594/8189 [4:00:56<3:01:19,  3.03s/it]
 56%|█████▌    | 4595/8189 [4:00:58<2:54:47,  2.92s/it]
 56%|█████▌    | 4596/8189 [4:01:01<2:58:11,  2.98s/it]
 56%|█████▌    | 4597/8189 [4:01:05<3:01:19,  3.03s/it]
 56%|█████▌    | 4598/8189 [4:01:08<3:03:24,  3.06s/it]
 56%|█████▌    | 4599/8189 [4:01:11<3:00:36,  3.02s/it]
 56%|█████▌    | 4600/8189 [4:01:13<2:58:02,  2.98s/it]
 56%|█████▌    | 4601/8189 [4:01:17<3:00:33,  3.02s/it]
 56%|█████▌    | 4602/8189 [4:01:20<3:01:35,  3.04s/it]
 56%|█████▌    | 4603/8189 [4:01:23<3:02:57,  3.06s/it]
 56%|█████▌    | 4604/8189 [4:01:26<3:03:54,  3.08s/it]
 56%|█████▌    | 4605/8189 [4:01:29<3:04:13,  3.08s/it]
 56%|█████▌    | 4606/8189 [4:01:32<3:03:52,  3.08s/it]
 56%|█████▋    | 4607/8189 [4:01:35<3:03:47,  3.08s/it]
 56%|█████▋    | 4608/8189 [4:01:38<3:05:48,  3.11s/it]
 56%|█████▋    | 4609/8189 [4:01:41<3:06:02,  3.12s/it]
 56%|█████▋    | 4610/8189 [4:01:45<3:05:51,  3.12s/it]
 56%|█████▋    | 4611/8189 [4:01:48<3:07:07,  3.14s/it]
 56%|█████▋    | 4612/8189 [4:01:51<3:06:03,  3.12s/it]
 56%|█████▋    | 4613/8189 [4:01:54<3:05:32,  3.11s/it]
 56%|█████▋    | 4614/8189 [4:01:57<3:01:38,  3.05s/it]
 56%|█████▋    | 4615/8189 [4:02:00<3:04:02,  3.09s/it]
 56%|█████▋    | 4616/8189 [4:02:03<3:06:17,  3.13s/it]
 56%|█████▋    | 4617/8189 [4:02:06<3:07:45,  3.15s/it]
 56%|█████▋    | 4618/8189 [4:02:10<3:09:39,  3.19s/it]
 56%|█████▋    | 4619/8189 [4:02:13<3:05:27,  3.12s/it]
 56%|█████▋    | 4620/8189 [4:02:15<2:50:38,  2.87s/it]
 56%|█████▋    | 4621/8189 [4:02:18<2:55:22,  2.95s/it]
 56%|█████▋    | 4622/8189 [4:02:21<2:51:26,  2.88s/it]
 56%|█████▋    | 4623/8189 [4:02:23<2:43:58,  2.76s/it]
 56%|█████▋    | 4624/8189 [4:02:26<2:50:50,  2.88s/it]
 56%|█████▋    | 4625/8189 [4:02:30<2:56:16,  2.97s/it]
 56%|█████▋    | 4626/8189 [4:02:32<2:47:40,  2.82s/it]
 57%|█████▋    | 4627/8189 [4:02:35<2:45:50,  2.79s/it]
 57%|█████▋    | 4628/8189 [4:02:38<2:52:07,  2.90s/it]
 57%|█████▋    | 4629/8189 [4:02:41<3:02:28,  3.08s/it]
 57%|█████▋    | 4630/8189 [4:02:45<3:05:05,  3.12s/it]
 57%|█████▋    | 4631/8189 [4:02:47<2:59:07,  3.02s/it]
 57%|█████▋    | 4632/8189 [4:02:51<3:09:07,  3.19s/it]
 57%|█████▋    | 4633/8189 [4:02:55<3:14:45,  3.29s/it]
 57%|█████▋    | 4634/8189 [4:02:58<3:12:29,  3.25s/it]
 57%|█████▋    | 4635/8189 [4:03:01<3:08:48,  3.19s/it]
 57%|█████▋    | 4636/8189 [4:03:04<3:12:00,  3.24s/it]
 57%|█████▋    | 4637/8189 [4:03:07<3:09:47,  3.21s/it]
 57%|█████▋    | 4638/8189 [4:03:10<3:08:11,  3.18s/it]
 57%|█████▋    | 4639/8189 [4:03:13<3:00:02,  3.04s/it]
 57%|█████▋    | 4640/8189 [4:03:16<2:58:24,  3.02s/it]
 57%|█████▋    | 4641/8189 [4:03:19<2:57:37,  3.00s/it]
 57%|█████▋    | 4642/8189 [4:03:22<2:51:39,  2.90s/it]
 57%|█████▋    | 4643/8189 [4:03:25<2:57:32,  3.00s/it]
 57%|█████▋    | 4644/8189 [4:03:28<2:58:53,  3.03s/it]
 57%|█████▋    | 4645/8189 [4:03:31<2:58:49,  3.03s/it]
 57%|█████▋    | 4646/8189 [4:03:34<3:04:06,  3.12s/it]
 57%|█████▋    | 4647/8189 [4:03:37<3:03:59,  3.12s/it]
 57%|█████▋    | 4648/8189 [4:03:41<3:04:53,  3.13s/it]
 57%|█████▋    | 4649/8189 [4:03:44<3:03:42,  3.11s/it]
 57%|█████▋    | 4650/8189 [4:03:46<2:55:46,  2.98s/it]
 57%|█████▋    | 4651/8189 [4:03:49<2:57:29,  3.01s/it]
 57%|█████▋    | 4652/8189 [4:03:53<3:03:33,  3.11s/it]
 57%|█████▋    | 4653/8189 [4:03:56<3:03:04,  3.11s/it]
 57%|█████▋    | 4654/8189 [4:03:59<3:05:35,  3.15s/it]
 57%|█████▋    | 4655/8189 [4:04:02<3:00:04,  3.06s/it]
 57%|█████▋    | 4656/8189 [4:04:05<2:54:17,  2.96s/it]
 57%|█████▋    | 4657/8189 [4:04:08<2:56:32,  3.00s/it]
 57%|█████▋    | 4658/8189 [4:04:11<2:57:32,  3.02s/it]
 57%|█████▋    | 4659/8189 [4:04:14<2:55:48,  2.99s/it]
 57%|█████▋    | 4660/8189 [4:04:17<3:00:40,  3.07s/it]
 57%|█████▋    | 4661/8189 [4:04:20<3:02:17,  3.10s/it]
 57%|█████▋    | 4662/8189 [4:04:24<3:04:50,  3.14s/it]
 57%|█████▋    | 4663/8189 [4:04:27<3:12:15,  3.27s/it]
 57%|█████▋    | 4664/8189 [4:04:30<3:07:46,  3.20s/it]
 57%|█████▋    | 4665/8189 [4:04:33<2:55:44,  2.99s/it]
 57%|█████▋    | 4666/8189 [4:04:36<2:55:11,  2.98s/it]
 57%|█████▋    | 4667/8189 [4:04:39<2:57:11,  3.02s/it]
 57%|█████▋    | 4668/8189 [4:04:42<3:08:21,  3.21s/it]
 57%|█████▋    | 4669/8189 [4:04:45<2:57:49,  3.03s/it]
 57%|█████▋    | 4670/8189 [4:04:49<3:10:42,  3.25s/it]
 57%|█████▋    | 4671/8189 [4:04:51<3:02:18,  3.11s/it]
 57%|█████▋    | 4672/8189 [4:04:55<3:13:10,  3.30s/it]
 57%|█████▋    | 4673/8189 [4:04:59<3:14:54,  3.33s/it]
 57%|█████▋    | 4674/8189 [4:05:02<3:11:42,  3.27s/it]
 57%|█████▋    | 4675/8189 [4:05:05<3:10:20,  3.25s/it]
 57%|█████▋    | 4676/8189 [4:05:08<3:05:09,  3.16s/it]
 57%|█████▋    | 4677/8189 [4:05:11<3:05:54,  3.18s/it]
 57%|█████▋    | 4678/8189 [4:05:14<2:59:50,  3.07s/it]
 57%|█████▋    | 4679/8189 [4:05:17<2:56:42,  3.02s/it]
 57%|█████▋    | 4680/8189 [4:05:19<2:49:15,  2.89s/it]
 57%|█████▋    | 4681/8189 [4:05:23<2:58:06,  3.05s/it]
 57%|█████▋    | 4682/8189 [4:05:26<3:00:50,  3.09s/it]
 57%|█████▋    | 4683/8189 [4:05:29<2:59:19,  3.07s/it]
 57%|█████▋    | 4684/8189 [4:05:32<2:58:51,  3.06s/it]
 57%|█████▋    | 4685/8189 [4:05:35<3:00:17,  3.09s/it]
 57%|█████▋    | 4686/8189 [4:05:38<3:00:27,  3.09s/it]
 57%|█████▋    | 4687/8189 [4:05:42<3:01:32,  3.11s/it]
 57%|█████▋    | 4688/8189 [4:05:45<3:03:39,  3.15s/it]
 57%|█████▋    | 4689/8189 [4:05:48<3:06:50,  3.20s/it]
 57%|█████▋    | 4690/8189 [4:05:51<3:04:42,  3.17s/it]
 57%|█████▋    | 4691/8189 [4:05:54<3:01:09,  3.11s/it]
 57%|█████▋    | 4692/8189 [4:05:57<3:02:44,  3.14s/it]
 57%|█████▋    | 4693/8189 [4:06:00<2:58:36,  3.07s/it]
 57%|█████▋    | 4694/8189 [4:06:03<3:01:22,  3.11s/it]
 57%|█████▋    | 4695/8189 [4:06:07<3:04:08,  3.16s/it]
 57%|█████▋    | 4696/8189 [4:06:10<3:03:47,  3.16s/it]
 57%|█████▋    | 4697/8189 [4:06:13<3:03:30,  3.15s/it]
 57%|█████▋    | 4698/8189 [4:06:16<3:00:37,  3.10s/it]
 57%|█████▋    | 4699/8189 [4:06:19<3:04:15,  3.17s/it]
 57%|█████▋    | 4700/8189 [4:06:22<3:03:36,  3.16s/it]
 57%|█████▋    | 4701/8189 [4:06:26<3:03:45,  3.16s/it]
 57%|█████▋    | 4702/8189 [4:06:28<2:57:57,  3.06s/it]
 57%|█████▋    | 4703/8189 [4:06:32<3:04:31,  3.18s/it]
 57%|█████▋    | 4704/8189 [4:06:35<3:05:03,  3.19s/it]
 57%|█████▋    | 4705/8189 [4:06:38<2:59:05,  3.08s/it]
 57%|█████▋    | 4706/8189 [4:06:41<2:59:30,  3.09s/it]
 57%|█████▋    | 4707/8189 [4:06:44<2:56:14,  3.04s/it]
 57%|█████▋    | 4708/8189 [4:06:47<2:55:53,  3.03s/it]
 58%|█████▊    | 4709/8189 [4:06:50<2:58:10,  3.07s/it]
 58%|█████▊    | 4710/8189 [4:06:53<2:59:24,  3.09s/it]
 58%|█████▊    | 4711/8189 [4:06:57<3:03:13,  3.16s/it]
 58%|█████▊    | 4712/8189 [4:07:00<3:02:48,  3.15s/it]
 58%|█████▊    | 4713/8189 [4:07:03<3:01:44,  3.14s/it]
 58%|█████▊    | 4714/8189 [4:07:06<3:01:05,  3.13s/it]
 58%|█████▊    | 4715/8189 [4:07:10<3:09:05,  3.27s/it]
 58%|█████▊    | 4716/8189 [4:07:13<3:07:00,  3.23s/it]
 58%|█████▊    | 4717/8189 [4:07:16<3:06:14,  3.22s/it]
 58%|█████▊    | 4718/8189 [4:07:20<3:14:02,  3.35s/it]
 58%|█████▊    | 4719/8189 [4:07:23<3:13:55,  3.35s/it]
 58%|█████▊    | 4720/8189 [4:07:26<3:08:01,  3.25s/it]
 58%|█████▊    | 4721/8189 [4:07:30<3:13:25,  3.35s/it]
 58%|█████▊    | 4722/8189 [4:07:33<3:16:14,  3.40s/it]
 58%|█████▊    | 4723/8189 [4:07:36<3:16:42,  3.41s/it]
 58%|█████▊    | 4724/8189 [4:07:40<3:15:34,  3.39s/it]
 58%|█████▊    | 4725/8189 [4:07:43<3:10:18,  3.30s/it]
 58%|█████▊    | 4726/8189 [4:07:46<3:07:19,  3.25s/it]
 58%|█████▊    | 4727/8189 [4:07:49<3:02:38,  3.17s/it]
 58%|█████▊    | 4728/8189 [4:07:52<3:00:51,  3.14s/it]
 58%|█████▊    | 4729/8189 [4:07:55<3:04:00,  3.19s/it]
 58%|█████▊    | 4730/8189 [4:07:59<3:03:59,  3.19s/it]
 58%|█████▊    | 4731/8189 [4:08:02<3:00:00,  3.12s/it]
 58%|█████▊    | 4732/8189 [4:08:05<2:59:45,  3.12s/it]
 58%|█████▊    | 4733/8189 [4:08:08<2:59:17,  3.11s/it]
 58%|█████▊    | 4734/8189 [4:08:11<3:04:14,  3.20s/it]
 58%|█████▊    | 4735/8189 [4:08:14<3:04:43,  3.21s/it]
 58%|█████▊    | 4736/8189 [4:08:18<3:05:44,  3.23s/it]
 58%|█████▊    | 4737/8189 [4:08:21<3:06:22,  3.24s/it]
 58%|█████▊    | 4738/8189 [4:08:24<3:06:47,  3.25s/it]
 58%|█████▊    | 4739/8189 [4:08:28<3:09:14,  3.29s/it]
 58%|█████▊    | 4740/8189 [4:08:31<3:05:51,  3.23s/it]
 58%|█████▊    | 4741/8189 [4:08:34<3:00:46,  3.15s/it]
 58%|█████▊    | 4742/8189 [4:08:37<3:04:46,  3.22s/it]
 58%|█████▊    | 4743/8189 [4:08:40<3:05:47,  3.23s/it]
 58%|█████▊    | 4744/8189 [4:08:43<3:04:25,  3.21s/it]
 58%|█████▊    | 4745/8189 [4:08:47<3:05:38,  3.23s/it]
 58%|█████▊    | 4746/8189 [4:08:50<3:04:17,  3.21s/it]
 58%|█████▊    | 4747/8189 [4:08:53<3:04:36,  3.22s/it]
 58%|█████▊    | 4748/8189 [4:08:56<2:59:38,  3.13s/it]
 58%|█████▊    | 4749/8189 [4:09:00<3:06:27,  3.25s/it]
 58%|█████▊    | 4750/8189 [4:09:03<3:04:22,  3.22s/it]
 58%|█████▊    | 4751/8189 [4:09:06<3:07:42,  3.28s/it]
 58%|█████▊    | 4752/8189 [4:09:09<3:06:31,  3.26s/it]
 58%|█████▊    | 4753/8189 [4:09:12<3:04:26,  3.22s/it]
 58%|█████▊    | 4754/8189 [4:09:16<3:06:09,  3.25s/it]
 58%|█████▊    | 4755/8189 [4:09:19<3:04:05,  3.22s/it]
 58%|█████▊    | 4756/8189 [4:09:22<3:06:11,  3.25s/it]
 58%|█████▊    | 4757/8189 [4:09:25<3:05:01,  3.23s/it]
 58%|█████▊    | 4758/8189 [4:09:29<3:02:04,  3.18s/it]
 58%|█████▊    | 4759/8189 [4:09:31<2:58:12,  3.12s/it]
 58%|█████▊    | 4760/8189 [4:09:35<2:57:42,  3.11s/it]
 58%|█████▊    | 4761/8189 [4:09:38<2:58:59,  3.13s/it]
 58%|█████▊    | 4762/8189 [4:09:41<3:03:49,  3.22s/it]
 58%|█████▊    | 4763/8189 [4:09:45<3:06:45,  3.27s/it]
 58%|█████▊    | 4764/8189 [4:09:48<3:03:20,  3.21s/it]
 58%|█████▊    | 4765/8189 [4:09:51<3:03:07,  3.21s/it]
 58%|█████▊    | 4766/8189 [4:09:54<3:03:36,  3.22s/it]
 58%|█████▊    | 4767/8189 [4:09:57<3:00:43,  3.17s/it]
 58%|█████▊    | 4768/8189 [4:10:00<2:59:42,  3.15s/it]
 58%|█████▊    | 4769/8189 [4:10:03<2:59:41,  3.15s/it]
 58%|█████▊    | 4770/8189 [4:10:07<2:59:35,  3.15s/it]
 58%|█████▊    | 4771/8189 [4:10:10<3:05:12,  3.25s/it]
 58%|█████▊    | 4772/8189 [4:10:13<3:05:56,  3.26s/it]
 58%|█████▊    | 4773/8189 [4:10:17<3:05:41,  3.26s/it]
 58%|█████▊    | 4774/8189 [4:10:20<3:01:45,  3.19s/it]
 58%|█████▊    | 4775/8189 [4:10:23<3:02:36,  3.21s/it]
 58%|█████▊    | 4776/8189 [4:10:26<3:02:41,  3.21s/it]
 58%|█████▊    | 4777/8189 [4:10:29<3:04:52,  3.25s/it]
 58%|█████▊    | 4778/8189 [4:10:33<3:02:53,  3.22s/it]
 58%|█████▊    | 4779/8189 [4:10:36<3:04:53,  3.25s/it]
 58%|█████▊    | 4780/8189 [4:10:40<3:10:51,  3.36s/it]
 58%|█████▊    | 4781/8189 [4:10:43<3:07:40,  3.30s/it]
 58%|█████▊    | 4782/8189 [4:10:46<3:06:58,  3.29s/it]
 58%|█████▊    | 4783/8189 [4:10:49<3:10:41,  3.36s/it]
 58%|█████▊    | 4784/8189 [4:10:53<3:06:44,  3.29s/it]
 58%|█████▊    | 4785/8189 [4:10:56<3:04:10,  3.25s/it]
 58%|█████▊    | 4786/8189 [4:10:59<2:58:29,  3.15s/it]
 58%|█████▊    | 4787/8189 [4:11:02<3:02:50,  3.22s/it]
 58%|█████▊    | 4788/8189 [4:11:05<2:56:59,  3.12s/it]
 58%|█████▊    | 4789/8189 [4:11:07<2:45:02,  2.91s/it]
 58%|█████▊    | 4790/8189 [4:11:10<2:46:31,  2.94s/it]
 59%|█████▊    | 4791/8189 [4:11:14<2:50:53,  3.02s/it]
 59%|█████▊    | 4792/8189 [4:11:17<2:51:21,  3.03s/it]
 59%|█████▊    | 4793/8189 [4:11:20<2:53:29,  3.07s/it]
 59%|█████▊    | 4794/8189 [4:11:23<2:55:56,  3.11s/it]
 59%|█████▊    | 4795/8189 [4:11:26<2:56:53,  3.13s/it]
 59%|█████▊    | 4796/8189 [4:11:29<2:57:02,  3.13s/it]
 59%|█████▊    | 4797/8189 [4:11:32<2:50:04,  3.01s/it]
 59%|█████▊    | 4798/8189 [4:11:35<2:56:16,  3.12s/it]
 59%|█████▊    | 4799/8189 [4:11:38<2:53:36,  3.07s/it]
 59%|█████▊    | 4800/8189 [4:11:41<2:49:05,  2.99s/it]
 59%|█████▊    | 4801/8189 [4:11:44<2:52:03,  3.05s/it]
 59%|█████▊    | 4802/8189 [4:11:47<2:41:47,  2.87s/it]
 59%|█████▊    | 4803/8189 [4:11:50<2:49:24,  3.00s/it]
 59%|█████▊    | 4804/8189 [4:11:53<2:52:49,  3.06s/it]
 59%|█████▊    | 4805/8189 [4:11:56<2:51:34,  3.04s/it]
 59%|█████▊    | 4806/8189 [4:11:59<2:52:47,  3.06s/it]
 59%|█████▊    | 4807/8189 [4:12:03<2:59:18,  3.18s/it]
 59%|█████▊    | 4808/8189 [4:12:06<2:58:07,  3.16s/it]
 59%|█████▊    | 4809/8189 [4:12:09<2:56:04,  3.13s/it]
 59%|█████▊    | 4810/8189 [4:12:12<2:57:13,  3.15s/it]
 59%|█████▊    | 4811/8189 [4:12:15<2:57:23,  3.15s/it]
 59%|█████▉    | 4812/8189 [4:12:19<2:59:03,  3.18s/it]
 59%|█████▉    | 4813/8189 [4:12:22<2:58:50,  3.18s/it]
 59%|█████▉    | 4814/8189 [4:12:25<2:59:56,  3.20s/it]
 59%|█████▉    | 4815/8189 [4:12:28<3:02:08,  3.24s/it]
 59%|█████▉    | 4816/8189 [4:12:32<3:02:09,  3.24s/it]
 59%|█████▉    | 4817/8189 [4:12:35<3:00:31,  3.21s/it]
 59%|█████▉    | 4818/8189 [4:12:38<2:58:48,  3.18s/it]
 59%|█████▉    | 4819/8189 [4:12:41<2:59:58,  3.20s/it]
 59%|█████▉    | 4820/8189 [4:12:44<2:58:11,  3.17s/it]
 59%|█████▉    | 4821/8189 [4:12:47<2:56:49,  3.15s/it]
 59%|█████▉    | 4822/8189 [4:12:51<2:58:28,  3.18s/it]
 59%|█████▉    | 4823/8189 [4:12:54<2:54:37,  3.11s/it]
 59%|█████▉    | 4824/8189 [4:12:57<2:57:18,  3.16s/it]
 59%|█████▉    | 4825/8189 [4:13:00<3:00:14,  3.21s/it]
 59%|█████▉    | 4826/8189 [4:13:03<2:55:51,  3.14s/it]
 59%|█████▉    | 4827/8189 [4:13:06<2:55:00,  3.12s/it]
 59%|█████▉    | 4828/8189 [4:13:10<2:58:30,  3.19s/it]
 59%|█████▉    | 4829/8189 [4:13:12<2:49:19,  3.02s/it]
 59%|█████▉    | 4830/8189 [4:13:15<2:50:11,  3.04s/it]
 59%|█████▉    | 4831/8189 [4:13:18<2:51:21,  3.06s/it]
 59%|█████▉    | 4832/8189 [4:13:21<2:47:54,  3.00s/it]
 59%|█████▉    | 4833/8189 [4:13:24<2:47:49,  3.00s/it]
 59%|█████▉    | 4834/8189 [4:13:27<2:49:46,  3.04s/it]
 59%|█████▉    | 4835/8189 [4:13:31<2:52:59,  3.09s/it]
 59%|█████▉    | 4836/8189 [4:13:34<2:55:07,  3.13s/it]
 59%|█████▉    | 4837/8189 [4:13:37<2:57:01,  3.17s/it]
 59%|█████▉    | 4838/8189 [4:13:40<2:56:18,  3.16s/it]
 59%|█████▉    | 4839/8189 [4:13:44<3:00:51,  3.24s/it]
 59%|█████▉    | 4840/8189 [4:13:47<3:03:03,  3.28s/it]
 59%|█████▉    | 4841/8189 [4:13:50<3:00:53,  3.24s/it]
 59%|█████▉    | 4842/8189 [4:13:53<2:54:27,  3.13s/it]
 59%|█████▉    | 4843/8189 [4:13:56<2:53:41,  3.11s/it]
 59%|█████▉    | 4844/8189 [4:13:59<2:51:53,  3.08s/it]
 59%|█████▉    | 4845/8189 [4:14:02<2:52:36,  3.10s/it]
 59%|█████▉    | 4846/8189 [4:14:05<2:51:38,  3.08s/it]
 59%|█████▉    | 4847/8189 [4:14:08<2:52:03,  3.09s/it]
 59%|█████▉    | 4848/8189 [4:14:12<2:54:38,  3.14s/it]
 59%|█████▉    | 4849/8189 [4:14:15<2:54:07,  3.13s/it]
 59%|█████▉    | 4850/8189 [4:14:17<2:46:48,  3.00s/it]
 59%|█████▉    | 4851/8189 [4:14:21<2:52:54,  3.11s/it]
 59%|█████▉    | 4852/8189 [4:14:24<2:56:32,  3.17s/it]
 59%|█████▉    | 4853/8189 [4:14:27<2:57:00,  3.18s/it]
 59%|█████▉    | 4854/8189 [4:14:30<2:53:27,  3.12s/it]
 59%|█████▉    | 4855/8189 [4:14:33<2:52:57,  3.11s/it]
 59%|█████▉    | 4856/8189 [4:14:36<2:45:38,  2.98s/it]
 59%|█████▉    | 4857/8189 [4:14:39<2:45:56,  2.99s/it]
 59%|█████▉    | 4858/8189 [4:14:42<2:47:17,  3.01s/it]
 59%|█████▉    | 4859/8189 [4:14:45<2:48:33,  3.04s/it]
 59%|█████▉    | 4860/8189 [4:14:48<2:45:40,  2.99s/it]
 59%|█████▉    | 4861/8189 [4:14:51<2:47:16,  3.02s/it]
 59%|█████▉    | 4862/8189 [4:14:54<2:46:11,  3.00s/it]
 59%|█████▉    | 4863/8189 [4:14:57<2:48:06,  3.03s/it]
 59%|█████▉    | 4864/8189 [4:15:00<2:47:29,  3.02s/it]
 59%|█████▉    | 4865/8189 [4:15:03<2:49:12,  3.05s/it]
 59%|█████▉    | 4866/8189 [4:15:07<2:52:07,  3.11s/it]
 59%|█████▉    | 4867/8189 [4:15:10<2:55:45,  3.17s/it]
 59%|█████▉    | 4868/8189 [4:15:13<2:55:45,  3.18s/it]
 59%|█████▉    | 4869/8189 [4:15:16<2:55:50,  3.18s/it]
 59%|█████▉    | 4870/8189 [4:15:20<3:01:35,  3.28s/it]
 59%|█████▉    | 4871/8189 [4:15:23<3:07:30,  3.39s/it]
 59%|█████▉    | 4872/8189 [4:15:27<3:15:01,  3.53s/it]
 60%|█████▉    | 4873/8189 [4:15:31<3:15:25,  3.54s/it]
 60%|█████▉    | 4874/8189 [4:15:34<3:06:30,  3.38s/it]
 60%|█████▉    | 4875/8189 [4:15:37<3:01:43,  3.29s/it]
 60%|█████▉    | 4876/8189 [4:15:40<2:57:54,  3.22s/it]
 60%|█████▉    | 4877/8189 [4:15:43<2:55:04,  3.17s/it]
 60%|█████▉    | 4878/8189 [4:15:46<2:53:04,  3.14s/it]
 60%|█████▉    | 4879/8189 [4:15:49<2:49:52,  3.08s/it]
 60%|█████▉    | 4880/8189 [4:15:52<2:54:39,  3.17s/it]
 60%|█████▉    | 4881/8189 [4:15:55<2:50:43,  3.10s/it]
 60%|█████▉    | 4882/8189 [4:15:58<2:47:20,  3.04s/it]
 60%|█████▉    | 4883/8189 [4:16:01<2:48:45,  3.06s/it]
 60%|█████▉    | 4884/8189 [4:16:05<2:49:39,  3.08s/it]
 60%|█████▉    | 4885/8189 [4:16:08<2:47:49,  3.05s/it]
 60%|█████▉    | 4886/8189 [4:16:11<2:49:40,  3.08s/it]
 60%|█████▉    | 4887/8189 [4:16:14<2:49:05,  3.07s/it]
 60%|█████▉    | 4888/8189 [4:16:17<2:49:27,  3.08s/it]
 60%|█████▉    | 4889/8189 [4:16:20<2:50:30,  3.10s/it]
 60%|█████▉    | 4890/8189 [4:16:23<2:51:58,  3.13s/it]
 60%|█████▉    | 4891/8189 [4:16:26<2:43:15,  2.97s/it]
 60%|█████▉    | 4892/8189 [4:16:29<2:42:28,  2.96s/it]
 60%|█████▉    | 4893/8189 [4:16:32<2:42:25,  2.96s/it]
 60%|█████▉    | 4894/8189 [4:16:35<2:46:37,  3.03s/it]
 60%|█████▉    | 4895/8189 [4:16:38<2:44:59,  3.01s/it]
 60%|█████▉    | 4896/8189 [4:16:41<2:46:22,  3.03s/it]
 60%|█████▉    | 4897/8189 [4:16:44<2:45:43,  3.02s/it]
 60%|█████▉    | 4898/8189 [4:16:47<2:49:34,  3.09s/it]
 60%|█████▉    | 4899/8189 [4:16:50<2:50:35,  3.11s/it]
 60%|█████▉    | 4900/8189 [4:16:54<2:52:21,  3.14s/it]
 60%|█████▉    | 4901/8189 [4:16:56<2:49:23,  3.09s/it]
 60%|█████▉    | 4902/8189 [4:17:00<2:50:07,  3.11s/it]
 60%|█████▉    | 4903/8189 [4:17:03<2:49:03,  3.09s/it]
 60%|█████▉    | 4904/8189 [4:17:06<2:54:25,  3.19s/it]
 60%|█████▉    | 4905/8189 [4:17:09<2:50:56,  3.12s/it]
 60%|█████▉    | 4906/8189 [4:17:12<2:50:35,  3.12s/it]
 60%|█████▉    | 4907/8189 [4:17:15<2:49:43,  3.10s/it]
 60%|█████▉    | 4908/8189 [4:17:19<2:53:29,  3.17s/it]
 60%|█████▉    | 4909/8189 [4:17:22<2:51:39,  3.14s/it]
 60%|█████▉    | 4910/8189 [4:17:25<2:52:51,  3.16s/it]
 60%|█████▉    | 4911/8189 [4:17:28<2:49:05,  3.10s/it]
 60%|█████▉    | 4912/8189 [4:17:31<2:44:42,  3.02s/it]
 60%|█████▉    | 4913/8189 [4:17:33<2:38:22,  2.90s/it]
 60%|██████    | 4914/8189 [4:17:36<2:40:33,  2.94s/it]
 60%|██████    | 4915/8189 [4:17:40<2:49:01,  3.10s/it]
 60%|██████    | 4916/8189 [4:17:43<2:50:40,  3.13s/it]
 60%|██████    | 4917/8189 [4:17:46<2:49:24,  3.11s/it]
 60%|██████    | 4918/8189 [4:17:49<2:51:16,  3.14s/it]
 60%|██████    | 4919/8189 [4:17:52<2:50:15,  3.12s/it]
 60%|██████    | 4920/8189 [4:17:55<2:50:46,  3.13s/it]
 60%|██████    | 4921/8189 [4:17:58<2:42:49,  2.99s/it]
 60%|██████    | 4922/8189 [4:18:01<2:45:25,  3.04s/it]
 60%|██████    | 4923/8189 [4:18:04<2:43:46,  3.01s/it]
 60%|██████    | 4924/8189 [4:18:07<2:47:14,  3.07s/it]
 60%|██████    | 4925/8189 [4:18:11<2:47:54,  3.09s/it]
 60%|██████    | 4926/8189 [4:18:14<2:49:28,  3.12s/it]
 60%|██████    | 4927/8189 [4:18:17<2:52:01,  3.16s/it]
 60%|██████    | 4928/8189 [4:18:20<2:49:02,  3.11s/it]
 60%|██████    | 4929/8189 [4:18:23<2:50:20,  3.13s/it]
 60%|██████    | 4930/8189 [4:18:26<2:47:41,  3.09s/it]
 60%|██████    | 4931/8189 [4:18:29<2:49:56,  3.13s/it]
 60%|██████    | 4932/8189 [4:18:33<2:50:46,  3.15s/it]
 60%|██████    | 4933/8189 [4:18:36<2:52:27,  3.18s/it]
 60%|██████    | 4934/8189 [4:18:39<2:53:21,  3.20s/it]
 60%|██████    | 4935/8189 [4:18:42<2:50:52,  3.15s/it]
 60%|██████    | 4936/8189 [4:18:45<2:50:27,  3.14s/it]
 60%|██████    | 4937/8189 [4:18:49<2:52:07,  3.18s/it]
 60%|██████    | 4938/8189 [4:18:52<2:53:32,  3.20s/it]
 60%|██████    | 4939/8189 [4:18:55<2:47:33,  3.09s/it]
 60%|██████    | 4940/8189 [4:18:58<2:52:39,  3.19s/it]
 60%|██████    | 4941/8189 [4:19:01<2:51:16,  3.16s/it]
 60%|██████    | 4942/8189 [4:19:04<2:49:47,  3.14s/it]
 60%|██████    | 4943/8189 [4:19:07<2:49:42,  3.14s/it]
 60%|██████    | 4944/8189 [4:19:11<2:53:26,  3.21s/it]
 60%|██████    | 4945/8189 [4:19:14<2:54:33,  3.23s/it]
 60%|██████    | 4946/8189 [4:19:17<2:52:35,  3.19s/it]
 60%|██████    | 4947/8189 [4:19:20<2:52:37,  3.19s/it]
 60%|██████    | 4948/8189 [4:19:23<2:49:09,  3.13s/it]
 60%|██████    | 4949/8189 [4:19:26<2:48:35,  3.12s/it]
 60%|██████    | 4950/8189 [4:19:29<2:48:16,  3.12s/it]
 60%|██████    | 4951/8189 [4:19:33<2:53:32,  3.22s/it]
 60%|██████    | 4952/8189 [4:19:36<2:50:42,  3.16s/it]
 60%|██████    | 4953/8189 [4:19:39<2:48:44,  3.13s/it]
 60%|██████    | 4954/8189 [4:19:42<2:51:29,  3.18s/it]
 61%|██████    | 4955/8189 [4:19:46<2:51:58,  3.19s/it]
 61%|██████    | 4956/8189 [4:19:49<2:51:48,  3.19s/it]
 61%|██████    | 4957/8189 [4:19:52<2:51:50,  3.19s/it]
 61%|██████    | 4958/8189 [4:19:55<2:51:36,  3.19s/it]
 61%|██████    | 4959/8189 [4:19:58<2:49:00,  3.14s/it]
 61%|██████    | 4960/8189 [4:20:01<2:50:11,  3.16s/it]
 61%|██████    | 4961/8189 [4:20:05<2:51:40,  3.19s/it]
 61%|██████    | 4962/8189 [4:20:08<2:47:00,  3.11s/it]
 61%|██████    | 4963/8189 [4:20:10<2:44:26,  3.06s/it]
 61%|██████    | 4964/8189 [4:20:14<2:47:32,  3.12s/it]
 61%|██████    | 4965/8189 [4:20:17<2:43:05,  3.04s/it]
 61%|██████    | 4966/8189 [4:20:20<2:45:18,  3.08s/it]
 61%|██████    | 4967/8189 [4:20:23<2:49:53,  3.16s/it]
 61%|██████    | 4968/8189 [4:20:26<2:47:38,  3.12s/it]
 61%|██████    | 4969/8189 [4:20:29<2:48:13,  3.13s/it]
 61%|██████    | 4970/8189 [4:20:32<2:46:48,  3.11s/it]
 61%|██████    | 4971/8189 [4:20:36<2:48:07,  3.13s/it]
 61%|██████    | 4972/8189 [4:20:39<2:45:56,  3.09s/it]
 61%|██████    | 4973/8189 [4:20:42<2:45:23,  3.09s/it]
 61%|██████    | 4974/8189 [4:20:45<2:45:46,  3.09s/it]
 61%|██████    | 4975/8189 [4:20:48<2:51:21,  3.20s/it]
 61%|██████    | 4976/8189 [4:20:51<2:51:10,  3.20s/it]
 61%|██████    | 4977/8189 [4:20:55<2:50:47,  3.19s/it]
 61%|██████    | 4978/8189 [4:20:58<2:48:59,  3.16s/it]
 61%|██████    | 4979/8189 [4:21:01<2:45:23,  3.09s/it]
 61%|██████    | 4980/8189 [4:21:04<2:46:09,  3.11s/it]
 61%|██████    | 4981/8189 [4:21:07<2:52:00,  3.22s/it]
 61%|██████    | 4982/8189 [4:21:10<2:50:38,  3.19s/it]
 61%|██████    | 4983/8189 [4:21:13<2:48:50,  3.16s/it]
 61%|██████    | 4984/8189 [4:21:16<2:47:08,  3.13s/it]
 61%|██████    | 4985/8189 [4:21:20<2:49:31,  3.17s/it]
 61%|██████    | 4986/8189 [4:21:23<2:48:09,  3.15s/it]
 61%|██████    | 4987/8189 [4:21:26<2:46:33,  3.12s/it]
 61%|██████    | 4988/8189 [4:21:29<2:43:47,  3.07s/it]
 61%|██████    | 4989/8189 [4:21:32<2:40:23,  3.01s/it]
 61%|██████    | 4990/8189 [4:21:35<2:38:27,  2.97s/it]
 61%|██████    | 4991/8189 [4:21:38<2:38:07,  2.97s/it]
 61%|██████    | 4992/8189 [4:21:41<2:41:04,  3.02s/it]
 61%|██████    | 4993/8189 [4:21:44<2:39:24,  2.99s/it]
 61%|██████    | 4994/8189 [4:21:46<2:37:35,  2.96s/it]
 61%|██████    | 4995/8189 [4:21:50<2:40:48,  3.02s/it]
 61%|██████    | 4996/8189 [4:21:53<2:41:18,  3.03s/it]
 61%|██████    | 4997/8189 [4:21:56<2:41:39,  3.04s/it]
 61%|██████    | 4998/8189 [4:21:59<2:44:24,  3.09s/it]
 61%|██████    | 4999/8189 [4:22:02<2:50:07,  3.20s/it]
 61%|██████    | 5000/8189 [4:22:05<2:46:55,  3.14s/it]
                                                       

 61%|██████    | 5000/8189 [4:22:05<2:46:55,  3.14s/it]

Batches:   0%|          | 0/9 [00:00<?, ?it/s][A

Batches:  56%|█████▌    | 5/9 [00:00<00:00, 48.01it/s][A
Batches: 100%|██████████| 9/9 [00:00<00:00, 53.47it/s]


Corpus Chunks:   0%|          | 0/1 [00:00<?, ?it/s][A


Batches:   0%|          | 0/9 [00:00<?, ?it/s][A[A


Batches:  67%|██████▋   | 6/9 [00:00<00:00, 57.97it/s][A[A
Batches: 100%|██████████| 9/9 [00:00<00:00, 62.35it/s]


Corpus Chunks: 100%|██████████| 1/1 [00:00<00:00,  3.03it/s][A
Corpus Chunks: 100%|██████████| 1/1 [00:00<00:00,  3.01it/s]


Batches:   0%|          | 0/7 [00:00<?, ?it/s][A

Batches:  71%|███████▏  | 5/7 [00:00<00:00, 47.54it/s][A
Batches: 100%|██████████| 7/7 [00:00<00:00, 52.86it/s]


Batches:   0%|          | 0/7 [00:00<?, ?it/s][A

Batches: 100%|██████████| 7/7 [00:00<00:00, 63.17it/s][A
Batches: 100%|██████████| 7/7 [00:00<00:00, 62.77it/s]


Batches:   0%|          | 0/7 [00:00<?, ?it/s][A

Batches: 100%|██████████| 7/7 [00:00<00:00, 69.98it/s][A
Batches: 100%|██████████| 7/7 [00:00<00:00, 69.45it/s]

                                                       

 61%|██████    | 5000/8189 [4:22:07<2:46:55,  3.14s/it]

Writing model shards:   0%|          | 0/1 [00:00<?, ?it/s][A

Writing model shards: 100%|██████████| 1/1 [00:01<00:00,  1.72s/it][A
Writing model shards: 100%|██████████| 1/1 [00:01<00:00,  1.72s/it]

 61%|██████    | 5001/8189 [4:22:14<4:12:39,  4.76s/it]
 61%|██████    | 5002/8189 [4:22:17<3:44:25,  4.23s/it]
 61%|██████    | 5003/8189 [4:22:20<3:27:27,  3.91s/it]
 61%|██████    | 5004/8189 [4:22:23<3:14:03,  3.66s/it]
 61%|██████    | 5005/8189 [4:22:26<3:02:55,  3.45s/it]
 61%|██████    | 5006/8189 [4:22:29<2:57:18,  3.34s/it]
 61%|██████    | 5007/8189 [4:22:32<2:49:42,  3.20s/it]
 61%|██████    | 5008/8189 [4:22:35<2:52:11,  3.25s/it]
 61%|██████    | 5009/8189 [4:22:38<2:47:44,  3.16s/it]
 61%|██████    | 5010/8189 [4:22:41<2:46:00,  3.13s/it]
 61%|██████    | 5011/8189 [4:22:44<2:43:14,  3.08s/it]
 61%|██████    | 5012/8189 [4:22:48<2:51:15,  3.23s/it]
 61%|██████    | 5013/8189 [4:22:51<2:50:37,  3.22s/it]
 61%|██████    | 5014/8189 [4:22:54<2:50:49,  3.23s/it]
 61%|██████    | 5015/8189 [4:22:57<2:47:42,  3.17s/it]
 61%|██████▏   | 5016/8189 [4:23:00<2:39:17,  3.01s/it]
 61%|██████▏   | 5017/8189 [4:23:03<2:37:49,  2.99s/it]
 61%|██████▏   | 5018/8189 [4:23:06<2:42:00,  3.07s/it]
 61%|██████▏   | 5019/8189 [4:23:09<2:40:38,  3.04s/it]
 61%|██████▏   | 5020/8189 [4:23:12<2:36:00,  2.95s/it]
 61%|██████▏   | 5021/8189 [4:23:15<2:37:24,  2.98s/it]
 61%|██████▏   | 5022/8189 [4:23:18<2:33:32,  2.91s/it]
 61%|██████▏   | 5023/8189 [4:23:21<2:31:01,  2.86s/it]
 61%|██████▏   | 5024/8189 [4:23:24<2:34:23,  2.93s/it]
 61%|██████▏   | 5025/8189 [4:23:27<2:35:47,  2.95s/it]
 61%|██████▏   | 5026/8189 [4:23:30<2:35:11,  2.94s/it]
 61%|██████▏   | 5027/8189 [4:23:33<2:37:42,  2.99s/it]
 61%|██████▏   | 5028/8189 [4:23:35<2:34:19,  2.93s/it]
 61%|██████▏   | 5029/8189 [4:23:39<2:38:05,  3.00s/it]
 61%|██████▏   | 5030/8189 [4:23:42<2:39:36,  3.03s/it]
 61%|██████▏   | 5031/8189 [4:23:45<2:43:07,  3.10s/it]
 61%|██████▏   | 5032/8189 [4:23:48<2:42:06,  3.08s/it]
 61%|██████▏   | 5033/8189 [4:23:51<2:41:27,  3.07s/it]
 61%|██████▏   | 5034/8189 [4:23:54<2:41:26,  3.07s/it]
 61%|██████▏   | 5035/8189 [4:23:57<2:40:21,  3.05s/it]
 61%|██████▏   | 5036/8189 [4:24:00<2:32:21,  2.90s/it]
 62%|██████▏   | 5037/8189 [4:24:03<2:35:30,  2.96s/it]
 62%|██████▏   | 5038/8189 [4:24:06<2:38:34,  3.02s/it]
 62%|██████▏   | 5039/8189 [4:24:09<2:37:55,  3.01s/it]
 62%|██████▏   | 5040/8189 [4:24:12<2:42:04,  3.09s/it]
 62%|██████▏   | 5041/8189 [4:24:16<2:46:17,  3.17s/it]
 62%|██████▏   | 5042/8189 [4:24:19<2:42:06,  3.09s/it]
 62%|██████▏   | 5043/8189 [4:24:22<2:42:45,  3.10s/it]
 62%|██████▏   | 5044/8189 [4:24:24<2:36:39,  2.99s/it]
 62%|██████▏   | 5045/8189 [4:24:28<2:39:55,  3.05s/it]
 62%|██████▏   | 5046/8189 [4:24:31<2:39:05,  3.04s/it]
 62%|██████▏   | 5047/8189 [4:24:34<2:41:14,  3.08s/it]
 62%|██████▏   | 5048/8189 [4:24:37<2:42:28,  3.10s/it]
 62%|██████▏   | 5049/8189 [4:24:40<2:39:49,  3.05s/it]
 62%|██████▏   | 5050/8189 [4:24:43<2:39:17,  3.04s/it]
 62%|██████▏   | 5051/8189 [4:24:46<2:42:19,  3.10s/it]
 62%|██████▏   | 5052/8189 [4:24:49<2:34:56,  2.96s/it]
 62%|██████▏   | 5053/8189 [4:24:52<2:35:09,  2.97s/it]
 62%|██████▏   | 5054/8189 [4:24:55<2:34:35,  2.96s/it]
 62%|██████▏   | 5055/8189 [4:24:57<2:31:13,  2.90s/it]
 62%|██████▏   | 5056/8189 [4:25:00<2:32:40,  2.92s/it]
 62%|██████▏   | 5057/8189 [4:25:04<2:35:30,  2.98s/it]
 62%|██████▏   | 5058/8189 [4:25:07<2:37:17,  3.01s/it]
 62%|██████▏   | 5059/8189 [4:25:10<2:38:51,  3.05s/it]
 62%|██████▏   | 5060/8189 [4:25:12<2:30:50,  2.89s/it]
 62%|██████▏   | 5061/8189 [4:25:15<2:35:22,  2.98s/it]
 62%|██████▏   | 5062/8189 [4:25:18<2:35:24,  2.98s/it]
 62%|██████▏   | 5063/8189 [4:25:22<2:40:54,  3.09s/it]
 62%|██████▏   | 5064/8189 [4:25:25<2:39:53,  3.07s/it]
 62%|██████▏   | 5065/8189 [4:25:28<2:43:42,  3.14s/it]
 62%|██████▏   | 5066/8189 [4:25:31<2:41:49,  3.11s/it]
 62%|██████▏   | 5067/8189 [4:25:34<2:40:45,  3.09s/it]
 62%|██████▏   | 5068/8189 [4:25:37<2:35:49,  3.00s/it]
 62%|██████▏   | 5069/8189 [4:25:40<2:36:48,  3.02s/it]
 62%|██████▏   | 5070/8189 [4:25:43<2:37:17,  3.03s/it]
 62%|██████▏   | 5071/8189 [4:25:46<2:37:43,  3.04s/it]
 62%|██████▏   | 5072/8189 [4:25:50<2:43:57,  3.16s/it]
 62%|██████▏   | 5073/8189 [4:25:52<2:38:16,  3.05s/it]
 62%|██████▏   | 5074/8189 [4:25:55<2:35:25,  2.99s/it]
 62%|██████▏   | 5075/8189 [4:25:58<2:38:19,  3.05s/it]
 62%|██████▏   | 5076/8189 [4:26:02<2:41:33,  3.11s/it]
 62%|██████▏   | 5077/8189 [4:26:05<2:43:30,  3.15s/it]
 62%|██████▏   | 5078/8189 [4:26:08<2:43:02,  3.14s/it]
 62%|██████▏   | 5079/8189 [4:26:11<2:44:55,  3.18s/it]
 62%|██████▏   | 5080/8189 [4:26:14<2:44:48,  3.18s/it]
 62%|██████▏   | 5081/8189 [4:26:18<2:43:16,  3.15s/it]
 62%|██████▏   | 5082/8189 [4:26:21<2:39:55,  3.09s/it]
 62%|██████▏   | 5083/8189 [4:26:24<2:39:30,  3.08s/it]
 62%|██████▏   | 5084/8189 [4:26:27<2:47:01,  3.23s/it]
 62%|██████▏   | 5085/8189 [4:26:31<2:53:49,  3.36s/it]
 62%|██████▏   | 5086/8189 [4:26:35<2:58:53,  3.46s/it]
 62%|██████▏   | 5087/8189 [4:26:38<2:59:31,  3.47s/it]
 62%|██████▏   | 5088/8189 [4:26:42<3:00:11,  3.49s/it]
 62%|██████▏   | 5089/8189 [4:26:45<2:53:18,  3.35s/it]
 62%|██████▏   | 5090/8189 [4:26:48<2:50:27,  3.30s/it]
 62%|██████▏   | 5091/8189 [4:26:51<2:51:10,  3.32s/it]
 62%|██████▏   | 5092/8189 [4:26:54<2:48:59,  3.27s/it]
 62%|██████▏   | 5093/8189 [4:26:58<2:49:09,  3.28s/it]
 62%|██████▏   | 5094/8189 [4:27:01<2:48:45,  3.27s/it]
 62%|██████▏   | 5095/8189 [4:27:04<2:48:42,  3.27s/it]
 62%|██████▏   | 5096/8189 [4:27:07<2:50:35,  3.31s/it]
 62%|██████▏   | 5097/8189 [4:27:11<2:48:42,  3.27s/it]
 62%|██████▏   | 5098/8189 [4:27:14<2:47:27,  3.25s/it]
 62%|██████▏   | 5099/8189 [4:27:17<2:44:57,  3.20s/it]
 62%|██████▏   | 5100/8189 [4:27:20<2:47:27,  3.25s/it]
 62%|██████▏   | 5101/8189 [4:27:24<2:46:12,  3.23s/it]
 62%|██████▏   | 5102/8189 [4:27:27<2:46:17,  3.23s/it]
 62%|██████▏   | 5103/8189 [4:27:30<2:46:29,  3.24s/it]
 62%|██████▏   | 5104/8189 [4:27:33<2:43:01,  3.17s/it]
 62%|██████▏   | 5105/8189 [4:27:36<2:43:56,  3.19s/it]
 62%|██████▏   | 5106/8189 [4:27:39<2:43:08,  3.18s/it]
 62%|██████▏   | 5107/8189 [4:27:42<2:41:48,  3.15s/it]
 62%|██████▏   | 5108/8189 [4:27:46<2:41:17,  3.14s/it]
 62%|██████▏   | 5109/8189 [4:27:49<2:43:29,  3.18s/it]
 62%|██████▏   | 5110/8189 [4:27:52<2:40:44,  3.13s/it]
 62%|██████▏   | 5111/8189 [4:27:55<2:40:54,  3.14s/it]
 62%|██████▏   | 5112/8189 [4:27:58<2:43:48,  3.19s/it]
 62%|██████▏   | 5113/8189 [4:28:02<2:44:04,  3.20s/it]
 62%|██████▏   | 5114/8189 [4:28:05<2:44:05,  3.20s/it]
 62%|██████▏   | 5115/8189 [4:28:08<2:41:28,  3.15s/it]
 62%|██████▏   | 5116/8189 [4:28:11<2:40:25,  3.13s/it]
 62%|██████▏   | 5117/8189 [4:28:14<2:42:06,  3.17s/it]
 62%|██████▏   | 5118/8189 [4:28:17<2:42:47,  3.18s/it]
 63%|██████▎   | 5119/8189 [4:28:21<2:42:58,  3.19s/it]
 63%|██████▎   | 5120/8189 [4:28:24<2:44:14,  3.21s/it]
 63%|██████▎   | 5121/8189 [4:28:27<2:43:42,  3.20s/it]
 63%|██████▎   | 5122/8189 [4:28:30<2:41:31,  3.16s/it]
 63%|██████▎   | 5123/8189 [4:28:33<2:41:14,  3.16s/it]
 63%|██████▎   | 5124/8189 [4:28:36<2:35:59,  3.05s/it]
 63%|██████▎   | 5125/8189 [4:28:39<2:35:14,  3.04s/it]
 63%|██████▎   | 5126/8189 [4:28:42<2:35:07,  3.04s/it]
 63%|██████▎   | 5127/8189 [4:28:45<2:38:23,  3.10s/it]
 63%|██████▎   | 5128/8189 [4:28:49<2:46:33,  3.26s/it]
 63%|██████▎   | 5129/8189 [4:28:52<2:47:01,  3.28s/it]
 63%|██████▎   | 5130/8189 [4:28:56<2:47:55,  3.29s/it]
 63%|██████▎   | 5131/8189 [4:28:59<2:45:19,  3.24s/it]
 63%|██████▎   | 5132/8189 [4:29:02<2:48:47,  3.31s/it]
 63%|██████▎   | 5133/8189 [4:29:05<2:47:35,  3.29s/it]
 63%|██████▎   | 5134/8189 [4:29:09<2:47:02,  3.28s/it]
 63%|██████▎   | 5135/8189 [4:29:12<2:43:13,  3.21s/it]
 63%|██████▎   | 5136/8189 [4:29:15<2:40:36,  3.16s/it]
 63%|██████▎   | 5137/8189 [4:29:18<2:41:23,  3.17s/it]
 63%|██████▎   | 5138/8189 [4:29:21<2:38:19,  3.11s/it]
 63%|██████▎   | 5139/8189 [4:29:24<2:37:32,  3.10s/it]
 63%|██████▎   | 5140/8189 [4:29:27<2:36:27,  3.08s/it]
 63%|██████▎   | 5141/8189 [4:29:30<2:39:32,  3.14s/it]
 63%|██████▎   | 5142/8189 [4:29:33<2:31:27,  2.98s/it]
 63%|██████▎   | 5143/8189 [4:29:36<2:31:03,  2.98s/it]
 63%|██████▎   | 5144/8189 [4:29:39<2:32:35,  3.01s/it]
 63%|██████▎   | 5145/8189 [4:29:42<2:28:09,  2.92s/it]
 63%|██████▎   | 5146/8189 [4:29:45<2:25:58,  2.88s/it]
 63%|██████▎   | 5147/8189 [4:29:48<2:28:56,  2.94s/it]
 63%|██████▎   | 5148/8189 [4:29:50<2:22:14,  2.81s/it]
 63%|██████▎   | 5149/8189 [4:29:53<2:26:29,  2.89s/it]
 63%|██████▎   | 5150/8189 [4:29:56<2:20:17,  2.77s/it]
 63%|██████▎   | 5151/8189 [4:29:59<2:25:33,  2.87s/it]
 63%|██████▎   | 5152/8189 [4:30:02<2:27:23,  2.91s/it]
 63%|██████▎   | 5153/8189 [4:30:05<2:28:36,  2.94s/it]
 63%|██████▎   | 5154/8189 [4:30:08<2:29:49,  2.96s/it]
 63%|██████▎   | 5155/8189 [4:30:11<2:35:13,  3.07s/it]
 63%|██████▎   | 5156/8189 [4:30:14<2:31:11,  2.99s/it]
 63%|██████▎   | 5157/8189 [4:30:17<2:28:50,  2.95s/it]
 63%|██████▎   | 5158/8189 [4:30:20<2:31:18,  3.00s/it]
 63%|██████▎   | 5159/8189 [4:30:23<2:33:57,  3.05s/it]
 63%|██████▎   | 5160/8189 [4:30:26<2:32:33,  3.02s/it]
 63%|██████▎   | 5161/8189 [4:30:29<2:32:55,  3.03s/it]
 63%|██████▎   | 5162/8189 [4:30:32<2:24:50,  2.87s/it]
 63%|██████▎   | 5163/8189 [4:30:35<2:25:57,  2.89s/it]
 63%|██████▎   | 5164/8189 [4:30:37<2:24:43,  2.87s/it]
 63%|██████▎   | 5165/8189 [4:30:41<2:31:22,  3.00s/it]
 63%|██████▎   | 5166/8189 [4:30:44<2:29:42,  2.97s/it]
 63%|██████▎   | 5167/8189 [4:30:46<2:28:01,  2.94s/it]
 63%|██████▎   | 5168/8189 [4:30:49<2:16:30,  2.71s/it]
 63%|██████▎   | 5169/8189 [4:30:52<2:22:31,  2.83s/it]
 63%|██████▎   | 5170/8189 [4:30:55<2:24:27,  2.87s/it]
 63%|██████▎   | 5171/8189 [4:30:58<2:29:22,  2.97s/it]
 63%|██████▎   | 5172/8189 [4:31:01<2:26:25,  2.91s/it]
 63%|██████▎   | 5173/8189 [4:31:04<2:26:03,  2.91s/it]
 63%|██████▎   | 5174/8189 [4:31:07<2:32:18,  3.03s/it]
 63%|██████▎   | 5175/8189 [4:31:10<2:29:49,  2.98s/it]
 63%|██████▎   | 5176/8189 [4:31:13<2:33:21,  3.05s/it]
 63%|██████▎   | 5177/8189 [4:31:16<2:30:57,  3.01s/it]
 63%|██████▎   | 5178/8189 [4:31:19<2:29:55,  2.99s/it]
 63%|██████▎   | 5179/8189 [4:31:22<2:31:50,  3.03s/it]
 63%|██████▎   | 5180/8189 [4:31:25<2:31:25,  3.02s/it]
 63%|██████▎   | 5181/8189 [4:31:28<2:31:39,  3.03s/it]
 63%|██████▎   | 5182/8189 [4:31:31<2:35:59,  3.11s/it]
 63%|██████▎   | 5183/8189 [4:31:34<2:36:55,  3.13s/it]
 63%|██████▎   | 5184/8189 [4:31:38<2:38:44,  3.17s/it]
 63%|██████▎   | 5185/8189 [4:31:40<2:30:45,  3.01s/it]
 63%|██████▎   | 5186/8189 [4:31:43<2:32:48,  3.05s/it]
 63%|██████▎   | 5187/8189 [4:31:47<2:38:59,  3.18s/it]
 63%|██████▎   | 5188/8189 [4:31:50<2:43:17,  3.26s/it]
 63%|██████▎   | 5189/8189 [4:31:54<2:47:14,  3.34s/it]
 63%|██████▎   | 5190/8189 [4:31:58<2:51:28,  3.43s/it]
 63%|██████▎   | 5191/8189 [4:32:01<2:47:09,  3.35s/it]
 63%|██████▎   | 5192/8189 [4:32:04<2:43:03,  3.26s/it]
 63%|██████▎   | 5193/8189 [4:32:07<2:45:47,  3.32s/it]
 63%|██████▎   | 5194/8189 [4:32:10<2:39:53,  3.20s/it]
 63%|██████▎   | 5195/8189 [4:32:13<2:38:21,  3.17s/it]
 63%|██████▎   | 5196/8189 [4:32:16<2:36:29,  3.14s/it]
 63%|██████▎   | 5197/8189 [4:32:20<2:37:29,  3.16s/it]
 63%|██████▎   | 5198/8189 [4:32:23<2:35:54,  3.13s/it]
 63%|██████▎   | 5199/8189 [4:32:26<2:33:56,  3.09s/it]
 63%|██████▎   | 5200/8189 [4:32:28<2:30:43,  3.03s/it]
 64%|██████▎   | 5201/8189 [4:32:32<2:33:16,  3.08s/it]
 64%|██████▎   | 5202/8189 [4:32:35<2:34:20,  3.10s/it]
 64%|██████▎   | 5203/8189 [4:32:38<2:35:48,  3.13s/it]
 64%|██████▎   | 5204/8189 [4:32:41<2:36:06,  3.14s/it]
 64%|██████▎   | 5205/8189 [4:32:45<2:43:14,  3.28s/it]
 64%|██████▎   | 5206/8189 [4:32:49<2:51:22,  3.45s/it]
 64%|██████▎   | 5207/8189 [4:32:52<2:54:02,  3.50s/it]
 64%|██████▎   | 5208/8189 [4:32:56<2:56:20,  3.55s/it]
 64%|██████▎   | 5209/8189 [4:32:59<2:54:48,  3.52s/it]
 64%|██████▎   | 5210/8189 [4:33:03<2:49:12,  3.41s/it]
 64%|██████▎   | 5211/8189 [4:33:06<2:43:00,  3.28s/it]
 64%|██████▎   | 5212/8189 [4:33:09<2:40:28,  3.23s/it]
 64%|██████▎   | 5213/8189 [4:33:12<2:46:27,  3.36s/it]
 64%|██████▎   | 5214/8189 [4:33:16<2:49:44,  3.42s/it]
 64%|██████▎   | 5215/8189 [4:33:20<2:57:21,  3.58s/it]
 64%|██████▎   | 5216/8189 [4:33:23<2:56:34,  3.56s/it]
 64%|██████▎   | 5217/8189 [4:33:27<2:57:33,  3.58s/it]
 64%|██████▎   | 5218/8189 [4:33:30<2:53:01,  3.49s/it]
 64%|██████▎   | 5219/8189 [4:33:34<2:49:57,  3.43s/it]
 64%|██████▎   | 5220/8189 [4:33:37<2:50:50,  3.45s/it]
 64%|██████▍   | 5221/8189 [4:33:41<2:56:39,  3.57s/it]
 64%|██████▍   | 5222/8189 [4:33:44<2:50:30,  3.45s/it]
 64%|██████▍   | 5223/8189 [4:33:47<2:48:46,  3.41s/it]
 64%|██████▍   | 5224/8189 [4:33:51<2:50:00,  3.44s/it]
 64%|██████▍   | 5225/8189 [4:33:55<2:52:48,  3.50s/it]
 64%|██████▍   | 5226/8189 [4:33:58<2:54:56,  3.54s/it]
 64%|██████▍   | 5227/8189 [4:34:02<2:55:47,  3.56s/it]
 64%|██████▍   | 5228/8189 [4:34:05<2:53:19,  3.51s/it]
 64%|██████▍   | 5229/8189 [4:34:08<2:41:42,  3.28s/it]
 64%|██████▍   | 5230/8189 [4:34:12<2:47:43,  3.40s/it]
 64%|██████▍   | 5231/8189 [4:34:15<2:49:22,  3.44s/it]
 64%|██████▍   | 5232/8189 [4:34:18<2:40:10,  3.25s/it]
 64%|██████▍   | 5233/8189 [4:34:21<2:41:20,  3.27s/it]
 64%|██████▍   | 5234/8189 [4:34:25<2:41:45,  3.28s/it]
 64%|██████▍   | 5235/8189 [4:34:28<2:46:15,  3.38s/it]
 64%|██████▍   | 5236/8189 [4:34:32<2:50:32,  3.46s/it]
 64%|██████▍   | 5237/8189 [4:34:35<2:49:02,  3.44s/it]
 64%|██████▍   | 5238/8189 [4:34:38<2:44:04,  3.34s/it]
 64%|██████▍   | 5239/8189 [4:34:41<2:38:28,  3.22s/it]
 64%|██████▍   | 5240/8189 [4:34:44<2:33:22,  3.12s/it]
 64%|██████▍   | 5241/8189 [4:34:47<2:31:23,  3.08s/it]
 64%|██████▍   | 5242/8189 [4:34:50<2:29:02,  3.03s/it]
 64%|██████▍   | 5243/8189 [4:34:53<2:22:36,  2.90s/it]
 64%|██████▍   | 5244/8189 [4:34:56<2:26:03,  2.98s/it]
 64%|██████▍   | 5245/8189 [4:34:59<2:26:25,  2.98s/it]
 64%|██████▍   | 5246/8189 [4:35:02<2:29:48,  3.05s/it]
 64%|██████▍   | 5247/8189 [4:35:05<2:31:52,  3.10s/it]
 64%|██████▍   | 5248/8189 [4:35:08<2:32:04,  3.10s/it]
 64%|██████▍   | 5249/8189 [4:35:11<2:31:58,  3.10s/it]
 64%|██████▍   | 5250/8189 [4:35:15<2:33:18,  3.13s/it]
 64%|██████▍   | 5251/8189 [4:35:18<2:31:08,  3.09s/it]
 64%|██████▍   | 5252/8189 [4:35:21<2:30:55,  3.08s/it]
 64%|██████▍   | 5253/8189 [4:35:24<2:30:26,  3.07s/it]
 64%|██████▍   | 5254/8189 [4:35:27<2:28:27,  3.03s/it]
 64%|██████▍   | 5255/8189 [4:35:30<2:29:48,  3.06s/it]
 64%|██████▍   | 5256/8189 [4:35:33<2:32:28,  3.12s/it]
 64%|██████▍   | 5257/8189 [4:35:36<2:35:44,  3.19s/it]
 64%|██████▍   | 5258/8189 [4:35:40<2:40:31,  3.29s/it]
 64%|██████▍   | 5259/8189 [4:35:44<2:47:16,  3.43s/it]
 64%|██████▍   | 5260/8189 [4:35:47<2:53:15,  3.55s/it]
 64%|██████▍   | 5261/8189 [4:35:51<2:54:39,  3.58s/it]
 64%|██████▍   | 5262/8189 [4:35:55<2:55:15,  3.59s/it]
 64%|██████▍   | 5263/8189 [4:35:58<2:53:05,  3.55s/it]
 64%|██████▍   | 5264/8189 [4:36:01<2:47:34,  3.44s/it]
 64%|██████▍   | 5265/8189 [4:36:05<2:46:57,  3.43s/it]
 64%|██████▍   | 5266/8189 [4:36:08<2:42:56,  3.34s/it]
 64%|██████▍   | 5267/8189 [4:36:12<2:47:19,  3.44s/it]
 64%|██████▍   | 5268/8189 [4:36:15<2:48:48,  3.47s/it]
 64%|██████▍   | 5269/8189 [4:36:19<2:50:03,  3.49s/it]
 64%|██████▍   | 5270/8189 [4:36:22<2:44:37,  3.38s/it]
 64%|██████▍   | 5271/8189 [4:36:25<2:40:35,  3.30s/it]
 64%|██████▍   | 5272/8189 [4:36:28<2:36:10,  3.21s/it]
 64%|██████▍   | 5273/8189 [4:36:31<2:33:48,  3.16s/it]
 64%|██████▍   | 5274/8189 [4:36:34<2:27:47,  3.04s/it]
 64%|██████▍   | 5275/8189 [4:36:37<2:24:54,  2.98s/it]
 64%|██████▍   | 5276/8189 [4:36:39<2:22:33,  2.94s/it]
 64%|██████▍   | 5277/8189 [4:36:43<2:25:19,  2.99s/it]
 64%|██████▍   | 5278/8189 [4:36:45<2:19:28,  2.87s/it]
 64%|██████▍   | 5279/8189 [4:36:48<2:24:21,  2.98s/it]
 64%|██████▍   | 5280/8189 [4:36:52<2:27:13,  3.04s/it]
 64%|██████▍   | 5281/8189 [4:36:55<2:26:50,  3.03s/it]
 65%|██████▍   | 5282/8189 [4:36:58<2:27:21,  3.04s/it]
 65%|██████▍   | 5283/8189 [4:37:01<2:27:40,  3.05s/it]
 65%|██████▍   | 5284/8189 [4:37:04<2:28:32,  3.07s/it]
 65%|██████▍   | 5285/8189 [4:37:07<2:25:21,  3.00s/it]
 65%|██████▍   | 5286/8189 [4:37:10<2:24:55,  3.00s/it]
 65%|██████▍   | 5287/8189 [4:37:13<2:24:37,  2.99s/it]
 65%|██████▍   | 5288/8189 [4:37:16<2:26:11,  3.02s/it]
 65%|██████▍   | 5289/8189 [4:37:19<2:28:19,  3.07s/it]
 65%|██████▍   | 5290/8189 [4:37:22<2:24:43,  3.00s/it]
 65%|██████▍   | 5291/8189 [4:37:25<2:22:21,  2.95s/it]
 65%|██████▍   | 5292/8189 [4:37:28<2:27:20,  3.05s/it]
 65%|██████▍   | 5293/8189 [4:37:31<2:26:16,  3.03s/it]
 65%|██████▍   | 5294/8189 [4:37:34<2:27:21,  3.05s/it]
 65%|██████▍   | 5295/8189 [4:37:37<2:27:05,  3.05s/it]
 65%|██████▍   | 5296/8189 [4:37:40<2:25:59,  3.03s/it]
 65%|██████▍   | 5297/8189 [4:37:43<2:24:57,  3.01s/it]
 65%|██████▍   | 5298/8189 [4:37:46<2:26:15,  3.04s/it]
 65%|██████▍   | 5299/8189 [4:37:49<2:28:32,  3.08s/it]
 65%|██████▍   | 5300/8189 [4:37:52<2:25:29,  3.02s/it]
 65%|██████▍   | 5301/8189 [4:37:55<2:27:25,  3.06s/it]
 65%|██████▍   | 5302/8189 [4:37:58<2:28:00,  3.08s/it]
 65%|██████▍   | 5303/8189 [4:38:01<2:28:42,  3.09s/it]
 65%|██████▍   | 5304/8189 [4:38:05<2:28:27,  3.09s/it]
 65%|██████▍   | 5305/8189 [4:38:08<2:31:23,  3.15s/it]
 65%|██████▍   | 5306/8189 [4:38:11<2:33:11,  3.19s/it]
 65%|██████▍   | 5307/8189 [4:38:14<2:32:09,  3.17s/it]
 65%|██████▍   | 5308/8189 [4:38:17<2:32:44,  3.18s/it]
 65%|██████▍   | 5309/8189 [4:38:21<2:30:47,  3.14s/it]
 65%|██████▍   | 5310/8189 [4:38:24<2:33:01,  3.19s/it]
 65%|██████▍   | 5311/8189 [4:38:27<2:34:39,  3.22s/it]
 65%|██████▍   | 5312/8189 [4:38:30<2:34:33,  3.22s/it]
 65%|██████▍   | 5313/8189 [4:38:34<2:34:09,  3.22s/it]
 65%|██████▍   | 5314/8189 [4:38:37<2:32:25,  3.18s/it]
 65%|██████▍   | 5315/8189 [4:38:40<2:31:23,  3.16s/it]
 65%|██████▍   | 5316/8189 [4:38:43<2:30:08,  3.14s/it]
 65%|██████▍   | 5317/8189 [4:38:46<2:28:12,  3.10s/it]
 65%|██████▍   | 5318/8189 [4:38:49<2:26:08,  3.05s/it]
 65%|██████▍   | 5319/8189 [4:38:52<2:27:48,  3.09s/it]
 65%|██████▍   | 5320/8189 [4:38:55<2:30:50,  3.15s/it]
 65%|██████▍   | 5321/8189 [4:38:58<2:27:35,  3.09s/it]
 65%|██████▍   | 5322/8189 [4:39:01<2:21:04,  2.95s/it]
 65%|██████▌   | 5323/8189 [4:39:04<2:22:54,  2.99s/it]
 65%|██████▌   | 5324/8189 [4:39:07<2:24:38,  3.03s/it]
 65%|██████▌   | 5325/8189 [4:39:10<2:22:46,  2.99s/it]
 65%|██████▌   | 5326/8189 [4:39:13<2:27:41,  3.10s/it]
 65%|██████▌   | 5327/8189 [4:39:16<2:28:55,  3.12s/it]
 65%|██████▌   | 5328/8189 [4:39:19<2:27:39,  3.10s/it]
 65%|██████▌   | 5329/8189 [4:39:23<2:28:36,  3.12s/it]
 65%|██████▌   | 5330/8189 [4:39:26<2:30:22,  3.16s/it]
 65%|██████▌   | 5331/8189 [4:39:29<2:29:16,  3.13s/it]
 65%|██████▌   | 5332/8189 [4:39:32<2:26:57,  3.09s/it]
 65%|██████▌   | 5333/8189 [4:39:35<2:19:20,  2.93s/it]
 65%|██████▌   | 5334/8189 [4:39:38<2:25:25,  3.06s/it]
 65%|██████▌   | 5335/8189 [4:39:41<2:30:23,  3.16s/it]
 65%|██████▌   | 5336/8189 [4:39:44<2:27:46,  3.11s/it]
 65%|██████▌   | 5337/8189 [4:39:48<2:31:01,  3.18s/it]
 65%|██████▌   | 5338/8189 [4:39:50<2:23:03,  3.01s/it]
 65%|██████▌   | 5339/8189 [4:39:53<2:23:18,  3.02s/it]
 65%|██████▌   | 5340/8189 [4:39:57<2:31:31,  3.19s/it]
 65%|██████▌   | 5341/8189 [4:40:00<2:32:38,  3.22s/it]
 65%|██████▌   | 5342/8189 [4:40:04<2:36:39,  3.30s/it]
 65%|██████▌   | 5343/8189 [4:40:07<2:39:13,  3.36s/it]
 65%|██████▌   | 5344/8189 [4:40:10<2:32:03,  3.21s/it]
 65%|██████▌   | 5345/8189 [4:40:13<2:30:31,  3.18s/it]
 65%|██████▌   | 5346/8189 [4:40:16<2:20:23,  2.96s/it]
 65%|██████▌   | 5347/8189 [4:40:19<2:24:56,  3.06s/it]
 65%|██████▌   | 5348/8189 [4:40:22<2:25:13,  3.07s/it]
 65%|██████▌   | 5349/8189 [4:40:25<2:23:51,  3.04s/it]
 65%|██████▌   | 5350/8189 [4:40:28<2:24:02,  3.04s/it]
 65%|██████▌   | 5351/8189 [4:40:31<2:22:17,  3.01s/it]
 65%|██████▌   | 5352/8189 [4:40:34<2:22:53,  3.02s/it]
 65%|██████▌   | 5353/8189 [4:40:37<2:26:08,  3.09s/it]
 65%|██████▌   | 5354/8189 [4:40:40<2:23:31,  3.04s/it]
 65%|██████▌   | 5355/8189 [4:40:43<2:26:35,  3.10s/it]
 65%|██████▌   | 5356/8189 [4:40:46<2:23:55,  3.05s/it]
 65%|██████▌   | 5357/8189 [4:40:49<2:26:09,  3.10s/it]
 65%|██████▌   | 5358/8189 [4:40:53<2:26:03,  3.10s/it]
 65%|██████▌   | 5359/8189 [4:40:56<2:25:23,  3.08s/it]
 65%|██████▌   | 5360/8189 [4:40:59<2:26:29,  3.11s/it]
 65%|██████▌   | 5361/8189 [4:41:02<2:24:53,  3.07s/it]
 65%|██████▌   | 5362/8189 [4:41:05<2:22:13,  3.02s/it]
 65%|██████▌   | 5363/8189 [4:41:08<2:22:38,  3.03s/it]
 66%|██████▌   | 5364/8189 [4:41:11<2:22:57,  3.04s/it]
 66%|██████▌   | 5365/8189 [4:41:14<2:20:25,  2.98s/it]
 66%|██████▌   | 5366/8189 [4:41:16<2:14:05,  2.85s/it]
 66%|██████▌   | 5367/8189 [4:41:19<2:17:33,  2.92s/it]
 66%|██████▌   | 5368/8189 [4:41:22<2:17:48,  2.93s/it]
 66%|██████▌   | 5369/8189 [4:41:25<2:19:52,  2.98s/it]
 66%|██████▌   | 5370/8189 [4:41:28<2:20:13,  2.98s/it]
 66%|██████▌   | 5371/8189 [4:41:32<2:23:51,  3.06s/it]
 66%|██████▌   | 5372/8189 [4:41:35<2:26:49,  3.13s/it]
 66%|██████▌   | 5373/8189 [4:41:38<2:28:15,  3.16s/it]
 66%|██████▌   | 5374/8189 [4:41:41<2:24:49,  3.09s/it]
 66%|██████▌   | 5375/8189 [4:41:44<2:23:40,  3.06s/it]
 66%|██████▌   | 5376/8189 [4:41:47<2:23:11,  3.05s/it]
 66%|██████▌   | 5377/8189 [4:41:50<2:26:47,  3.13s/it]
 66%|██████▌   | 5378/8189 [4:41:53<2:25:55,  3.11s/it]
 66%|██████▌   | 5379/8189 [4:41:57<2:27:15,  3.14s/it]
 66%|██████▌   | 5380/8189 [4:42:00<2:25:27,  3.11s/it]
 66%|██████▌   | 5381/8189 [4:42:03<2:33:09,  3.27s/it]
 66%|██████▌   | 5382/8189 [4:42:07<2:35:00,  3.31s/it]
 66%|██████▌   | 5383/8189 [4:42:10<2:37:15,  3.36s/it]
 66%|██████▌   | 5384/8189 [4:42:13<2:33:52,  3.29s/it]
 66%|██████▌   | 5385/8189 [4:42:17<2:34:54,  3.31s/it]
 66%|██████▌   | 5386/8189 [4:42:20<2:30:51,  3.23s/it]
 66%|██████▌   | 5387/8189 [4:42:23<2:25:38,  3.12s/it]
 66%|██████▌   | 5388/8189 [4:42:26<2:23:22,  3.07s/it]
 66%|██████▌   | 5389/8189 [4:42:28<2:19:22,  2.99s/it]
 66%|██████▌   | 5390/8189 [4:42:32<2:23:21,  3.07s/it]
 66%|██████▌   | 5391/8189 [4:42:35<2:21:49,  3.04s/it]
 66%|██████▌   | 5392/8189 [4:42:38<2:21:46,  3.04s/it]
 66%|██████▌   | 5393/8189 [4:42:40<2:18:40,  2.98s/it]
 66%|██████▌   | 5394/8189 [4:42:44<2:24:09,  3.09s/it]
 66%|██████▌   | 5395/8189 [4:42:47<2:21:52,  3.05s/it]
 66%|██████▌   | 5396/8189 [4:42:50<2:28:57,  3.20s/it]
 66%|██████▌   | 5397/8189 [4:42:53<2:23:26,  3.08s/it]
 66%|██████▌   | 5398/8189 [4:42:56<2:24:18,  3.10s/it]
 66%|██████▌   | 5399/8189 [4:42:59<2:22:14,  3.06s/it]
 66%|██████▌   | 5400/8189 [4:43:02<2:17:03,  2.95s/it]
 66%|██████▌   | 5401/8189 [4:43:05<2:17:37,  2.96s/it]
 66%|██████▌   | 5402/8189 [4:43:08<2:17:20,  2.96s/it]
 66%|██████▌   | 5403/8189 [4:43:11<2:18:22,  2.98s/it]
 66%|██████▌   | 5404/8189 [4:43:14<2:19:22,  3.00s/it]
 66%|██████▌   | 5405/8189 [4:43:16<2:12:09,  2.85s/it]
 66%|██████▌   | 5406/8189 [4:43:20<2:20:44,  3.03s/it]
 66%|██████▌   | 5407/8189 [4:43:23<2:22:44,  3.08s/it]
 66%|██████▌   | 5408/8189 [4:43:26<2:21:07,  3.04s/it]
 66%|██████▌   | 5409/8189 [4:43:29<2:20:18,  3.03s/it]
 66%|██████▌   | 5410/8189 [4:43:32<2:19:12,  3.01s/it]
 66%|██████▌   | 5411/8189 [4:43:35<2:22:35,  3.08s/it]
 66%|██████▌   | 5412/8189 [4:43:39<2:25:51,  3.15s/it]
 66%|██████▌   | 5413/8189 [4:43:42<2:24:16,  3.12s/it]
 66%|██████▌   | 5414/8189 [4:43:45<2:22:18,  3.08s/it]
 66%|██████▌   | 5415/8189 [4:43:48<2:23:23,  3.10s/it]
 66%|██████▌   | 5416/8189 [4:43:51<2:25:11,  3.14s/it]
 66%|██████▌   | 5417/8189 [4:43:54<2:25:44,  3.15s/it]
 66%|██████▌   | 5418/8189 [4:43:57<2:22:08,  3.08s/it]
 66%|██████▌   | 5419/8189 [4:44:00<2:21:45,  3.07s/it]
 66%|██████▌   | 5420/8189 [4:44:03<2:16:43,  2.96s/it]
 66%|██████▌   | 5421/8189 [4:44:06<2:16:52,  2.97s/it]
 66%|██████▌   | 5422/8189 [4:44:09<2:19:28,  3.02s/it]
 66%|██████▌   | 5423/8189 [4:44:12<2:20:45,  3.05s/it]
 66%|██████▌   | 5424/8189 [4:44:15<2:18:17,  3.00s/it]
 66%|██████▌   | 5425/8189 [4:44:18<2:21:25,  3.07s/it]
 66%|██████▋   | 5426/8189 [4:44:21<2:15:01,  2.93s/it]
 66%|██████▋   | 5427/8189 [4:44:24<2:18:55,  3.02s/it]
 66%|██████▋   | 5428/8189 [4:44:27<2:16:30,  2.97s/it]
 66%|██████▋   | 5429/8189 [4:44:30<2:18:03,  3.00s/it]
 66%|██████▋   | 5430/8189 [4:44:33<2:20:29,  3.06s/it]
 66%|██████▋   | 5431/8189 [4:44:36<2:23:43,  3.13s/it]
 66%|██████▋   | 5432/8189 [4:44:40<2:24:00,  3.13s/it]
 66%|██████▋   | 5433/8189 [4:44:43<2:23:58,  3.13s/it]
 66%|██████▋   | 5434/8189 [4:44:46<2:22:14,  3.10s/it]
 66%|██████▋   | 5435/8189 [4:44:49<2:25:02,  3.16s/it]
 66%|██████▋   | 5436/8189 [4:44:52<2:27:01,  3.20s/it]
 66%|██████▋   | 5437/8189 [4:44:56<2:29:00,  3.25s/it]
 66%|██████▋   | 5438/8189 [4:44:59<2:26:29,  3.19s/it]
 66%|██████▋   | 5439/8189 [4:45:02<2:21:16,  3.08s/it]
 66%|██████▋   | 5440/8189 [4:45:05<2:26:21,  3.19s/it]
 66%|██████▋   | 5441/8189 [4:45:08<2:22:09,  3.10s/it]
 66%|██████▋   | 5442/8189 [4:45:11<2:21:04,  3.08s/it]
 66%|██████▋   | 5443/8189 [4:45:14<2:22:17,  3.11s/it]
 66%|██████▋   | 5444/8189 [4:45:17<2:18:21,  3.02s/it]
 66%|██████▋   | 5445/8189 [4:45:20<2:23:10,  3.13s/it]
 67%|██████▋   | 5446/8189 [4:45:23<2:23:35,  3.14s/it]
 67%|██████▋   | 5447/8189 [4:45:26<2:20:50,  3.08s/it]
 67%|██████▋   | 5448/8189 [4:45:30<2:20:55,  3.08s/it]
 67%|██████▋   | 5449/8189 [4:45:33<2:23:01,  3.13s/it]
 67%|██████▋   | 5450/8189 [4:45:36<2:23:38,  3.15s/it]
 67%|██████▋   | 5451/8189 [4:45:39<2:20:26,  3.08s/it]
 67%|██████▋   | 5452/8189 [4:45:42<2:20:22,  3.08s/it]
 67%|██████▋   | 5453/8189 [4:45:45<2:20:31,  3.08s/it]
 67%|██████▋   | 5454/8189 [4:45:48<2:24:26,  3.17s/it]
 67%|██████▋   | 5455/8189 [4:45:52<2:25:34,  3.19s/it]
 67%|██████▋   | 5456/8189 [4:45:55<2:26:30,  3.22s/it]
 67%|██████▋   | 5457/8189 [4:45:58<2:19:15,  3.06s/it]
 67%|██████▋   | 5458/8189 [4:46:01<2:19:43,  3.07s/it]
 67%|██████▋   | 5459/8189 [4:46:04<2:19:29,  3.07s/it]
 67%|██████▋   | 5460/8189 [4:46:07<2:19:44,  3.07s/it]
 67%|██████▋   | 5461/8189 [4:46:09<2:13:23,  2.93s/it]
 67%|██████▋   | 5462/8189 [4:46:13<2:15:47,  2.99s/it]
 67%|██████▋   | 5463/8189 [4:46:16<2:17:01,  3.02s/it]
 67%|██████▋   | 5464/8189 [4:46:19<2:17:28,  3.03s/it]
 67%|██████▋   | 5465/8189 [4:46:22<2:19:15,  3.07s/it]
 67%|██████▋   | 5466/8189 [4:46:25<2:17:34,  3.03s/it]
 67%|██████▋   | 5467/8189 [4:46:28<2:17:11,  3.02s/it]
 67%|██████▋   | 5468/8189 [4:46:30<2:12:23,  2.92s/it]
 67%|██████▋   | 5469/8189 [4:46:33<2:12:28,  2.92s/it]
 67%|██████▋   | 5470/8189 [4:46:37<2:16:21,  3.01s/it]
 67%|██████▋   | 5471/8189 [4:46:40<2:18:00,  3.05s/it]
 67%|██████▋   | 5472/8189 [4:46:43<2:18:34,  3.06s/it]
 67%|██████▋   | 5473/8189 [4:46:46<2:15:17,  2.99s/it]
 67%|██████▋   | 5474/8189 [4:46:48<2:11:33,  2.91s/it]
 67%|██████▋   | 5475/8189 [4:46:51<2:12:52,  2.94s/it]
 67%|██████▋   | 5476/8189 [4:46:54<2:10:42,  2.89s/it]
 67%|██████▋   | 5477/8189 [4:46:57<2:15:50,  3.01s/it]
 67%|██████▋   | 5478/8189 [4:47:00<2:09:07,  2.86s/it]
 67%|██████▋   | 5479/8189 [4:47:03<2:13:00,  2.94s/it]
 67%|██████▋   | 5480/8189 [4:47:06<2:11:06,  2.90s/it]
 67%|██████▋   | 5481/8189 [4:47:09<2:12:43,  2.94s/it]
 67%|██████▋   | 5482/8189 [4:47:12<2:13:06,  2.95s/it]
 67%|██████▋   | 5483/8189 [4:47:15<2:16:55,  3.04s/it]
 67%|██████▋   | 5484/8189 [4:47:18<2:19:37,  3.10s/it]
 67%|██████▋   | 5485/8189 [4:47:21<2:19:08,  3.09s/it]
 67%|██████▋   | 5486/8189 [4:47:24<2:17:16,  3.05s/it]
 67%|██████▋   | 5487/8189 [4:47:28<2:20:11,  3.11s/it]
 67%|██████▋   | 5488/8189 [4:47:31<2:17:03,  3.04s/it]
 67%|██████▋   | 5489/8189 [4:47:34<2:20:57,  3.13s/it]
 67%|██████▋   | 5490/8189 [4:47:37<2:19:27,  3.10s/it]
 67%|██████▋   | 5491/8189 [4:47:40<2:18:46,  3.09s/it]
 67%|██████▋   | 5492/8189 [4:47:43<2:19:34,  3.11s/it]
 67%|██████▋   | 5493/8189 [4:47:46<2:17:27,  3.06s/it]
 67%|██████▋   | 5494/8189 [4:47:50<2:26:06,  3.25s/it]
 67%|██████▋   | 5495/8189 [4:47:53<2:22:30,  3.17s/it]
 67%|██████▋   | 5496/8189 [4:47:56<2:27:39,  3.29s/it]
 67%|██████▋   | 5497/8189 [4:48:00<2:33:40,  3.43s/it]
 67%|██████▋   | 5498/8189 [4:48:03<2:33:24,  3.42s/it]
 67%|██████▋   | 5499/8189 [4:48:07<2:36:03,  3.48s/it]
 67%|██████▋   | 5500/8189 [4:48:11<2:39:26,  3.56s/it]
 67%|██████▋   | 5501/8189 [4:48:14<2:40:26,  3.58s/it]
 67%|██████▋   | 5502/8189 [4:48:18<2:38:47,  3.55s/it]
 67%|██████▋   | 5503/8189 [4:48:22<2:39:08,  3.55s/it]
 67%|██████▋   | 5504/8189 [4:48:25<2:36:08,  3.49s/it]
 67%|██████▋   | 5505/8189 [4:48:28<2:34:01,  3.44s/it]
 67%|██████▋   | 5506/8189 [4:48:32<2:32:57,  3.42s/it]
 67%|██████▋   | 5507/8189 [4:48:35<2:33:11,  3.43s/it]
 67%|██████▋   | 5508/8189 [4:48:38<2:33:01,  3.42s/it]
 67%|██████▋   | 5509/8189 [4:48:41<2:26:31,  3.28s/it]
 67%|██████▋   | 5510/8189 [4:48:45<2:25:38,  3.26s/it]
 67%|██████▋   | 5511/8189 [4:48:48<2:25:39,  3.26s/it]
 67%|██████▋   | 5512/8189 [4:48:51<2:24:49,  3.25s/it]
 67%|██████▋   | 5513/8189 [4:48:54<2:24:17,  3.24s/it]
 67%|██████▋   | 5514/8189 [4:48:58<2:24:51,  3.25s/it]
 67%|██████▋   | 5515/8189 [4:49:01<2:26:15,  3.28s/it]
 67%|██████▋   | 5516/8189 [4:49:04<2:25:00,  3.26s/it]
 67%|██████▋   | 5517/8189 [4:49:07<2:23:17,  3.22s/it]
 67%|██████▋   | 5518/8189 [4:49:10<2:22:41,  3.21s/it]
 67%|██████▋   | 5519/8189 [4:49:14<2:23:37,  3.23s/it]
 67%|██████▋   | 5520/8189 [4:49:17<2:23:10,  3.22s/it]
 67%|██████▋   | 5521/8189 [4:49:20<2:20:14,  3.15s/it]
 67%|██████▋   | 5522/8189 [4:49:23<2:18:51,  3.12s/it]
 67%|██████▋   | 5523/8189 [4:49:26<2:16:00,  3.06s/it]
 67%|██████▋   | 5524/8189 [4:49:29<2:15:18,  3.05s/it]
 67%|██████▋   | 5525/8189 [4:49:32<2:15:51,  3.06s/it]
 67%|██████▋   | 5526/8189 [4:49:35<2:17:04,  3.09s/it]
 67%|██████▋   | 5527/8189 [4:49:38<2:18:05,  3.11s/it]
 68%|██████▊   | 5528/8189 [4:49:41<2:14:57,  3.04s/it]
 68%|██████▊   | 5529/8189 [4:49:44<2:13:55,  3.02s/it]
 68%|██████▊   | 5530/8189 [4:49:47<2:15:34,  3.06s/it]
 68%|██████▊   | 5531/8189 [4:49:50<2:16:12,  3.07s/it]
 68%|██████▊   | 5532/8189 [4:49:53<2:16:28,  3.08s/it]
 68%|██████▊   | 5533/8189 [4:49:57<2:17:45,  3.11s/it]
 68%|██████▊   | 5534/8189 [4:50:00<2:14:12,  3.03s/it]
 68%|██████▊   | 5535/8189 [4:50:03<2:13:20,  3.01s/it]
 68%|██████▊   | 5536/8189 [4:50:06<2:17:05,  3.10s/it]
 68%|██████▊   | 5537/8189 [4:50:09<2:21:34,  3.20s/it]
 68%|██████▊   | 5538/8189 [4:50:12<2:21:21,  3.20s/it]
 68%|██████▊   | 5539/8189 [4:50:16<2:21:47,  3.21s/it]
 68%|██████▊   | 5540/8189 [4:50:19<2:19:57,  3.17s/it]
 68%|██████▊   | 5541/8189 [4:50:22<2:17:51,  3.12s/it]
 68%|██████▊   | 5542/8189 [4:50:25<2:16:34,  3.10s/it]
 68%|██████▊   | 5543/8189 [4:50:27<2:10:09,  2.95s/it]
 68%|██████▊   | 5544/8189 [4:50:31<2:19:33,  3.17s/it]
 68%|██████▊   | 5545/8189 [4:50:34<2:19:51,  3.17s/it]
 68%|██████▊   | 5546/8189 [4:50:37<2:19:19,  3.16s/it]
 68%|██████▊   | 5547/8189 [4:50:40<2:15:42,  3.08s/it]
 68%|██████▊   | 5548/8189 [4:50:43<2:14:13,  3.05s/it]
 68%|██████▊   | 5549/8189 [4:50:46<2:16:31,  3.10s/it]
 68%|██████▊   | 5550/8189 [4:50:50<2:18:05,  3.14s/it]
 68%|██████▊   | 5551/8189 [4:50:53<2:19:25,  3.17s/it]
 68%|██████▊   | 5552/8189 [4:50:56<2:16:22,  3.10s/it]
 68%|██████▊   | 5553/8189 [4:50:59<2:16:16,  3.10s/it]
 68%|██████▊   | 5554/8189 [4:51:02<2:18:42,  3.16s/it]
 68%|██████▊   | 5555/8189 [4:51:05<2:14:51,  3.07s/it]
 68%|██████▊   | 5556/8189 [4:51:09<2:19:26,  3.18s/it]
 68%|██████▊   | 5557/8189 [4:51:12<2:17:18,  3.13s/it]
 68%|██████▊   | 5558/8189 [4:51:15<2:19:17,  3.18s/it]
 68%|██████▊   | 5559/8189 [4:51:18<2:19:50,  3.19s/it]
 68%|██████▊   | 5560/8189 [4:51:21<2:16:08,  3.11s/it]
 68%|██████▊   | 5561/8189 [4:51:24<2:14:34,  3.07s/it]
 68%|██████▊   | 5562/8189 [4:51:27<2:14:59,  3.08s/it]
 68%|██████▊   | 5563/8189 [4:51:30<2:16:46,  3.12s/it]
 68%|██████▊   | 5564/8189 [4:51:33<2:13:20,  3.05s/it]
 68%|██████▊   | 5565/8189 [4:51:36<2:10:20,  2.98s/it]
 68%|██████▊   | 5566/8189 [4:51:39<2:10:31,  2.99s/it]
 68%|██████▊   | 5567/8189 [4:51:42<2:13:42,  3.06s/it]
 68%|██████▊   | 5568/8189 [4:51:45<2:15:16,  3.10s/it]
 68%|██████▊   | 5569/8189 [4:51:49<2:16:04,  3.12s/it]
 68%|██████▊   | 5570/8189 [4:51:52<2:14:01,  3.07s/it]
 68%|██████▊   | 5571/8189 [4:51:55<2:12:53,  3.05s/it]
 68%|██████▊   | 5572/8189 [4:51:57<2:09:48,  2.98s/it]
 68%|██████▊   | 5573/8189 [4:52:00<2:11:10,  3.01s/it]
 68%|██████▊   | 5574/8189 [4:52:04<2:18:01,  3.17s/it]
 68%|██████▊   | 5575/8189 [4:52:07<2:17:57,  3.17s/it]
 68%|██████▊   | 5576/8189 [4:52:10<2:16:02,  3.12s/it]
 68%|██████▊   | 5577/8189 [4:52:13<2:10:38,  3.00s/it]
 68%|██████▊   | 5578/8189 [4:52:16<2:11:38,  3.02s/it]
 68%|██████▊   | 5579/8189 [4:52:19<2:15:25,  3.11s/it]
 68%|██████▊   | 5580/8189 [4:52:22<2:15:02,  3.11s/it]
 68%|██████▊   | 5581/8189 [4:52:26<2:15:27,  3.12s/it]
 68%|██████▊   | 5582/8189 [4:52:29<2:15:11,  3.11s/it]
 68%|██████▊   | 5583/8189 [4:52:32<2:14:34,  3.10s/it]
 68%|██████▊   | 5584/8189 [4:52:35<2:14:25,  3.10s/it]
 68%|██████▊   | 5585/8189 [4:52:38<2:11:42,  3.03s/it]
 68%|██████▊   | 5586/8189 [4:52:41<2:14:34,  3.10s/it]
 68%|██████▊   | 5587/8189 [4:52:44<2:13:45,  3.08s/it]
 68%|██████▊   | 5588/8189 [4:52:47<2:16:02,  3.14s/it]
 68%|██████▊   | 5589/8189 [4:52:50<2:15:23,  3.12s/it]
 68%|██████▊   | 5590/8189 [4:52:53<2:13:40,  3.09s/it]
 68%|██████▊   | 5591/8189 [4:52:56<2:14:08,  3.10s/it]
 68%|██████▊   | 5592/8189 [4:53:00<2:13:16,  3.08s/it]
 68%|██████▊   | 5593/8189 [4:53:03<2:15:46,  3.14s/it]
 68%|██████▊   | 5594/8189 [4:53:06<2:13:03,  3.08s/it]
 68%|██████▊   | 5595/8189 [4:53:09<2:15:21,  3.13s/it]
 68%|██████▊   | 5596/8189 [4:53:12<2:16:05,  3.15s/it]
 68%|██████▊   | 5597/8189 [4:53:15<2:15:50,  3.14s/it]
 68%|██████▊   | 5598/8189 [4:53:19<2:16:37,  3.16s/it]
 68%|██████▊   | 5599/8189 [4:53:21<2:13:28,  3.09s/it]
 68%|██████▊   | 5600/8189 [4:53:25<2:13:48,  3.10s/it]
 68%|██████▊   | 5601/8189 [4:53:28<2:14:01,  3.11s/it]
 68%|██████▊   | 5602/8189 [4:53:30<2:09:16,  3.00s/it]
 68%|██████▊   | 5603/8189 [4:53:33<2:10:02,  3.02s/it]
 68%|██████▊   | 5604/8189 [4:53:37<2:11:21,  3.05s/it]
 68%|██████▊   | 5605/8189 [4:53:40<2:09:43,  3.01s/it]
 68%|██████▊   | 5606/8189 [4:53:43<2:09:31,  3.01s/it]
 68%|██████▊   | 5607/8189 [4:53:45<2:07:43,  2.97s/it]
 68%|██████▊   | 5608/8189 [4:53:49<2:09:38,  3.01s/it]
 68%|██████▊   | 5609/8189 [4:53:51<2:08:55,  3.00s/it]
 69%|██████▊   | 5610/8189 [4:53:55<2:09:57,  3.02s/it]
 69%|██████▊   | 5611/8189 [4:53:58<2:11:11,  3.05s/it]
 69%|██████▊   | 5612/8189 [4:54:01<2:10:58,  3.05s/it]
 69%|██████▊   | 5613/8189 [4:54:04<2:07:55,  2.98s/it]
 69%|██████▊   | 5614/8189 [4:54:07<2:10:09,  3.03s/it]
 69%|██████▊   | 5615/8189 [4:54:10<2:08:50,  3.00s/it]
 69%|██████▊   | 5616/8189 [4:54:13<2:08:43,  3.00s/it]
 69%|██████▊   | 5617/8189 [4:54:15<2:05:34,  2.93s/it]
 69%|██████▊   | 5618/8189 [4:54:18<2:03:55,  2.89s/it]
 69%|██████▊   | 5619/8189 [4:54:21<1:59:58,  2.80s/it]
 69%|██████▊   | 5620/8189 [4:54:24<2:04:34,  2.91s/it]
 69%|██████▊   | 5621/8189 [4:54:27<2:07:48,  2.99s/it]
 69%|██████▊   | 5622/8189 [4:54:30<2:11:07,  3.06s/it]
 69%|██████▊   | 5623/8189 [4:54:34<2:12:01,  3.09s/it]
 69%|██████▊   | 5624/8189 [4:54:37<2:17:12,  3.21s/it]
 69%|██████▊   | 5625/8189 [4:54:40<2:19:23,  3.26s/it]
 69%|██████▊   | 5626/8189 [4:54:44<2:18:17,  3.24s/it]
 69%|██████▊   | 5627/8189 [4:54:47<2:18:07,  3.23s/it]
 69%|██████▊   | 5628/8189 [4:54:50<2:14:38,  3.15s/it]
 69%|██████▊   | 5629/8189 [4:54:53<2:13:33,  3.13s/it]
 69%|██████▉   | 5630/8189 [4:54:56<2:13:36,  3.13s/it]
 69%|██████▉   | 5631/8189 [4:54:59<2:12:47,  3.11s/it]
 69%|██████▉   | 5632/8189 [4:55:02<2:07:22,  2.99s/it]
 69%|██████▉   | 5633/8189 [4:55:05<2:08:24,  3.01s/it]
 69%|██████▉   | 5634/8189 [4:55:08<2:08:42,  3.02s/it]
 69%|██████▉   | 5635/8189 [4:55:11<2:06:13,  2.97s/it]
 69%|██████▉   | 5636/8189 [4:55:14<2:04:54,  2.94s/it]
 69%|██████▉   | 5637/8189 [4:55:17<2:05:06,  2.94s/it]
 69%|██████▉   | 5638/8189 [4:55:20<2:08:35,  3.02s/it]
 69%|██████▉   | 5639/8189 [4:55:23<2:07:36,  3.00s/it]
 69%|██████▉   | 5640/8189 [4:55:26<2:08:04,  3.01s/it]
 69%|██████▉   | 5641/8189 [4:55:29<2:04:57,  2.94s/it]
 69%|██████▉   | 5642/8189 [4:55:32<2:07:00,  2.99s/it]
 69%|██████▉   | 5643/8189 [4:55:35<2:09:20,  3.05s/it]
 69%|██████▉   | 5644/8189 [4:55:38<2:12:10,  3.12s/it]
 69%|██████▉   | 5645/8189 [4:55:41<2:10:02,  3.07s/it]
 69%|██████▉   | 5646/8189 [4:55:44<2:11:03,  3.09s/it]
 69%|██████▉   | 5647/8189 [4:55:47<2:13:32,  3.15s/it]
 69%|██████▉   | 5648/8189 [4:55:51<2:12:14,  3.12s/it]
 69%|██████▉   | 5649/8189 [4:55:54<2:13:06,  3.14s/it]
 69%|██████▉   | 5650/8189 [4:55:57<2:12:10,  3.12s/it]
 69%|██████▉   | 5651/8189 [4:56:00<2:08:53,  3.05s/it]
 69%|██████▉   | 5652/8189 [4:56:03<2:12:09,  3.13s/it]
 69%|██████▉   | 5653/8189 [4:56:06<2:13:31,  3.16s/it]
 69%|██████▉   | 5654/8189 [4:56:09<2:12:20,  3.13s/it]
 69%|██████▉   | 5655/8189 [4:56:12<2:11:31,  3.11s/it]
 69%|██████▉   | 5656/8189 [4:56:15<2:12:02,  3.13s/it]
 69%|██████▉   | 5657/8189 [4:56:19<2:12:42,  3.14s/it]
 69%|██████▉   | 5658/8189 [4:56:22<2:11:21,  3.11s/it]
 69%|██████▉   | 5659/8189 [4:56:25<2:10:22,  3.09s/it]
 69%|██████▉   | 5660/8189 [4:56:28<2:09:38,  3.08s/it]
 69%|██████▉   | 5661/8189 [4:56:31<2:09:56,  3.08s/it]
 69%|██████▉   | 5662/8189 [4:56:34<2:09:41,  3.08s/it]
 69%|██████▉   | 5663/8189 [4:56:37<2:10:21,  3.10s/it]
 69%|██████▉   | 5664/8189 [4:56:40<2:11:22,  3.12s/it]
 69%|██████▉   | 5665/8189 [4:56:43<2:11:25,  3.12s/it]
 69%|██████▉   | 5666/8189 [4:56:46<2:10:41,  3.11s/it]
 69%|██████▉   | 5667/8189 [4:56:50<2:10:35,  3.11s/it]
 69%|██████▉   | 5668/8189 [4:56:53<2:13:39,  3.18s/it]
 69%|██████▉   | 5669/8189 [4:56:56<2:10:59,  3.12s/it]
 69%|██████▉   | 5670/8189 [4:56:59<2:13:13,  3.17s/it]
 69%|██████▉   | 5671/8189 [4:57:02<2:13:49,  3.19s/it]
 69%|██████▉   | 5672/8189 [4:57:06<2:15:00,  3.22s/it]
 69%|██████▉   | 5673/8189 [4:57:09<2:14:31,  3.21s/it]
 69%|██████▉   | 5674/8189 [4:57:12<2:11:39,  3.14s/it]
 69%|██████▉   | 5675/8189 [4:57:15<2:11:47,  3.15s/it]
 69%|██████▉   | 5676/8189 [4:57:18<2:11:10,  3.13s/it]
 69%|██████▉   | 5677/8189 [4:57:21<2:11:34,  3.14s/it]
 69%|██████▉   | 5678/8189 [4:57:25<2:15:18,  3.23s/it]
 69%|██████▉   | 5679/8189 [4:57:28<2:12:45,  3.17s/it]
 69%|██████▉   | 5680/8189 [4:57:31<2:09:02,  3.09s/it]
 69%|██████▉   | 5681/8189 [4:57:34<2:14:22,  3.21s/it]
 69%|██████▉   | 5682/8189 [4:57:37<2:09:34,  3.10s/it]
 69%|██████▉   | 5683/8189 [4:57:41<2:16:42,  3.27s/it]
 69%|██████▉   | 5684/8189 [4:57:44<2:12:36,  3.18s/it]
 69%|██████▉   | 5685/8189 [4:57:47<2:14:02,  3.21s/it]
 69%|██████▉   | 5686/8189 [4:57:51<2:19:57,  3.35s/it]
 69%|██████▉   | 5687/8189 [4:57:54<2:18:32,  3.32s/it]
 69%|██████▉   | 5688/8189 [4:57:57<2:18:19,  3.32s/it]
 69%|██████▉   | 5689/8189 [4:58:00<2:14:51,  3.24s/it]
 69%|██████▉   | 5690/8189 [4:58:03<2:09:51,  3.12s/it]
 69%|██████▉   | 5691/8189 [4:58:07<2:14:53,  3.24s/it]
 70%|██████▉   | 5692/8189 [4:58:10<2:13:32,  3.21s/it]
 70%|██████▉   | 5693/8189 [4:58:13<2:11:00,  3.15s/it]
 70%|██████▉   | 5694/8189 [4:58:16<2:13:41,  3.21s/it]
 70%|██████▉   | 5695/8189 [4:58:19<2:09:27,  3.11s/it]
 70%|██████▉   | 5696/8189 [4:58:22<2:05:50,  3.03s/it]
 70%|██████▉   | 5697/8189 [4:58:25<2:07:29,  3.07s/it]
 70%|██████▉   | 5698/8189 [4:58:28<2:06:20,  3.04s/it]
 70%|██████▉   | 5699/8189 [4:58:31<2:07:58,  3.08s/it]
 70%|██████▉   | 5700/8189 [4:58:34<2:09:30,  3.12s/it]
 70%|██████▉   | 5701/8189 [4:58:37<2:08:37,  3.10s/it]
 70%|██████▉   | 5702/8189 [4:58:41<2:08:19,  3.10s/it]
 70%|██████▉   | 5703/8189 [4:58:43<2:03:36,  2.98s/it]
 70%|██████▉   | 5704/8189 [4:58:46<2:03:16,  2.98s/it]
 70%|██████▉   | 5705/8189 [4:58:49<2:03:30,  2.98s/it]
 70%|██████▉   | 5706/8189 [4:58:52<2:03:32,  2.99s/it]
 70%|██████▉   | 5707/8189 [4:58:55<2:03:29,  2.99s/it]
 70%|██████▉   | 5708/8189 [4:58:58<2:05:15,  3.03s/it]
 70%|██████▉   | 5709/8189 [4:59:02<2:08:19,  3.10s/it]
 70%|██████▉   | 5710/8189 [4:59:05<2:07:19,  3.08s/it]
 70%|██████▉   | 5711/8189 [4:59:07<2:03:12,  2.98s/it]
 70%|██████▉   | 5712/8189 [4:59:10<2:02:36,  2.97s/it]
 70%|██████▉   | 5713/8189 [4:59:13<2:05:13,  3.03s/it]
 70%|██████▉   | 5714/8189 [4:59:17<2:07:00,  3.08s/it]
 70%|██████▉   | 5715/8189 [4:59:19<1:59:24,  2.90s/it]
 70%|██████▉   | 5716/8189 [4:59:22<2:04:46,  3.03s/it]
 70%|██████▉   | 5717/8189 [4:59:25<2:01:46,  2.96s/it]
 70%|██████▉   | 5718/8189 [4:59:28<2:03:59,  3.01s/it]
 70%|██████▉   | 5719/8189 [4:59:31<2:04:48,  3.03s/it]
 70%|██████▉   | 5720/8189 [4:59:34<2:03:22,  3.00s/it]
 70%|██████▉   | 5721/8189 [4:59:38<2:04:43,  3.03s/it]
 70%|██████▉   | 5722/8189 [4:59:41<2:04:36,  3.03s/it]
 70%|██████▉   | 5723/8189 [4:59:43<2:02:12,  2.97s/it]
 70%|██████▉   | 5724/8189 [4:59:47<2:05:35,  3.06s/it]
 70%|██████▉   | 5725/8189 [4:59:50<2:05:44,  3.06s/it]
 70%|██████▉   | 5726/8189 [4:59:53<2:05:39,  3.06s/it]
 70%|██████▉   | 5727/8189 [4:59:56<2:02:35,  2.99s/it]
 70%|██████▉   | 5728/8189 [4:59:59<2:04:38,  3.04s/it]
 70%|██████▉   | 5729/8189 [5:00:02<2:07:02,  3.10s/it]
 70%|██████▉   | 5730/8189 [5:00:05<2:04:15,  3.03s/it]
 70%|██████▉   | 5731/8189 [5:00:08<2:07:19,  3.11s/it]
 70%|██████▉   | 5732/8189 [5:00:11<2:10:12,  3.18s/it]
 70%|███████   | 5733/8189 [5:00:14<2:07:47,  3.12s/it]
 70%|███████   | 5734/8189 [5:00:17<1:58:58,  2.91s/it]
 70%|███████   | 5735/8189 [5:00:20<2:00:31,  2.95s/it]
 70%|███████   | 5736/8189 [5:00:23<2:03:29,  3.02s/it]
 70%|███████   | 5737/8189 [5:00:26<2:00:15,  2.94s/it]
 70%|███████   | 5738/8189 [5:00:29<2:02:34,  3.00s/it]
 70%|███████   | 5739/8189 [5:00:32<2:02:52,  3.01s/it]
 70%|███████   | 5740/8189 [5:00:35<2:08:16,  3.14s/it]
 70%|███████   | 5741/8189 [5:00:39<2:11:26,  3.22s/it]
 70%|███████   | 5742/8189 [5:00:42<2:10:36,  3.20s/it]
 70%|███████   | 5743/8189 [5:00:45<2:05:10,  3.07s/it]
 70%|███████   | 5744/8189 [5:00:47<1:59:15,  2.93s/it]
 70%|███████   | 5745/8189 [5:00:50<2:01:12,  2.98s/it]
 70%|███████   | 5746/8189 [5:00:54<2:03:34,  3.03s/it]
 70%|███████   | 5747/8189 [5:00:57<2:10:30,  3.21s/it]
 70%|███████   | 5748/8189 [5:01:00<2:04:28,  3.06s/it]
 70%|███████   | 5749/8189 [5:01:03<2:05:25,  3.08s/it]
 70%|███████   | 5750/8189 [5:01:06<2:05:40,  3.09s/it]
 70%|███████   | 5751/8189 [5:01:09<1:57:58,  2.90s/it]
 70%|███████   | 5752/8189 [5:01:12<2:02:36,  3.02s/it]
 70%|███████   | 5753/8189 [5:01:15<2:06:19,  3.11s/it]
 70%|███████   | 5754/8189 [5:01:19<2:09:24,  3.19s/it]
 70%|███████   | 5755/8189 [5:01:22<2:07:00,  3.13s/it]
 70%|███████   | 5756/8189 [5:01:24<2:01:11,  2.99s/it]
 70%|███████   | 5757/8189 [5:01:27<2:01:03,  2.99s/it]
 70%|███████   | 5758/8189 [5:01:31<2:05:45,  3.10s/it]
 70%|███████   | 5759/8189 [5:01:34<2:09:32,  3.20s/it]
 70%|███████   | 5760/8189 [5:01:37<2:08:08,  3.17s/it]
 70%|███████   | 5761/8189 [5:01:41<2:09:48,  3.21s/it]
 70%|███████   | 5762/8189 [5:01:44<2:09:25,  3.20s/it]
 70%|███████   | 5763/8189 [5:01:47<2:12:52,  3.29s/it]
 70%|███████   | 5764/8189 [5:01:50<2:07:22,  3.15s/it]
 70%|███████   | 5765/8189 [5:01:53<2:07:24,  3.15s/it]
 70%|███████   | 5766/8189 [5:01:56<2:06:47,  3.14s/it]
 70%|███████   | 5767/8189 [5:02:00<2:08:23,  3.18s/it]
 70%|███████   | 5768/8189 [5:02:03<2:05:32,  3.11s/it]
 70%|███████   | 5769/8189 [5:02:06<2:04:24,  3.08s/it]
 70%|███████   | 5770/8189 [5:02:09<2:03:39,  3.07s/it]
 70%|███████   | 5771/8189 [5:02:12<2:04:44,  3.10s/it]
 70%|███████   | 5772/8189 [5:02:15<2:07:16,  3.16s/it]
 70%|███████   | 5773/8189 [5:02:18<2:08:14,  3.18s/it]
 71%|███████   | 5774/8189 [5:02:21<2:05:11,  3.11s/it]
 71%|███████   | 5775/8189 [5:02:24<2:04:22,  3.09s/it]
 71%|███████   | 5776/8189 [5:02:27<2:05:09,  3.11s/it]
 71%|███████   | 5777/8189 [5:02:31<2:05:39,  3.13s/it]
 71%|███████   | 5778/8189 [5:02:34<2:08:08,  3.19s/it]
 71%|███████   | 5779/8189 [5:02:37<2:06:53,  3.16s/it]
 71%|███████   | 5780/8189 [5:02:40<2:05:14,  3.12s/it]
 71%|███████   | 5781/8189 [5:02:43<2:05:11,  3.12s/it]
 71%|███████   | 5782/8189 [5:02:46<2:07:40,  3.18s/it]
 71%|███████   | 5783/8189 [5:02:50<2:06:34,  3.16s/it]
 71%|███████   | 5784/8189 [5:02:53<2:06:19,  3.15s/it]
 71%|███████   | 5785/8189 [5:02:56<2:11:19,  3.28s/it]
 71%|███████   | 5786/8189 [5:03:00<2:14:58,  3.37s/it]
 71%|███████   | 5787/8189 [5:03:04<2:18:07,  3.45s/it]
 71%|███████   | 5788/8189 [5:03:07<2:17:18,  3.43s/it]
 71%|███████   | 5789/8189 [5:03:10<2:14:39,  3.37s/it]
 71%|███████   | 5790/8189 [5:03:13<2:04:30,  3.11s/it]
 71%|███████   | 5791/8189 [5:03:15<2:01:13,  3.03s/it]
 71%|███████   | 5792/8189 [5:03:19<2:02:57,  3.08s/it]
 71%|███████   | 5793/8189 [5:03:22<2:06:31,  3.17s/it]
 71%|███████   | 5794/8189 [5:03:25<2:05:32,  3.15s/it]
 71%|███████   | 5795/8189 [5:03:28<2:04:09,  3.11s/it]
 71%|███████   | 5796/8189 [5:03:31<2:04:37,  3.12s/it]
 71%|███████   | 5797/8189 [5:03:34<2:03:58,  3.11s/it]
 71%|███████   | 5798/8189 [5:03:38<2:06:52,  3.18s/it]
 71%|███████   | 5799/8189 [5:03:41<2:03:40,  3.10s/it]
 71%|███████   | 5800/8189 [5:03:44<2:04:05,  3.12s/it]
 71%|███████   | 5801/8189 [5:03:47<2:02:28,  3.08s/it]
 71%|███████   | 5802/8189 [5:03:50<2:02:41,  3.08s/it]
 71%|███████   | 5803/8189 [5:03:53<2:04:26,  3.13s/it]
 71%|███████   | 5804/8189 [5:03:56<2:03:52,  3.12s/it]
 71%|███████   | 5805/8189 [5:04:00<2:06:23,  3.18s/it]
 71%|███████   | 5806/8189 [5:04:03<2:03:50,  3.12s/it]
 71%|███████   | 5807/8189 [5:04:06<2:02:58,  3.10s/it]
 71%|███████   | 5808/8189 [5:04:09<2:01:37,  3.06s/it]
 71%|███████   | 5809/8189 [5:04:12<2:00:16,  3.03s/it]
 71%|███████   | 5810/8189 [5:04:15<2:02:56,  3.10s/it]
 71%|███████   | 5811/8189 [5:04:18<2:03:06,  3.11s/it]
 71%|███████   | 5812/8189 [5:04:21<2:08:45,  3.25s/it]
 71%|███████   | 5813/8189 [5:04:24<2:04:11,  3.14s/it]
 71%|███████   | 5814/8189 [5:04:28<2:05:43,  3.18s/it]
 71%|███████   | 5815/8189 [5:04:31<2:03:27,  3.12s/it]
 71%|███████   | 5816/8189 [5:04:34<2:02:30,  3.10s/it]
 71%|███████   | 5817/8189 [5:04:37<2:00:54,  3.06s/it]
 71%|███████   | 5818/8189 [5:04:40<2:01:04,  3.06s/it]
 71%|███████   | 5819/8189 [5:04:43<2:02:33,  3.10s/it]
 71%|███████   | 5820/8189 [5:04:46<2:05:28,  3.18s/it]
 71%|███████   | 5821/8189 [5:04:50<2:07:35,  3.23s/it]
 71%|███████   | 5822/8189 [5:04:53<2:09:23,  3.28s/it]
 71%|███████   | 5823/8189 [5:04:57<2:12:29,  3.36s/it]
 71%|███████   | 5824/8189 [5:05:00<2:11:25,  3.33s/it]
 71%|███████   | 5825/8189 [5:05:03<2:09:41,  3.29s/it]
 71%|███████   | 5826/8189 [5:05:06<2:05:40,  3.19s/it]
 71%|███████   | 5827/8189 [5:05:09<2:08:17,  3.26s/it]
 71%|███████   | 5828/8189 [5:05:12<2:03:22,  3.14s/it]
 71%|███████   | 5829/8189 [5:05:15<2:04:24,  3.16s/it]
 71%|███████   | 5830/8189 [5:05:19<2:06:44,  3.22s/it]
 71%|███████   | 5831/8189 [5:05:22<2:05:26,  3.19s/it]
 71%|███████   | 5832/8189 [5:05:25<1:58:19,  3.01s/it]
 71%|███████   | 5833/8189 [5:05:28<1:59:27,  3.04s/it]
 71%|███████   | 5834/8189 [5:05:31<2:00:22,  3.07s/it]
 71%|███████▏  | 5835/8189 [5:05:34<2:00:50,  3.08s/it]
 71%|███████▏  | 5836/8189 [5:05:37<1:59:11,  3.04s/it]
 71%|███████▏  | 5837/8189 [5:05:40<2:00:45,  3.08s/it]
 71%|███████▏  | 5838/8189 [5:05:43<1:57:48,  3.01s/it]
 71%|███████▏  | 5839/8189 [5:05:46<2:00:58,  3.09s/it]
 71%|███████▏  | 5840/8189 [5:05:49<1:59:52,  3.06s/it]
 71%|███████▏  | 5841/8189 [5:05:52<1:54:59,  2.94s/it]
 71%|███████▏  | 5842/8189 [5:05:55<1:55:44,  2.96s/it]
 71%|███████▏  | 5843/8189 [5:05:58<1:55:39,  2.96s/it]
 71%|███████▏  | 5844/8189 [5:06:01<1:56:38,  2.98s/it]
 71%|███████▏  | 5845/8189 [5:06:04<1:58:53,  3.04s/it]
 71%|███████▏  | 5846/8189 [5:06:07<2:01:03,  3.10s/it]
 71%|███████▏  | 5847/8189 [5:06:11<2:04:58,  3.20s/it]
 71%|███████▏  | 5848/8189 [5:06:14<2:04:02,  3.18s/it]
 71%|███████▏  | 5849/8189 [5:06:17<2:03:31,  3.17s/it]
 71%|███████▏  | 5850/8189 [5:06:20<2:04:26,  3.19s/it]
 71%|███████▏  | 5851/8189 [5:06:23<2:04:01,  3.18s/it]
 71%|███████▏  | 5852/8189 [5:06:26<2:03:36,  3.17s/it]
 71%|███████▏  | 5853/8189 [5:06:30<2:02:44,  3.15s/it]
 71%|███████▏  | 5854/8189 [5:06:33<2:04:54,  3.21s/it]
 71%|███████▏  | 5855/8189 [5:06:36<2:06:04,  3.24s/it]
 72%|███████▏  | 5856/8189 [5:06:39<2:04:06,  3.19s/it]
 72%|███████▏  | 5857/8189 [5:06:43<2:04:41,  3.21s/it]
 72%|███████▏  | 5858/8189 [5:06:46<2:05:54,  3.24s/it]
 72%|███████▏  | 5859/8189 [5:06:49<2:05:19,  3.23s/it]
 72%|███████▏  | 5860/8189 [5:06:52<2:03:25,  3.18s/it]
 72%|███████▏  | 5861/8189 [5:06:55<2:04:34,  3.21s/it]
 72%|███████▏  | 5862/8189 [5:06:58<1:56:21,  3.00s/it]
 72%|███████▏  | 5863/8189 [5:07:01<1:59:15,  3.08s/it]
 72%|███████▏  | 5864/8189 [5:07:05<2:05:03,  3.23s/it]
 72%|███████▏  | 5865/8189 [5:07:08<2:07:25,  3.29s/it]
 72%|███████▏  | 5866/8189 [5:07:11<2:05:15,  3.24s/it]
 72%|███████▏  | 5867/8189 [5:07:15<2:05:06,  3.23s/it]
 72%|███████▏  | 5868/8189 [5:07:18<2:08:42,  3.33s/it]
 72%|███████▏  | 5869/8189 [5:07:22<2:12:59,  3.44s/it]
 72%|███████▏  | 5870/8189 [5:07:25<2:06:04,  3.26s/it]
 72%|███████▏  | 5871/8189 [5:07:27<2:01:09,  3.14s/it]
 72%|███████▏  | 5872/8189 [5:07:31<2:03:39,  3.20s/it]
 72%|███████▏  | 5873/8189 [5:07:34<2:05:51,  3.26s/it]
 72%|███████▏  | 5874/8189 [5:07:37<2:02:58,  3.19s/it]
 72%|███████▏  | 5875/8189 [5:07:40<2:03:13,  3.20s/it]
 72%|███████▏  | 5876/8189 [5:07:44<2:04:30,  3.23s/it]
 72%|███████▏  | 5877/8189 [5:07:47<2:01:57,  3.16s/it]
 72%|███████▏  | 5878/8189 [5:07:50<2:02:20,  3.18s/it]
 72%|███████▏  | 5879/8189 [5:07:53<2:01:14,  3.15s/it]
 72%|███████▏  | 5880/8189 [5:07:56<2:00:26,  3.13s/it]
 72%|███████▏  | 5881/8189 [5:07:59<2:00:18,  3.13s/it]
 72%|███████▏  | 5882/8189 [5:08:02<2:00:56,  3.15s/it]
 72%|███████▏  | 5883/8189 [5:08:06<2:00:55,  3.15s/it]
 72%|███████▏  | 5884/8189 [5:08:09<2:02:06,  3.18s/it]
 72%|███████▏  | 5885/8189 [5:08:12<2:02:33,  3.19s/it]
 72%|███████▏  | 5886/8189 [5:08:16<2:06:29,  3.30s/it]
 72%|███████▏  | 5887/8189 [5:08:19<2:04:11,  3.24s/it]
 72%|███████▏  | 5888/8189 [5:08:22<2:03:37,  3.22s/it]
 72%|███████▏  | 5889/8189 [5:08:25<2:02:36,  3.20s/it]
 72%|███████▏  | 5890/8189 [5:08:28<1:55:50,  3.02s/it]
 72%|███████▏  | 5891/8189 [5:08:31<1:54:18,  2.98s/it]
 72%|███████▏  | 5892/8189 [5:08:34<1:57:48,  3.08s/it]
 72%|███████▏  | 5893/8189 [5:08:37<1:55:44,  3.02s/it]
 72%|███████▏  | 5894/8189 [5:08:39<1:50:17,  2.88s/it]
 72%|███████▏  | 5895/8189 [5:08:42<1:53:33,  2.97s/it]
 72%|███████▏  | 5896/8189 [5:08:46<1:55:40,  3.03s/it]
 72%|███████▏  | 5897/8189 [5:08:49<1:55:02,  3.01s/it]
 72%|███████▏  | 5898/8189 [5:08:51<1:50:37,  2.90s/it]
 72%|███████▏  | 5899/8189 [5:08:54<1:53:03,  2.96s/it]
 72%|███████▏  | 5900/8189 [5:08:58<1:55:14,  3.02s/it]
 72%|███████▏  | 5901/8189 [5:09:01<1:56:15,  3.05s/it]
 72%|███████▏  | 5902/8189 [5:09:04<1:54:42,  3.01s/it]
 72%|███████▏  | 5903/8189 [5:09:07<1:55:40,  3.04s/it]
 72%|███████▏  | 5904/8189 [5:09:10<1:57:49,  3.09s/it]
 72%|███████▏  | 5905/8189 [5:09:13<1:57:49,  3.10s/it]
 72%|███████▏  | 5906/8189 [5:09:16<1:55:22,  3.03s/it]
 72%|███████▏  | 5907/8189 [5:09:19<1:57:03,  3.08s/it]
 72%|███████▏  | 5908/8189 [5:09:22<1:58:11,  3.11s/it]
 72%|███████▏  | 5909/8189 [5:09:25<1:58:04,  3.11s/it]
 72%|███████▏  | 5910/8189 [5:09:28<1:58:26,  3.12s/it]
 72%|███████▏  | 5911/8189 [5:09:32<2:00:55,  3.19s/it]
 72%|███████▏  | 5912/8189 [5:09:35<2:00:56,  3.19s/it]
 72%|███████▏  | 5913/8189 [5:09:38<2:01:05,  3.19s/it]
 72%|███████▏  | 5914/8189 [5:09:41<2:01:17,  3.20s/it]
 72%|███████▏  | 5915/8189 [5:09:45<1:59:52,  3.16s/it]
 72%|███████▏  | 5916/8189 [5:09:48<2:01:47,  3.21s/it]
 72%|███████▏  | 5917/8189 [5:09:51<2:01:24,  3.21s/it]
 72%|███████▏  | 5918/8189 [5:09:54<2:02:24,  3.23s/it]
 72%|███████▏  | 5919/8189 [5:09:57<1:58:03,  3.12s/it]
 72%|███████▏  | 5920/8189 [5:10:00<1:54:57,  3.04s/it]
 72%|███████▏  | 5921/8189 [5:10:03<1:55:06,  3.05s/it]
 72%|███████▏  | 5922/8189 [5:10:06<1:57:43,  3.12s/it]
 72%|███████▏  | 5923/8189 [5:10:09<1:56:13,  3.08s/it]
 72%|███████▏  | 5924/8189 [5:10:13<1:56:57,  3.10s/it]
 72%|███████▏  | 5925/8189 [5:10:16<1:56:17,  3.08s/it]
 72%|███████▏  | 5926/8189 [5:10:19<1:56:50,  3.10s/it]
 72%|███████▏  | 5927/8189 [5:10:22<1:55:32,  3.06s/it]
 72%|███████▏  | 5928/8189 [5:10:25<1:53:32,  3.01s/it]
 72%|███████▏  | 5929/8189 [5:10:27<1:50:21,  2.93s/it]
 72%|███████▏  | 5930/8189 [5:10:30<1:52:38,  2.99s/it]
 72%|███████▏  | 5931/8189 [5:10:34<1:56:34,  3.10s/it]
 72%|███████▏  | 5932/8189 [5:10:37<1:56:53,  3.11s/it]
 72%|███████▏  | 5933/8189 [5:10:40<2:00:06,  3.19s/it]
 72%|███████▏  | 5934/8189 [5:10:44<2:00:37,  3.21s/it]
 72%|███████▏  | 5935/8189 [5:10:47<1:59:26,  3.18s/it]
 72%|███████▏  | 5936/8189 [5:10:50<1:58:36,  3.16s/it]
 72%|███████▏  | 5937/8189 [5:10:53<1:56:50,  3.11s/it]
 73%|███████▎  | 5938/8189 [5:10:56<1:54:02,  3.04s/it]
 73%|███████▎  | 5939/8189 [5:10:59<1:56:54,  3.12s/it]
 73%|███████▎  | 5940/8189 [5:11:02<1:56:36,  3.11s/it]
 73%|███████▎  | 5941/8189 [5:11:05<1:55:23,  3.08s/it]
 73%|███████▎  | 5942/8189 [5:11:08<1:54:12,  3.05s/it]
 73%|███████▎  | 5943/8189 [5:11:11<1:55:18,  3.08s/it]
 73%|███████▎  | 5944/8189 [5:11:14<1:54:55,  3.07s/it]
 73%|███████▎  | 5945/8189 [5:11:17<1:53:40,  3.04s/it]
 73%|███████▎  | 5946/8189 [5:11:20<1:55:22,  3.09s/it]
 73%|███████▎  | 5947/8189 [5:11:24<1:57:05,  3.13s/it]
 73%|███████▎  | 5948/8189 [5:11:27<1:58:01,  3.16s/it]
 73%|███████▎  | 5949/8189 [5:11:30<1:58:49,  3.18s/it]
 73%|███████▎  | 5950/8189 [5:11:33<1:59:43,  3.21s/it]
 73%|███████▎  | 5951/8189 [5:11:36<1:55:16,  3.09s/it]
 73%|███████▎  | 5952/8189 [5:11:39<1:55:43,  3.10s/it]
 73%|███████▎  | 5953/8189 [5:11:43<1:57:06,  3.14s/it]
 73%|███████▎  | 5954/8189 [5:11:46<1:58:03,  3.17s/it]
 73%|███████▎  | 5955/8189 [5:11:49<1:57:43,  3.16s/it]
 73%|███████▎  | 5956/8189 [5:11:52<1:56:26,  3.13s/it]
 73%|███████▎  | 5957/8189 [5:11:55<1:57:43,  3.16s/it]
 73%|███████▎  | 5958/8189 [5:11:58<1:55:26,  3.10s/it]
 73%|███████▎  | 5959/8189 [5:12:01<1:53:49,  3.06s/it]
 73%|███████▎  | 5960/8189 [5:12:04<1:53:29,  3.05s/it]
 73%|███████▎  | 5961/8189 [5:12:07<1:54:10,  3.07s/it]
 73%|███████▎  | 5962/8189 [5:12:10<1:51:54,  3.02s/it]
 73%|███████▎  | 5963/8189 [5:12:13<1:51:02,  2.99s/it]
 73%|███████▎  | 5964/8189 [5:12:16<1:51:51,  3.02s/it]
 73%|███████▎  | 5965/8189 [5:12:19<1:54:05,  3.08s/it]
 73%|███████▎  | 5966/8189 [5:12:23<1:54:32,  3.09s/it]
 73%|███████▎  | 5967/8189 [5:12:25<1:52:42,  3.04s/it]
 73%|███████▎  | 5968/8189 [5:12:28<1:51:55,  3.02s/it]
 73%|███████▎  | 5969/8189 [5:12:32<1:52:47,  3.05s/it]
 73%|███████▎  | 5970/8189 [5:12:35<1:53:55,  3.08s/it]
 73%|███████▎  | 5971/8189 [5:12:38<1:54:23,  3.09s/it]
 73%|███████▎  | 5972/8189 [5:12:41<1:55:29,  3.13s/it]
 73%|███████▎  | 5973/8189 [5:12:44<1:55:34,  3.13s/it]
 73%|███████▎  | 5974/8189 [5:12:47<1:55:55,  3.14s/it]
 73%|███████▎  | 5975/8189 [5:12:50<1:53:21,  3.07s/it]
 73%|███████▎  | 5976/8189 [5:12:53<1:48:43,  2.95s/it]
 73%|███████▎  | 5977/8189 [5:12:56<1:48:24,  2.94s/it]
 73%|███████▎  | 5978/8189 [5:12:59<1:50:19,  2.99s/it]
 73%|███████▎  | 5979/8189 [5:13:02<1:50:29,  3.00s/it]
 73%|███████▎  | 5980/8189 [5:13:05<1:51:21,  3.02s/it]
 73%|███████▎  | 5981/8189 [5:13:08<1:53:25,  3.08s/it]
 73%|███████▎  | 5982/8189 [5:13:12<1:55:04,  3.13s/it]
 73%|███████▎  | 5983/8189 [5:13:15<1:56:49,  3.18s/it]
 73%|███████▎  | 5984/8189 [5:13:18<1:54:02,  3.10s/it]
 73%|███████▎  | 5985/8189 [5:13:21<1:57:20,  3.19s/it]
 73%|███████▎  | 5986/8189 [5:13:24<1:56:47,  3.18s/it]
 73%|███████▎  | 5987/8189 [5:13:27<1:55:18,  3.14s/it]
 73%|███████▎  | 5988/8189 [5:13:31<1:55:45,  3.16s/it]
 73%|███████▎  | 5989/8189 [5:13:34<1:55:15,  3.14s/it]
 73%|███████▎  | 5990/8189 [5:13:37<1:56:58,  3.19s/it]
 73%|███████▎  | 5991/8189 [5:13:40<1:57:26,  3.21s/it]
 73%|███████▎  | 5992/8189 [5:13:43<1:56:26,  3.18s/it]
 73%|███████▎  | 5993/8189 [5:13:47<1:58:18,  3.23s/it]
 73%|███████▎  | 5994/8189 [5:13:50<1:55:00,  3.14s/it]
 73%|███████▎  | 5995/8189 [5:13:53<1:53:33,  3.11s/it]
 73%|███████▎  | 5996/8189 [5:13:56<1:52:25,  3.08s/it]
 73%|███████▎  | 5997/8189 [5:13:59<1:51:43,  3.06s/it]
 73%|███████▎  | 5998/8189 [5:14:02<1:50:40,  3.03s/it]
 73%|███████▎  | 5999/8189 [5:14:05<1:50:51,  3.04s/it]
 73%|███████▎  | 6000/8189 [5:14:07<1:46:52,  2.93s/it]
                                                       

 73%|███████▎  | 6000/8189 [5:14:07<1:46:52,  2.93s/it]

Batches:   0%|          | 0/9 [00:00<?, ?it/s][A

Batches:  56%|█████▌    | 5/9 [00:00<00:00, 47.15it/s][A
Batches: 100%|██████████| 9/9 [00:00<00:00, 53.08it/s]


Corpus Chunks:   0%|          | 0/1 [00:00<?, ?it/s][A


Batches:   0%|          | 0/9 [00:00<?, ?it/s][A[A


Batches:  67%|██████▋   | 6/9 [00:00<00:00, 58.14it/s][A[A
Batches: 100%|██████████| 9/9 [00:00<00:00, 62.73it/s]


Corpus Chunks: 100%|██████████| 1/1 [00:00<00:00,  6.70it/s][A
Corpus Chunks: 100%|██████████| 1/1 [00:00<00:00,  6.67it/s]


Batches:   0%|          | 0/7 [00:00<?, ?it/s][A

Batches: 100%|██████████| 7/7 [00:00<00:00, 67.35it/s][A
Batches: 100%|██████████| 7/7 [00:00<00:00, 66.83it/s]


Batches:   0%|          | 0/7 [00:00<?, ?it/s][A
Batches: 100%|██████████| 7/7 [00:00<00:00, 70.03it/s]


Batches:   0%|          | 0/7 [00:00<?, ?it/s][A
Batches: 100%|██████████| 7/7 [00:00<00:00, 70.04it/s]

                                                       

 73%|███████▎  | 6000/8189 [5:14:08<1:46:52,  2.93s/it]

Writing model shards:   0%|          | 0/1 [00:00<?, ?it/s][A

Writing model shards: 100%|██████████| 1/1 [00:01<00:00,  1.67s/it][A
Writing model shards: 100%|██████████| 1/1 [00:01<00:00,  1.67s/it]

 73%|███████▎  | 6001/8189 [5:14:15<2:35:05,  4.25s/it]
 73%|███████▎  | 6002/8189 [5:14:17<2:15:47,  3.73s/it]
 73%|███████▎  | 6003/8189 [5:14:20<2:04:01,  3.40s/it]
 73%|███████▎  | 6004/8189 [5:14:23<1:56:18,  3.19s/it]
 73%|███████▎  | 6005/8189 [5:14:26<1:54:31,  3.15s/it]
 73%|███████▎  | 6006/8189 [5:14:28<1:48:37,  2.99s/it]
 73%|███████▎  | 6007/8189 [5:14:31<1:49:53,  3.02s/it]
 73%|███████▎  | 6008/8189 [5:14:34<1:43:38,  2.85s/it]
 73%|███████▎  | 6009/8189 [5:14:37<1:44:33,  2.88s/it]
 73%|███████▎  | 6010/8189 [5:14:40<1:47:38,  2.96s/it]
 73%|███████▎  | 6011/8189 [5:14:43<1:47:47,  2.97s/it]
 73%|███████▎  | 6012/8189 [5:14:46<1:47:55,  2.97s/it]
 73%|███████▎  | 6013/8189 [5:14:49<1:50:28,  3.05s/it]
 73%|███████▎  | 6014/8189 [5:14:52<1:45:08,  2.90s/it]
 73%|███████▎  | 6015/8189 [5:14:55<1:47:18,  2.96s/it]
 73%|███████▎  | 6016/8189 [5:14:58<1:49:01,  3.01s/it]
 73%|███████▎  | 6017/8189 [5:15:01<1:53:22,  3.13s/it]
 73%|███████▎  | 6018/8189 [5:15:04<1:53:21,  3.13s/it]
 74%|███████▎  | 6019/8189 [5:15:08<1:53:59,  3.15s/it]
 74%|███████▎  | 6020/8189 [5:15:11<1:54:59,  3.18s/it]
 74%|███████▎  | 6021/8189 [5:15:14<1:55:51,  3.21s/it]
 74%|███████▎  | 6022/8189 [5:15:17<1:53:29,  3.14s/it]
 74%|███████▎  | 6023/8189 [5:15:20<1:53:01,  3.13s/it]
 74%|███████▎  | 6024/8189 [5:15:23<1:52:26,  3.12s/it]
 74%|███████▎  | 6025/8189 [5:15:26<1:53:27,  3.15s/it]
 74%|███████▎  | 6026/8189 [5:15:30<1:52:33,  3.12s/it]
 74%|███████▎  | 6027/8189 [5:15:33<1:52:49,  3.13s/it]
 74%|███████▎  | 6028/8189 [5:15:35<1:49:17,  3.03s/it]
 74%|███████▎  | 6029/8189 [5:15:39<1:50:25,  3.07s/it]
 74%|███████▎  | 6030/8189 [5:15:42<1:51:17,  3.09s/it]
 74%|███████▎  | 6031/8189 [5:15:45<1:52:32,  3.13s/it]
 74%|███████▎  | 6032/8189 [5:15:48<1:52:47,  3.14s/it]
 74%|███████▎  | 6033/8189 [5:15:51<1:52:41,  3.14s/it]
 74%|███████▎  | 6034/8189 [5:15:54<1:51:11,  3.10s/it]
 74%|███████▎  | 6035/8189 [5:15:57<1:50:41,  3.08s/it]
 74%|███████▎  | 6036/8189 [5:16:00<1:50:26,  3.08s/it]
 74%|███████▎  | 6037/8189 [5:16:04<1:52:16,  3.13s/it]
 74%|███████▎  | 6038/8189 [5:16:07<1:52:25,  3.14s/it]
 74%|███████▎  | 6039/8189 [5:16:10<1:51:59,  3.13s/it]
 74%|███████▍  | 6040/8189 [5:16:13<1:52:16,  3.13s/it]
 74%|███████▍  | 6041/8189 [5:16:16<1:52:56,  3.16s/it]
 74%|███████▍  | 6042/8189 [5:16:19<1:49:08,  3.05s/it]
 74%|███████▍  | 6043/8189 [5:16:22<1:52:25,  3.14s/it]
 74%|███████▍  | 6044/8189 [5:16:26<1:52:53,  3.16s/it]
 74%|███████▍  | 6045/8189 [5:16:28<1:48:01,  3.02s/it]
 74%|███████▍  | 6046/8189 [5:16:32<1:50:12,  3.09s/it]
 74%|███████▍  | 6047/8189 [5:16:35<1:49:10,  3.06s/it]
 74%|███████▍  | 6048/8189 [5:16:37<1:47:21,  3.01s/it]
 74%|███████▍  | 6049/8189 [5:16:40<1:46:30,  2.99s/it]
 74%|███████▍  | 6050/8189 [5:16:43<1:41:36,  2.85s/it]
 74%|███████▍  | 6051/8189 [5:16:45<1:36:59,  2.72s/it]
 74%|███████▍  | 6052/8189 [5:16:48<1:36:46,  2.72s/it]
 74%|███████▍  | 6053/8189 [5:16:51<1:38:23,  2.76s/it]
 74%|███████▍  | 6054/8189 [5:16:54<1:40:40,  2.83s/it]
 74%|███████▍  | 6055/8189 [5:16:57<1:44:53,  2.95s/it]
 74%|███████▍  | 6056/8189 [5:17:00<1:44:53,  2.95s/it]
 74%|███████▍  | 6057/8189 [5:17:03<1:47:00,  3.01s/it]
 74%|███████▍  | 6058/8189 [5:17:06<1:45:46,  2.98s/it]
 74%|███████▍  | 6059/8189 [5:17:09<1:46:06,  2.99s/it]
 74%|███████▍  | 6060/8189 [5:17:12<1:48:37,  3.06s/it]
 74%|███████▍  | 6061/8189 [5:17:16<1:51:01,  3.13s/it]
 74%|███████▍  | 6062/8189 [5:17:19<1:51:13,  3.14s/it]
 74%|███████▍  | 6063/8189 [5:17:22<1:50:42,  3.12s/it]
 74%|███████▍  | 6064/8189 [5:17:25<1:50:07,  3.11s/it]
 74%|███████▍  | 6065/8189 [5:17:28<1:48:19,  3.06s/it]
 74%|███████▍  | 6066/8189 [5:17:31<1:49:53,  3.11s/it]
 74%|███████▍  | 6067/8189 [5:17:35<1:53:20,  3.20s/it]
 74%|███████▍  | 6068/8189 [5:17:38<1:55:38,  3.27s/it]
 74%|███████▍  | 6069/8189 [5:17:41<1:54:15,  3.23s/it]
 74%|███████▍  | 6070/8189 [5:17:44<1:52:48,  3.19s/it]
 74%|███████▍  | 6071/8189 [5:17:47<1:52:09,  3.18s/it]
 74%|███████▍  | 6072/8189 [5:17:51<1:52:36,  3.19s/it]
 74%|███████▍  | 6073/8189 [5:17:54<1:55:48,  3.28s/it]
 74%|███████▍  | 6074/8189 [5:17:57<1:55:27,  3.28s/it]
 74%|███████▍  | 6075/8189 [5:18:01<1:59:12,  3.38s/it]
 74%|███████▍  | 6076/8189 [5:18:04<1:54:26,  3.25s/it]
 74%|███████▍  | 6077/8189 [5:18:07<1:54:20,  3.25s/it]
 74%|███████▍  | 6078/8189 [5:18:11<1:54:50,  3.26s/it]
 74%|███████▍  | 6079/8189 [5:18:14<1:53:35,  3.23s/it]
 74%|███████▍  | 6080/8189 [5:18:17<1:53:30,  3.23s/it]
 74%|███████▍  | 6081/8189 [5:18:20<1:48:21,  3.08s/it]
 74%|███████▍  | 6082/8189 [5:18:23<1:48:06,  3.08s/it]
 74%|███████▍  | 6083/8189 [5:18:26<1:48:57,  3.10s/it]
 74%|███████▍  | 6084/8189 [5:18:29<1:49:12,  3.11s/it]
 74%|███████▍  | 6085/8189 [5:18:32<1:43:05,  2.94s/it]
 74%|███████▍  | 6086/8189 [5:18:35<1:47:00,  3.05s/it]
 74%|███████▍  | 6087/8189 [5:18:38<1:44:57,  3.00s/it]
 74%|███████▍  | 6088/8189 [5:18:41<1:49:01,  3.11s/it]
 74%|███████▍  | 6089/8189 [5:18:44<1:49:15,  3.12s/it]
 74%|███████▍  | 6090/8189 [5:18:47<1:48:57,  3.11s/it]
 74%|███████▍  | 6091/8189 [5:18:50<1:47:31,  3.07s/it]
 74%|███████▍  | 6092/8189 [5:18:53<1:47:55,  3.09s/it]
 74%|███████▍  | 6093/8189 [5:18:57<1:47:53,  3.09s/it]
 74%|███████▍  | 6094/8189 [5:19:00<1:48:40,  3.11s/it]
 74%|███████▍  | 6095/8189 [5:19:03<1:47:26,  3.08s/it]
 74%|███████▍  | 6096/8189 [5:19:06<1:47:15,  3.07s/it]
 74%|███████▍  | 6097/8189 [5:19:09<1:47:12,  3.07s/it]
 74%|███████▍  | 6098/8189 [5:19:12<1:45:21,  3.02s/it]
 74%|███████▍  | 6099/8189 [5:19:15<1:46:33,  3.06s/it]
 74%|███████▍  | 6100/8189 [5:19:18<1:51:54,  3.21s/it]
 75%|███████▍  | 6101/8189 [5:19:22<1:52:41,  3.24s/it]
 75%|███████▍  | 6102/8189 [5:19:25<1:53:02,  3.25s/it]
 75%|███████▍  | 6103/8189 [5:19:28<1:51:56,  3.22s/it]
 75%|███████▍  | 6104/8189 [5:19:31<1:51:50,  3.22s/it]
 75%|███████▍  | 6105/8189 [5:19:35<1:50:59,  3.20s/it]
 75%|███████▍  | 6106/8189 [5:19:38<1:49:55,  3.17s/it]
 75%|███████▍  | 6107/8189 [5:19:41<1:51:09,  3.20s/it]
 75%|███████▍  | 6108/8189 [5:19:44<1:49:51,  3.17s/it]
 75%|███████▍  | 6109/8189 [5:19:47<1:50:28,  3.19s/it]
 75%|███████▍  | 6110/8189 [5:19:50<1:48:23,  3.13s/it]
 75%|███████▍  | 6111/8189 [5:19:53<1:48:22,  3.13s/it]
 75%|███████▍  | 6112/8189 [5:19:56<1:47:01,  3.09s/it]
 75%|███████▍  | 6113/8189 [5:20:00<1:48:54,  3.15s/it]
 75%|███████▍  | 6114/8189 [5:20:02<1:45:01,  3.04s/it]
 75%|███████▍  | 6115/8189 [5:20:05<1:45:12,  3.04s/it]
 75%|███████▍  | 6116/8189 [5:20:09<1:46:12,  3.07s/it]
 75%|███████▍  | 6117/8189 [5:20:11<1:44:03,  3.01s/it]
 75%|███████▍  | 6118/8189 [5:20:15<1:43:56,  3.01s/it]
 75%|███████▍  | 6119/8189 [5:20:18<1:45:46,  3.07s/it]
 75%|███████▍  | 6120/8189 [5:20:21<1:46:52,  3.10s/it]
 75%|███████▍  | 6121/8189 [5:20:24<1:47:04,  3.11s/it]
 75%|███████▍  | 6122/8189 [5:20:27<1:45:31,  3.06s/it]
 75%|███████▍  | 6123/8189 [5:20:30<1:44:10,  3.03s/it]
 75%|███████▍  | 6124/8189 [5:20:33<1:44:52,  3.05s/it]
 75%|███████▍  | 6125/8189 [5:20:36<1:46:03,  3.08s/it]
 75%|███████▍  | 6126/8189 [5:20:40<1:49:29,  3.18s/it]
 75%|███████▍  | 6127/8189 [5:20:43<1:48:24,  3.15s/it]
 75%|███████▍  | 6128/8189 [5:20:46<1:49:46,  3.20s/it]
 75%|███████▍  | 6129/8189 [5:20:49<1:46:05,  3.09s/it]
 75%|███████▍  | 6130/8189 [5:20:52<1:46:50,  3.11s/it]
 75%|███████▍  | 6131/8189 [5:20:55<1:45:55,  3.09s/it]
 75%|███████▍  | 6132/8189 [5:20:58<1:44:44,  3.06s/it]
 75%|███████▍  | 6133/8189 [5:21:01<1:46:38,  3.11s/it]
 75%|███████▍  | 6134/8189 [5:21:04<1:44:15,  3.04s/it]
 75%|███████▍  | 6135/8189 [5:21:07<1:44:05,  3.04s/it]
 75%|███████▍  | 6136/8189 [5:21:10<1:45:04,  3.07s/it]
 75%|███████▍  | 6137/8189 [5:21:14<1:48:34,  3.17s/it]
 75%|███████▍  | 6138/8189 [5:21:17<1:51:57,  3.28s/it]
 75%|███████▍  | 6139/8189 [5:21:21<1:56:33,  3.41s/it]
 75%|███████▍  | 6140/8189 [5:21:24<1:56:44,  3.42s/it]
 75%|███████▍  | 6141/8189 [5:21:28<1:54:47,  3.36s/it]
 75%|███████▌  | 6142/8189 [5:21:31<1:52:11,  3.29s/it]
 75%|███████▌  | 6143/8189 [5:21:34<1:50:02,  3.23s/it]
 75%|███████▌  | 6144/8189 [5:21:37<1:49:44,  3.22s/it]
 75%|███████▌  | 6145/8189 [5:21:40<1:48:48,  3.19s/it]
 75%|███████▌  | 6146/8189 [5:21:43<1:47:09,  3.15s/it]
 75%|███████▌  | 6147/8189 [5:21:46<1:47:48,  3.17s/it]
 75%|███████▌  | 6148/8189 [5:21:50<1:47:55,  3.17s/it]
 75%|███████▌  | 6149/8189 [5:21:53<1:48:33,  3.19s/it]
 75%|███████▌  | 6150/8189 [5:21:56<1:47:12,  3.15s/it]
 75%|███████▌  | 6151/8189 [5:21:59<1:47:29,  3.16s/it]
 75%|███████▌  | 6152/8189 [5:22:02<1:46:53,  3.15s/it]
 75%|███████▌  | 6153/8189 [5:22:05<1:47:01,  3.15s/it]
 75%|███████▌  | 6154/8189 [5:22:08<1:45:05,  3.10s/it]
 75%|███████▌  | 6155/8189 [5:22:12<1:46:24,  3.14s/it]
 75%|███████▌  | 6156/8189 [5:22:15<1:47:58,  3.19s/it]
 75%|███████▌  | 6157/8189 [5:22:18<1:47:38,  3.18s/it]
 75%|███████▌  | 6158/8189 [5:22:21<1:48:04,  3.19s/it]
 75%|███████▌  | 6159/8189 [5:22:24<1:46:40,  3.15s/it]
 75%|███████▌  | 6160/8189 [5:22:27<1:46:57,  3.16s/it]
 75%|███████▌  | 6161/8189 [5:22:30<1:45:16,  3.11s/it]
 75%|███████▌  | 6162/8189 [5:22:33<1:44:07,  3.08s/it]
 75%|███████▌  | 6163/8189 [5:22:36<1:42:59,  3.05s/it]
 75%|███████▌  | 6164/8189 [5:22:40<1:43:06,  3.06s/it]
 75%|███████▌  | 6165/8189 [5:22:43<1:43:30,  3.07s/it]
 75%|███████▌  | 6166/8189 [5:22:46<1:44:42,  3.11s/it]
 75%|███████▌  | 6167/8189 [5:22:49<1:45:39,  3.14s/it]
 75%|███████▌  | 6168/8189 [5:22:52<1:45:00,  3.12s/it]
 75%|███████▌  | 6169/8189 [5:22:55<1:47:12,  3.18s/it]
 75%|███████▌  | 6170/8189 [5:22:59<1:46:24,  3.16s/it]
 75%|███████▌  | 6171/8189 [5:23:02<1:45:46,  3.14s/it]
 75%|███████▌  | 6172/8189 [5:23:04<1:39:50,  2.97s/it]
 75%|███████▌  | 6173/8189 [5:23:07<1:41:14,  3.01s/it]
 75%|███████▌  | 6174/8189 [5:23:11<1:43:14,  3.07s/it]
 75%|███████▌  | 6175/8189 [5:23:13<1:41:43,  3.03s/it]
 75%|███████▌  | 6176/8189 [5:23:17<1:42:55,  3.07s/it]
 75%|███████▌  | 6177/8189 [5:23:20<1:41:43,  3.03s/it]
 75%|███████▌  | 6178/8189 [5:23:23<1:41:08,  3.02s/it]
 75%|███████▌  | 6179/8189 [5:23:26<1:43:00,  3.07s/it]
 75%|███████▌  | 6180/8189 [5:23:29<1:43:47,  3.10s/it]
 75%|███████▌  | 6181/8189 [5:23:32<1:45:17,  3.15s/it]
 75%|███████▌  | 6182/8189 [5:23:35<1:46:50,  3.19s/it]
 76%|███████▌  | 6183/8189 [5:23:39<1:46:01,  3.17s/it]
 76%|███████▌  | 6184/8189 [5:23:42<1:46:08,  3.18s/it]
 76%|███████▌  | 6185/8189 [5:23:45<1:44:17,  3.12s/it]
 76%|███████▌  | 6186/8189 [5:23:48<1:41:44,  3.05s/it]
 76%|███████▌  | 6187/8189 [5:23:51<1:40:59,  3.03s/it]
 76%|███████▌  | 6188/8189 [5:23:54<1:40:58,  3.03s/it]
 76%|███████▌  | 6189/8189 [5:23:57<1:42:30,  3.08s/it]
 76%|███████▌  | 6190/8189 [5:24:00<1:45:25,  3.16s/it]
 76%|███████▌  | 6191/8189 [5:24:04<1:46:27,  3.20s/it]
 76%|███████▌  | 6192/8189 [5:24:07<1:46:48,  3.21s/it]
 76%|███████▌  | 6193/8189 [5:24:10<1:47:31,  3.23s/it]
 76%|███████▌  | 6194/8189 [5:24:13<1:46:44,  3.21s/it]
 76%|███████▌  | 6195/8189 [5:24:16<1:47:20,  3.23s/it]
 76%|███████▌  | 6196/8189 [5:24:20<1:48:14,  3.26s/it]
 76%|███████▌  | 6197/8189 [5:24:23<1:45:31,  3.18s/it]
 76%|███████▌  | 6198/8189 [5:24:26<1:47:42,  3.25s/it]
 76%|███████▌  | 6199/8189 [5:24:29<1:42:01,  3.08s/it]
 76%|███████▌  | 6200/8189 [5:24:32<1:40:27,  3.03s/it]
 76%|███████▌  | 6201/8189 [5:24:35<1:42:25,  3.09s/it]
 76%|███████▌  | 6202/8189 [5:24:39<1:47:51,  3.26s/it]
 76%|███████▌  | 6203/8189 [5:24:42<1:46:02,  3.20s/it]
 76%|███████▌  | 6204/8189 [5:24:45<1:49:21,  3.31s/it]
 76%|███████▌  | 6205/8189 [5:24:48<1:44:51,  3.17s/it]
 76%|███████▌  | 6206/8189 [5:24:51<1:43:42,  3.14s/it]
 76%|███████▌  | 6207/8189 [5:24:54<1:43:39,  3.14s/it]
 76%|███████▌  | 6208/8189 [5:24:57<1:42:39,  3.11s/it]
 76%|███████▌  | 6209/8189 [5:25:01<1:42:57,  3.12s/it]
 76%|███████▌  | 6210/8189 [5:25:04<1:42:13,  3.10s/it]
 76%|███████▌  | 6211/8189 [5:25:07<1:43:24,  3.14s/it]
 76%|███████▌  | 6212/8189 [5:25:10<1:44:49,  3.18s/it]
 76%|███████▌  | 6213/8189 [5:25:13<1:43:34,  3.14s/it]
 76%|███████▌  | 6214/8189 [5:25:16<1:43:33,  3.15s/it]
 76%|███████▌  | 6215/8189 [5:25:19<1:41:48,  3.09s/it]
 76%|███████▌  | 6216/8189 [5:25:23<1:43:01,  3.13s/it]
 76%|███████▌  | 6217/8189 [5:25:26<1:43:20,  3.14s/it]
 76%|███████▌  | 6218/8189 [5:25:29<1:41:19,  3.08s/it]
 76%|███████▌  | 6219/8189 [5:25:32<1:39:46,  3.04s/it]
 76%|███████▌  | 6220/8189 [5:25:35<1:41:00,  3.08s/it]
 76%|███████▌  | 6221/8189 [5:25:38<1:39:46,  3.04s/it]
 76%|███████▌  | 6222/8189 [5:25:41<1:39:59,  3.05s/it]
 76%|███████▌  | 6223/8189 [5:25:44<1:40:55,  3.08s/it]
 76%|███████▌  | 6224/8189 [5:25:47<1:41:41,  3.10s/it]
 76%|███████▌  | 6225/8189 [5:25:50<1:41:43,  3.11s/it]
 76%|███████▌  | 6226/8189 [5:25:53<1:42:07,  3.12s/it]
 76%|███████▌  | 6227/8189 [5:25:56<1:38:35,  3.02s/it]
 76%|███████▌  | 6228/8189 [5:25:59<1:38:47,  3.02s/it]
 76%|███████▌  | 6229/8189 [5:26:02<1:41:02,  3.09s/it]
 76%|███████▌  | 6230/8189 [5:26:05<1:40:50,  3.09s/it]
 76%|███████▌  | 6231/8189 [5:26:08<1:35:45,  2.93s/it]
 76%|███████▌  | 6232/8189 [5:26:11<1:36:19,  2.95s/it]
 76%|███████▌  | 6233/8189 [5:26:14<1:41:12,  3.10s/it]
 76%|███████▌  | 6234/8189 [5:26:18<1:44:38,  3.21s/it]
 76%|███████▌  | 6235/8189 [5:26:21<1:43:18,  3.17s/it]
 76%|███████▌  | 6236/8189 [5:26:24<1:43:49,  3.19s/it]
 76%|███████▌  | 6237/8189 [5:26:27<1:41:55,  3.13s/it]
 76%|███████▌  | 6238/8189 [5:26:30<1:40:17,  3.08s/it]
 76%|███████▌  | 6239/8189 [5:26:33<1:35:10,  2.93s/it]
 76%|███████▌  | 6240/8189 [5:26:36<1:34:48,  2.92s/it]
 76%|███████▌  | 6241/8189 [5:26:39<1:35:33,  2.94s/it]
 76%|███████▌  | 6242/8189 [5:26:42<1:37:41,  3.01s/it]
 76%|███████▌  | 6243/8189 [5:26:46<1:43:58,  3.21s/it]
 76%|███████▌  | 6244/8189 [5:26:49<1:46:06,  3.27s/it]
 76%|███████▋  | 6245/8189 [5:26:52<1:43:43,  3.20s/it]
 76%|███████▋  | 6246/8189 [5:26:55<1:43:06,  3.18s/it]
 76%|███████▋  | 6247/8189 [5:26:58<1:40:08,  3.09s/it]
 76%|███████▋  | 6248/8189 [5:27:01<1:37:33,  3.02s/it]
 76%|███████▋  | 6249/8189 [5:27:04<1:39:00,  3.06s/it]
 76%|███████▋  | 6250/8189 [5:27:07<1:39:39,  3.08s/it]
 76%|███████▋  | 6251/8189 [5:27:10<1:41:01,  3.13s/it]
 76%|███████▋  | 6252/8189 [5:27:14<1:43:21,  3.20s/it]
 76%|███████▋  | 6253/8189 [5:27:16<1:38:33,  3.05s/it]
 76%|███████▋  | 6254/8189 [5:27:20<1:41:09,  3.14s/it]
 76%|███████▋  | 6255/8189 [5:27:23<1:41:07,  3.14s/it]
 76%|███████▋  | 6256/8189 [5:27:26<1:41:15,  3.14s/it]
 76%|███████▋  | 6257/8189 [5:27:29<1:40:02,  3.11s/it]
 76%|███████▋  | 6258/8189 [5:27:32<1:36:49,  3.01s/it]
 76%|███████▋  | 6259/8189 [5:27:35<1:38:06,  3.05s/it]
 76%|███████▋  | 6260/8189 [5:27:38<1:37:47,  3.04s/it]
 76%|███████▋  | 6261/8189 [5:27:41<1:40:04,  3.11s/it]
 76%|███████▋  | 6262/8189 [5:27:44<1:38:11,  3.06s/it]
 76%|███████▋  | 6263/8189 [5:27:48<1:40:22,  3.13s/it]
 76%|███████▋  | 6264/8189 [5:27:51<1:42:13,  3.19s/it]
 77%|███████▋  | 6265/8189 [5:27:54<1:42:13,  3.19s/it]
 77%|███████▋  | 6266/8189 [5:27:57<1:41:47,  3.18s/it]
 77%|███████▋  | 6267/8189 [5:28:00<1:42:12,  3.19s/it]
 77%|███████▋  | 6268/8189 [5:28:04<1:41:50,  3.18s/it]
 77%|███████▋  | 6269/8189 [5:28:06<1:36:24,  3.01s/it]
 77%|███████▋  | 6270/8189 [5:28:09<1:36:40,  3.02s/it]
 77%|███████▋  | 6271/8189 [5:28:13<1:39:00,  3.10s/it]
 77%|███████▋  | 6272/8189 [5:28:16<1:39:38,  3.12s/it]
 77%|███████▋  | 6273/8189 [5:28:19<1:41:12,  3.17s/it]
 77%|███████▋  | 6274/8189 [5:28:22<1:40:36,  3.15s/it]
 77%|███████▋  | 6275/8189 [5:28:25<1:42:35,  3.22s/it]
 77%|███████▋  | 6276/8189 [5:28:29<1:41:14,  3.18s/it]
 77%|███████▋  | 6277/8189 [5:28:32<1:39:48,  3.13s/it]
 77%|███████▋  | 6278/8189 [5:28:35<1:37:38,  3.07s/it]
 77%|███████▋  | 6279/8189 [5:28:37<1:34:01,  2.95s/it]
 77%|███████▋  | 6280/8189 [5:28:40<1:34:45,  2.98s/it]
 77%|███████▋  | 6281/8189 [5:28:44<1:38:38,  3.10s/it]
 77%|███████▋  | 6282/8189 [5:28:47<1:43:55,  3.27s/it]
 77%|███████▋  | 6283/8189 [5:28:50<1:41:11,  3.19s/it]
 77%|███████▋  | 6284/8189 [5:28:53<1:40:52,  3.18s/it]
 77%|███████▋  | 6285/8189 [5:28:57<1:40:51,  3.18s/it]
 77%|███████▋  | 6286/8189 [5:28:59<1:37:02,  3.06s/it]
 77%|███████▋  | 6287/8189 [5:29:03<1:38:17,  3.10s/it]
 77%|███████▋  | 6288/8189 [5:29:06<1:37:48,  3.09s/it]
 77%|███████▋  | 6289/8189 [5:29:09<1:38:55,  3.12s/it]
 77%|███████▋  | 6290/8189 [5:29:12<1:36:58,  3.06s/it]
 77%|███████▋  | 6291/8189 [5:29:15<1:34:34,  2.99s/it]
 77%|███████▋  | 6292/8189 [5:29:18<1:36:34,  3.05s/it]
 77%|███████▋  | 6293/8189 [5:29:21<1:37:24,  3.08s/it]
 77%|███████▋  | 6294/8189 [5:29:24<1:36:44,  3.06s/it]
 77%|███████▋  | 6295/8189 [5:29:27<1:38:37,  3.12s/it]
 77%|███████▋  | 6296/8189 [5:29:30<1:37:55,  3.10s/it]
 77%|███████▋  | 6297/8189 [5:29:33<1:37:42,  3.10s/it]
 77%|███████▋  | 6298/8189 [5:29:36<1:37:35,  3.10s/it]
 77%|███████▋  | 6299/8189 [5:29:40<1:37:40,  3.10s/it]
 77%|███████▋  | 6300/8189 [5:29:43<1:36:48,  3.08s/it]
 77%|███████▋  | 6301/8189 [5:29:46<1:37:00,  3.08s/it]
 77%|███████▋  | 6302/8189 [5:29:49<1:38:19,  3.13s/it]
 77%|███████▋  | 6303/8189 [5:29:52<1:36:25,  3.07s/it]
 77%|███████▋  | 6304/8189 [5:29:55<1:38:05,  3.12s/it]
 77%|███████▋  | 6305/8189 [5:29:58<1:36:54,  3.09s/it]
 77%|███████▋  | 6306/8189 [5:30:01<1:37:21,  3.10s/it]
 77%|███████▋  | 6307/8189 [5:30:04<1:37:55,  3.12s/it]
 77%|███████▋  | 6308/8189 [5:30:08<1:38:37,  3.15s/it]
 77%|███████▋  | 6309/8189 [5:30:11<1:38:24,  3.14s/it]
 77%|███████▋  | 6310/8189 [5:30:14<1:35:07,  3.04s/it]
 77%|███████▋  | 6311/8189 [5:30:16<1:31:52,  2.94s/it]
 77%|███████▋  | 6312/8189 [5:30:19<1:32:57,  2.97s/it]
 77%|███████▋  | 6313/8189 [5:30:22<1:33:43,  3.00s/it]
 77%|███████▋  | 6314/8189 [5:30:26<1:35:13,  3.05s/it]
 77%|███████▋  | 6315/8189 [5:30:29<1:34:37,  3.03s/it]
 77%|███████▋  | 6316/8189 [5:30:32<1:35:15,  3.05s/it]
 77%|███████▋  | 6317/8189 [5:30:35<1:35:38,  3.07s/it]
 77%|███████▋  | 6318/8189 [5:30:38<1:41:09,  3.24s/it]
 77%|███████▋  | 6319/8189 [5:30:42<1:42:57,  3.30s/it]
 77%|███████▋  | 6320/8189 [5:30:45<1:38:58,  3.18s/it]
 77%|███████▋  | 6321/8189 [5:30:48<1:37:13,  3.12s/it]
 77%|███████▋  | 6322/8189 [5:30:51<1:36:10,  3.09s/it]
 77%|███████▋  | 6323/8189 [5:30:54<1:38:40,  3.17s/it]
 77%|███████▋  | 6324/8189 [5:30:57<1:36:15,  3.10s/it]
 77%|███████▋  | 6325/8189 [5:31:00<1:34:30,  3.04s/it]
 77%|███████▋  | 6326/8189 [5:31:03<1:35:40,  3.08s/it]
 77%|███████▋  | 6327/8189 [5:31:06<1:35:14,  3.07s/it]
 77%|███████▋  | 6328/8189 [5:31:09<1:35:36,  3.08s/it]
 77%|███████▋  | 6329/8189 [5:31:12<1:35:50,  3.09s/it]
 77%|███████▋  | 6330/8189 [5:31:15<1:34:54,  3.06s/it]
 77%|███████▋  | 6331/8189 [5:31:19<1:36:34,  3.12s/it]
 77%|███████▋  | 6332/8189 [5:31:22<1:36:27,  3.12s/it]
 77%|███████▋  | 6333/8189 [5:31:25<1:35:33,  3.09s/it]
 77%|███████▋  | 6334/8189 [5:31:28<1:36:19,  3.12s/it]
 77%|███████▋  | 6335/8189 [5:31:31<1:36:36,  3.13s/it]
 77%|███████▋  | 6336/8189 [5:31:34<1:37:40,  3.16s/it]
 77%|███████▋  | 6337/8189 [5:31:38<1:41:02,  3.27s/it]
 77%|███████▋  | 6338/8189 [5:31:41<1:42:16,  3.32s/it]
 77%|███████▋  | 6339/8189 [5:31:45<1:44:40,  3.39s/it]
 77%|███████▋  | 6340/8189 [5:31:48<1:45:07,  3.41s/it]
 77%|███████▋  | 6341/8189 [5:31:51<1:43:12,  3.35s/it]
 77%|███████▋  | 6342/8189 [5:31:55<1:40:31,  3.27s/it]
 77%|███████▋  | 6343/8189 [5:31:58<1:39:42,  3.24s/it]
 77%|███████▋  | 6344/8189 [5:32:01<1:37:59,  3.19s/it]
 77%|███████▋  | 6345/8189 [5:32:04<1:36:57,  3.15s/it]
 77%|███████▋  | 6346/8189 [5:32:07<1:35:02,  3.09s/it]
 78%|███████▊  | 6347/8189 [5:32:10<1:36:18,  3.14s/it]
 78%|███████▊  | 6348/8189 [5:32:13<1:30:36,  2.95s/it]
 78%|███████▊  | 6349/8189 [5:32:15<1:29:23,  2.92s/it]
 78%|███████▊  | 6350/8189 [5:32:18<1:30:22,  2.95s/it]
 78%|███████▊  | 6351/8189 [5:32:21<1:28:26,  2.89s/it]
 78%|███████▊  | 6352/8189 [5:32:24<1:30:14,  2.95s/it]
 78%|███████▊  | 6353/8189 [5:32:27<1:30:44,  2.97s/it]
 78%|███████▊  | 6354/8189 [5:32:30<1:32:26,  3.02s/it]
 78%|███████▊  | 6355/8189 [5:32:33<1:32:00,  3.01s/it]
 78%|███████▊  | 6356/8189 [5:32:36<1:29:59,  2.95s/it]
 78%|███████▊  | 6357/8189 [5:32:39<1:31:09,  2.99s/it]
 78%|███████▊  | 6358/8189 [5:32:42<1:31:24,  3.00s/it]
 78%|███████▊  | 6359/8189 [5:32:45<1:26:37,  2.84s/it]
 78%|███████▊  | 6360/8189 [5:32:48<1:29:35,  2.94s/it]
 78%|███████▊  | 6361/8189 [5:32:51<1:34:25,  3.10s/it]
 78%|███████▊  | 6362/8189 [5:32:55<1:36:13,  3.16s/it]
 78%|███████▊  | 6363/8189 [5:32:58<1:36:20,  3.17s/it]
 78%|███████▊  | 6364/8189 [5:33:01<1:37:03,  3.19s/it]
 78%|███████▊  | 6365/8189 [5:33:04<1:35:07,  3.13s/it]
 78%|███████▊  | 6366/8189 [5:33:07<1:35:57,  3.16s/it]
 78%|███████▊  | 6367/8189 [5:33:10<1:35:21,  3.14s/it]
 78%|███████▊  | 6368/8189 [5:33:14<1:35:23,  3.14s/it]
 78%|███████▊  | 6369/8189 [5:33:17<1:33:25,  3.08s/it]
 78%|███████▊  | 6370/8189 [5:33:20<1:32:28,  3.05s/it]
 78%|███████▊  | 6371/8189 [5:33:23<1:32:09,  3.04s/it]
 78%|███████▊  | 6372/8189 [5:33:25<1:29:20,  2.95s/it]
 78%|███████▊  | 6373/8189 [5:33:28<1:28:09,  2.91s/it]
 78%|███████▊  | 6374/8189 [5:33:31<1:30:57,  3.01s/it]
 78%|███████▊  | 6375/8189 [5:33:34<1:31:18,  3.02s/it]
 78%|███████▊  | 6376/8189 [5:33:38<1:38:00,  3.24s/it]
 78%|███████▊  | 6377/8189 [5:33:42<1:38:55,  3.28s/it]
 78%|███████▊  | 6378/8189 [5:33:45<1:40:21,  3.33s/it]
 78%|███████▊  | 6379/8189 [5:33:49<1:42:41,  3.40s/it]
 78%|███████▊  | 6380/8189 [5:33:51<1:34:43,  3.14s/it]
 78%|███████▊  | 6381/8189 [5:33:54<1:30:09,  2.99s/it]
 78%|███████▊  | 6382/8189 [5:33:57<1:32:23,  3.07s/it]
 78%|███████▊  | 6383/8189 [5:34:00<1:33:45,  3.11s/it]
 78%|███████▊  | 6384/8189 [5:34:03<1:33:46,  3.12s/it]
 78%|███████▊  | 6385/8189 [5:34:06<1:34:13,  3.13s/it]
 78%|███████▊  | 6386/8189 [5:34:10<1:34:26,  3.14s/it]
 78%|███████▊  | 6387/8189 [5:34:12<1:31:40,  3.05s/it]
 78%|███████▊  | 6388/8189 [5:34:16<1:33:00,  3.10s/it]
 78%|███████▊  | 6389/8189 [5:34:19<1:33:44,  3.12s/it]
 78%|███████▊  | 6390/8189 [5:34:22<1:31:25,  3.05s/it]
 78%|███████▊  | 6391/8189 [5:34:25<1:32:11,  3.08s/it]
 78%|███████▊  | 6392/8189 [5:34:28<1:32:02,  3.07s/it]
 78%|███████▊  | 6393/8189 [5:34:31<1:33:27,  3.12s/it]
 78%|███████▊  | 6394/8189 [5:34:34<1:34:20,  3.15s/it]
 78%|███████▊  | 6395/8189 [5:34:38<1:33:45,  3.14s/it]
 78%|███████▊  | 6396/8189 [5:34:40<1:32:18,  3.09s/it]
 78%|███████▊  | 6397/8189 [5:34:44<1:33:09,  3.12s/it]
 78%|███████▊  | 6398/8189 [5:34:47<1:37:54,  3.28s/it]
 78%|███████▊  | 6399/8189 [5:34:50<1:36:35,  3.24s/it]
 78%|███████▊  | 6400/8189 [5:34:53<1:32:38,  3.11s/it]
 78%|███████▊  | 6401/8189 [5:34:57<1:33:58,  3.15s/it]
 78%|███████▊  | 6402/8189 [5:35:00<1:35:10,  3.20s/it]
 78%|███████▊  | 6403/8189 [5:35:03<1:34:30,  3.17s/it]
 78%|███████▊  | 6404/8189 [5:35:06<1:32:40,  3.11s/it]
 78%|███████▊  | 6405/8189 [5:35:09<1:31:38,  3.08s/it]
 78%|███████▊  | 6406/8189 [5:35:12<1:32:12,  3.10s/it]
 78%|███████▊  | 6407/8189 [5:35:15<1:31:02,  3.07s/it]
 78%|███████▊  | 6408/8189 [5:35:18<1:30:51,  3.06s/it]
 78%|███████▊  | 6409/8189 [5:35:21<1:28:05,  2.97s/it]
 78%|███████▊  | 6410/8189 [5:35:24<1:29:06,  3.01s/it]
 78%|███████▊  | 6411/8189 [5:35:27<1:32:12,  3.11s/it]
 78%|███████▊  | 6412/8189 [5:35:30<1:31:23,  3.09s/it]
 78%|███████▊  | 6413/8189 [5:35:33<1:30:08,  3.05s/it]
 78%|███████▊  | 6414/8189 [5:35:36<1:30:35,  3.06s/it]
 78%|███████▊  | 6415/8189 [5:35:40<1:31:31,  3.10s/it]
 78%|███████▊  | 6416/8189 [5:35:43<1:30:44,  3.07s/it]
 78%|███████▊  | 6417/8189 [5:35:46<1:31:33,  3.10s/it]
 78%|███████▊  | 6418/8189 [5:35:49<1:29:18,  3.03s/it]
 78%|███████▊  | 6419/8189 [5:35:52<1:28:56,  3.01s/it]
 78%|███████▊  | 6420/8189 [5:35:55<1:29:35,  3.04s/it]
 78%|███████▊  | 6421/8189 [5:35:58<1:29:57,  3.05s/it]
 78%|███████▊  | 6422/8189 [5:36:01<1:28:06,  2.99s/it]
 78%|███████▊  | 6423/8189 [5:36:04<1:28:34,  3.01s/it]
 78%|███████▊  | 6424/8189 [5:36:07<1:29:38,  3.05s/it]
 78%|███████▊  | 6425/8189 [5:36:09<1:24:19,  2.87s/it]
 78%|███████▊  | 6426/8189 [5:36:12<1:22:29,  2.81s/it]
 78%|███████▊  | 6427/8189 [5:36:15<1:22:47,  2.82s/it]
 78%|███████▊  | 6428/8189 [5:36:18<1:24:29,  2.88s/it]
 79%|███████▊  | 6429/8189 [5:36:21<1:23:36,  2.85s/it]
 79%|███████▊  | 6430/8189 [5:36:23<1:22:33,  2.82s/it]
 79%|███████▊  | 6431/8189 [5:36:26<1:25:13,  2.91s/it]
 79%|███████▊  | 6432/8189 [5:36:29<1:25:56,  2.93s/it]
 79%|███████▊  | 6433/8189 [5:36:33<1:27:45,  3.00s/it]
 79%|███████▊  | 6434/8189 [5:36:35<1:24:33,  2.89s/it]
 79%|███████▊  | 6435/8189 [5:36:38<1:25:09,  2.91s/it]
 79%|███████▊  | 6436/8189 [5:36:41<1:27:02,  2.98s/it]
 79%|███████▊  | 6437/8189 [5:36:44<1:28:40,  3.04s/it]
 79%|███████▊  | 6438/8189 [5:36:48<1:30:08,  3.09s/it]
 79%|███████▊  | 6439/8189 [5:36:51<1:29:32,  3.07s/it]
 79%|███████▊  | 6440/8189 [5:36:54<1:27:34,  3.00s/it]
 79%|███████▊  | 6441/8189 [5:36:57<1:29:19,  3.07s/it]
 79%|███████▊  | 6442/8189 [5:37:00<1:28:57,  3.06s/it]
 79%|███████▊  | 6443/8189 [5:37:03<1:29:24,  3.07s/it]
 79%|███████▊  | 6444/8189 [5:37:06<1:27:30,  3.01s/it]
 79%|███████▊  | 6445/8189 [5:37:09<1:26:39,  2.98s/it]
 79%|███████▊  | 6446/8189 [5:37:12<1:27:21,  3.01s/it]
 79%|███████▊  | 6447/8189 [5:37:15<1:27:29,  3.01s/it]
 79%|███████▊  | 6448/8189 [5:37:18<1:26:58,  3.00s/it]
 79%|███████▉  | 6449/8189 [5:37:21<1:27:35,  3.02s/it]
 79%|███████▉  | 6450/8189 [5:37:24<1:26:13,  2.98s/it]
 79%|███████▉  | 6451/8189 [5:37:27<1:26:35,  2.99s/it]
 79%|███████▉  | 6452/8189 [5:37:30<1:25:10,  2.94s/it]
 79%|███████▉  | 6453/8189 [5:37:33<1:25:51,  2.97s/it]
 79%|███████▉  | 6454/8189 [5:37:36<1:26:11,  2.98s/it]
 79%|███████▉  | 6455/8189 [5:37:39<1:26:47,  3.00s/it]
 79%|███████▉  | 6456/8189 [5:37:42<1:28:09,  3.05s/it]
 79%|███████▉  | 6457/8189 [5:37:45<1:26:25,  2.99s/it]
 79%|███████▉  | 6458/8189 [5:37:48<1:28:59,  3.08s/it]
 79%|███████▉  | 6459/8189 [5:37:51<1:28:49,  3.08s/it]
 79%|███████▉  | 6460/8189 [5:37:54<1:28:35,  3.07s/it]
 79%|███████▉  | 6461/8189 [5:37:57<1:27:37,  3.04s/it]
 79%|███████▉  | 6462/8189 [5:38:00<1:28:36,  3.08s/it]
 79%|███████▉  | 6463/8189 [5:38:03<1:28:19,  3.07s/it]
 79%|███████▉  | 6464/8189 [5:38:06<1:28:59,  3.10s/it]
 79%|███████▉  | 6465/8189 [5:38:09<1:28:31,  3.08s/it]
 79%|███████▉  | 6466/8189 [5:38:13<1:28:46,  3.09s/it]
 79%|███████▉  | 6467/8189 [5:38:16<1:28:18,  3.08s/it]
 79%|███████▉  | 6468/8189 [5:38:19<1:30:17,  3.15s/it]
 79%|███████▉  | 6469/8189 [5:38:22<1:29:40,  3.13s/it]
 79%|███████▉  | 6470/8189 [5:38:25<1:28:39,  3.09s/it]
 79%|███████▉  | 6471/8189 [5:38:28<1:26:38,  3.03s/it]
 79%|███████▉  | 6472/8189 [5:38:31<1:23:02,  2.90s/it]
 79%|███████▉  | 6473/8189 [5:38:33<1:20:48,  2.83s/it]
 79%|███████▉  | 6474/8189 [5:38:36<1:22:55,  2.90s/it]
 79%|███████▉  | 6475/8189 [5:38:39<1:23:48,  2.93s/it]
 79%|███████▉  | 6476/8189 [5:38:42<1:24:29,  2.96s/it]
 79%|███████▉  | 6477/8189 [5:38:45<1:23:20,  2.92s/it]
 79%|███████▉  | 6478/8189 [5:38:48<1:21:02,  2.84s/it]
 79%|███████▉  | 6479/8189 [5:38:50<1:19:02,  2.77s/it]
 79%|███████▉  | 6480/8189 [5:38:53<1:21:29,  2.86s/it]
 79%|███████▉  | 6481/8189 [5:38:57<1:24:22,  2.96s/it]
 79%|███████▉  | 6482/8189 [5:38:59<1:21:46,  2.87s/it]
 79%|███████▉  | 6483/8189 [5:39:02<1:21:57,  2.88s/it]
 79%|███████▉  | 6484/8189 [5:39:05<1:22:46,  2.91s/it]
 79%|███████▉  | 6485/8189 [5:39:08<1:25:30,  3.01s/it]
 79%|███████▉  | 6486/8189 [5:39:12<1:26:52,  3.06s/it]
 79%|███████▉  | 6487/8189 [5:39:15<1:28:16,  3.11s/it]
 79%|███████▉  | 6488/8189 [5:39:18<1:27:50,  3.10s/it]
 79%|███████▉  | 6489/8189 [5:39:21<1:27:56,  3.10s/it]
 79%|███████▉  | 6490/8189 [5:39:24<1:23:58,  2.97s/it]
 79%|███████▉  | 6491/8189 [5:39:27<1:24:21,  2.98s/it]
 79%|███████▉  | 6492/8189 [5:39:30<1:25:14,  3.01s/it]
 79%|███████▉  | 6493/8189 [5:39:33<1:27:03,  3.08s/it]
 79%|███████▉  | 6494/8189 [5:39:36<1:27:52,  3.11s/it]
 79%|███████▉  | 6495/8189 [5:39:39<1:26:53,  3.08s/it]
 79%|███████▉  | 6496/8189 [5:39:42<1:26:18,  3.06s/it]
 79%|███████▉  | 6497/8189 [5:39:46<1:29:07,  3.16s/it]
 79%|███████▉  | 6498/8189 [5:39:50<1:39:02,  3.51s/it]
 79%|███████▉  | 6499/8189 [5:39:54<1:40:18,  3.56s/it]
 79%|███████▉  | 6500/8189 [5:39:58<1:46:19,  3.78s/it]
 79%|███████▉  | 6501/8189 [5:40:02<1:47:45,  3.83s/it]
 79%|███████▉  | 6502/8189 [5:40:05<1:44:53,  3.73s/it]
 79%|███████▉  | 6503/8189 [5:40:12<2:06:36,  4.51s/it]
 79%|███████▉  | 6504/8189 [5:40:20<2:42:42,  5.79s/it]
 79%|███████▉  | 6505/8189 [5:40:26<2:42:51,  5.80s/it]
 79%|███████▉  | 6506/8189 [5:40:31<2:29:21,  5.32s/it]
 79%|███████▉  | 6507/8189 [5:40:34<2:14:01,  4.78s/it]
 79%|███████▉  | 6508/8189 [5:40:38<2:07:33,  4.55s/it]
 79%|███████▉  | 6509/8189 [5:40:42<2:03:16,  4.40s/it]
 79%|███████▉  | 6510/8189 [5:40:46<1:57:33,  4.20s/it]
 80%|███████▉  | 6511/8189 [5:40:49<1:49:23,  3.91s/it]
 80%|███████▉  | 6512/8189 [5:40:54<1:54:16,  4.09s/it]
 80%|███████▉  | 6513/8189 [5:40:58<1:54:18,  4.09s/it]
 80%|███████▉  | 6514/8189 [5:41:01<1:50:56,  3.97s/it]
 80%|███████▉  | 6515/8189 [5:41:06<1:52:28,  4.03s/it]
 80%|███████▉  | 6516/8189 [5:41:09<1:43:47,  3.72s/it]
 80%|███████▉  | 6517/8189 [5:41:12<1:44:22,  3.75s/it]
 80%|███████▉  | 6518/8189 [5:41:15<1:38:12,  3.53s/it]
 80%|███████▉  | 6519/8189 [5:41:19<1:36:48,  3.48s/it]
 80%|███████▉  | 6520/8189 [5:41:22<1:39:10,  3.57s/it]
 80%|███████▉  | 6521/8189 [5:41:26<1:42:09,  3.67s/it]
 80%|███████▉  | 6522/8189 [5:41:31<1:45:44,  3.81s/it]
 80%|███████▉  | 6523/8189 [5:41:36<2:00:08,  4.33s/it]
 80%|███████▉  | 6524/8189 [5:41:39<1:52:23,  4.05s/it]
 80%|███████▉  | 6525/8189 [5:41:43<1:45:45,  3.81s/it]
 80%|███████▉  | 6526/8189 [5:41:46<1:43:41,  3.74s/it]
 80%|███████▉  | 6527/8189 [5:41:50<1:39:37,  3.60s/it]
 80%|███████▉  | 6528/8189 [5:41:53<1:39:50,  3.61s/it]
 80%|███████▉  | 6529/8189 [5:41:56<1:36:48,  3.50s/it]
 80%|███████▉  | 6530/8189 [5:42:00<1:37:05,  3.51s/it]
 80%|███████▉  | 6531/8189 [5:42:03<1:36:11,  3.48s/it]
 80%|███████▉  | 6532/8189 [5:42:07<1:36:10,  3.48s/it]
 80%|███████▉  | 6533/8189 [5:42:11<1:40:17,  3.63s/it]
 80%|███████▉  | 6534/8189 [5:42:14<1:39:21,  3.60s/it]
 80%|███████▉  | 6535/8189 [5:42:18<1:35:29,  3.46s/it]
 80%|███████▉  | 6536/8189 [5:42:21<1:36:43,  3.51s/it]
 80%|███████▉  | 6537/8189 [5:42:25<1:37:16,  3.53s/it]
 80%|███████▉  | 6538/8189 [5:42:28<1:33:47,  3.41s/it]
 80%|███████▉  | 6539/8189 [5:42:31<1:32:56,  3.38s/it]
 80%|███████▉  | 6540/8189 [5:42:35<1:35:02,  3.46s/it]
 80%|███████▉  | 6541/8189 [5:42:38<1:34:28,  3.44s/it]
 80%|███████▉  | 6542/8189 [5:42:42<1:37:31,  3.55s/it]
 80%|███████▉  | 6543/8189 [5:42:45<1:36:03,  3.50s/it]
 80%|███████▉  | 6544/8189 [5:42:49<1:35:30,  3.48s/it]
 80%|███████▉  | 6545/8189 [5:42:53<1:38:18,  3.59s/it]
 80%|███████▉  | 6546/8189 [5:42:56<1:38:57,  3.61s/it]
 80%|███████▉  | 6547/8189 [5:43:00<1:38:32,  3.60s/it]
 80%|███████▉  | 6548/8189 [5:43:03<1:34:20,  3.45s/it]
 80%|███████▉  | 6549/8189 [5:43:06<1:32:08,  3.37s/it]
 80%|███████▉  | 6550/8189 [5:43:10<1:32:27,  3.38s/it]
 80%|███████▉  | 6551/8189 [5:43:13<1:32:53,  3.40s/it]
 80%|████████  | 6552/8189 [5:43:16<1:30:44,  3.33s/it]
 80%|████████  | 6553/8189 [5:43:20<1:33:02,  3.41s/it]
 80%|████████  | 6554/8189 [5:43:24<1:35:41,  3.51s/it]
 80%|████████  | 6555/8189 [5:43:27<1:34:24,  3.47s/it]
 80%|████████  | 6556/8189 [5:43:30<1:34:05,  3.46s/it]
 80%|████████  | 6557/8189 [5:43:34<1:31:44,  3.37s/it]
 80%|████████  | 6558/8189 [5:43:37<1:31:43,  3.37s/it]
 80%|████████  | 6559/8189 [5:43:40<1:31:55,  3.38s/it]
 80%|████████  | 6560/8189 [5:43:44<1:31:41,  3.38s/it]
 80%|████████  | 6561/8189 [5:43:47<1:30:37,  3.34s/it]
 80%|████████  | 6562/8189 [5:43:50<1:29:54,  3.32s/it]
 80%|████████  | 6563/8189 [5:43:53<1:28:21,  3.26s/it]
 80%|████████  | 6564/8189 [5:43:56<1:27:25,  3.23s/it]
 80%|████████  | 6565/8189 [5:44:00<1:28:58,  3.29s/it]
 80%|████████  | 6566/8189 [5:44:03<1:27:03,  3.22s/it]
 80%|████████  | 6567/8189 [5:44:06<1:26:03,  3.18s/it]
 80%|████████  | 6568/8189 [5:44:09<1:27:45,  3.25s/it]
 80%|████████  | 6569/8189 [5:44:12<1:24:00,  3.11s/it]
 80%|████████  | 6570/8189 [5:44:16<1:26:24,  3.20s/it]
 80%|████████  | 6571/8189 [5:44:20<1:33:33,  3.47s/it]
 80%|████████  | 6572/8189 [5:44:23<1:30:51,  3.37s/it]
 80%|████████  | 6573/8189 [5:44:26<1:30:16,  3.35s/it]
 80%|████████  | 6574/8189 [5:44:30<1:29:49,  3.34s/it]
 80%|████████  | 6575/8189 [5:44:33<1:31:40,  3.41s/it]
 80%|████████  | 6576/8189 [5:44:36<1:27:53,  3.27s/it]
 80%|████████  | 6577/8189 [5:44:39<1:28:06,  3.28s/it]
 80%|████████  | 6578/8189 [5:44:43<1:27:34,  3.26s/it]
 80%|████████  | 6579/8189 [5:44:46<1:26:59,  3.24s/it]
 80%|████████  | 6580/8189 [5:44:49<1:25:22,  3.18s/it]
 80%|████████  | 6581/8189 [5:44:52<1:25:28,  3.19s/it]
 80%|████████  | 6582/8189 [5:44:55<1:25:55,  3.21s/it]
 80%|████████  | 6583/8189 [5:44:59<1:27:50,  3.28s/it]
 80%|████████  | 6584/8189 [5:45:02<1:28:01,  3.29s/it]
 80%|████████  | 6585/8189 [5:45:05<1:26:47,  3.25s/it]
 80%|████████  | 6586/8189 [5:45:09<1:28:02,  3.30s/it]
 80%|████████  | 6587/8189 [5:45:12<1:31:28,  3.43s/it]
 80%|████████  | 6588/8189 [5:45:16<1:29:36,  3.36s/it]
 80%|████████  | 6589/8189 [5:45:19<1:27:39,  3.29s/it]
 80%|████████  | 6590/8189 [5:45:22<1:26:58,  3.26s/it]
 80%|████████  | 6591/8189 [5:45:25<1:25:15,  3.20s/it]
 80%|████████  | 6592/8189 [5:45:28<1:21:14,  3.05s/it]
 81%|████████  | 6593/8189 [5:45:31<1:23:13,  3.13s/it]
 81%|████████  | 6594/8189 [5:45:35<1:27:01,  3.27s/it]
 81%|████████  | 6595/8189 [5:45:38<1:29:08,  3.36s/it]
 81%|████████  | 6596/8189 [5:45:42<1:30:39,  3.41s/it]
 81%|████████  | 6597/8189 [5:45:45<1:28:24,  3.33s/it]
 81%|████████  | 6598/8189 [5:45:48<1:30:51,  3.43s/it]
 81%|████████  | 6599/8189 [5:45:52<1:33:08,  3.51s/it]
 81%|████████  | 6600/8189 [5:45:56<1:36:01,  3.63s/it]
 81%|████████  | 6601/8189 [5:46:00<1:36:13,  3.64s/it]
 81%|████████  | 6602/8189 [5:46:03<1:37:17,  3.68s/it]
 81%|████████  | 6603/8189 [5:46:07<1:34:27,  3.57s/it]
 81%|████████  | 6604/8189 [5:46:10<1:31:39,  3.47s/it]
 81%|████████  | 6605/8189 [5:46:13<1:29:31,  3.39s/it]
 81%|████████  | 6606/8189 [5:46:16<1:27:28,  3.32s/it]
 81%|████████  | 6607/8189 [5:46:20<1:26:59,  3.30s/it]
 81%|████████  | 6608/8189 [5:46:25<1:40:47,  3.82s/it]
 81%|████████  | 6609/8189 [5:46:28<1:36:04,  3.65s/it]
 81%|████████  | 6610/8189 [5:46:31<1:34:47,  3.60s/it]
 81%|████████  | 6611/8189 [5:46:35<1:31:07,  3.47s/it]
 81%|████████  | 6612/8189 [5:46:38<1:31:53,  3.50s/it]
 81%|████████  | 6613/8189 [5:46:41<1:29:10,  3.39s/it]
 81%|████████  | 6614/8189 [5:46:44<1:25:31,  3.26s/it]
 81%|████████  | 6615/8189 [5:46:48<1:27:25,  3.33s/it]
 81%|████████  | 6616/8189 [5:46:51<1:29:31,  3.41s/it]
 81%|████████  | 6617/8189 [5:46:55<1:29:22,  3.41s/it]
 81%|████████  | 6618/8189 [5:46:58<1:30:21,  3.45s/it]
 81%|████████  | 6619/8189 [5:47:01<1:27:27,  3.34s/it]
 81%|████████  | 6620/8189 [5:47:04<1:25:11,  3.26s/it]
 81%|████████  | 6621/8189 [5:47:08<1:24:34,  3.24s/it]
 81%|████████  | 6622/8189 [5:47:10<1:21:00,  3.10s/it]
 81%|████████  | 6623/8189 [5:47:14<1:24:12,  3.23s/it]
 81%|████████  | 6624/8189 [5:47:17<1:24:43,  3.25s/it]
 81%|████████  | 6625/8189 [5:47:20<1:23:06,  3.19s/it]
 81%|████████  | 6626/8189 [5:47:24<1:24:06,  3.23s/it]
 81%|████████  | 6627/8189 [5:47:27<1:25:05,  3.27s/it]
 81%|████████  | 6628/8189 [5:47:30<1:23:41,  3.22s/it]
 81%|████████  | 6629/8189 [5:47:33<1:21:00,  3.12s/it]
 81%|████████  | 6630/8189 [5:47:36<1:21:14,  3.13s/it]
 81%|████████  | 6631/8189 [5:47:39<1:22:40,  3.18s/it]
 81%|████████  | 6632/8189 [5:47:42<1:21:30,  3.14s/it]
 81%|████████  | 6633/8189 [5:47:46<1:21:25,  3.14s/it]
 81%|████████  | 6634/8189 [5:47:48<1:19:37,  3.07s/it]
 81%|████████  | 6635/8189 [5:47:52<1:21:05,  3.13s/it]
 81%|████████  | 6636/8189 [5:47:55<1:22:33,  3.19s/it]
 81%|████████  | 6637/8189 [5:47:58<1:23:24,  3.22s/it]
 81%|████████  | 6638/8189 [5:48:02<1:22:50,  3.20s/it]
 81%|████████  | 6639/8189 [5:48:05<1:21:41,  3.16s/it]
 81%|████████  | 6640/8189 [5:48:08<1:21:32,  3.16s/it]
 81%|████████  | 6641/8189 [5:48:11<1:20:53,  3.14s/it]
 81%|████████  | 6642/8189 [5:48:14<1:20:40,  3.13s/it]
 81%|████████  | 6643/8189 [5:48:18<1:23:55,  3.26s/it]
 81%|████████  | 6644/8189 [5:48:20<1:21:35,  3.17s/it]
 81%|████████  | 6645/8189 [5:48:24<1:21:47,  3.18s/it]
 81%|████████  | 6646/8189 [5:48:27<1:21:26,  3.17s/it]
 81%|████████  | 6647/8189 [5:48:30<1:21:57,  3.19s/it]
 81%|████████  | 6648/8189 [5:48:33<1:18:27,  3.05s/it]
 81%|████████  | 6649/8189 [5:48:36<1:20:08,  3.12s/it]
 81%|████████  | 6650/8189 [5:48:39<1:20:54,  3.15s/it]
 81%|████████  | 6651/8189 [5:48:42<1:20:25,  3.14s/it]
 81%|████████  | 6652/8189 [5:48:45<1:18:30,  3.06s/it]
 81%|████████  | 6653/8189 [5:48:49<1:19:52,  3.12s/it]
 81%|████████▏ | 6654/8189 [5:48:52<1:23:21,  3.26s/it]
 81%|████████▏ | 6655/8189 [5:48:56<1:26:12,  3.37s/it]
 81%|████████▏ | 6656/8189 [5:48:59<1:27:42,  3.43s/it]
 81%|████████▏ | 6657/8189 [5:49:03<1:28:16,  3.46s/it]
 81%|████████▏ | 6658/8189 [5:49:07<1:30:23,  3.54s/it]
 81%|████████▏ | 6659/8189 [5:49:10<1:31:33,  3.59s/it]
 81%|████████▏ | 6660/8189 [5:49:13<1:28:11,  3.46s/it]
 81%|████████▏ | 6661/8189 [5:49:17<1:26:13,  3.39s/it]
 81%|████████▏ | 6662/8189 [5:49:20<1:23:46,  3.29s/it]
 81%|████████▏ | 6663/8189 [5:49:23<1:24:46,  3.33s/it]
 81%|████████▏ | 6664/8189 [5:49:26<1:22:27,  3.24s/it]
 81%|████████▏ | 6665/8189 [5:49:29<1:22:01,  3.23s/it]
 81%|████████▏ | 6666/8189 [5:49:33<1:23:41,  3.30s/it]
 81%|████████▏ | 6667/8189 [5:49:37<1:27:20,  3.44s/it]
 81%|████████▏ | 6668/8189 [5:49:40<1:27:07,  3.44s/it]
 81%|████████▏ | 6669/8189 [5:49:44<1:28:48,  3.51s/it]
 81%|████████▏ | 6670/8189 [5:49:47<1:28:10,  3.48s/it]
 81%|████████▏ | 6671/8189 [5:49:50<1:25:26,  3.38s/it]
 81%|████████▏ | 6672/8189 [5:49:53<1:20:01,  3.17s/it]
 81%|████████▏ | 6673/8189 [5:49:56<1:19:59,  3.17s/it]
 81%|████████▏ | 6674/8189 [5:50:00<1:23:19,  3.30s/it]
 82%|████████▏ | 6675/8189 [5:50:03<1:22:52,  3.28s/it]
 82%|████████▏ | 6676/8189 [5:50:06<1:24:30,  3.35s/it]
 82%|████████▏ | 6677/8189 [5:50:10<1:23:15,  3.30s/it]
 82%|████████▏ | 6678/8189 [5:50:13<1:23:24,  3.31s/it]
 82%|████████▏ | 6679/8189 [5:50:16<1:22:02,  3.26s/it]
 82%|████████▏ | 6680/8189 [5:50:19<1:20:45,  3.21s/it]
 82%|████████▏ | 6681/8189 [5:50:23<1:21:07,  3.23s/it]
 82%|████████▏ | 6682/8189 [5:50:26<1:22:41,  3.29s/it]
 82%|████████▏ | 6683/8189 [5:50:29<1:20:38,  3.21s/it]
 82%|████████▏ | 6684/8189 [5:50:32<1:19:59,  3.19s/it]
 82%|████████▏ | 6685/8189 [5:50:35<1:19:16,  3.16s/it]
 82%|████████▏ | 6686/8189 [5:50:38<1:19:50,  3.19s/it]
 82%|████████▏ | 6687/8189 [5:50:42<1:19:11,  3.16s/it]
 82%|████████▏ | 6688/8189 [5:50:45<1:19:31,  3.18s/it]
 82%|████████▏ | 6689/8189 [5:50:48<1:19:02,  3.16s/it]
 82%|████████▏ | 6690/8189 [5:50:51<1:17:13,  3.09s/it]
 82%|████████▏ | 6691/8189 [5:50:54<1:17:43,  3.11s/it]
 82%|████████▏ | 6692/8189 [5:50:57<1:19:12,  3.17s/it]
 82%|████████▏ | 6693/8189 [5:51:01<1:20:14,  3.22s/it]
 82%|████████▏ | 6694/8189 [5:51:03<1:16:35,  3.07s/it]
 82%|████████▏ | 6695/8189 [5:51:07<1:17:14,  3.10s/it]
 82%|████████▏ | 6696/8189 [5:51:09<1:14:04,  2.98s/it]
 82%|████████▏ | 6697/8189 [5:51:12<1:09:26,  2.79s/it]
 82%|████████▏ | 6698/8189 [5:51:16<1:23:55,  3.38s/it]
 82%|████████▏ | 6699/8189 [5:51:21<1:32:35,  3.73s/it]
 82%|████████▏ | 6700/8189 [5:51:25<1:33:08,  3.75s/it]
 82%|████████▏ | 6701/8189 [5:51:28<1:28:06,  3.55s/it]
 82%|████████▏ | 6702/8189 [5:51:31<1:28:35,  3.57s/it]
 82%|████████▏ | 6703/8189 [5:51:35<1:25:19,  3.45s/it]
 82%|████████▏ | 6704/8189 [5:51:38<1:22:56,  3.35s/it]
 82%|████████▏ | 6705/8189 [5:51:41<1:21:00,  3.28s/it]
 82%|████████▏ | 6706/8189 [5:51:44<1:20:37,  3.26s/it]
 82%|████████▏ | 6707/8189 [5:51:47<1:19:39,  3.22s/it]
 82%|████████▏ | 6708/8189 [5:51:50<1:19:09,  3.21s/it]
 82%|████████▏ | 6709/8189 [5:51:54<1:20:25,  3.26s/it]
 82%|████████▏ | 6710/8189 [5:51:57<1:20:00,  3.25s/it]
 82%|████████▏ | 6711/8189 [5:52:01<1:23:18,  3.38s/it]
 82%|████████▏ | 6712/8189 [5:52:04<1:24:14,  3.42s/it]
 82%|████████▏ | 6713/8189 [5:52:07<1:23:38,  3.40s/it]
 82%|████████▏ | 6714/8189 [5:52:11<1:23:34,  3.40s/it]
 82%|████████▏ | 6715/8189 [5:52:14<1:22:33,  3.36s/it]
 82%|████████▏ | 6716/8189 [5:52:17<1:21:24,  3.32s/it]
 82%|████████▏ | 6717/8189 [5:52:20<1:20:04,  3.26s/it]
 82%|████████▏ | 6718/8189 [5:52:24<1:21:15,  3.31s/it]
 82%|████████▏ | 6719/8189 [5:52:27<1:21:41,  3.33s/it]
 82%|████████▏ | 6720/8189 [5:52:31<1:23:26,  3.41s/it]
 82%|████████▏ | 6721/8189 [5:52:34<1:19:36,  3.25s/it]
 82%|████████▏ | 6722/8189 [5:52:37<1:15:44,  3.10s/it]
 82%|████████▏ | 6723/8189 [5:52:40<1:15:44,  3.10s/it]
 82%|████████▏ | 6724/8189 [5:52:43<1:16:39,  3.14s/it]
 82%|████████▏ | 6725/8189 [5:52:46<1:16:47,  3.15s/it]
 82%|████████▏ | 6726/8189 [5:52:49<1:17:08,  3.16s/it]
 82%|████████▏ | 6727/8189 [5:52:53<1:20:17,  3.29s/it]
 82%|████████▏ | 6728/8189 [5:52:56<1:19:19,  3.26s/it]
 82%|████████▏ | 6729/8189 [5:52:59<1:17:52,  3.20s/it]
 82%|████████▏ | 6730/8189 [5:53:02<1:17:40,  3.19s/it]
 82%|████████▏ | 6731/8189 [5:53:05<1:16:49,  3.16s/it]
 82%|████████▏ | 6732/8189 [5:53:09<1:17:46,  3.20s/it]
 82%|████████▏ | 6733/8189 [5:53:12<1:18:38,  3.24s/it]
 82%|████████▏ | 6734/8189 [5:53:15<1:18:56,  3.26s/it]
 82%|████████▏ | 6735/8189 [5:53:18<1:18:38,  3.25s/it]
 82%|████████▏ | 6736/8189 [5:53:22<1:18:23,  3.24s/it]
 82%|████████▏ | 6737/8189 [5:53:25<1:17:41,  3.21s/it]
 82%|████████▏ | 6738/8189 [5:53:28<1:18:22,  3.24s/it]
 82%|████████▏ | 6739/8189 [5:53:31<1:17:42,  3.22s/it]
 82%|████████▏ | 6740/8189 [5:53:35<1:19:03,  3.27s/it]
 82%|████████▏ | 6741/8189 [5:53:38<1:18:34,  3.26s/it]
 82%|████████▏ | 6742/8189 [5:53:41<1:16:11,  3.16s/it]
 82%|████████▏ | 6743/8189 [5:53:44<1:14:30,  3.09s/it]
 82%|████████▏ | 6744/8189 [5:53:48<1:19:42,  3.31s/it]
 82%|████████▏ | 6745/8189 [5:53:51<1:17:36,  3.22s/it]
 82%|████████▏ | 6746/8189 [5:53:54<1:17:46,  3.23s/it]
 82%|████████▏ | 6747/8189 [5:53:57<1:16:53,  3.20s/it]
 82%|████████▏ | 6748/8189 [5:54:01<1:19:25,  3.31s/it]
 82%|████████▏ | 6749/8189 [5:54:04<1:18:58,  3.29s/it]
 82%|████████▏ | 6750/8189 [5:54:07<1:19:56,  3.33s/it]
 82%|████████▏ | 6751/8189 [5:54:10<1:19:17,  3.31s/it]
 82%|████████▏ | 6752/8189 [5:54:14<1:20:53,  3.38s/it]
 82%|████████▏ | 6753/8189 [5:54:17<1:19:15,  3.31s/it]
 82%|████████▏ | 6754/8189 [5:54:20<1:15:55,  3.17s/it]
 82%|████████▏ | 6755/8189 [5:54:23<1:16:40,  3.21s/it]
 83%|████████▎ | 6756/8189 [5:54:26<1:13:58,  3.10s/it]
 83%|████████▎ | 6757/8189 [5:54:32<1:31:59,  3.85s/it]
 83%|████████▎ | 6758/8189 [5:54:35<1:27:18,  3.66s/it]
 83%|████████▎ | 6759/8189 [5:54:38<1:21:57,  3.44s/it]
 83%|████████▎ | 6760/8189 [5:54:41<1:18:42,  3.30s/it]
 83%|████████▎ | 6761/8189 [5:54:44<1:15:37,  3.18s/it]
 83%|████████▎ | 6762/8189 [5:54:47<1:15:56,  3.19s/it]
 83%|████████▎ | 6763/8189 [5:54:50<1:16:40,  3.23s/it]
 83%|████████▎ | 6764/8189 [5:54:53<1:15:18,  3.17s/it]
 83%|████████▎ | 6765/8189 [5:54:56<1:11:22,  3.01s/it]
 83%|████████▎ | 6766/8189 [5:54:59<1:12:50,  3.07s/it]
 83%|████████▎ | 6767/8189 [5:55:02<1:13:23,  3.10s/it]
 83%|████████▎ | 6768/8189 [5:55:06<1:13:46,  3.11s/it]
 83%|████████▎ | 6769/8189 [5:55:09<1:13:46,  3.12s/it]
 83%|████████▎ | 6770/8189 [5:55:12<1:14:04,  3.13s/it]
 83%|████████▎ | 6771/8189 [5:55:15<1:14:21,  3.15s/it]
 83%|████████▎ | 6772/8189 [5:55:19<1:17:03,  3.26s/it]
 83%|████████▎ | 6773/8189 [5:55:22<1:20:03,  3.39s/it]
 83%|████████▎ | 6774/8189 [5:55:26<1:19:54,  3.39s/it]
 83%|████████▎ | 6775/8189 [5:55:29<1:18:24,  3.33s/it]
 83%|████████▎ | 6776/8189 [5:55:32<1:17:42,  3.30s/it]
 83%|████████▎ | 6777/8189 [5:55:36<1:18:52,  3.35s/it]
 83%|████████▎ | 6778/8189 [5:55:39<1:19:06,  3.36s/it]
 83%|████████▎ | 6779/8189 [5:55:42<1:18:58,  3.36s/it]
 83%|████████▎ | 6780/8189 [5:55:46<1:20:05,  3.41s/it]
 83%|████████▎ | 6781/8189 [5:55:49<1:18:27,  3.34s/it]
 83%|████████▎ | 6782/8189 [5:55:52<1:15:07,  3.20s/it]
 83%|████████▎ | 6783/8189 [5:55:55<1:16:10,  3.25s/it]
 83%|████████▎ | 6784/8189 [5:55:58<1:15:18,  3.22s/it]
 83%|████████▎ | 6785/8189 [5:56:01<1:13:22,  3.14s/it]
 83%|████████▎ | 6786/8189 [5:56:04<1:11:36,  3.06s/it]
 83%|████████▎ | 6787/8189 [5:56:07<1:13:07,  3.13s/it]
 83%|████████▎ | 6788/8189 [5:56:11<1:13:42,  3.16s/it]
 83%|████████▎ | 6789/8189 [5:56:14<1:13:36,  3.15s/it]
 83%|████████▎ | 6790/8189 [5:56:17<1:13:06,  3.14s/it]
 83%|████████▎ | 6791/8189 [5:56:20<1:11:51,  3.08s/it]
 83%|████████▎ | 6792/8189 [5:56:23<1:13:05,  3.14s/it]
 83%|████████▎ | 6793/8189 [5:56:26<1:13:28,  3.16s/it]
 83%|████████▎ | 6794/8189 [5:56:30<1:14:54,  3.22s/it]
 83%|████████▎ | 6795/8189 [5:56:33<1:18:29,  3.38s/it]
 83%|████████▎ | 6796/8189 [5:56:37<1:18:36,  3.39s/it]
 83%|████████▎ | 6797/8189 [5:56:40<1:18:58,  3.40s/it]
 83%|████████▎ | 6798/8189 [5:56:44<1:17:56,  3.36s/it]
 83%|████████▎ | 6799/8189 [5:56:47<1:16:52,  3.32s/it]
 83%|████████▎ | 6800/8189 [5:56:50<1:14:40,  3.23s/it]
 83%|████████▎ | 6801/8189 [5:56:53<1:16:48,  3.32s/it]
 83%|████████▎ | 6802/8189 [5:56:57<1:16:46,  3.32s/it]
 83%|████████▎ | 6803/8189 [5:57:00<1:15:56,  3.29s/it]
 83%|████████▎ | 6804/8189 [5:57:03<1:16:20,  3.31s/it]
 83%|████████▎ | 6805/8189 [5:57:07<1:16:46,  3.33s/it]
 83%|████████▎ | 6806/8189 [5:57:10<1:15:16,  3.27s/it]
 83%|████████▎ | 6807/8189 [5:57:13<1:12:24,  3.14s/it]
 83%|████████▎ | 6808/8189 [5:57:16<1:11:48,  3.12s/it]
 83%|████████▎ | 6809/8189 [5:57:19<1:14:45,  3.25s/it]
 83%|████████▎ | 6810/8189 [5:57:23<1:19:00,  3.44s/it]
 83%|████████▎ | 6811/8189 [5:57:26<1:17:19,  3.37s/it]
 83%|████████▎ | 6812/8189 [5:57:29<1:16:09,  3.32s/it]
 83%|████████▎ | 6813/8189 [5:57:33<1:15:56,  3.31s/it]
 83%|████████▎ | 6814/8189 [5:57:36<1:13:54,  3.22s/it]
 83%|████████▎ | 6815/8189 [5:57:39<1:14:21,  3.25s/it]
 83%|████████▎ | 6816/8189 [5:57:43<1:15:40,  3.31s/it]
 83%|████████▎ | 6817/8189 [5:57:46<1:14:38,  3.26s/it]
 83%|████████▎ | 6818/8189 [5:57:49<1:14:31,  3.26s/it]
 83%|████████▎ | 6819/8189 [5:57:52<1:13:07,  3.20s/it]
 83%|████████▎ | 6820/8189 [5:57:55<1:13:33,  3.22s/it]
 83%|████████▎ | 6821/8189 [5:57:58<1:10:33,  3.09s/it]
 83%|████████▎ | 6822/8189 [5:58:01<1:10:15,  3.08s/it]
 83%|████████▎ | 6823/8189 [5:58:04<1:08:48,  3.02s/it]
 83%|████████▎ | 6824/8189 [5:58:07<1:09:32,  3.06s/it]
 83%|████████▎ | 6825/8189 [5:58:10<1:10:45,  3.11s/it]
 83%|████████▎ | 6826/8189 [5:58:14<1:14:03,  3.26s/it]
 83%|████████▎ | 6827/8189 [5:58:17<1:15:08,  3.31s/it]
 83%|████████▎ | 6828/8189 [5:58:21<1:13:36,  3.25s/it]
 83%|████████▎ | 6829/8189 [5:58:24<1:13:07,  3.23s/it]
 83%|████████▎ | 6830/8189 [5:58:26<1:08:49,  3.04s/it]
 83%|████████▎ | 6831/8189 [5:58:29<1:06:28,  2.94s/it]
 83%|████████▎ | 6832/8189 [5:58:32<1:08:51,  3.04s/it]
 83%|████████▎ | 6833/8189 [5:58:35<1:08:09,  3.02s/it]
 83%|████████▎ | 6834/8189 [5:58:38<1:09:10,  3.06s/it]
 83%|████████▎ | 6835/8189 [5:58:42<1:10:27,  3.12s/it]
 83%|████████▎ | 6836/8189 [5:58:45<1:09:14,  3.07s/it]
 83%|████████▎ | 6837/8189 [5:58:48<1:09:07,  3.07s/it]
 84%|████████▎ | 6838/8189 [5:58:50<1:06:21,  2.95s/it]
 84%|████████▎ | 6839/8189 [5:58:54<1:07:55,  3.02s/it]
 84%|████████▎ | 6840/8189 [5:58:57<1:08:23,  3.04s/it]
 84%|████████▎ | 6841/8189 [5:59:00<1:07:33,  3.01s/it]
 84%|████████▎ | 6842/8189 [5:59:03<1:07:21,  3.00s/it]
 84%|████████▎ | 6843/8189 [5:59:06<1:08:11,  3.04s/it]
 84%|████████▎ | 6844/8189 [5:59:09<1:09:20,  3.09s/it]
 84%|████████▎ | 6845/8189 [5:59:12<1:09:59,  3.12s/it]
 84%|████████▎ | 6846/8189 [5:59:15<1:10:59,  3.17s/it]
 84%|████████▎ | 6847/8189 [5:59:19<1:11:59,  3.22s/it]
 84%|████████▎ | 6848/8189 [5:59:22<1:12:02,  3.22s/it]
 84%|████████▎ | 6849/8189 [5:59:25<1:12:22,  3.24s/it]
 84%|████████▎ | 6850/8189 [5:59:28<1:10:52,  3.18s/it]
 84%|████████▎ | 6851/8189 [5:59:32<1:11:33,  3.21s/it]
 84%|████████▎ | 6852/8189 [5:59:35<1:12:54,  3.27s/it]
 84%|████████▎ | 6853/8189 [5:59:38<1:11:36,  3.22s/it]
 84%|████████▎ | 6854/8189 [5:59:41<1:09:56,  3.14s/it]
 84%|████████▎ | 6855/8189 [5:59:44<1:08:42,  3.09s/it]
 84%|████████▎ | 6856/8189 [5:59:47<1:10:21,  3.17s/it]
 84%|████████▎ | 6857/8189 [5:59:50<1:09:21,  3.12s/it]
 84%|████████▎ | 6858/8189 [5:59:53<1:08:08,  3.07s/it]
 84%|████████▍ | 6859/8189 [5:59:56<1:08:08,  3.07s/it]
 84%|████████▍ | 6860/8189 [6:00:00<1:09:50,  3.15s/it]
 84%|████████▍ | 6861/8189 [6:00:03<1:10:22,  3.18s/it]
 84%|████████▍ | 6862/8189 [6:00:06<1:11:08,  3.22s/it]
 84%|████████▍ | 6863/8189 [6:00:10<1:11:32,  3.24s/it]
 84%|████████▍ | 6864/8189 [6:00:13<1:10:41,  3.20s/it]
 84%|████████▍ | 6865/8189 [6:00:16<1:09:39,  3.16s/it]
 84%|████████▍ | 6866/8189 [6:00:19<1:08:50,  3.12s/it]
 84%|████████▍ | 6867/8189 [6:00:22<1:10:01,  3.18s/it]
 84%|████████▍ | 6868/8189 [6:00:25<1:08:54,  3.13s/it]
 84%|████████▍ | 6869/8189 [6:00:28<1:08:27,  3.11s/it]
 84%|████████▍ | 6870/8189 [6:00:31<1:09:31,  3.16s/it]
 84%|████████▍ | 6871/8189 [6:00:35<1:09:30,  3.16s/it]
 84%|████████▍ | 6872/8189 [6:00:38<1:10:39,  3.22s/it]
 84%|████████▍ | 6873/8189 [6:00:41<1:09:34,  3.17s/it]
 84%|████████▍ | 6874/8189 [6:00:44<1:10:19,  3.21s/it]
 84%|████████▍ | 6875/8189 [6:00:48<1:10:04,  3.20s/it]
 84%|████████▍ | 6876/8189 [6:00:51<1:09:12,  3.16s/it]
 84%|████████▍ | 6877/8189 [6:00:54<1:09:24,  3.17s/it]
 84%|████████▍ | 6878/8189 [6:00:57<1:09:37,  3.19s/it]
 84%|████████▍ | 6879/8189 [6:01:00<1:08:40,  3.15s/it]
 84%|████████▍ | 6880/8189 [6:01:03<1:08:25,  3.14s/it]
 84%|████████▍ | 6881/8189 [6:01:07<1:10:15,  3.22s/it]
 84%|████████▍ | 6882/8189 [6:01:10<1:08:21,  3.14s/it]
 84%|████████▍ | 6883/8189 [6:01:13<1:08:06,  3.13s/it]
 84%|████████▍ | 6884/8189 [6:01:15<1:06:03,  3.04s/it]
 84%|████████▍ | 6885/8189 [6:01:19<1:06:47,  3.07s/it]
 84%|████████▍ | 6886/8189 [6:01:22<1:08:20,  3.15s/it]
 84%|████████▍ | 6887/8189 [6:01:25<1:08:45,  3.17s/it]
 84%|████████▍ | 6888/8189 [6:01:28<1:09:08,  3.19s/it]
 84%|████████▍ | 6889/8189 [6:01:32<1:09:39,  3.21s/it]
 84%|████████▍ | 6890/8189 [6:01:35<1:09:09,  3.19s/it]
 84%|████████▍ | 6891/8189 [6:01:38<1:08:03,  3.15s/it]
 84%|████████▍ | 6892/8189 [6:01:41<1:05:54,  3.05s/it]
 84%|████████▍ | 6893/8189 [6:01:44<1:08:26,  3.17s/it]
 84%|████████▍ | 6894/8189 [6:01:47<1:07:47,  3.14s/it]
 84%|████████▍ | 6895/8189 [6:01:50<1:07:39,  3.14s/it]
 84%|████████▍ | 6896/8189 [6:01:53<1:07:48,  3.15s/it]
 84%|████████▍ | 6897/8189 [6:01:57<1:08:31,  3.18s/it]
 84%|████████▍ | 6898/8189 [6:02:00<1:08:04,  3.16s/it]
 84%|████████▍ | 6899/8189 [6:02:03<1:07:18,  3.13s/it]
 84%|████████▍ | 6900/8189 [6:02:06<1:08:54,  3.21s/it]
 84%|████████▍ | 6901/8189 [6:02:10<1:08:57,  3.21s/it]
 84%|████████▍ | 6902/8189 [6:02:12<1:07:06,  3.13s/it]
 84%|████████▍ | 6903/8189 [6:02:16<1:07:25,  3.15s/it]
 84%|████████▍ | 6904/8189 [6:02:19<1:07:57,  3.17s/it]
 84%|████████▍ | 6905/8189 [6:02:22<1:07:18,  3.15s/it]
 84%|████████▍ | 6906/8189 [6:02:25<1:06:47,  3.12s/it]
 84%|████████▍ | 6907/8189 [6:02:28<1:06:14,  3.10s/it]
 84%|████████▍ | 6908/8189 [6:02:31<1:07:57,  3.18s/it]
 84%|████████▍ | 6909/8189 [6:02:35<1:08:02,  3.19s/it]
 84%|████████▍ | 6910/8189 [6:02:38<1:09:48,  3.28s/it]
 84%|████████▍ | 6911/8189 [6:02:42<1:11:41,  3.37s/it]
 84%|████████▍ | 6912/8189 [6:02:45<1:12:31,  3.41s/it]
 84%|████████▍ | 6913/8189 [6:02:48<1:11:22,  3.36s/it]
 84%|████████▍ | 6914/8189 [6:02:52<1:10:55,  3.34s/it]
 84%|████████▍ | 6915/8189 [6:02:55<1:10:42,  3.33s/it]
 84%|████████▍ | 6916/8189 [6:02:58<1:09:29,  3.28s/it]
 84%|████████▍ | 6917/8189 [6:03:01<1:08:55,  3.25s/it]
 84%|████████▍ | 6918/8189 [6:03:04<1:07:04,  3.17s/it]
 84%|████████▍ | 6919/8189 [6:03:07<1:06:05,  3.12s/it]
 85%|████████▍ | 6920/8189 [6:03:11<1:07:15,  3.18s/it]
 85%|████████▍ | 6921/8189 [6:03:14<1:07:32,  3.20s/it]
 85%|████████▍ | 6922/8189 [6:03:17<1:06:47,  3.16s/it]
 85%|████████▍ | 6923/8189 [6:03:20<1:05:47,  3.12s/it]
 85%|████████▍ | 6924/8189 [6:03:23<1:05:50,  3.12s/it]
 85%|████████▍ | 6925/8189 [6:03:26<1:05:48,  3.12s/it]
 85%|████████▍ | 6926/8189 [6:03:29<1:05:05,  3.09s/it]
 85%|████████▍ | 6927/8189 [6:03:32<1:04:27,  3.06s/it]
 85%|████████▍ | 6928/8189 [6:03:35<1:04:45,  3.08s/it]
 85%|████████▍ | 6929/8189 [6:03:38<1:01:08,  2.91s/it]
 85%|████████▍ | 6930/8189 [6:03:41<1:03:27,  3.02s/it]
 85%|████████▍ | 6931/8189 [6:03:44<1:04:38,  3.08s/it]
 85%|████████▍ | 6932/8189 [6:03:48<1:05:59,  3.15s/it]
 85%|████████▍ | 6933/8189 [6:03:51<1:06:10,  3.16s/it]
 85%|████████▍ | 6934/8189 [6:03:54<1:06:20,  3.17s/it]
 85%|████████▍ | 6935/8189 [6:03:57<1:05:43,  3.14s/it]
 85%|████████▍ | 6936/8189 [6:04:01<1:06:18,  3.18s/it]
 85%|████████▍ | 6937/8189 [6:04:04<1:07:07,  3.22s/it]
 85%|████████▍ | 6938/8189 [6:04:07<1:06:28,  3.19s/it]
 85%|████████▍ | 6939/8189 [6:04:10<1:05:41,  3.15s/it]
 85%|████████▍ | 6940/8189 [6:04:13<1:06:16,  3.18s/it]
 85%|████████▍ | 6941/8189 [6:04:16<1:06:20,  3.19s/it]
 85%|████████▍ | 6942/8189 [6:04:20<1:05:58,  3.17s/it]
 85%|████████▍ | 6943/8189 [6:04:23<1:05:44,  3.17s/it]
 85%|████████▍ | 6944/8189 [6:04:26<1:04:46,  3.12s/it]
 85%|████████▍ | 6945/8189 [6:04:29<1:04:05,  3.09s/it]
 85%|████████▍ | 6946/8189 [6:04:32<1:05:36,  3.17s/it]
 85%|████████▍ | 6947/8189 [6:04:36<1:06:49,  3.23s/it]
 85%|████████▍ | 6948/8189 [6:04:39<1:05:31,  3.17s/it]
 85%|████████▍ | 6949/8189 [6:04:42<1:05:26,  3.17s/it]
 85%|████████▍ | 6950/8189 [6:04:45<1:07:40,  3.28s/it]
 85%|████████▍ | 6951/8189 [6:04:49<1:07:52,  3.29s/it]
 85%|████████▍ | 6952/8189 [6:04:52<1:07:35,  3.28s/it]
 85%|████████▍ | 6953/8189 [6:04:55<1:06:17,  3.22s/it]
 85%|████████▍ | 6954/8189 [6:04:58<1:04:35,  3.14s/it]
 85%|████████▍ | 6955/8189 [6:05:01<1:05:00,  3.16s/it]
 85%|████████▍ | 6956/8189 [6:05:04<1:05:14,  3.17s/it]
 85%|████████▍ | 6957/8189 [6:05:08<1:06:14,  3.23s/it]
 85%|████████▍ | 6958/8189 [6:05:11<1:05:47,  3.21s/it]
 85%|████████▍ | 6959/8189 [6:05:14<1:05:27,  3.19s/it]
 85%|████████▍ | 6960/8189 [6:05:17<1:04:43,  3.16s/it]
 85%|████████▌ | 6961/8189 [6:05:21<1:07:22,  3.29s/it]
 85%|████████▌ | 6962/8189 [6:05:23<1:03:44,  3.12s/it]
 85%|████████▌ | 6963/8189 [6:05:27<1:05:20,  3.20s/it]
 85%|████████▌ | 6964/8189 [6:05:29<1:02:36,  3.07s/it]
 85%|████████▌ | 6965/8189 [6:05:33<1:02:46,  3.08s/it]
 85%|████████▌ | 6966/8189 [6:05:36<1:03:18,  3.11s/it]
 85%|████████▌ | 6967/8189 [6:05:39<1:04:33,  3.17s/it]
 85%|████████▌ | 6968/8189 [6:05:42<1:05:05,  3.20s/it]
 85%|████████▌ | 6969/8189 [6:05:45<1:04:34,  3.18s/it]
 85%|████████▌ | 6970/8189 [6:05:49<1:04:54,  3.19s/it]
 85%|████████▌ | 6971/8189 [6:05:52<1:04:19,  3.17s/it]
 85%|████████▌ | 6972/8189 [6:05:55<1:05:20,  3.22s/it]
 85%|████████▌ | 6973/8189 [6:05:58<1:06:10,  3.27s/it]
 85%|████████▌ | 6974/8189 [6:06:02<1:06:38,  3.29s/it]
 85%|████████▌ | 6975/8189 [6:06:05<1:05:18,  3.23s/it]
 85%|████████▌ | 6976/8189 [6:06:08<1:05:03,  3.22s/it]
 85%|████████▌ | 6977/8189 [6:06:11<1:04:31,  3.19s/it]
 85%|████████▌ | 6978/8189 [6:06:14<1:04:27,  3.19s/it]
 85%|████████▌ | 6979/8189 [6:06:18<1:04:16,  3.19s/it]
 85%|████████▌ | 6980/8189 [6:06:21<1:04:16,  3.19s/it]
 85%|████████▌ | 6981/8189 [6:06:24<1:02:00,  3.08s/it]
 85%|████████▌ | 6982/8189 [6:06:27<1:01:43,  3.07s/it]
 85%|████████▌ | 6983/8189 [6:06:30<1:02:33,  3.11s/it]
 85%|████████▌ | 6984/8189 [6:06:33<1:04:51,  3.23s/it]
 85%|████████▌ | 6985/8189 [6:06:37<1:04:32,  3.22s/it]
 85%|████████▌ | 6986/8189 [6:06:40<1:04:06,  3.20s/it]
 85%|████████▌ | 6987/8189 [6:06:43<1:03:10,  3.15s/it]
 85%|████████▌ | 6988/8189 [6:06:46<1:03:14,  3.16s/it]
 85%|████████▌ | 6989/8189 [6:06:49<1:03:01,  3.15s/it]
 85%|████████▌ | 6990/8189 [6:06:52<1:02:57,  3.15s/it]
 85%|████████▌ | 6991/8189 [6:06:56<1:03:36,  3.19s/it]
 85%|████████▌ | 6992/8189 [6:06:59<1:04:18,  3.22s/it]
 85%|████████▌ | 6993/8189 [6:07:02<1:03:23,  3.18s/it]
 85%|████████▌ | 6994/8189 [6:07:05<1:03:25,  3.18s/it]
 85%|████████▌ | 6995/8189 [6:07:08<1:03:05,  3.17s/it]
 85%|████████▌ | 6996/8189 [6:07:12<1:07:42,  3.41s/it]
 85%|████████▌ | 6997/8189 [6:07:16<1:10:56,  3.57s/it]
 85%|████████▌ | 6998/8189 [6:07:19<1:06:35,  3.36s/it]
 85%|████████▌ | 6999/8189 [6:07:22<1:04:26,  3.25s/it]
 85%|████████▌ | 7000/8189 [6:07:26<1:06:09,  3.34s/it]
                                                       

 85%|████████▌ | 7000/8189 [6:07:26<1:06:09,  3.34s/it]

Batches:   0%|          | 0/9 [00:00<?, ?it/s][A

Batches:  44%|████▍     | 4/9 [00:00<00:00, 39.09it/s][A
Batches: 100%|██████████| 9/9 [00:00<00:00, 50.30it/s]


Corpus Chunks:   0%|          | 0/1 [00:00<?, ?it/s][A


Batches:   0%|          | 0/9 [00:00<?, ?it/s][A[A


Batches:  67%|██████▋   | 6/9 [00:00<00:00, 53.40it/s][A[A
Batches: 100%|██████████| 9/9 [00:00<00:00, 58.68it/s]


Corpus Chunks: 100%|██████████| 1/1 [00:00<00:00,  6.27it/s][A
Corpus Chunks: 100%|██████████| 1/1 [00:00<00:00,  6.26it/s]


Batches:   0%|          | 0/7 [00:00<?, ?it/s][A

Batches: 100%|██████████| 7/7 [00:00<00:00, 61.84it/s][A
Batches: 100%|██████████| 7/7 [00:00<00:00, 61.27it/s]


Batches:   0%|          | 0/7 [00:00<?, ?it/s][A

Batches: 100%|██████████| 7/7 [00:00<00:00, 63.50it/s][A
Batches: 100%|██████████| 7/7 [00:00<00:00, 63.05it/s]


Batches:   0%|          | 0/7 [00:00<?, ?it/s][A

Batches: 100%|██████████| 7/7 [00:00<00:00, 69.45it/s][A
Batches: 100%|██████████| 7/7 [00:00<00:00, 68.98it/s]

                                                       

 85%|████████▌ | 7000/8189 [6:07:27<1:06:09,  3.34s/it]

Writing model shards:   0%|          | 0/1 [00:00<?, ?it/s][A

Writing model shards: 100%|██████████| 1/1 [00:01<00:00,  1.80s/it][A
Writing model shards: 100%|██████████| 1/1 [00:01<00:00,  1.80s/it]

 85%|████████▌ | 7001/8189 [6:07:36<1:45:51,  5.35s/it]
 86%|████████▌ | 7002/8189 [6:07:39<1:32:13,  4.66s/it]
 86%|████████▌ | 7003/8189 [6:07:42<1:23:50,  4.24s/it]
 86%|████████▌ | 7004/8189 [6:07:45<1:17:38,  3.93s/it]
 86%|████████▌ | 7005/8189 [6:07:48<1:12:48,  3.69s/it]
 86%|████████▌ | 7006/8189 [6:07:52<1:10:16,  3.56s/it]
 86%|████████▌ | 7007/8189 [6:07:55<1:07:45,  3.44s/it]
 86%|████████▌ | 7008/8189 [6:07:58<1:05:22,  3.32s/it]
 86%|████████▌ | 7009/8189 [6:08:04<1:24:32,  4.30s/it]
 86%|████████▌ | 7010/8189 [6:08:09<1:27:39,  4.46s/it]
 86%|████████▌ | 7011/8189 [6:08:15<1:34:18,  4.80s/it]
 86%|████████▌ | 7012/8189 [6:08:19<1:31:27,  4.66s/it]
 86%|████████▌ | 7013/8189 [6:08:27<1:50:10,  5.62s/it]
 86%|████████▌ | 7014/8189 [6:08:35<2:05:22,  6.40s/it]
 86%|████████▌ | 7015/8189 [6:08:41<2:04:45,  6.38s/it]
 86%|████████▌ | 7016/8189 [6:08:46<1:53:35,  5.81s/it]
 86%|████████▌ | 7017/8189 [6:08:50<1:41:36,  5.20s/it]
 86%|████████▌ | 7018/8189 [6:08:55<1:44:43,  5.37s/it]
 86%|████████▌ | 7019/8189 [6:09:00<1:37:07,  4.98s/it]
 86%|████████▌ | 7020/8189 [6:09:07<1:52:33,  5.78s/it]
 86%|████████▌ | 7021/8189 [6:09:12<1:43:51,  5.33s/it]
 86%|████████▌ | 7022/8189 [6:09:17<1:42:25,  5.27s/it]
 86%|████████▌ | 7023/8189 [6:09:21<1:35:58,  4.94s/it]
 86%|████████▌ | 7024/8189 [6:09:24<1:28:27,  4.56s/it]
 86%|████████▌ | 7025/8189 [6:09:32<1:46:24,  5.48s/it]
 86%|████████▌ | 7026/8189 [6:09:38<1:49:22,  5.64s/it]
 86%|████████▌ | 7027/8189 [6:09:45<1:54:19,  5.90s/it]
 86%|████████▌ | 7028/8189 [6:09:48<1:41:08,  5.23s/it]
 86%|████████▌ | 7029/8189 [6:09:51<1:28:24,  4.57s/it]
 86%|████████▌ | 7030/8189 [6:09:55<1:21:29,  4.22s/it]
 86%|████████▌ | 7031/8189 [6:09:59<1:21:14,  4.21s/it]
 86%|████████▌ | 7032/8189 [6:10:03<1:18:36,  4.08s/it]
 86%|████████▌ | 7033/8189 [6:10:08<1:23:20,  4.33s/it]
 86%|████████▌ | 7034/8189 [6:10:12<1:21:42,  4.24s/it]
 86%|████████▌ | 7035/8189 [6:10:16<1:21:02,  4.21s/it]
 86%|████████▌ | 7036/8189 [6:10:22<1:30:26,  4.71s/it]
 86%|████████▌ | 7037/8189 [6:10:25<1:22:50,  4.31s/it]
 86%|████████▌ | 7038/8189 [6:10:29<1:18:28,  4.09s/it]
 86%|████████▌ | 7039/8189 [6:10:33<1:21:19,  4.24s/it]
 86%|████████▌ | 7040/8189 [6:10:37<1:20:23,  4.20s/it]
 86%|████████▌ | 7041/8189 [6:10:41<1:17:43,  4.06s/it]
 86%|████████▌ | 7042/8189 [6:10:44<1:12:57,  3.82s/it]
 86%|████████▌ | 7043/8189 [6:10:48<1:12:00,  3.77s/it]
 86%|████████▌ | 7044/8189 [6:10:51<1:09:01,  3.62s/it]
 86%|████████▌ | 7045/8189 [6:10:56<1:13:53,  3.88s/it]
 86%|████████▌ | 7046/8189 [6:10:59<1:11:36,  3.76s/it]
 86%|████████▌ | 7047/8189 [6:11:03<1:09:16,  3.64s/it]
 86%|████████▌ | 7048/8189 [6:11:06<1:08:37,  3.61s/it]
 86%|████████▌ | 7049/8189 [6:11:10<1:10:22,  3.70s/it]
 86%|████████▌ | 7050/8189 [6:11:13<1:08:44,  3.62s/it]
 86%|████████▌ | 7051/8189 [6:11:17<1:08:20,  3.60s/it]
 86%|████████▌ | 7052/8189 [6:11:21<1:09:00,  3.64s/it]
 86%|████████▌ | 7053/8189 [6:11:24<1:06:50,  3.53s/it]
 86%|████████▌ | 7054/8189 [6:11:28<1:11:52,  3.80s/it]
 86%|████████▌ | 7055/8189 [6:11:32<1:09:59,  3.70s/it]
 86%|████████▌ | 7056/8189 [6:11:35<1:07:49,  3.59s/it]
 86%|████████▌ | 7057/8189 [6:11:39<1:07:35,  3.58s/it]
 86%|████████▌ | 7058/8189 [6:11:43<1:08:39,  3.64s/it]
 86%|████████▌ | 7059/8189 [6:11:46<1:09:06,  3.67s/it]
 86%|████████▌ | 7060/8189 [6:11:50<1:10:39,  3.75s/it]
 86%|████████▌ | 7061/8189 [6:11:54<1:10:18,  3.74s/it]
 86%|████████▌ | 7062/8189 [6:11:57<1:08:56,  3.67s/it]
 86%|████████▌ | 7063/8189 [6:12:01<1:05:57,  3.51s/it]
 86%|████████▋ | 7064/8189 [6:12:04<1:05:43,  3.51s/it]
 86%|████████▋ | 7065/8189 [6:12:07<1:04:52,  3.46s/it]
 86%|████████▋ | 7066/8189 [6:12:11<1:04:19,  3.44s/it]
 86%|████████▋ | 7067/8189 [6:12:14<1:03:32,  3.40s/it]
 86%|████████▋ | 7068/8189 [6:12:18<1:03:56,  3.42s/it]
 86%|████████▋ | 7069/8189 [6:12:21<1:04:39,  3.46s/it]
 86%|████████▋ | 7070/8189 [6:12:24<1:03:24,  3.40s/it]
 86%|████████▋ | 7071/8189 [6:12:28<1:02:54,  3.38s/it]
 86%|████████▋ | 7072/8189 [6:12:31<1:02:41,  3.37s/it]
 86%|████████▋ | 7073/8189 [6:12:34<59:40,  3.21s/it]  
 86%|████████▋ | 7074/8189 [6:12:37<1:00:28,  3.25s/it]
 86%|████████▋ | 7075/8189 [6:12:41<1:00:14,  3.24s/it]
 86%|████████▋ | 7076/8189 [6:12:44<1:04:18,  3.47s/it]
 86%|████████▋ | 7077/8189 [6:12:48<1:03:20,  3.42s/it]
 86%|████████▋ | 7078/8189 [6:12:51<1:04:03,  3.46s/it]
 86%|████████▋ | 7079/8189 [6:12:55<1:04:15,  3.47s/it]
 86%|████████▋ | 7080/8189 [6:12:58<1:04:18,  3.48s/it]
 86%|████████▋ | 7081/8189 [6:13:02<1:02:38,  3.39s/it]
 86%|████████▋ | 7082/8189 [6:13:05<1:02:25,  3.38s/it]
 86%|████████▋ | 7083/8189 [6:13:08<1:01:15,  3.32s/it]
 87%|████████▋ | 7084/8189 [6:13:12<1:02:52,  3.41s/it]
 87%|████████▋ | 7085/8189 [6:13:15<1:04:02,  3.48s/it]
 87%|████████▋ | 7086/8189 [6:13:19<1:04:03,  3.48s/it]
 87%|████████▋ | 7087/8189 [6:13:22<1:03:54,  3.48s/it]
 87%|████████▋ | 7088/8189 [6:13:26<1:02:38,  3.41s/it]
 87%|████████▋ | 7089/8189 [6:13:29<1:02:40,  3.42s/it]
 87%|████████▋ | 7090/8189 [6:13:32<1:00:46,  3.32s/it]
 87%|████████▋ | 7091/8189 [6:13:35<1:00:35,  3.31s/it]
 87%|████████▋ | 7092/8189 [6:13:39<1:02:59,  3.45s/it]
 87%|████████▋ | 7093/8189 [6:13:43<1:03:09,  3.46s/it]
 87%|████████▋ | 7094/8189 [6:13:46<1:03:00,  3.45s/it]
 87%|████████▋ | 7095/8189 [6:13:49<1:01:59,  3.40s/it]
 87%|████████▋ | 7096/8189 [6:13:53<1:03:26,  3.48s/it]
 87%|████████▋ | 7097/8189 [6:13:57<1:05:22,  3.59s/it]
 87%|████████▋ | 7098/8189 [6:14:00<1:03:58,  3.52s/it]
 87%|████████▋ | 7099/8189 [6:14:04<1:03:39,  3.50s/it]
 87%|████████▋ | 7100/8189 [6:14:07<1:03:39,  3.51s/it]
 87%|████████▋ | 7101/8189 [6:14:10<1:01:22,  3.38s/it]
 87%|████████▋ | 7102/8189 [6:14:14<1:01:28,  3.39s/it]
 87%|████████▋ | 7103/8189 [6:14:17<1:02:22,  3.45s/it]
 87%|████████▋ | 7104/8189 [6:14:20<1:00:41,  3.36s/it]
 87%|████████▋ | 7105/8189 [6:14:24<59:59,  3.32s/it]  
 87%|████████▋ | 7106/8189 [6:14:28<1:03:13,  3.50s/it]
 87%|████████▋ | 7107/8189 [6:14:31<1:04:04,  3.55s/it]
 87%|████████▋ | 7108/8189 [6:14:34<1:01:45,  3.43s/it]
 87%|████████▋ | 7109/8189 [6:14:38<1:00:27,  3.36s/it]
 87%|████████▋ | 7110/8189 [6:14:41<59:01,  3.28s/it]  
 87%|████████▋ | 7111/8189 [6:14:44<58:53,  3.28s/it]
 87%|████████▋ | 7112/8189 [6:14:47<57:32,  3.21s/it]
 87%|████████▋ | 7113/8189 [6:14:50<56:53,  3.17s/it]
 87%|████████▋ | 7114/8189 [6:14:53<56:20,  3.14s/it]
 87%|████████▋ | 7115/8189 [6:14:57<58:47,  3.28s/it]
 87%|████████▋ | 7116/8189 [6:15:00<58:29,  3.27s/it]
 87%|████████▋ | 7117/8189 [6:15:03<58:17,  3.26s/it]
 87%|████████▋ | 7118/8189 [6:15:06<56:49,  3.18s/it]
 87%|████████▋ | 7119/8189 [6:15:10<59:37,  3.34s/it]
 87%|████████▋ | 7120/8189 [6:15:13<58:20,  3.27s/it]
 87%|████████▋ | 7121/8189 [6:15:16<56:34,  3.18s/it]
 87%|████████▋ | 7122/8189 [6:15:19<56:14,  3.16s/it]
 87%|████████▋ | 7123/8189 [6:15:23<57:53,  3.26s/it]
 87%|████████▋ | 7124/8189 [6:15:26<57:35,  3.24s/it]
 87%|████████▋ | 7125/8189 [6:15:29<58:17,  3.29s/it]
 87%|████████▋ | 7126/8189 [6:15:33<58:25,  3.30s/it]
 87%|████████▋ | 7127/8189 [6:15:36<57:18,  3.24s/it]
 87%|████████▋ | 7128/8189 [6:15:39<57:38,  3.26s/it]
 87%|████████▋ | 7129/8189 [6:15:42<56:50,  3.22s/it]
 87%|████████▋ | 7130/8189 [6:15:45<57:03,  3.23s/it]
 87%|████████▋ | 7131/8189 [6:15:49<57:07,  3.24s/it]
 87%|████████▋ | 7132/8189 [6:15:52<56:37,  3.21s/it]
 87%|████████▋ | 7133/8189 [6:15:55<57:25,  3.26s/it]
 87%|████████▋ | 7134/8189 [6:15:59<57:56,  3.30s/it]
 87%|████████▋ | 7135/8189 [6:16:02<56:18,  3.21s/it]
 87%|████████▋ | 7136/8189 [6:16:05<56:36,  3.23s/it]
 87%|████████▋ | 7137/8189 [6:16:08<55:46,  3.18s/it]
 87%|████████▋ | 7138/8189 [6:16:11<56:12,  3.21s/it]
 87%|████████▋ | 7139/8189 [6:16:15<57:28,  3.28s/it]
 87%|████████▋ | 7140/8189 [6:16:18<57:16,  3.28s/it]
 87%|████████▋ | 7141/8189 [6:16:21<57:33,  3.30s/it]
 87%|████████▋ | 7142/8189 [6:16:25<58:13,  3.34s/it]
 87%|████████▋ | 7143/8189 [6:16:28<59:36,  3.42s/it]
 87%|████████▋ | 7144/8189 [6:16:32<59:34,  3.42s/it]
 87%|████████▋ | 7145/8189 [6:16:35<59:03,  3.39s/it]
 87%|████████▋ | 7146/8189 [6:16:39<1:00:14,  3.47s/it]
 87%|████████▋ | 7147/8189 [6:16:42<59:34,  3.43s/it]  
 87%|████████▋ | 7148/8189 [6:16:45<58:57,  3.40s/it]
 87%|████████▋ | 7149/8189 [6:16:48<56:50,  3.28s/it]
 87%|████████▋ | 7150/8189 [6:16:52<56:27,  3.26s/it]
 87%|████████▋ | 7151/8189 [6:16:55<57:40,  3.33s/it]
 87%|████████▋ | 7152/8189 [6:16:58<57:42,  3.34s/it]
 87%|████████▋ | 7153/8189 [6:17:01<56:22,  3.26s/it]
 87%|████████▋ | 7154/8189 [6:17:05<57:04,  3.31s/it]
 87%|████████▋ | 7155/8189 [6:17:08<57:08,  3.32s/it]
 87%|████████▋ | 7156/8189 [6:17:12<58:48,  3.42s/it]
 87%|████████▋ | 7157/8189 [6:17:15<58:25,  3.40s/it]
 87%|████████▋ | 7158/8189 [6:17:19<58:42,  3.42s/it]
 87%|████████▋ | 7159/8189 [6:17:22<58:13,  3.39s/it]
 87%|████████▋ | 7160/8189 [6:17:25<55:05,  3.21s/it]
 87%|████████▋ | 7161/8189 [6:17:28<56:02,  3.27s/it]
 87%|████████▋ | 7162/8189 [6:17:31<55:43,  3.26s/it]
 87%|████████▋ | 7163/8189 [6:17:36<1:00:21,  3.53s/it]
 87%|████████▋ | 7164/8189 [6:17:56<2:25:10,  8.50s/it]
 87%|████████▋ | 7165/8189 [6:18:26<4:16:15, 15.01s/it]
 88%|████████▊ | 7166/8189 [6:18:53<5:15:13, 18.49s/it]
 88%|████████▊ | 7167/8189 [6:19:07<4:54:09, 17.27s/it]
 88%|████████▊ | 7168/8189 [6:19:23<4:47:02, 16.87s/it]
 88%|████████▊ | 7169/8189 [6:19:31<4:01:55, 14.23s/it]
 88%|████████▊ | 7170/8189 [6:19:44<3:56:00, 13.90s/it]
 88%|████████▊ | 7171/8189 [6:19:52<3:25:58, 12.14s/it]
 88%|████████▊ | 7172/8189 [6:19:59<2:59:27, 10.59s/it]
 88%|████████▊ | 7173/8189 [6:20:04<2:31:20,  8.94s/it]
 88%|████████▊ | 7174/8189 [6:20:11<2:20:18,  8.29s/it]
 88%|████████▊ | 7175/8189 [6:20:16<2:03:56,  7.33s/it]
 88%|████████▊ | 7176/8189 [6:20:21<1:50:41,  6.56s/it]
 88%|████████▊ | 7177/8189 [6:20:26<1:45:24,  6.25s/it]
 88%|████████▊ | 7178/8189 [6:20:32<1:42:06,  6.06s/it]
 88%|████████▊ | 7179/8189 [6:20:38<1:40:45,  5.99s/it]
 88%|████████▊ | 7180/8189 [6:20:42<1:32:27,  5.50s/it]
 88%|████████▊ | 7181/8189 [6:20:46<1:25:13,  5.07s/it]
 88%|████████▊ | 7182/8189 [6:20:52<1:27:08,  5.19s/it]
 88%|████████▊ | 7183/8189 [6:20:56<1:24:58,  5.07s/it]
 88%|████████▊ | 7184/8189 [6:21:00<1:16:44,  4.58s/it]
 88%|████████▊ | 7185/8189 [6:21:06<1:22:18,  4.92s/it]
 88%|████████▊ | 7186/8189 [6:21:10<1:20:49,  4.83s/it]
 88%|████████▊ | 7187/8189 [6:21:14<1:15:44,  4.54s/it]
 88%|████████▊ | 7188/8189 [6:21:19<1:16:09,  4.56s/it]
 88%|████████▊ | 7189/8189 [6:21:22<1:11:14,  4.27s/it]
 88%|████████▊ | 7190/8189 [6:21:27<1:11:28,  4.29s/it]
 88%|████████▊ | 7191/8189 [6:21:31<1:13:50,  4.44s/it]
 88%|████████▊ | 7192/8189 [6:21:37<1:19:16,  4.77s/it]
 88%|████████▊ | 7193/8189 [6:21:41<1:13:30,  4.43s/it]
 88%|████████▊ | 7194/8189 [6:21:44<1:08:04,  4.11s/it]
 88%|████████▊ | 7195/8189 [6:21:48<1:06:23,  4.01s/it]
 88%|████████▊ | 7196/8189 [6:21:52<1:06:12,  4.00s/it]
 88%|████████▊ | 7197/8189 [6:21:55<1:02:10,  3.76s/it]
 88%|████████▊ | 7198/8189 [6:21:59<1:03:10,  3.83s/it]
 88%|████████▊ | 7199/8189 [6:22:03<1:04:34,  3.91s/it]
 88%|████████▊ | 7200/8189 [6:22:06<1:01:27,  3.73s/it]
 88%|████████▊ | 7201/8189 [6:22:10<1:00:03,  3.65s/it]
 88%|████████▊ | 7202/8189 [6:22:13<59:46,  3.63s/it]  
 88%|████████▊ | 7203/8189 [6:22:17<1:01:54,  3.77s/it]
 88%|████████▊ | 7204/8189 [6:22:22<1:06:49,  4.07s/it]
 88%|████████▊ | 7205/8189 [6:22:27<1:10:25,  4.29s/it]
 88%|████████▊ | 7206/8189 [6:22:33<1:16:45,  4.69s/it]
 88%|████████▊ | 7207/8189 [6:22:38<1:18:20,  4.79s/it]
 88%|████████▊ | 7208/8189 [6:22:44<1:23:51,  5.13s/it]
 88%|████████▊ | 7209/8189 [6:22:50<1:30:33,  5.54s/it]
 88%|████████▊ | 7210/8189 [6:22:55<1:29:19,  5.47s/it]
 88%|████████▊ | 7211/8189 [6:23:00<1:26:36,  5.31s/it]
 88%|████████▊ | 7212/8189 [6:23:07<1:32:09,  5.66s/it]
 88%|████████▊ | 7213/8189 [6:23:13<1:36:49,  5.95s/it]
 88%|████████▊ | 7214/8189 [6:23:19<1:32:56,  5.72s/it]
 88%|████████▊ | 7215/8189 [6:23:24<1:30:44,  5.59s/it]
 88%|████████▊ | 7216/8189 [6:23:28<1:24:59,  5.24s/it]
 88%|████████▊ | 7217/8189 [6:23:33<1:21:05,  5.01s/it]
 88%|████████▊ | 7218/8189 [6:23:37<1:18:17,  4.84s/it]
 88%|████████▊ | 7219/8189 [6:23:43<1:24:46,  5.24s/it]
 88%|████████▊ | 7220/8189 [6:23:49<1:27:12,  5.40s/it]
 88%|████████▊ | 7221/8189 [6:23:54<1:23:22,  5.17s/it]
 88%|████████▊ | 7222/8189 [6:23:58<1:16:18,  4.73s/it]
 88%|████████▊ | 7223/8189 [6:24:01<1:11:49,  4.46s/it]
 88%|████████▊ | 7224/8189 [6:24:05<1:07:44,  4.21s/it]
 88%|████████▊ | 7225/8189 [6:24:09<1:06:25,  4.13s/it]
 88%|████████▊ | 7226/8189 [6:24:13<1:06:13,  4.13s/it]
 88%|████████▊ | 7227/8189 [6:24:17<1:04:44,  4.04s/it]
 88%|████████▊ | 7228/8189 [6:24:20<1:02:09,  3.88s/it]
 88%|████████▊ | 7229/8189 [6:24:24<59:23,  3.71s/it]  
 88%|████████▊ | 7230/8189 [6:24:28<59:49,  3.74s/it]
 88%|████████▊ | 7231/8189 [6:24:31<56:41,  3.55s/it]
 88%|████████▊ | 7232/8189 [6:24:35<59:01,  3.70s/it]
 88%|████████▊ | 7233/8189 [6:24:38<58:07,  3.65s/it]
 88%|████████▊ | 7234/8189 [6:24:42<58:44,  3.69s/it]
 88%|████████▊ | 7235/8189 [6:24:46<59:05,  3.72s/it]
 88%|████████▊ | 7236/8189 [6:24:51<1:03:52,  4.02s/it]
 88%|████████▊ | 7237/8189 [6:24:55<1:05:53,  4.15s/it]
 88%|████████▊ | 7238/8189 [6:24:59<1:05:54,  4.16s/it]
 88%|████████▊ | 7239/8189 [6:25:03<1:04:21,  4.06s/it]
 88%|████████▊ | 7240/8189 [6:25:07<1:03:00,  3.98s/it]
 88%|████████▊ | 7241/8189 [6:25:11<1:01:46,  3.91s/it]
 88%|████████▊ | 7242/8189 [6:25:14<59:25,  3.77s/it]  
 88%|████████▊ | 7243/8189 [6:25:17<58:01,  3.68s/it]
 88%|████████▊ | 7244/8189 [6:25:21<57:14,  3.63s/it]
 88%|████████▊ | 7245/8189 [6:25:24<55:17,  3.51s/it]
 88%|████████▊ | 7246/8189 [6:25:28<56:47,  3.61s/it]
 88%|████████▊ | 7247/8189 [6:25:32<59:28,  3.79s/it]
 89%|████████▊ | 7248/8189 [6:25:36<59:41,  3.81s/it]
 89%|████████▊ | 7249/8189 [6:25:40<58:05,  3.71s/it]
 89%|████████▊ | 7250/8189 [6:25:43<57:09,  3.65s/it]
 89%|████████▊ | 7251/8189 [6:25:47<59:09,  3.78s/it]
 89%|████████▊ | 7252/8189 [6:25:50<56:23,  3.61s/it]
 89%|████████▊ | 7253/8189 [6:25:54<56:47,  3.64s/it]
 89%|████████▊ | 7254/8189 [6:25:58<57:21,  3.68s/it]
 89%|████████▊ | 7255/8189 [6:26:02<57:13,  3.68s/it]
 89%|████████▊ | 7256/8189 [6:26:05<58:15,  3.75s/it]
 89%|████████▊ | 7257/8189 [6:26:09<56:33,  3.64s/it]
 89%|████████▊ | 7258/8189 [6:26:12<54:56,  3.54s/it]
 89%|████████▊ | 7259/8189 [6:26:16<54:52,  3.54s/it]
 89%|████████▊ | 7260/8189 [6:26:19<54:01,  3.49s/it]
 89%|████████▊ | 7261/8189 [6:26:23<56:49,  3.67s/it]
 89%|████████▊ | 7262/8189 [6:26:27<55:38,  3.60s/it]
 89%|████████▊ | 7263/8189 [6:26:30<54:57,  3.56s/it]
 89%|████████▊ | 7264/8189 [6:26:34<56:41,  3.68s/it]
 89%|████████▊ | 7265/8189 [6:26:38<57:00,  3.70s/it]
 89%|████████▊ | 7266/8189 [6:26:41<55:57,  3.64s/it]
 89%|████████▊ | 7267/8189 [6:26:45<55:51,  3.63s/it]
 89%|████████▉ | 7268/8189 [6:26:48<54:28,  3.55s/it]
 89%|████████▉ | 7269/8189 [6:26:52<53:18,  3.48s/it]
 89%|████████▉ | 7270/8189 [6:26:56<55:51,  3.65s/it]
 89%|████████▉ | 7271/8189 [6:26:59<55:20,  3.62s/it]
 89%|████████▉ | 7272/8189 [6:27:03<55:33,  3.64s/it]
 89%|████████▉ | 7273/8189 [6:27:07<56:24,  3.70s/it]
 89%|████████▉ | 7274/8189 [6:27:10<53:10,  3.49s/it]
 89%|████████▉ | 7275/8189 [6:27:13<50:57,  3.34s/it]
 89%|████████▉ | 7276/8189 [6:27:16<50:51,  3.34s/it]
 89%|████████▉ | 7277/8189 [6:27:19<49:20,  3.25s/it]
 89%|████████▉ | 7278/8189 [6:27:22<49:24,  3.25s/it]
 89%|████████▉ | 7279/8189 [6:27:26<49:48,  3.28s/it]
 89%|████████▉ | 7280/8189 [6:27:29<50:36,  3.34s/it]
 89%|████████▉ | 7281/8189 [6:27:32<49:59,  3.30s/it]
 89%|████████▉ | 7282/8189 [6:27:36<50:05,  3.31s/it]
 89%|████████▉ | 7283/8189 [6:27:39<48:35,  3.22s/it]
 89%|████████▉ | 7284/8189 [6:27:43<53:14,  3.53s/it]
 89%|████████▉ | 7285/8189 [6:27:46<52:04,  3.46s/it]
 89%|████████▉ | 7286/8189 [6:27:50<53:43,  3.57s/it]
 89%|████████▉ | 7287/8189 [6:27:54<54:04,  3.60s/it]
 89%|████████▉ | 7288/8189 [6:27:57<54:39,  3.64s/it]
 89%|████████▉ | 7289/8189 [6:28:01<52:48,  3.52s/it]
 89%|████████▉ | 7290/8189 [6:28:04<51:38,  3.45s/it]
 89%|████████▉ | 7291/8189 [6:28:07<51:54,  3.47s/it]
 89%|████████▉ | 7292/8189 [6:28:11<51:31,  3.45s/it]
 89%|████████▉ | 7293/8189 [6:28:14<50:35,  3.39s/it]
 89%|████████▉ | 7294/8189 [6:28:18<51:32,  3.45s/it]
 89%|████████▉ | 7295/8189 [6:28:21<50:05,  3.36s/it]
 89%|████████▉ | 7296/8189 [6:28:24<49:12,  3.31s/it]
 89%|████████▉ | 7297/8189 [6:28:28<50:17,  3.38s/it]
 89%|████████▉ | 7298/8189 [6:28:31<50:52,  3.43s/it]
 89%|████████▉ | 7299/8189 [6:28:34<50:06,  3.38s/it]
 89%|████████▉ | 7300/8189 [6:28:38<50:54,  3.44s/it]
 89%|████████▉ | 7301/8189 [6:28:41<49:19,  3.33s/it]
 89%|████████▉ | 7302/8189 [6:28:45<49:54,  3.38s/it]
 89%|████████▉ | 7303/8189 [6:28:49<52:30,  3.56s/it]
 89%|████████▉ | 7304/8189 [6:28:52<51:27,  3.49s/it]
 89%|████████▉ | 7305/8189 [6:28:55<50:24,  3.42s/it]
 89%|████████▉ | 7306/8189 [6:28:59<52:39,  3.58s/it]
 89%|████████▉ | 7307/8189 [6:29:02<49:50,  3.39s/it]
 89%|████████▉ | 7308/8189 [6:29:05<48:11,  3.28s/it]
 89%|████████▉ | 7309/8189 [6:29:09<50:36,  3.45s/it]
 89%|████████▉ | 7310/8189 [6:29:12<49:16,  3.36s/it]
 89%|████████▉ | 7311/8189 [6:29:15<48:44,  3.33s/it]
 89%|████████▉ | 7312/8189 [6:29:18<47:43,  3.27s/it]
 89%|████████▉ | 7313/8189 [6:29:22<49:46,  3.41s/it]
 89%|████████▉ | 7314/8189 [6:29:38<1:42:06,  7.00s/it]
 89%|████████▉ | 7315/8189 [6:29:41<1:27:17,  5.99s/it]
 89%|████████▉ | 7316/8189 [6:29:46<1:21:54,  5.63s/it]
 89%|████████▉ | 7317/8189 [6:29:49<1:10:45,  4.87s/it]
 89%|████████▉ | 7318/8189 [6:29:52<1:03:36,  4.38s/it]
 89%|████████▉ | 7319/8189 [6:29:55<57:55,  3.99s/it]  
 89%|████████▉ | 7320/8189 [6:29:59<54:51,  3.79s/it]
 89%|████████▉ | 7321/8189 [6:30:02<52:27,  3.63s/it]
 89%|████████▉ | 7322/8189 [6:30:06<52:05,  3.61s/it]
 89%|████████▉ | 7323/8189 [6:30:08<48:29,  3.36s/it]
 89%|████████▉ | 7324/8189 [6:30:12<47:57,  3.33s/it]
 89%|████████▉ | 7325/8189 [6:30:15<47:43,  3.31s/it]
 89%|████████▉ | 7326/8189 [6:30:18<46:46,  3.25s/it]
 89%|████████▉ | 7327/8189 [6:30:22<48:22,  3.37s/it]
 89%|████████▉ | 7328/8189 [6:30:25<48:12,  3.36s/it]
 89%|████████▉ | 7329/8189 [6:30:28<46:50,  3.27s/it]
 90%|████████▉ | 7330/8189 [6:30:32<48:28,  3.39s/it]
 90%|████████▉ | 7331/8189 [6:30:35<48:04,  3.36s/it]
 90%|████████▉ | 7332/8189 [6:30:38<48:48,  3.42s/it]
 90%|████████▉ | 7333/8189 [6:30:42<49:27,  3.47s/it]
 90%|████████▉ | 7334/8189 [6:30:45<48:05,  3.38s/it]
 90%|████████▉ | 7335/8189 [6:30:48<47:24,  3.33s/it]
 90%|████████▉ | 7336/8189 [6:30:52<47:12,  3.32s/it]
 90%|████████▉ | 7337/8189 [6:30:55<46:50,  3.30s/it]
 90%|████████▉ | 7338/8189 [6:30:58<45:05,  3.18s/it]
 90%|████████▉ | 7339/8189 [6:31:01<44:45,  3.16s/it]
 90%|████████▉ | 7340/8189 [6:31:04<44:02,  3.11s/it]
 90%|████████▉ | 7341/8189 [6:31:07<43:40,  3.09s/it]
 90%|████████▉ | 7342/8189 [6:31:10<43:43,  3.10s/it]
 90%|████████▉ | 7343/8189 [6:31:14<45:00,  3.19s/it]
 90%|████████▉ | 7344/8189 [6:31:16<43:43,  3.10s/it]
 90%|████████▉ | 7345/8189 [6:31:20<43:51,  3.12s/it]
 90%|████████▉ | 7346/8189 [6:31:23<44:17,  3.15s/it]
 90%|████████▉ | 7347/8189 [6:31:26<45:30,  3.24s/it]
 90%|████████▉ | 7348/8189 [6:31:29<44:05,  3.15s/it]
 90%|████████▉ | 7349/8189 [6:31:32<43:37,  3.12s/it]
 90%|████████▉ | 7350/8189 [6:31:36<45:29,  3.25s/it]
 90%|████████▉ | 7351/8189 [6:31:39<45:11,  3.24s/it]
 90%|████████▉ | 7352/8189 [6:31:43<46:24,  3.33s/it]
 90%|████████▉ | 7353/8189 [6:31:45<43:04,  3.09s/it]
 90%|████████▉ | 7354/8189 [6:31:49<44:43,  3.21s/it]
 90%|████████▉ | 7355/8189 [6:31:51<43:06,  3.10s/it]
 90%|████████▉ | 7356/8189 [6:31:54<41:59,  3.02s/it]
 90%|████████▉ | 7357/8189 [6:31:58<44:49,  3.23s/it]
 90%|████████▉ | 7358/8189 [6:32:01<44:09,  3.19s/it]
 90%|████████▉ | 7359/8189 [6:32:04<44:32,  3.22s/it]
 90%|████████▉ | 7360/8189 [6:32:08<44:08,  3.20s/it]
 90%|████████▉ | 7361/8189 [6:32:11<44:18,  3.21s/it]
 90%|████████▉ | 7362/8189 [6:32:14<43:44,  3.17s/it]
 90%|████████▉ | 7363/8189 [6:32:17<44:51,  3.26s/it]
 90%|████████▉ | 7364/8189 [6:32:21<44:35,  3.24s/it]
 90%|████████▉ | 7365/8189 [6:32:24<44:47,  3.26s/it]
 90%|████████▉ | 7366/8189 [6:32:27<44:39,  3.26s/it]
 90%|████████▉ | 7367/8189 [6:32:31<45:59,  3.36s/it]
 90%|████████▉ | 7368/8189 [6:32:34<47:05,  3.44s/it]
 90%|████████▉ | 7369/8189 [6:32:38<47:42,  3.49s/it]
 90%|████████▉ | 7370/8189 [6:32:42<48:46,  3.57s/it]
 90%|█████████ | 7371/8189 [6:32:45<48:20,  3.55s/it]
 90%|█████████ | 7372/8189 [6:32:49<48:15,  3.54s/it]
 90%|█████████ | 7373/8189 [6:32:52<47:58,  3.53s/it]
 90%|█████████ | 7374/8189 [6:32:55<46:46,  3.44s/it]
 90%|█████████ | 7375/8189 [6:32:59<46:25,  3.42s/it]
 90%|█████████ | 7376/8189 [6:33:02<46:39,  3.44s/it]
 90%|█████████ | 7377/8189 [6:33:06<46:52,  3.46s/it]
 90%|█████████ | 7378/8189 [6:33:08<43:29,  3.22s/it]
 90%|█████████ | 7379/8189 [6:33:12<43:50,  3.25s/it]
 90%|█████████ | 7380/8189 [6:33:16<46:37,  3.46s/it]
 90%|█████████ | 7381/8189 [6:33:19<47:08,  3.50s/it]
 90%|█████████ | 7382/8189 [6:33:23<46:24,  3.45s/it]
 90%|█████████ | 7383/8189 [6:33:26<45:28,  3.39s/it]
 90%|█████████ | 7384/8189 [6:33:30<46:18,  3.45s/it]
 90%|█████████ | 7385/8189 [6:33:33<45:43,  3.41s/it]
 90%|█████████ | 7386/8189 [6:33:37<46:45,  3.49s/it]
 90%|█████████ | 7387/8189 [6:33:40<46:40,  3.49s/it]
 90%|█████████ | 7388/8189 [6:33:44<47:05,  3.53s/it]
 90%|█████████ | 7389/8189 [6:33:47<47:06,  3.53s/it]
 90%|█████████ | 7390/8189 [6:33:50<46:00,  3.46s/it]
 90%|█████████ | 7391/8189 [6:33:54<46:42,  3.51s/it]
 90%|█████████ | 7392/8189 [6:33:57<46:10,  3.48s/it]
 90%|█████████ | 7393/8189 [6:34:01<45:27,  3.43s/it]
 90%|█████████ | 7394/8189 [6:34:04<43:55,  3.31s/it]
 90%|█████████ | 7395/8189 [6:34:07<42:23,  3.20s/it]
 90%|█████████ | 7396/8189 [6:34:10<42:43,  3.23s/it]
 90%|█████████ | 7397/8189 [6:34:14<43:56,  3.33s/it]
 90%|█████████ | 7398/8189 [6:34:17<44:55,  3.41s/it]
 90%|█████████ | 7399/8189 [6:34:21<44:55,  3.41s/it]
 90%|█████████ | 7400/8189 [6:34:24<45:37,  3.47s/it]
 90%|█████████ | 7401/8189 [6:34:29<49:16,  3.75s/it]
 90%|█████████ | 7402/8189 [6:34:32<47:09,  3.60s/it]
 90%|█████████ | 7403/8189 [6:34:35<46:34,  3.56s/it]
 90%|█████████ | 7404/8189 [6:34:39<46:20,  3.54s/it]
 90%|█████████ | 7405/8189 [6:34:43<46:55,  3.59s/it]
 90%|█████████ | 7406/8189 [6:34:46<47:16,  3.62s/it]
 90%|█████████ | 7407/8189 [6:34:50<46:57,  3.60s/it]
 90%|█████████ | 7408/8189 [6:34:53<46:54,  3.60s/it]
 90%|█████████ | 7409/8189 [6:34:57<48:04,  3.70s/it]
 90%|█████████ | 7410/8189 [6:35:01<46:48,  3.61s/it]
 90%|█████████ | 7411/8189 [6:35:04<46:08,  3.56s/it]
 91%|█████████ | 7412/8189 [6:35:08<45:27,  3.51s/it]
 91%|█████████ | 7413/8189 [6:35:11<46:10,  3.57s/it]
 91%|█████████ | 7414/8189 [6:35:15<46:02,  3.56s/it]
 91%|█████████ | 7415/8189 [6:35:19<47:19,  3.67s/it]
 91%|█████████ | 7416/8189 [6:35:23<47:39,  3.70s/it]
 91%|█████████ | 7417/8189 [6:35:26<47:50,  3.72s/it]
 91%|█████████ | 7418/8189 [6:35:30<46:18,  3.60s/it]
 91%|█████████ | 7419/8189 [6:35:33<45:24,  3.54s/it]
 91%|█████████ | 7420/8189 [6:35:36<45:04,  3.52s/it]
 91%|█████████ | 7421/8189 [6:35:40<43:54,  3.43s/it]
 91%|█████████ | 7422/8189 [6:35:43<45:06,  3.53s/it]
 91%|█████████ | 7423/8189 [6:35:47<44:27,  3.48s/it]
 91%|█████████ | 7424/8189 [6:35:50<44:32,  3.49s/it]
 91%|█████████ | 7425/8189 [6:35:54<43:16,  3.40s/it]
 91%|█████████ | 7426/8189 [6:35:57<44:05,  3.47s/it]
 91%|█████████ | 7427/8189 [6:36:01<44:00,  3.47s/it]
 91%|█████████ | 7428/8189 [6:36:04<44:25,  3.50s/it]
 91%|█████████ | 7429/8189 [6:36:08<43:40,  3.45s/it]
 91%|█████████ | 7430/8189 [6:36:11<42:47,  3.38s/it]
 91%|█████████ | 7431/8189 [6:36:14<42:00,  3.33s/it]
 91%|█████████ | 7432/8189 [6:36:17<41:12,  3.27s/it]
 91%|█████████ | 7433/8189 [6:36:21<43:18,  3.44s/it]
 91%|█████████ | 7434/8189 [6:36:24<42:04,  3.34s/it]
 91%|█████████ | 7435/8189 [6:36:28<42:25,  3.38s/it]
 91%|█████████ | 7436/8189 [6:36:31<42:18,  3.37s/it]
 91%|█████████ | 7437/8189 [6:36:34<41:53,  3.34s/it]
 91%|█████████ | 7438/8189 [6:36:37<41:36,  3.32s/it]
 91%|█████████ | 7439/8189 [6:36:41<42:03,  3.36s/it]
 91%|█████████ | 7440/8189 [6:36:44<41:46,  3.35s/it]
 91%|█████████ | 7441/8189 [6:36:48<41:36,  3.34s/it]
 91%|█████████ | 7442/8189 [6:36:51<41:02,  3.30s/it]
 91%|█████████ | 7443/8189 [6:36:54<41:02,  3.30s/it]
 91%|█████████ | 7444/8189 [6:36:57<40:46,  3.28s/it]
 91%|█████████ | 7445/8189 [6:37:01<40:33,  3.27s/it]
 91%|█████████ | 7446/8189 [6:37:03<38:50,  3.14s/it]
 91%|█████████ | 7447/8189 [6:37:06<38:38,  3.13s/it]
 91%|█████████ | 7448/8189 [6:37:10<38:49,  3.14s/it]
 91%|█████████ | 7449/8189 [6:37:13<39:26,  3.20s/it]
 91%|█████████ | 7450/8189 [6:37:16<37:34,  3.05s/it]
 91%|█████████ | 7451/8189 [6:37:19<37:48,  3.07s/it]
 91%|█████████ | 7452/8189 [6:37:23<40:46,  3.32s/it]
 91%|█████████ | 7453/8189 [6:37:26<40:20,  3.29s/it]
 91%|█████████ | 7454/8189 [6:37:29<41:10,  3.36s/it]
 91%|█████████ | 7455/8189 [6:37:33<42:32,  3.48s/it]
 91%|█████████ | 7456/8189 [6:37:37<42:38,  3.49s/it]
 91%|█████████ | 7457/8189 [6:37:40<40:46,  3.34s/it]
 91%|█████████ | 7458/8189 [6:37:43<41:13,  3.38s/it]
 91%|█████████ | 7459/8189 [6:37:47<42:44,  3.51s/it]
 91%|█████████ | 7460/8189 [6:37:50<41:19,  3.40s/it]
 91%|█████████ | 7461/8189 [6:37:54<42:47,  3.53s/it]
 91%|█████████ | 7462/8189 [6:37:57<40:08,  3.31s/it]
 91%|█████████ | 7463/8189 [6:38:00<40:37,  3.36s/it]
 91%|█████████ | 7464/8189 [6:38:04<40:25,  3.35s/it]
 91%|█████████ | 7465/8189 [6:38:07<40:55,  3.39s/it]
 91%|█████████ | 7466/8189 [6:38:10<39:58,  3.32s/it]
 91%|█████████ | 7467/8189 [6:38:13<36:36,  3.04s/it]
 91%|█████████ | 7468/8189 [6:38:16<38:05,  3.17s/it]
 91%|█████████ | 7469/8189 [6:38:19<38:47,  3.23s/it]
 91%|█████████ | 7470/8189 [6:38:23<39:23,  3.29s/it]
 91%|█████████ | 7471/8189 [6:38:26<39:36,  3.31s/it]
 91%|█████████ | 7472/8189 [6:38:30<39:45,  3.33s/it]
 91%|█████████▏| 7473/8189 [6:38:33<39:33,  3.31s/it]
 91%|█████████▏| 7474/8189 [6:38:36<38:44,  3.25s/it]
 91%|█████████▏| 7475/8189 [6:38:39<37:30,  3.15s/it]
 91%|█████████▏| 7476/8189 [6:38:42<38:14,  3.22s/it]
 91%|█████████▏| 7477/8189 [6:38:46<40:09,  3.38s/it]
 91%|█████████▏| 7478/8189 [6:38:49<40:09,  3.39s/it]
 91%|█████████▏| 7479/8189 [6:38:53<42:29,  3.59s/it]
 91%|█████████▏| 7480/8189 [6:38:57<42:03,  3.56s/it]
 91%|█████████▏| 7481/8189 [6:39:01<42:19,  3.59s/it]
 91%|█████████▏| 7482/8189 [6:39:04<41:13,  3.50s/it]
 91%|█████████▏| 7483/8189 [6:39:09<46:17,  3.93s/it]
 91%|█████████▏| 7484/8189 [6:39:12<43:16,  3.68s/it]
 91%|█████████▏| 7485/8189 [6:39:15<42:39,  3.64s/it]
 91%|█████████▏| 7486/8189 [6:39:19<42:41,  3.64s/it]
 91%|█████████▏| 7487/8189 [6:39:23<41:55,  3.58s/it]
 91%|█████████▏| 7488/8189 [6:39:26<41:14,  3.53s/it]
 91%|█████████▏| 7489/8189 [6:39:29<41:06,  3.52s/it]
 91%|█████████▏| 7490/8189 [6:39:32<36:55,  3.17s/it]
 91%|█████████▏| 7491/8189 [6:39:35<37:18,  3.21s/it]
 91%|█████████▏| 7492/8189 [6:39:38<37:35,  3.24s/it]
 92%|█████████▏| 7493/8189 [6:39:42<38:37,  3.33s/it]
 92%|█████████▏| 7494/8189 [6:39:45<38:20,  3.31s/it]
 92%|█████████▏| 7495/8189 [6:39:49<39:50,  3.44s/it]
 92%|█████████▏| 7496/8189 [6:39:52<39:22,  3.41s/it]
 92%|█████████▏| 7497/8189 [6:39:56<39:25,  3.42s/it]
 92%|█████████▏| 7498/8189 [6:39:59<39:57,  3.47s/it]
 92%|█████████▏| 7499/8189 [6:40:03<39:16,  3.42s/it]
 92%|█████████▏| 7500/8189 [6:40:06<38:16,  3.33s/it]
 92%|█████████▏| 7501/8189 [6:40:10<39:46,  3.47s/it]
 92%|█████████▏| 7502/8189 [6:40:13<39:51,  3.48s/it]
 92%|█████████▏| 7503/8189 [6:40:16<39:04,  3.42s/it]
 92%|█████████▏| 7504/8189 [6:40:20<39:10,  3.43s/it]
 92%|█████████▏| 7505/8189 [6:40:23<38:38,  3.39s/it]
 92%|█████████▏| 7506/8189 [6:40:27<40:10,  3.53s/it]
 92%|█████████▏| 7507/8189 [6:40:30<39:48,  3.50s/it]
 92%|█████████▏| 7508/8189 [6:40:33<37:31,  3.31s/it]
 92%|█████████▏| 7509/8189 [6:40:37<37:47,  3.33s/it]
 92%|█████████▏| 7510/8189 [6:40:40<38:39,  3.42s/it]
 92%|█████████▏| 7511/8189 [6:40:43<37:47,  3.34s/it]
 92%|█████████▏| 7512/8189 [6:40:47<37:42,  3.34s/it]
 92%|█████████▏| 7513/8189 [6:40:50<38:33,  3.42s/it]
 92%|█████████▏| 7514/8189 [6:40:54<38:31,  3.42s/it]
 92%|█████████▏| 7515/8189 [6:40:57<38:16,  3.41s/it]
 92%|█████████▏| 7516/8189 [6:41:01<39:29,  3.52s/it]
 92%|█████████▏| 7517/8189 [6:41:04<38:10,  3.41s/it]
 92%|█████████▏| 7518/8189 [6:41:07<37:58,  3.40s/it]
 92%|█████████▏| 7519/8189 [6:41:11<39:18,  3.52s/it]
 92%|█████████▏| 7520/8189 [6:41:15<38:43,  3.47s/it]
 92%|█████████▏| 7521/8189 [6:41:18<37:15,  3.35s/it]
 92%|█████████▏| 7522/8189 [6:41:21<38:28,  3.46s/it]
 92%|█████████▏| 7523/8189 [6:41:24<36:50,  3.32s/it]
 92%|█████████▏| 7524/8189 [6:41:28<36:54,  3.33s/it]
 92%|█████████▏| 7525/8189 [6:41:31<36:20,  3.28s/it]
 92%|█████████▏| 7526/8189 [6:41:34<35:40,  3.23s/it]
 92%|█████████▏| 7527/8189 [6:41:37<35:21,  3.21s/it]
 92%|█████████▏| 7528/8189 [6:41:41<35:56,  3.26s/it]
 92%|█████████▏| 7529/8189 [6:41:44<35:27,  3.22s/it]
 92%|█████████▏| 7530/8189 [6:41:47<35:55,  3.27s/it]
 92%|█████████▏| 7531/8189 [6:41:50<35:42,  3.26s/it]
 92%|█████████▏| 7532/8189 [6:41:53<34:55,  3.19s/it]
 92%|█████████▏| 7533/8189 [6:41:57<37:44,  3.45s/it]
 92%|█████████▏| 7534/8189 [6:42:01<36:48,  3.37s/it]
 92%|█████████▏| 7535/8189 [6:42:04<35:57,  3.30s/it]
 92%|█████████▏| 7536/8189 [6:42:07<35:49,  3.29s/it]
 92%|█████████▏| 7537/8189 [6:42:10<36:02,  3.32s/it]
 92%|█████████▏| 7538/8189 [6:42:14<36:49,  3.39s/it]
 92%|█████████▏| 7539/8189 [6:42:17<35:28,  3.27s/it]
 92%|█████████▏| 7540/8189 [6:42:20<35:38,  3.29s/it]
 92%|█████████▏| 7541/8189 [6:42:24<35:36,  3.30s/it]
 92%|█████████▏| 7542/8189 [6:42:27<36:39,  3.40s/it]
 92%|█████████▏| 7543/8189 [6:42:31<36:22,  3.38s/it]
 92%|█████████▏| 7544/8189 [6:42:33<33:55,  3.16s/it]
 92%|█████████▏| 7545/8189 [6:42:37<34:39,  3.23s/it]
 92%|█████████▏| 7546/8189 [6:42:40<34:48,  3.25s/it]
 92%|█████████▏| 7547/8189 [6:42:43<35:19,  3.30s/it]
 92%|█████████▏| 7548/8189 [6:42:47<34:52,  3.26s/it]
 92%|█████████▏| 7549/8189 [6:42:50<34:33,  3.24s/it]
 92%|█████████▏| 7550/8189 [6:42:52<32:24,  3.04s/it]
 92%|█████████▏| 7551/8189 [6:42:56<34:02,  3.20s/it]
 92%|█████████▏| 7552/8189 [6:42:59<34:27,  3.25s/it]
 92%|█████████▏| 7553/8189 [6:43:02<33:55,  3.20s/it]
 92%|█████████▏| 7554/8189 [6:43:06<34:32,  3.26s/it]
 92%|█████████▏| 7555/8189 [6:43:09<34:19,  3.25s/it]
 92%|█████████▏| 7556/8189 [6:43:12<34:43,  3.29s/it]
 92%|█████████▏| 7557/8189 [6:43:15<34:19,  3.26s/it]
 92%|█████████▏| 7558/8189 [6:43:19<35:26,  3.37s/it]
 92%|█████████▏| 7559/8189 [6:43:22<35:14,  3.36s/it]
 92%|█████████▏| 7560/8189 [6:43:26<34:15,  3.27s/it]
 92%|█████████▏| 7561/8189 [6:43:29<35:59,  3.44s/it]
 92%|█████████▏| 7562/8189 [6:43:33<37:26,  3.58s/it]
 92%|█████████▏| 7563/8189 [6:43:37<38:37,  3.70s/it]
 92%|█████████▏| 7564/8189 [6:43:41<38:22,  3.68s/it]
 92%|█████████▏| 7565/8189 [6:43:44<36:05,  3.47s/it]
 92%|█████████▏| 7566/8189 [6:43:47<34:38,  3.34s/it]
 92%|█████████▏| 7567/8189 [6:43:50<34:53,  3.37s/it]
 92%|█████████▏| 7568/8189 [6:43:54<34:30,  3.33s/it]
 92%|█████████▏| 7569/8189 [6:43:57<35:14,  3.41s/it]
 92%|█████████▏| 7570/8189 [6:44:01<35:02,  3.40s/it]
 92%|█████████▏| 7571/8189 [6:44:03<33:38,  3.27s/it]
 92%|█████████▏| 7572/8189 [6:44:07<33:21,  3.24s/it]
 92%|█████████▏| 7573/8189 [6:44:10<33:28,  3.26s/it]
 92%|█████████▏| 7574/8189 [6:44:13<33:25,  3.26s/it]
 93%|█████████▎| 7575/8189 [6:44:16<32:20,  3.16s/it]
 93%|█████████▎| 7576/8189 [6:44:19<32:45,  3.21s/it]
 93%|█████████▎| 7577/8189 [6:44:23<32:33,  3.19s/it]
 93%|█████████▎| 7578/8189 [6:44:26<31:54,  3.13s/it]
 93%|█████████▎| 7579/8189 [6:44:29<32:42,  3.22s/it]
 93%|█████████▎| 7580/8189 [6:44:32<32:41,  3.22s/it]
 93%|█████████▎| 7581/8189 [6:44:36<32:50,  3.24s/it]
 93%|█████████▎| 7582/8189 [6:44:39<33:13,  3.28s/it]
 93%|█████████▎| 7583/8189 [6:44:42<32:45,  3.24s/it]
 93%|█████████▎| 7584/8189 [6:44:45<32:12,  3.19s/it]
 93%|█████████▎| 7585/8189 [6:44:49<33:18,  3.31s/it]
 93%|█████████▎| 7586/8189 [6:44:52<32:33,  3.24s/it]
 93%|█████████▎| 7587/8189 [6:44:55<32:53,  3.28s/it]
 93%|█████████▎| 7588/8189 [6:44:59<33:58,  3.39s/it]
 93%|█████████▎| 7589/8189 [6:45:02<32:40,  3.27s/it]
 93%|█████████▎| 7590/8189 [6:45:05<31:08,  3.12s/it]
 93%|█████████▎| 7591/8189 [6:45:08<31:52,  3.20s/it]
 93%|█████████▎| 7592/8189 [6:45:11<31:55,  3.21s/it]
 93%|█████████▎| 7593/8189 [6:45:15<32:07,  3.23s/it]
 93%|█████████▎| 7594/8189 [6:45:18<32:04,  3.23s/it]
 93%|█████████▎| 7595/8189 [6:45:21<32:20,  3.27s/it]
 93%|█████████▎| 7596/8189 [6:45:24<31:32,  3.19s/it]
 93%|█████████▎| 7597/8189 [6:45:27<31:54,  3.23s/it]
 93%|█████████▎| 7598/8189 [6:45:31<31:22,  3.19s/it]
 93%|█████████▎| 7599/8189 [6:45:34<31:29,  3.20s/it]
 93%|█████████▎| 7600/8189 [6:45:37<31:25,  3.20s/it]
 93%|█████████▎| 7601/8189 [6:45:40<31:41,  3.23s/it]
 93%|█████████▎| 7602/8189 [6:45:44<32:25,  3.31s/it]
 93%|█████████▎| 7603/8189 [6:45:47<32:54,  3.37s/it]
 93%|█████████▎| 7604/8189 [6:45:51<32:29,  3.33s/it]
 93%|█████████▎| 7605/8189 [6:45:54<32:04,  3.30s/it]
 93%|█████████▎| 7606/8189 [6:45:57<31:54,  3.28s/it]
 93%|█████████▎| 7607/8189 [6:46:00<31:24,  3.24s/it]
 93%|█████████▎| 7608/8189 [6:46:03<31:25,  3.24s/it]
 93%|█████████▎| 7609/8189 [6:46:06<30:33,  3.16s/it]
 93%|█████████▎| 7610/8189 [6:46:10<32:08,  3.33s/it]
 93%|█████████▎| 7611/8189 [6:46:13<31:25,  3.26s/it]
 93%|█████████▎| 7612/8189 [6:46:16<31:04,  3.23s/it]
 93%|█████████▎| 7613/8189 [6:46:20<32:21,  3.37s/it]
 93%|█████████▎| 7614/8189 [6:46:23<31:54,  3.33s/it]
 93%|█████████▎| 7615/8189 [6:46:27<31:44,  3.32s/it]
 93%|█████████▎| 7616/8189 [6:46:29<30:36,  3.21s/it]
 93%|█████████▎| 7617/8189 [6:46:33<30:27,  3.19s/it]
 93%|█████████▎| 7618/8189 [6:46:36<30:35,  3.22s/it]
 93%|█████████▎| 7619/8189 [6:46:39<30:34,  3.22s/it]
 93%|█████████▎| 7620/8189 [6:46:42<30:09,  3.18s/it]
 93%|█████████▎| 7621/8189 [6:46:46<30:42,  3.24s/it]
 93%|█████████▎| 7622/8189 [6:46:49<30:37,  3.24s/it]
 93%|█████████▎| 7623/8189 [6:46:52<29:41,  3.15s/it]
 93%|█████████▎| 7624/8189 [6:46:55<29:23,  3.12s/it]
 93%|█████████▎| 7625/8189 [6:46:58<29:59,  3.19s/it]
 93%|█████████▎| 7626/8189 [6:47:01<30:03,  3.20s/it]
 93%|█████████▎| 7627/8189 [6:47:05<29:39,  3.17s/it]
 93%|█████████▎| 7628/8189 [6:47:08<29:50,  3.19s/it]
 93%|█████████▎| 7629/8189 [6:47:11<30:02,  3.22s/it]
 93%|█████████▎| 7630/8189 [6:47:14<30:08,  3.23s/it]
 93%|█████████▎| 7631/8189 [6:47:18<31:00,  3.34s/it]
 93%|█████████▎| 7632/8189 [6:47:22<32:41,  3.52s/it]
 93%|█████████▎| 7633/8189 [6:47:25<31:26,  3.39s/it]
 93%|█████████▎| 7634/8189 [6:47:28<30:23,  3.29s/it]
 93%|█████████▎| 7635/8189 [6:47:31<29:54,  3.24s/it]
 93%|█████████▎| 7636/8189 [6:47:34<29:42,  3.22s/it]
 93%|█████████▎| 7637/8189 [6:47:38<30:18,  3.29s/it]
 93%|█████████▎| 7638/8189 [6:47:41<29:59,  3.27s/it]
 93%|█████████▎| 7639/8189 [6:47:44<29:33,  3.22s/it]
 93%|█████████▎| 7640/8189 [6:47:47<29:02,  3.17s/it]
 93%|█████████▎| 7641/8189 [6:47:50<28:50,  3.16s/it]
 93%|█████████▎| 7642/8189 [6:47:54<29:15,  3.21s/it]
 93%|█████████▎| 7643/8189 [6:47:56<26:29,  2.91s/it]
 93%|█████████▎| 7644/8189 [6:47:59<27:59,  3.08s/it]
 93%|█████████▎| 7645/8189 [6:48:03<29:30,  3.25s/it]
 93%|█████████▎| 7646/8189 [6:48:07<30:23,  3.36s/it]
 93%|█████████▎| 7647/8189 [6:48:10<31:56,  3.54s/it]
 93%|█████████▎| 7648/8189 [6:48:14<32:03,  3.55s/it]
 93%|█████████▎| 7649/8189 [6:48:17<30:46,  3.42s/it]
 93%|█████████▎| 7650/8189 [6:48:20<29:13,  3.25s/it]
 93%|█████████▎| 7651/8189 [6:48:24<30:18,  3.38s/it]
 93%|█████████▎| 7652/8189 [6:48:27<30:21,  3.39s/it]
 93%|█████████▎| 7653/8189 [6:48:31<30:58,  3.47s/it]
 93%|█████████▎| 7654/8189 [6:48:35<31:33,  3.54s/it]
 93%|█████████▎| 7655/8189 [6:48:38<31:29,  3.54s/it]
 93%|█████████▎| 7656/8189 [6:48:41<31:06,  3.50s/it]
 94%|█████████▎| 7657/8189 [6:48:45<31:12,  3.52s/it]
 94%|█████████▎| 7658/8189 [6:48:49<31:07,  3.52s/it]
 94%|█████████▎| 7659/8189 [6:48:52<30:31,  3.46s/it]
 94%|█████████▎| 7660/8189 [6:48:56<31:21,  3.56s/it]
 94%|█████████▎| 7661/8189 [6:48:59<30:57,  3.52s/it]
 94%|█████████▎| 7662/8189 [6:49:03<30:42,  3.50s/it]
 94%|█████████▎| 7663/8189 [6:49:06<30:00,  3.42s/it]
 94%|█████████▎| 7664/8189 [6:49:10<31:05,  3.55s/it]
 94%|█████████▎| 7665/8189 [6:49:13<31:13,  3.57s/it]
 94%|█████████▎| 7666/8189 [6:49:17<31:01,  3.56s/it]
 94%|█████████▎| 7667/8189 [6:49:20<30:42,  3.53s/it]
 94%|█████████▎| 7668/8189 [6:49:24<31:46,  3.66s/it]
 94%|█████████▎| 7669/8189 [6:49:28<31:16,  3.61s/it]
 94%|█████████▎| 7670/8189 [6:49:31<30:44,  3.55s/it]
 94%|█████████▎| 7671/8189 [6:49:35<30:40,  3.55s/it]
 94%|█████████▎| 7672/8189 [6:49:38<29:04,  3.37s/it]
 94%|█████████▎| 7673/8189 [6:49:41<28:31,  3.32s/it]
 94%|█████████▎| 7674/8189 [6:49:44<28:43,  3.35s/it]
 94%|█████████▎| 7675/8189 [6:49:48<29:08,  3.40s/it]
 94%|█████████▎| 7676/8189 [6:49:51<29:28,  3.45s/it]
 94%|█████████▎| 7677/8189 [6:49:55<30:05,  3.53s/it]
 94%|█████████▍| 7678/8189 [6:49:59<29:57,  3.52s/it]
 94%|█████████▍| 7679/8189 [6:50:02<30:25,  3.58s/it]
 94%|█████████▍| 7680/8189 [6:50:06<29:35,  3.49s/it]
 94%|█████████▍| 7681/8189 [6:50:09<29:13,  3.45s/it]
 94%|█████████▍| 7682/8189 [6:50:12<29:16,  3.46s/it]
 94%|█████████▍| 7683/8189 [6:50:16<29:35,  3.51s/it]
 94%|█████████▍| 7684/8189 [6:50:20<29:44,  3.53s/it]
 94%|█████████▍| 7685/8189 [6:50:23<29:55,  3.56s/it]
 94%|█████████▍| 7686/8189 [6:50:26<29:02,  3.46s/it]
 94%|█████████▍| 7687/8189 [6:50:29<27:56,  3.34s/it]
 94%|█████████▍| 7688/8189 [6:50:33<27:16,  3.27s/it]
 94%|█████████▍| 7689/8189 [6:50:37<28:56,  3.47s/it]
 94%|█████████▍| 7690/8189 [6:50:39<27:35,  3.32s/it]
 94%|█████████▍| 7691/8189 [6:50:43<27:04,  3.26s/it]
 94%|█████████▍| 7692/8189 [6:50:46<28:00,  3.38s/it]
 94%|█████████▍| 7693/8189 [6:50:49<27:04,  3.28s/it]
 94%|█████████▍| 7694/8189 [6:50:53<26:53,  3.26s/it]
 94%|█████████▍| 7695/8189 [6:50:56<27:38,  3.36s/it]
 94%|█████████▍| 7696/8189 [6:50:59<27:26,  3.34s/it]
 94%|█████████▍| 7697/8189 [6:51:03<27:48,  3.39s/it]
 94%|█████████▍| 7698/8189 [6:51:06<28:07,  3.44s/it]
 94%|█████████▍| 7699/8189 [6:51:10<28:33,  3.50s/it]
 94%|█████████▍| 7700/8189 [6:51:13<28:10,  3.46s/it]
 94%|█████████▍| 7701/8189 [6:51:17<28:45,  3.54s/it]
 94%|█████████▍| 7702/8189 [6:51:20<28:07,  3.46s/it]
 94%|█████████▍| 7703/8189 [6:51:24<27:33,  3.40s/it]
 94%|█████████▍| 7704/8189 [6:51:27<27:57,  3.46s/it]
 94%|█████████▍| 7705/8189 [6:51:31<28:09,  3.49s/it]
 94%|█████████▍| 7706/8189 [6:51:34<27:41,  3.44s/it]
 94%|█████████▍| 7707/8189 [6:51:37<26:53,  3.35s/it]
 94%|█████████▍| 7708/8189 [6:51:41<26:23,  3.29s/it]
 94%|█████████▍| 7709/8189 [6:51:43<25:25,  3.18s/it]
 94%|█████████▍| 7710/8189 [6:51:46<24:53,  3.12s/it]
 94%|█████████▍| 7711/8189 [6:51:50<25:28,  3.20s/it]
 94%|█████████▍| 7712/8189 [6:51:53<25:59,  3.27s/it]
 94%|█████████▍| 7713/8189 [6:51:56<25:51,  3.26s/it]
 94%|█████████▍| 7714/8189 [6:52:00<26:19,  3.32s/it]
 94%|█████████▍| 7715/8189 [6:52:03<26:48,  3.39s/it]
 94%|█████████▍| 7716/8189 [6:52:07<27:41,  3.51s/it]
 94%|█████████▍| 7717/8189 [6:52:11<27:37,  3.51s/it]
 94%|█████████▍| 7718/8189 [6:52:14<26:51,  3.42s/it]
 94%|█████████▍| 7719/8189 [6:52:18<26:59,  3.45s/it]
 94%|█████████▍| 7720/8189 [6:52:22<28:23,  3.63s/it]
 94%|█████████▍| 7721/8189 [6:52:25<27:28,  3.52s/it]
 94%|█████████▍| 7722/8189 [6:52:29<27:44,  3.56s/it]
 94%|█████████▍| 7723/8189 [6:52:32<28:22,  3.65s/it]
 94%|█████████▍| 7724/8189 [6:52:36<28:08,  3.63s/it]
 94%|█████████▍| 7725/8189 [6:52:39<27:03,  3.50s/it]
 94%|█████████▍| 7726/8189 [6:52:42<26:17,  3.41s/it]
 94%|█████████▍| 7727/8189 [6:52:46<26:01,  3.38s/it]
 94%|█████████▍| 7728/8189 [6:52:49<24:45,  3.22s/it]
 94%|█████████▍| 7729/8189 [6:52:52<25:16,  3.30s/it]
 94%|█████████▍| 7730/8189 [6:52:55<25:07,  3.28s/it]
 94%|█████████▍| 7731/8189 [6:52:59<25:13,  3.31s/it]
 94%|█████████▍| 7732/8189 [6:53:02<25:27,  3.34s/it]
 94%|█████████▍| 7733/8189 [6:53:05<25:01,  3.29s/it]
 94%|█████████▍| 7734/8189 [6:53:08<24:55,  3.29s/it]
 94%|█████████▍| 7735/8189 [6:53:12<24:35,  3.25s/it]
 94%|█████████▍| 7736/8189 [6:53:15<24:51,  3.29s/it]
 94%|█████████▍| 7737/8189 [6:53:18<24:36,  3.27s/it]
 94%|█████████▍| 7738/8189 [6:53:22<24:54,  3.31s/it]
 95%|█████████▍| 7739/8189 [6:53:25<24:40,  3.29s/it]
 95%|█████████▍| 7740/8189 [6:53:28<23:57,  3.20s/it]
 95%|█████████▍| 7741/8189 [6:53:31<24:20,  3.26s/it]
 95%|█████████▍| 7742/8189 [6:53:35<24:23,  3.27s/it]
 95%|█████████▍| 7743/8189 [6:53:38<24:31,  3.30s/it]
 95%|█████████▍| 7744/8189 [6:53:41<24:56,  3.36s/it]
 95%|█████████▍| 7745/8189 [6:53:45<25:06,  3.39s/it]
 95%|█████████▍| 7746/8189 [6:53:48<25:13,  3.42s/it]
 95%|█████████▍| 7747/8189 [6:53:52<25:47,  3.50s/it]
 95%|█████████▍| 7748/8189 [6:53:55<25:09,  3.42s/it]
 95%|█████████▍| 7749/8189 [6:53:59<25:17,  3.45s/it]
 95%|█████████▍| 7750/8189 [6:54:02<24:43,  3.38s/it]
 95%|█████████▍| 7751/8189 [6:54:05<24:25,  3.35s/it]
 95%|█████████▍| 7752/8189 [6:54:08<24:00,  3.30s/it]
 95%|█████████▍| 7753/8189 [6:54:12<23:39,  3.26s/it]
 95%|█████████▍| 7754/8189 [6:54:15<24:37,  3.40s/it]
 95%|█████████▍| 7755/8189 [6:54:19<24:09,  3.34s/it]
 95%|█████████▍| 7756/8189 [6:54:22<23:40,  3.28s/it]
 95%|█████████▍| 7757/8189 [6:54:25<24:22,  3.39s/it]
 95%|█████████▍| 7758/8189 [6:54:29<24:32,  3.42s/it]
 95%|█████████▍| 7759/8189 [6:54:32<24:18,  3.39s/it]
 95%|█████████▍| 7760/8189 [6:54:35<23:53,  3.34s/it]
 95%|█████████▍| 7761/8189 [6:54:39<23:27,  3.29s/it]
 95%|█████████▍| 7762/8189 [6:54:42<23:39,  3.32s/it]
 95%|█████████▍| 7763/8189 [6:54:45<23:05,  3.25s/it]
 95%|█████████▍| 7764/8189 [6:54:49<23:37,  3.34s/it]
 95%|█████████▍| 7765/8189 [6:54:52<23:37,  3.34s/it]
 95%|█████████▍| 7766/8189 [6:54:55<23:36,  3.35s/it]
 95%|█████████▍| 7767/8189 [6:54:59<24:30,  3.49s/it]
 95%|█████████▍| 7768/8189 [6:55:02<23:38,  3.37s/it]
 95%|█████████▍| 7769/8189 [6:55:05<23:14,  3.32s/it]
 95%|█████████▍| 7770/8189 [6:55:08<22:13,  3.18s/it]
 95%|█████████▍| 7771/8189 [6:55:12<22:44,  3.26s/it]
 95%|█████████▍| 7772/8189 [6:55:15<22:33,  3.25s/it]
 95%|█████████▍| 7773/8189 [6:55:18<21:56,  3.16s/it]
 95%|█████████▍| 7774/8189 [6:55:21<21:40,  3.13s/it]
 95%|█████████▍| 7775/8189 [6:55:24<20:56,  3.04s/it]
 95%|█████████▍| 7776/8189 [6:55:27<21:05,  3.06s/it]
 95%|█████████▍| 7777/8189 [6:55:31<22:41,  3.30s/it]
 95%|█████████▍| 7778/8189 [6:55:34<22:25,  3.27s/it]
 95%|█████████▍| 7779/8189 [6:55:37<22:37,  3.31s/it]
 95%|█████████▌| 7780/8189 [6:55:40<21:58,  3.22s/it]
 95%|█████████▌| 7781/8189 [6:55:44<22:05,  3.25s/it]
 95%|█████████▌| 7782/8189 [6:55:48<23:23,  3.45s/it]
 95%|█████████▌| 7783/8189 [6:55:51<23:47,  3.52s/it]
 95%|█████████▌| 7784/8189 [6:55:55<24:52,  3.69s/it]
 95%|█████████▌| 7785/8189 [6:55:59<23:57,  3.56s/it]
 95%|█████████▌| 7786/8189 [6:56:02<23:07,  3.44s/it]
 95%|█████████▌| 7787/8189 [6:56:05<22:55,  3.42s/it]
 95%|█████████▌| 7788/8189 [6:56:09<22:51,  3.42s/it]
 95%|█████████▌| 7789/8189 [6:56:12<22:06,  3.32s/it]
 95%|█████████▌| 7790/8189 [6:56:15<22:06,  3.32s/it]
 95%|█████████▌| 7791/8189 [6:56:18<21:47,  3.29s/it]
 95%|█████████▌| 7792/8189 [6:56:22<22:10,  3.35s/it]
 95%|█████████▌| 7793/8189 [6:56:25<22:03,  3.34s/it]
 95%|█████████▌| 7794/8189 [6:56:28<21:59,  3.34s/it]
 95%|█████████▌| 7795/8189 [6:56:32<23:12,  3.53s/it]
 95%|█████████▌| 7796/8189 [6:56:36<22:41,  3.47s/it]
 95%|█████████▌| 7797/8189 [6:56:39<21:51,  3.35s/it]
 95%|█████████▌| 7798/8189 [6:56:42<22:03,  3.38s/it]
 95%|█████████▌| 7799/8189 [6:56:45<21:34,  3.32s/it]
 95%|█████████▌| 7800/8189 [6:56:49<21:25,  3.31s/it]
 95%|█████████▌| 7801/8189 [6:56:52<21:25,  3.31s/it]
 95%|█████████▌| 7802/8189 [6:56:55<21:39,  3.36s/it]
 95%|█████████▌| 7803/8189 [6:56:59<21:53,  3.40s/it]
 95%|█████████▌| 7804/8189 [6:57:02<21:09,  3.30s/it]
 95%|█████████▌| 7805/8189 [6:57:05<21:00,  3.28s/it]
 95%|█████████▌| 7806/8189 [6:57:09<22:00,  3.45s/it]
 95%|█████████▌| 7807/8189 [6:57:12<21:52,  3.44s/it]
 95%|█████████▌| 7808/8189 [6:57:16<21:18,  3.35s/it]
 95%|█████████▌| 7809/8189 [6:57:19<20:18,  3.21s/it]
 95%|█████████▌| 7810/8189 [6:57:22<20:21,  3.22s/it]
 95%|█████████▌| 7811/8189 [6:57:25<20:52,  3.31s/it]
 95%|█████████▌| 7812/8189 [6:57:28<20:25,  3.25s/it]
 95%|█████████▌| 7813/8189 [6:57:32<20:18,  3.24s/it]
 95%|█████████▌| 7814/8189 [6:57:36<21:36,  3.46s/it]
 95%|█████████▌| 7815/8189 [6:57:39<20:37,  3.31s/it]
 95%|█████████▌| 7816/8189 [6:57:43<22:57,  3.69s/it]
 95%|█████████▌| 7817/8189 [6:57:46<22:02,  3.55s/it]
 95%|█████████▌| 7818/8189 [6:57:49<20:48,  3.37s/it]
 95%|█████████▌| 7819/8189 [6:57:53<21:57,  3.56s/it]
 95%|█████████▌| 7820/8189 [6:57:57<22:33,  3.67s/it]
 96%|█████████▌| 7821/8189 [6:58:00<21:02,  3.43s/it]
 96%|█████████▌| 7822/8189 [6:58:03<20:07,  3.29s/it]
 96%|█████████▌| 7823/8189 [6:58:06<19:50,  3.25s/it]
 96%|█████████▌| 7824/8189 [6:58:09<19:28,  3.20s/it]
 96%|█████████▌| 7825/8189 [6:58:12<18:44,  3.09s/it]
 96%|█████████▌| 7826/8189 [6:58:15<18:39,  3.08s/it]
 96%|█████████▌| 7827/8189 [6:58:18<18:57,  3.14s/it]
 96%|█████████▌| 7828/8189 [6:58:22<18:53,  3.14s/it]
 96%|█████████▌| 7829/8189 [6:58:24<18:04,  3.01s/it]
 96%|█████████▌| 7830/8189 [6:58:28<18:39,  3.12s/it]
 96%|█████████▌| 7831/8189 [6:58:31<19:15,  3.23s/it]
 96%|█████████▌| 7832/8189 [6:58:34<19:17,  3.24s/it]
 96%|█████████▌| 7833/8189 [6:58:38<19:18,  3.25s/it]
 96%|█████████▌| 7834/8189 [6:58:41<20:06,  3.40s/it]
 96%|█████████▌| 7835/8189 [6:58:44<19:21,  3.28s/it]
 96%|█████████▌| 7836/8189 [6:58:48<19:13,  3.27s/it]
 96%|█████████▌| 7837/8189 [6:58:51<19:10,  3.27s/it]
 96%|█████████▌| 7838/8189 [6:58:54<19:30,  3.33s/it]
 96%|█████████▌| 7839/8189 [6:58:58<18:57,  3.25s/it]
 96%|█████████▌| 7840/8189 [6:59:01<19:29,  3.35s/it]
 96%|█████████▌| 7841/8189 [6:59:04<18:37,  3.21s/it]
 96%|█████████▌| 7842/8189 [6:59:07<18:27,  3.19s/it]
 96%|█████████▌| 7843/8189 [6:59:10<18:26,  3.20s/it]
 96%|█████████▌| 7844/8189 [6:59:14<18:33,  3.23s/it]
 96%|█████████▌| 7845/8189 [6:59:17<18:17,  3.19s/it]
 96%|█████████▌| 7846/8189 [6:59:20<18:04,  3.16s/it]
 96%|█████████▌| 7847/8189 [6:59:23<17:38,  3.09s/it]
 96%|█████████▌| 7848/8189 [6:59:26<18:23,  3.24s/it]
 96%|█████████▌| 7849/8189 [6:59:29<17:40,  3.12s/it]
 96%|█████████▌| 7850/8189 [6:59:32<17:44,  3.14s/it]
 96%|█████████▌| 7851/8189 [6:59:36<18:45,  3.33s/it]
 96%|█████████▌| 7852/8189 [6:59:39<18:22,  3.27s/it]
 96%|█████████▌| 7853/8189 [6:59:42<17:57,  3.21s/it]
 96%|█████████▌| 7854/8189 [6:59:46<18:20,  3.29s/it]
 96%|█████████▌| 7855/8189 [6:59:49<18:05,  3.25s/it]
 96%|█████████▌| 7856/8189 [6:59:52<17:58,  3.24s/it]
 96%|█████████▌| 7857/8189 [6:59:55<17:48,  3.22s/it]
 96%|█████████▌| 7858/8189 [6:59:59<18:32,  3.36s/it]
 96%|█████████▌| 7859/8189 [7:00:02<17:49,  3.24s/it]
 96%|█████████▌| 7860/8189 [7:00:05<17:45,  3.24s/it]
 96%|█████████▌| 7861/8189 [7:00:08<17:20,  3.17s/it]
 96%|█████████▌| 7862/8189 [7:00:12<17:48,  3.27s/it]
 96%|█████████▌| 7863/8189 [7:00:15<17:28,  3.22s/it]
 96%|█████████▌| 7864/8189 [7:00:18<17:06,  3.16s/it]
 96%|█████████▌| 7865/8189 [7:00:21<17:10,  3.18s/it]
 96%|█████████▌| 7866/8189 [7:00:24<16:36,  3.09s/it]
 96%|█████████▌| 7867/8189 [7:00:28<17:28,  3.26s/it]
 96%|█████████▌| 7868/8189 [7:00:31<17:05,  3.20s/it]
 96%|█████████▌| 7869/8189 [7:00:34<17:19,  3.25s/it]
 96%|█████████▌| 7870/8189 [7:00:38<17:37,  3.32s/it]
 96%|█████████▌| 7871/8189 [7:00:41<17:06,  3.23s/it]
 96%|█████████▌| 7872/8189 [7:00:43<16:13,  3.07s/it]
 96%|█████████▌| 7873/8189 [7:00:46<16:23,  3.11s/it]
 96%|█████████▌| 7874/8189 [7:00:50<16:49,  3.20s/it]
 96%|█████████▌| 7875/8189 [7:00:53<16:20,  3.12s/it]
 96%|█████████▌| 7876/8189 [7:00:56<16:02,  3.07s/it]
 96%|█████████▌| 7877/8189 [7:00:59<16:02,  3.09s/it]
 96%|█████████▌| 7878/8189 [7:01:02<16:46,  3.24s/it]
 96%|█████████▌| 7879/8189 [7:01:06<16:35,  3.21s/it]
 96%|█████████▌| 7880/8189 [7:01:09<16:40,  3.24s/it]
 96%|█████████▌| 7881/8189 [7:01:12<16:48,  3.28s/it]
 96%|█████████▋| 7882/8189 [7:01:16<17:32,  3.43s/it]
 96%|█████████▋| 7883/8189 [7:01:20<17:38,  3.46s/it]
 96%|█████████▋| 7884/8189 [7:01:23<17:53,  3.52s/it]
 96%|█████████▋| 7885/8189 [7:01:27<17:51,  3.52s/it]
 96%|█████████▋| 7886/8189 [7:01:30<17:38,  3.49s/it]
 96%|█████████▋| 7887/8189 [7:01:34<18:04,  3.59s/it]
 96%|█████████▋| 7888/8189 [7:01:38<18:01,  3.59s/it]
 96%|█████████▋| 7889/8189 [7:01:41<18:12,  3.64s/it]
 96%|█████████▋| 7890/8189 [7:01:45<17:35,  3.53s/it]
 96%|█████████▋| 7891/8189 [7:01:48<17:30,  3.53s/it]
 96%|█████████▋| 7892/8189 [7:01:51<17:04,  3.45s/it]
 96%|█████████▋| 7893/8189 [7:01:55<16:39,  3.38s/it]
 96%|█████████▋| 7894/8189 [7:01:57<15:41,  3.19s/it]
 96%|█████████▋| 7895/8189 [7:02:00<15:19,  3.13s/it]
 96%|█████████▋| 7896/8189 [7:02:04<15:43,  3.22s/it]
 96%|█████████▋| 7897/8189 [7:02:07<16:02,  3.30s/it]
 96%|█████████▋| 7898/8189 [7:02:11<15:49,  3.26s/it]
 96%|█████████▋| 7899/8189 [7:02:14<15:44,  3.26s/it]
 96%|█████████▋| 7900/8189 [7:02:17<15:30,  3.22s/it]
 96%|█████████▋| 7901/8189 [7:02:20<15:07,  3.15s/it]
 96%|█████████▋| 7902/8189 [7:02:23<15:02,  3.14s/it]
 97%|█████████▋| 7903/8189 [7:02:26<15:13,  3.19s/it]
 97%|█████████▋| 7904/8189 [7:02:29<15:06,  3.18s/it]
 97%|█████████▋| 7905/8189 [7:02:33<15:09,  3.20s/it]
 97%|█████████▋| 7906/8189 [7:02:36<15:06,  3.20s/it]
 97%|█████████▋| 7907/8189 [7:02:39<15:06,  3.22s/it]
 97%|█████████▋| 7908/8189 [7:02:42<15:10,  3.24s/it]
 97%|█████████▋| 7909/8189 [7:02:45<14:45,  3.16s/it]
 97%|█████████▋| 7910/8189 [7:02:49<15:07,  3.25s/it]
 97%|█████████▋| 7911/8189 [7:02:52<14:56,  3.22s/it]
 97%|█████████▋| 7912/8189 [7:02:55<15:06,  3.27s/it]
 97%|█████████▋| 7913/8189 [7:02:59<14:59,  3.26s/it]
 97%|█████████▋| 7914/8189 [7:03:02<14:41,  3.20s/it]
 97%|█████████▋| 7915/8189 [7:03:05<14:30,  3.18s/it]
 97%|█████████▋| 7916/8189 [7:03:08<14:08,  3.11s/it]
 97%|█████████▋| 7917/8189 [7:03:11<13:52,  3.06s/it]
 97%|█████████▋| 7918/8189 [7:03:14<13:32,  3.00s/it]
 97%|█████████▋| 7919/8189 [7:03:17<13:33,  3.01s/it]
 97%|█████████▋| 7920/8189 [7:03:20<13:22,  2.98s/it]
 97%|█████████▋| 7921/8189 [7:03:22<12:57,  2.90s/it]
 97%|█████████▋| 7922/8189 [7:03:26<13:41,  3.08s/it]
 97%|█████████▋| 7923/8189 [7:03:29<13:31,  3.05s/it]
 97%|█████████▋| 7924/8189 [7:03:32<13:44,  3.11s/it]
 97%|█████████▋| 7925/8189 [7:03:35<13:50,  3.15s/it]
 97%|█████████▋| 7926/8189 [7:03:39<14:00,  3.19s/it]
 97%|█████████▋| 7927/8189 [7:03:42<13:59,  3.20s/it]
 97%|█████████▋| 7928/8189 [7:03:45<13:44,  3.16s/it]
 97%|█████████▋| 7929/8189 [7:03:48<13:35,  3.14s/it]
 97%|█████████▋| 7930/8189 [7:03:51<13:16,  3.07s/it]
 97%|█████████▋| 7931/8189 [7:03:54<13:10,  3.06s/it]
 97%|█████████▋| 7932/8189 [7:03:57<12:59,  3.03s/it]
 97%|█████████▋| 7933/8189 [7:04:00<12:36,  2.95s/it]
 97%|█████████▋| 7934/8189 [7:04:03<12:30,  2.94s/it]
 97%|█████████▋| 7935/8189 [7:04:06<12:34,  2.97s/it]
 97%|█████████▋| 7936/8189 [7:04:09<12:52,  3.05s/it]
 97%|█████████▋| 7937/8189 [7:04:12<12:47,  3.05s/it]
 97%|█████████▋| 7938/8189 [7:04:15<12:54,  3.09s/it]
 97%|█████████▋| 7939/8189 [7:04:18<12:54,  3.10s/it]
 97%|█████████▋| 7940/8189 [7:04:21<12:57,  3.12s/it]
 97%|█████████▋| 7941/8189 [7:04:24<12:51,  3.11s/it]
 97%|█████████▋| 7942/8189 [7:04:28<13:01,  3.16s/it]
 97%|█████████▋| 7943/8189 [7:04:31<13:30,  3.29s/it]
 97%|█████████▋| 7944/8189 [7:04:35<13:58,  3.42s/it]
 97%|█████████▋| 7945/8189 [7:04:38<13:42,  3.37s/it]
 97%|█████████▋| 7946/8189 [7:04:41<13:17,  3.28s/it]
 97%|█████████▋| 7947/8189 [7:04:45<13:06,  3.25s/it]
 97%|█████████▋| 7948/8189 [7:04:48<13:01,  3.24s/it]
 97%|█████████▋| 7949/8189 [7:04:51<12:58,  3.24s/it]
 97%|█████████▋| 7950/8189 [7:04:54<12:53,  3.24s/it]
 97%|█████████▋| 7951/8189 [7:04:57<12:39,  3.19s/it]
 97%|█████████▋| 7952/8189 [7:05:01<12:36,  3.19s/it]
 97%|█████████▋| 7953/8189 [7:05:04<12:35,  3.20s/it]
 97%|█████████▋| 7954/8189 [7:05:07<12:20,  3.15s/it]
 97%|█████████▋| 7955/8189 [7:05:10<12:24,  3.18s/it]
 97%|█████████▋| 7956/8189 [7:05:14<12:48,  3.30s/it]
 97%|█████████▋| 7957/8189 [7:05:18<13:29,  3.49s/it]
 97%|█████████▋| 7958/8189 [7:05:21<13:25,  3.49s/it]
 97%|█████████▋| 7959/8189 [7:05:25<13:37,  3.55s/it]
 97%|█████████▋| 7960/8189 [7:05:29<13:51,  3.63s/it]
 97%|█████████▋| 7961/8189 [7:05:32<13:27,  3.54s/it]
 97%|█████████▋| 7962/8189 [7:05:35<12:51,  3.40s/it]
 97%|█████████▋| 7963/8189 [7:05:38<12:21,  3.28s/it]
 97%|█████████▋| 7964/8189 [7:05:41<12:15,  3.27s/it]
 97%|█████████▋| 7965/8189 [7:05:45<12:27,  3.34s/it]
 97%|█████████▋| 7966/8189 [7:05:48<12:11,  3.28s/it]
 97%|█████████▋| 7967/8189 [7:05:51<12:08,  3.28s/it]
 97%|█████████▋| 7968/8189 [7:05:55<12:13,  3.32s/it]
 97%|█████████▋| 7969/8189 [7:05:58<12:04,  3.29s/it]
 97%|█████████▋| 7970/8189 [7:06:01<11:51,  3.25s/it]
 97%|█████████▋| 7971/8189 [7:06:04<11:30,  3.17s/it]
 97%|█████████▋| 7972/8189 [7:06:07<11:32,  3.19s/it]
 97%|█████████▋| 7973/8189 [7:06:11<11:44,  3.26s/it]
 97%|█████████▋| 7974/8189 [7:06:14<12:03,  3.36s/it]
 97%|█████████▋| 7975/8189 [7:06:17<11:38,  3.27s/it]
 97%|█████████▋| 7976/8189 [7:06:21<11:49,  3.33s/it]
 97%|█████████▋| 7977/8189 [7:06:24<11:30,  3.26s/it]
 97%|█████████▋| 7978/8189 [7:06:27<11:29,  3.27s/it]
 97%|█████████▋| 7979/8189 [7:06:30<11:25,  3.26s/it]
 97%|█████████▋| 7980/8189 [7:06:34<11:19,  3.25s/it]
 97%|█████████▋| 7981/8189 [7:06:36<10:47,  3.11s/it]
 97%|█████████▋| 7982/8189 [7:06:40<10:58,  3.18s/it]
 97%|█████████▋| 7983/8189 [7:06:43<10:38,  3.10s/it]
 97%|█████████▋| 7984/8189 [7:06:48<12:31,  3.67s/it]
 98%|█████████▊| 7985/8189 [7:06:51<12:05,  3.56s/it]
 98%|█████████▊| 7986/8189 [7:06:54<11:38,  3.44s/it]
 98%|█████████▊| 7987/8189 [7:06:57<11:29,  3.41s/it]
 98%|█████████▊| 7988/8189 [7:07:00<11:09,  3.33s/it]
 98%|█████████▊| 7989/8189 [7:07:04<11:14,  3.37s/it]
 98%|█████████▊| 7990/8189 [7:07:07<11:09,  3.36s/it]
 98%|█████████▊| 7991/8189 [7:07:11<11:03,  3.35s/it]
 98%|█████████▊| 7992/8189 [7:07:14<10:49,  3.30s/it]
 98%|█████████▊| 7993/8189 [7:07:17<10:45,  3.29s/it]
 98%|█████████▊| 7994/8189 [7:07:20<10:05,  3.11s/it]
 98%|█████████▊| 7995/8189 [7:07:23<10:16,  3.18s/it]
 98%|█████████▊| 7996/8189 [7:07:26<10:23,  3.23s/it]
 98%|█████████▊| 7997/8189 [7:07:30<10:31,  3.29s/it]
 98%|█████████▊| 7998/8189 [7:07:33<09:50,  3.09s/it]
 98%|█████████▊| 7999/8189 [7:07:36<09:43,  3.07s/it]
 98%|█████████▊| 8000/8189 [7:07:39<10:10,  3.23s/it]
                                                     

 98%|█████████▊| 8000/8189 [7:07:39<10:10,  3.23s/it]

Batches:   0%|          | 0/9 [00:00<?, ?it/s][A

Batches:  67%|██████▋   | 6/9 [00:00<00:00, 49.56it/s][A
Batches: 100%|██████████| 9/9 [00:00<00:00, 51.06it/s]


Corpus Chunks:   0%|          | 0/1 [00:00<?, ?it/s][A


Batches:   0%|          | 0/9 [00:00<?, ?it/s][A[A


Batches:  56%|█████▌    | 5/9 [00:00<00:00, 49.81it/s][A[A
Batches: 100%|██████████| 9/9 [00:00<00:00, 56.65it/s]


Corpus Chunks: 100%|██████████| 1/1 [00:00<00:00,  6.06it/s][A
Corpus Chunks: 100%|██████████| 1/1 [00:00<00:00,  6.04it/s]


Batches:   0%|          | 0/7 [00:00<?, ?it/s][A

Batches: 100%|██████████| 7/7 [00:00<00:00, 64.49it/s][A
Batches: 100%|██████████| 7/7 [00:00<00:00, 64.03it/s]


Batches:   0%|          | 0/7 [00:00<?, ?it/s][A

Batches:  86%|████████▌ | 6/7 [00:00<00:00, 55.90it/s][A
Batches: 100%|██████████| 7/7 [00:00<00:00, 57.39it/s]


Batches:   0%|          | 0/7 [00:00<?, ?it/s][A
Batches: 100%|██████████| 7/7 [00:00<00:00, 70.20it/s]

                                                     

 98%|█████████▊| 8000/8189 [7:07:40<10:10,  3.23s/it]

Writing model shards:   0%|          | 0/1 [00:00<?, ?it/s][A

Writing model shards: 100%|██████████| 1/1 [00:01<00:00,  1.43s/it][A
Writing model shards: 100%|██████████| 1/1 [00:01<00:00,  1.43s/it]

 98%|█████████▊| 8001/8189 [7:07:49<16:24,  5.24s/it]
 98%|█████████▊| 8002/8189 [7:07:53<14:46,  4.74s/it]
 98%|█████████▊| 8003/8189 [7:07:56<13:39,  4.41s/it]
 98%|█████████▊| 8004/8189 [7:08:00<13:09,  4.27s/it]
 98%|█████████▊| 8005/8189 [7:08:04<12:31,  4.09s/it]
 98%|█████████▊| 8006/8189 [7:08:08<12:13,  4.01s/it]
 98%|█████████▊| 8007/8189 [7:08:11<11:44,  3.87s/it]
 98%|█████████▊| 8008/8189 [7:08:14<11:03,  3.67s/it]
 98%|█████████▊| 8009/8189 [7:08:18<10:49,  3.61s/it]
 98%|█████████▊| 8010/8189 [7:08:21<10:20,  3.47s/it]
 98%|█████████▊| 8011/8189 [7:08:24<10:01,  3.38s/it]
 98%|█████████▊| 8012/8189 [7:08:28<09:54,  3.36s/it]
 98%|█████████▊| 8013/8189 [7:08:30<09:27,  3.22s/it]
 98%|█████████▊| 8014/8189 [7:08:34<09:33,  3.28s/it]
 98%|█████████▊| 8015/8189 [7:08:37<09:14,  3.19s/it]
 98%|█████████▊| 8016/8189 [7:08:40<09:00,  3.12s/it]
 98%|█████████▊| 8017/8189 [7:08:43<09:17,  3.24s/it]
 98%|█████████▊| 8018/8189 [7:08:47<09:17,  3.26s/it]
 98%|█████████▊| 8019/8189 [7:08:50<09:11,  3.25s/it]
 98%|█████████▊| 8020/8189 [7:08:53<09:07,  3.24s/it]
 98%|█████████▊| 8021/8189 [7:08:56<09:06,  3.25s/it]
 98%|█████████▊| 8022/8189 [7:09:00<09:07,  3.28s/it]
 98%|█████████▊| 8023/8189 [7:09:03<09:05,  3.28s/it]
 98%|█████████▊| 8024/8189 [7:09:06<08:59,  3.27s/it]
 98%|█████████▊| 8025/8189 [7:09:10<09:04,  3.32s/it]
 98%|█████████▊| 8026/8189 [7:09:13<09:03,  3.33s/it]
 98%|█████████▊| 8027/8189 [7:09:16<08:57,  3.32s/it]
 98%|█████████▊| 8028/8189 [7:09:19<08:47,  3.28s/it]
 98%|█████████▊| 8029/8189 [7:09:23<08:44,  3.28s/it]
 98%|█████████▊| 8030/8189 [7:09:26<08:42,  3.29s/it]
 98%|█████████▊| 8031/8189 [7:09:29<08:37,  3.28s/it]
 98%|█████████▊| 8032/8189 [7:09:33<08:32,  3.27s/it]
 98%|█████████▊| 8033/8189 [7:09:35<08:13,  3.16s/it]
 98%|█████████▊| 8034/8189 [7:09:39<08:16,  3.20s/it]
 98%|█████████▊| 8035/8189 [7:09:42<08:12,  3.20s/it]
 98%|█████████▊| 8036/8189 [7:09:45<08:16,  3.24s/it]
 98%|█████████▊| 8037/8189 [7:09:49<08:13,  3.25s/it]
 98%|█████████▊| 8038/8189 [7:09:52<08:13,  3.27s/it]
 98%|█████████▊| 8039/8189 [7:09:55<08:20,  3.34s/it]
 98%|█████████▊| 8040/8189 [7:09:59<08:15,  3.33s/it]
 98%|█████████▊| 8041/8189 [7:10:02<08:00,  3.25s/it]
 98%|█████████▊| 8042/8189 [7:10:05<07:36,  3.11s/it]
 98%|█████████▊| 8043/8189 [7:10:08<07:33,  3.11s/it]
 98%|█████████▊| 8044/8189 [7:10:11<07:31,  3.12s/it]
 98%|█████████▊| 8045/8189 [7:10:14<07:39,  3.19s/it]
 98%|█████████▊| 8046/8189 [7:10:18<08:03,  3.38s/it]
 98%|█████████▊| 8047/8189 [7:10:21<07:47,  3.29s/it]
 98%|█████████▊| 8048/8189 [7:10:24<07:35,  3.23s/it]
 98%|█████████▊| 8049/8189 [7:10:28<07:48,  3.35s/it]
 98%|█████████▊| 8050/8189 [7:10:31<07:55,  3.42s/it]
 98%|█████████▊| 8051/8189 [7:10:35<07:59,  3.48s/it]
 98%|█████████▊| 8052/8189 [7:10:39<08:16,  3.63s/it]
 98%|█████████▊| 8053/8189 [7:10:42<07:49,  3.45s/it]
 98%|█████████▊| 8054/8189 [7:10:46<07:55,  3.52s/it]
 98%|█████████▊| 8055/8189 [7:10:49<07:44,  3.47s/it]
 98%|█████████▊| 8056/8189 [7:10:52<07:27,  3.36s/it]
 98%|█████████▊| 8057/8189 [7:10:56<07:38,  3.47s/it]
 98%|█████████▊| 8058/8189 [7:10:59<07:33,  3.47s/it]
 98%|█████████▊| 8059/8189 [7:11:03<07:33,  3.48s/it]
 98%|█████████▊| 8060/8189 [7:11:06<07:28,  3.48s/it]
 98%|█████████▊| 8061/8189 [7:11:09<07:14,  3.40s/it]
 98%|█████████▊| 8062/8189 [7:11:13<07:24,  3.50s/it]
 98%|█████████▊| 8063/8189 [7:11:17<07:22,  3.51s/it]
 98%|█████████▊| 8064/8189 [7:11:20<07:12,  3.46s/it]
 98%|█████████▊| 8065/8189 [7:11:23<07:04,  3.42s/it]
 98%|█████████▊| 8066/8189 [7:11:28<07:25,  3.62s/it]
 99%|█████████▊| 8067/8189 [7:11:31<07:04,  3.48s/it]
 99%|█████████▊| 8068/8189 [7:11:34<06:57,  3.45s/it]
 99%|█████████▊| 8069/8189 [7:11:37<06:46,  3.38s/it]
 99%|█████████▊| 8070/8189 [7:11:41<06:44,  3.40s/it]
 99%|█████████▊| 8071/8189 [7:11:44<06:30,  3.31s/it]
 99%|█████████▊| 8072/8189 [7:11:47<06:30,  3.34s/it]
 99%|█████████▊| 8073/8189 [7:11:50<06:22,  3.30s/it]
 99%|█████████▊| 8074/8189 [7:11:54<06:14,  3.25s/it]
 99%|█████████▊| 8075/8189 [7:11:57<06:20,  3.33s/it]
 99%|█████████▊| 8076/8189 [7:12:01<06:25,  3.41s/it]
 99%|█████████▊| 8077/8189 [7:12:04<06:17,  3.37s/it]
 99%|█████████▊| 8078/8189 [7:12:08<06:24,  3.46s/it]
 99%|█████████▊| 8079/8189 [7:12:11<06:13,  3.40s/it]
 99%|█████████▊| 8080/8189 [7:12:14<06:02,  3.33s/it]
 99%|█████████▊| 8081/8189 [7:12:17<05:58,  3.32s/it]
 99%|█████████▊| 8082/8189 [7:12:21<05:49,  3.27s/it]
 99%|█████████▊| 8083/8189 [7:12:24<05:58,  3.38s/it]
 99%|█████████▊| 8084/8189 [7:12:27<05:51,  3.34s/it]
 99%|█████████▊| 8085/8189 [7:12:31<05:52,  3.39s/it]
 99%|█████████▊| 8086/8189 [7:12:34<05:43,  3.33s/it]
 99%|█████████▉| 8087/8189 [7:12:38<05:52,  3.45s/it]
 99%|█████████▉| 8088/8189 [7:12:41<05:43,  3.40s/it]
 99%|█████████▉| 8089/8189 [7:12:44<05:36,  3.36s/it]
 99%|█████████▉| 8090/8189 [7:12:48<05:30,  3.34s/it]
 99%|█████████▉| 8091/8189 [7:12:51<05:29,  3.36s/it]
 99%|█████████▉| 8092/8189 [7:12:54<05:10,  3.21s/it]
 99%|█████████▉| 8093/8189 [7:12:57<04:57,  3.10s/it]
 99%|█████████▉| 8094/8189 [7:13:00<04:57,  3.14s/it]
 99%|█████████▉| 8095/8189 [7:13:03<04:54,  3.13s/it]
 99%|█████████▉| 8096/8189 [7:13:06<04:49,  3.11s/it]
 99%|█████████▉| 8097/8189 [7:13:09<04:48,  3.14s/it]
 99%|█████████▉| 8098/8189 [7:13:13<04:45,  3.14s/it]
 99%|█████████▉| 8099/8189 [7:13:16<04:39,  3.10s/it]
 99%|█████████▉| 8100/8189 [7:13:18<04:31,  3.06s/it]
 99%|█████████▉| 8101/8189 [7:13:22<04:41,  3.20s/it]
 99%|█████████▉| 8102/8189 [7:13:25<04:34,  3.16s/it]
 99%|█████████▉| 8103/8189 [7:13:28<04:19,  3.02s/it]
 99%|█████████▉| 8104/8189 [7:13:31<04:13,  2.99s/it]
 99%|█████████▉| 8105/8189 [7:13:34<04:11,  2.99s/it]
 99%|█████████▉| 8106/8189 [7:13:37<04:11,  3.03s/it]
 99%|█████████▉| 8107/8189 [7:13:41<04:25,  3.24s/it]
 99%|█████████▉| 8108/8189 [7:13:44<04:26,  3.29s/it]
 99%|█████████▉| 8109/8189 [7:13:47<04:11,  3.14s/it]
 99%|█████████▉| 8110/8189 [7:13:50<04:16,  3.24s/it]
 99%|█████████▉| 8111/8189 [7:13:53<04:11,  3.22s/it]
 99%|█████████▉| 8112/8189 [7:13:57<04:08,  3.23s/it]
 99%|█████████▉| 8113/8189 [7:14:00<04:03,  3.20s/it]
 99%|█████████▉| 8114/8189 [7:14:03<03:59,  3.19s/it]
 99%|█████████▉| 8115/8189 [7:14:06<03:58,  3.22s/it]
 99%|█████████▉| 8116/8189 [7:14:10<03:58,  3.27s/it]
 99%|█████████▉| 8117/8189 [7:14:13<03:53,  3.24s/it]
 99%|█████████▉| 8118/8189 [7:14:16<03:48,  3.22s/it]
 99%|█████████▉| 8119/8189 [7:14:19<03:44,  3.20s/it]
 99%|█████████▉| 8120/8189 [7:14:23<03:46,  3.29s/it]
 99%|█████████▉| 8121/8189 [7:14:26<03:39,  3.23s/it]
 99%|█████████▉| 8122/8189 [7:14:30<03:59,  3.57s/it]
 99%|█████████▉| 8123/8189 [7:14:34<03:58,  3.61s/it]
 99%|█████████▉| 8124/8189 [7:14:37<03:43,  3.44s/it]
 99%|█████████▉| 8125/8189 [7:14:40<03:42,  3.48s/it]
 99%|█████████▉| 8126/8189 [7:14:44<03:43,  3.55s/it]
 99%|█████████▉| 8127/8189 [7:14:48<03:50,  3.72s/it]
 99%|█████████▉| 8128/8189 [7:14:52<03:43,  3.67s/it]
 99%|█████████▉| 8129/8189 [7:14:55<03:33,  3.56s/it]
 99%|█████████▉| 8130/8189 [7:14:59<03:42,  3.76s/it]
 99%|█████████▉| 8131/8189 [7:15:03<03:42,  3.83s/it]
 99%|█████████▉| 8132/8189 [7:15:07<03:37,  3.81s/it]
 99%|█████████▉| 8133/8189 [7:15:11<03:32,  3.79s/it]
 99%|█████████▉| 8134/8189 [7:15:14<03:25,  3.73s/it]
 99%|█████████▉| 8135/8189 [7:15:18<03:17,  3.66s/it]
 99%|█████████▉| 8136/8189 [7:15:22<03:15,  3.68s/it]
 99%|█████████▉| 8137/8189 [7:15:25<03:05,  3.57s/it]
 99%|█████████▉| 8138/8189 [7:15:28<02:54,  3.43s/it]
 99%|█████████▉| 8139/8189 [7:15:32<02:54,  3.48s/it]
 99%|█████████▉| 8140/8189 [7:15:35<02:48,  3.44s/it]
 99%|█████████▉| 8141/8189 [7:15:38<02:42,  3.39s/it]
 99%|█████████▉| 8142/8189 [7:15:42<02:37,  3.36s/it]
 99%|█████████▉| 8143/8189 [7:15:44<02:27,  3.22s/it]
 99%|█████████▉| 8144/8189 [7:15:48<02:23,  3.20s/it]
 99%|█████████▉| 8145/8189 [7:15:51<02:20,  3.20s/it]
 99%|█████████▉| 8146/8189 [7:15:54<02:18,  3.21s/it]
 99%|█████████▉| 8147/8189 [7:15:57<02:11,  3.12s/it]
 99%|█████████▉| 8148/8189 [7:16:00<02:05,  3.06s/it]
100%|█████████▉| 8149/8189 [7:16:03<02:03,  3.08s/it]
100%|█████████▉| 8150/8189 [7:16:06<02:03,  3.16s/it]
100%|█████████▉| 8151/8189 [7:16:10<02:01,  3.20s/it]
100%|█████████▉| 8152/8189 [7:16:13<01:57,  3.18s/it]
100%|█████████▉| 8153/8189 [7:16:16<01:52,  3.14s/it]
100%|█████████▉| 8154/8189 [7:16:20<01:56,  3.34s/it]
100%|█████████▉| 8155/8189 [7:16:23<01:52,  3.30s/it]
100%|█████████▉| 8156/8189 [7:16:26<01:45,  3.21s/it]
100%|█████████▉| 8157/8189 [7:16:29<01:45,  3.29s/it]
100%|█████████▉| 8158/8189 [7:16:33<01:41,  3.26s/it]
100%|█████████▉| 8159/8189 [7:16:36<01:38,  3.29s/it]
100%|█████████▉| 8160/8189 [7:16:39<01:34,  3.27s/it]
100%|█████████▉| 8161/8189 [7:16:42<01:30,  3.22s/it]
100%|█████████▉| 8162/8189 [7:16:45<01:25,  3.18s/it]
100%|█████████▉| 8163/8189 [7:16:48<01:22,  3.19s/it]
100%|█████████▉| 8164/8189 [7:16:52<01:20,  3.22s/it]
100%|█████████▉| 8165/8189 [7:16:55<01:16,  3.19s/it]
100%|█████████▉| 8166/8189 [7:16:58<01:14,  3.22s/it]
100%|█████████▉| 8167/8189 [7:17:01<01:09,  3.14s/it]
100%|█████████▉| 8168/8189 [7:17:04<01:04,  3.06s/it]
100%|█████████▉| 8169/8189 [7:17:07<01:01,  3.09s/it]
100%|█████████▉| 8170/8189 [7:17:10<00:58,  3.07s/it]
100%|█████████▉| 8171/8189 [7:17:13<00:55,  3.11s/it]
100%|█████████▉| 8172/8189 [7:17:17<00:53,  3.13s/it]
100%|█████████▉| 8173/8189 [7:17:20<00:49,  3.12s/it]
100%|█████████▉| 8174/8189 [7:17:23<00:46,  3.12s/it]
100%|█████████▉| 8175/8189 [7:17:26<00:43,  3.13s/it]
100%|█████████▉| 8176/8189 [7:17:29<00:40,  3.14s/it]
100%|█████████▉| 8177/8189 [7:17:32<00:36,  3.01s/it]
100%|█████████▉| 8178/8189 [7:17:35<00:33,  3.01s/it]
100%|█████████▉| 8179/8189 [7:17:38<00:31,  3.11s/it]
100%|█████████▉| 8180/8189 [7:17:41<00:28,  3.13s/it]
100%|█████████▉| 8181/8189 [7:17:44<00:24,  3.02s/it]
100%|█████████▉| 8182/8189 [7:17:47<00:21,  3.05s/it]
100%|█████████▉| 8183/8189 [7:17:50<00:18,  3.08s/it]
100%|█████████▉| 8184/8189 [7:17:53<00:15,  3.01s/it]
100%|█████████▉| 8185/8189 [7:17:57<00:12,  3.11s/it]
100%|█████████▉| 8186/8189 [7:18:00<00:09,  3.09s/it]
100%|█████████▉| 8187/8189 [7:18:03<00:06,  3.17s/it]
100%|█████████▉| 8188/8189 [7:18:06<00:03,  3.10s/it]
100%|██████████| 8189/8189 [7:18:09<00:00,  3.01s/it]

Batches:   0%|          | 0/9 [00:00<?, ?it/s][A

Batches:  78%|███████▊  | 7/9 [00:00<00:00, 64.12it/s][A
Batches: 100%|██████████| 9/9 [00:00<00:00, 63.99it/s]


Corpus Chunks:   0%|          | 0/1 [00:00<?, ?it/s][A


Batches:   0%|          | 0/9 [00:00<?, ?it/s][A[A


Batches:  56%|█████▌    | 5/9 [00:00<00:00, 45.78it/s][A[A
Batches: 100%|██████████| 9/9 [00:00<00:00, 51.46it/s]


Corpus Chunks: 100%|██████████| 1/1 [00:00<00:00,  5.49it/s][A
Corpus Chunks: 100%|██████████| 1/1 [00:00<00:00,  5.47it/s]


Batches:   0%|          | 0/7 [00:00<?, ?it/s][A

Batches: 100%|██████████| 7/7 [00:00<00:00, 68.09it/s][A
Batches: 100%|██████████| 7/7 [00:00<00:00, 67.61it/s]


Batches:   0%|          | 0/7 [00:00<?, ?it/s][A

Batches: 100%|██████████| 7/7 [00:00<00:00, 67.56it/s][A
Batches: 100%|██████████| 7/7 [00:00<00:00, 67.16it/s]


Batches:   0%|          | 0/7 [00:00<?, ?it/s][A
Batches: 100%|██████████| 7/7 [00:00<00:00, 72.94it/s]

                                                     

100%|██████████| 8189/8189 [7:18:10<00:00,  3.01s/it]

Writing model shards:   0%|          | 0/1 [00:00<?, ?it/s][A

Writing model shards: 100%|██████████| 1/1 [00:01<00:00,  1.47s/it][A
Writing model shards: 100%|██████████| 1/1 [00:01<00:00,  1.48s/it]

                                                     

100%|██████████| 8189/8189 [7:18:15<00:00,  3.01s/it]
100%|██████████| 8189/8189 [7:18:15<00:00,  3.21s/it]

Writing model shards:   0%|          | 0/1 [00:00<?, ?it/s]
Writing model shards: 100%|██████████| 1/1 [00:02<00:00,  2.00s/it]
Writing model shards: 100%|██████████| 1/1 [00:02<00:00,  2.00s/it]
wandb: Adding directory to artifact (../models/nrows_None__nsrc_None/timestamp_20260512_00-41-40/bge-base-en-v1.5/final_model)... Done. 1.9s
wandb: uploading artifact final-sentence-transformer-model; updating run metadata
wandb: uploading artifact final-sentence-transformer-model; updating run metadata; uploading output.log
wandb: uploading artifact final-sentence-transformer-model
wandb: uploading artifact final-sentence-transformer-model; uploading history steps 18-19, summary, console lines 119-119
wandb: uploading artifact final-sentence-transformer-model
wandb: 
wandb: Run history:
wandb:                   annealed_tanh/beta ▁▃▄▅▆▇▇█
wandb:  eval/ir_evaluator_cosine_accuracy@1 ▁█████▁▁▁
wandb: eval/ir_evaluator_cosine_accuracy@10 ▁▁▁▁▁▁▁▁▁
wandb:  eval/ir_evaluator_cosine_accuracy@5 ▁▁▁▁▁▁▁▁▁
wandb:       eval/ir_evaluator_cosine_map@1 ▁█████▁▁▁
wandb:      eval/ir_evaluator_cosine_map@10 ▁█████▁▁▁
wandb:       eval/ir_evaluator_cosine_map@5 ▁█████▁▁▁
wandb:       eval/ir_evaluator_cosine_mrr@1 ▁█████▁▁▁
wandb:      eval/ir_evaluator_cosine_mrr@10 ▁█████▁▁▁
wandb:       eval/ir_evaluator_cosine_mrr@5 ▁█████▁▁▁
wandb:                                  +23 ...
wandb: 
wandb: Run summary:
wandb:                   annealed_tanh/beta 28.30194
wandb:  eval/ir_evaluator_cosine_accuracy@1 0.99286
wandb: eval/ir_evaluator_cosine_accuracy@10 1
wandb:  eval/ir_evaluator_cosine_accuracy@5 1
wandb:       eval/ir_evaluator_cosine_map@1 0.99286
wandb:      eval/ir_evaluator_cosine_map@10 0.99643
wandb:       eval/ir_evaluator_cosine_map@5 0.99643
wandb:       eval/ir_evaluator_cosine_mrr@1 0.99286
wandb:      eval/ir_evaluator_cosine_mrr@10 0.99643
wandb:       eval/ir_evaluator_cosine_mrr@5 0.99643
wandb:                                  +28 ...
wandb: 
wandb: 🚀 View run celestial-cherry-64 at: https://wandb.ai/sajil-awale-nasa-impact-uah/scale_emb_retrieval/runs/zfaigxhi
wandb: ⭐️ View project at: https://wandb.ai/sajil-awale-nasa-impact-uah/scale_emb_retrieval
wandb: Synced 5 W&B file(s), 0 media file(s), 7 artifact file(s) and 0 other file(s)
wandb: Find logs at: ./wandb/run-20260512_004142-zfaigxhi/logs
/nas/rhome/sawale/thesis/experiments/../src/train.py:21: DeprecationWarning: Importing from 'sentence_transformers.models' is deprecated and will be removed in a future version. Please use 'sentence_transformers.sentence_transformer.modules' instead.
  from sentence_transformers import (
/nas/rhome/sawale/thesis/experiments/../src/train.py:27: DeprecationWarning: Importing from 'sentence_transformers.evaluation' is deprecated and will be removed in a future version. Please use 'sentence_transformers.sentence_transformer.evaluation' instead.
  from sentence_transformers.evaluation import (
/nas/rhome/sawale/thesis/experiments/../src/train.py:21: DeprecationWarning: Importing from 'sentence_transformers.models' is deprecated and will be removed in a future version. Please use 'sentence_transformers.sentence_transformer.modules' instead.
  from sentence_transformers import (
/nas/rhome/sawale/thesis/experiments/../src/train.py:27: DeprecationWarning: Importing from 'sentence_transformers.evaluation' is deprecated and will be removed in a future version. Please use 'sentence_transformers.sentence_transformer.evaluation' instead.
  from sentence_transformers.evaluation import (
/nas/rhome/sawale/thesis/experiments/../src/train.py:32: DeprecationWarning: Importing from 'sentence_transformers.losses' is deprecated and will be removed in a future version. Please use 'sentence_transformers.sentence_transformer.losses' instead.
  from sentence_transformers.losses import MultipleNegativesRankingLoss, MatryoshkaLoss
/nas/rhome/sawale/thesis/experiments/../src/train.py:38: DeprecationWarning: Importing from 'sentence_transformers.training_args' is deprecated and will be removed in a future version. Please use 'sentence_transformers.sentence_transformer.training_args' instead.
  from sentence_transformers.training_args import (
/nas/rhome/sawale/thesis/experiments/../src/train.py:32: DeprecationWarning: Importing from 'sentence_transformers.losses' is deprecated and will be removed in a future version. Please use 'sentence_transformers.sentence_transformer.losses' instead.
  from sentence_transformers.losses import MultipleNegativesRankingLoss, MatryoshkaLoss
/nas/rhome/sawale/thesis/experiments/../src/train.py:38: DeprecationWarning: Importing from 'sentence_transformers.training_args' is deprecated and will be removed in a future version. Please use 'sentence_transformers.sentence_transformer.training_args' instead.
  from sentence_transformers.training_args import (
wandb: Appending key for api.wandb.ai to your netrc file: /rhome/sawale/.netrc
wandb: Currently logged in as: sajil-awale (sajil-awale-nasa-impact-uah) to https://api.wandb.ai. Use `wandb login --relogin` to force relogin
wandb: setting up run b4ichgsk
wandb: Tracking run with wandb version 0.23.0
wandb: Run data is saved locally in /nas/rhome/sawale/thesis/experiments/wandb/run-20260512_080756-b4ichgsk
wandb: Run `wandb offline` to turn off syncing.
wandb: Syncing run robust-rain-65
wandb: ⭐️ View project at https://wandb.ai/sajil-awale-nasa-impact-uah/scale_emb_retrieval
wandb: 🚀 View run at https://wandb.ai/sajil-awale-nasa-impact-uah/scale_emb_retrieval/runs/b4ichgsk
Traceback (most recent call last):
  File "/nas/rhome/sawale/thesis/experiments/../src/train.py", line 621, in <module>
    torch.distributed.barrier(device_ids=[local_rank])
  File "/rhome/sawale/miniconda3/envs/thesis/lib/python3.12/site-packages/torch/distributed/c10d_logger.py", line 81, in wrapper
    return func(*args, **kwargs)
           ^^^^^^^^^^^^^^^^^^^^^
  File "/rhome/sawale/miniconda3/envs/thesis/lib/python3.12/site-packages/torch/distributed/distributed_c10d.py", line 4551, in barrier
    work = group.barrier(opts=opts)
           ^^^^^^^^^^^^^^^^^^^^^^^^
RuntimeError: CUDA error: out of memory
CUDA kernel errors might be asynchronously reported at some other API call, so the stacktrace below might be incorrect.
For debugging consider passing CUDA_LAUNCH_BLOCKING=1
Compile with `TORCH_USE_CUDA_DSA` to enable device-side assertions.

[rank0]: Traceback (most recent call last):
[rank0]:   File "/nas/rhome/sawale/thesis/experiments/../src/train.py", line 621, in <module>
[rank0]:     torch.distributed.barrier(device_ids=[local_rank])
[rank0]:   File "/rhome/sawale/miniconda3/envs/thesis/lib/python3.12/site-packages/torch/distributed/c10d_logger.py", line 81, in wrapper
[rank0]:     return func(*args, **kwargs)
[rank0]:            ^^^^^^^^^^^^^^^^^^^^^
[rank0]:   File "/rhome/sawale/miniconda3/envs/thesis/lib/python3.12/site-packages/torch/distributed/distributed_c10d.py", line 4551, in barrier
[rank0]:     work = group.barrier(opts=opts)
[rank0]:            ^^^^^^^^^^^^^^^^^^^^^^^^
[rank0]: RuntimeError: CUDA error: out of memory
[rank0]: CUDA kernel errors might be asynchronously reported at some other API call, so the stacktrace below might be incorrect.
[rank0]: For debugging consider passing CUDA_LAUNCH_BLOCKING=1
[rank0]: Compile with `TORCH_USE_CUDA_DSA` to enable device-side assertions.

W0512 08:08:03.316000 81455 /nas/rhome/sawale/miniconda3/envs/thesis/lib/python3.12/site-packages/torch/distributed/elastic/multiprocessing/api.py:897] Sending process 81501 closing signal SIGTERM
E0512 08:08:03.583000 81455 /nas/rhome/sawale/miniconda3/envs/thesis/lib/python3.12/site-packages/torch/distributed/elastic/multiprocessing/api.py:869] failed (exitcode: 1) local_rank: 0 (pid: 81500) of binary: /rhome/sawale/miniconda3/envs/thesis/bin/python3.12
Traceback (most recent call last):
  File "/rhome/sawale/miniconda3/envs/thesis/bin/torchrun", line 6, in <module>
    sys.exit(main())
             ^^^^^^
  File "/rhome/sawale/miniconda3/envs/thesis/lib/python3.12/site-packages/torch/distributed/elastic/multiprocessing/errors/__init__.py", line 355, in wrapper
    return f(*args, **kwargs)
           ^^^^^^^^^^^^^^^^^^
  File "/rhome/sawale/miniconda3/envs/thesis/lib/python3.12/site-packages/torch/distributed/run.py", line 918, in main
    run(args)
  File "/rhome/sawale/miniconda3/envs/thesis/lib/python3.12/site-packages/torch/distributed/run.py", line 909, in run
    elastic_launch(
  File "/rhome/sawale/miniconda3/envs/thesis/lib/python3.12/site-packages/torch/distributed/launcher/api.py", line 138, in __call__
    return launch_agent(self._config, self._entrypoint, list(args))
           ^^^^^^^^^^^^^^^^^^^^^^^^^^^^^^^^^^^^^^^^^^^^^^^^^^^^^^^^
  File "/rhome/sawale/miniconda3/envs/thesis/lib/python3.12/site-packages/torch/distributed/launcher/api.py", line 269, in launch_agent
    raise ChildFailedError(
torch.distributed.elastic.multiprocessing.errors.ChildFailedError: 
============================================================
../src/train.py FAILED
------------------------------------------------------------
Failures:
  <NO_OTHER_FAILURES>
------------------------------------------------------------
Root Cause (first observed failure):
[0]:
  time      : 2026-05-12_08:08:03
  host      : matrix101.nsstc.uah.edu
  rank      : 0 (local_rank: 0)
  exitcode  : 1 (pid: 81500)
  error_file: <N/A>
  traceback : To enable traceback see: https://pytorch.org/docs/stable/elastic/errors.html
============================================================
srun: error: matrix101: task 0: Exited with exit code 1
srun: Terminating job step 3868070.1
/nas/rhome/sawale/thesis/experiments/../src/train.py:21: DeprecationWarning: Importing from 'sentence_transformers.models' is deprecated and will be removed in a future version. Please use 'sentence_transformers.sentence_transformer.modules' instead.
  from sentence_transformers import (
/nas/rhome/sawale/thesis/experiments/../src/train.py:27: DeprecationWarning: Importing from 'sentence_transformers.evaluation' is deprecated and will be removed in a future version. Please use 'sentence_transformers.sentence_transformer.evaluation' instead.
  from sentence_transformers.evaluation import (
/nas/rhome/sawale/thesis/experiments/../src/train.py:21: DeprecationWarning: Importing from 'sentence_transformers.models' is deprecated and will be removed in a future version. Please use 'sentence_transformers.sentence_transformer.modules' instead.
  from sentence_transformers import (
/nas/rhome/sawale/thesis/experiments/../src/train.py:27: DeprecationWarning: Importing from 'sentence_transformers.evaluation' is deprecated and will be removed in a future version. Please use 'sentence_transformers.sentence_transformer.evaluation' instead.
  from sentence_transformers.evaluation import (
/nas/rhome/sawale/thesis/experiments/../src/train.py:32: DeprecationWarning: Importing from 'sentence_transformers.losses' is deprecated and will be removed in a future version. Please use 'sentence_transformers.sentence_transformer.losses' instead.
  from sentence_transformers.losses import MultipleNegativesRankingLoss, MatryoshkaLoss
/nas/rhome/sawale/thesis/experiments/../src/train.py:38: DeprecationWarning: Importing from 'sentence_transformers.training_args' is deprecated and will be removed in a future version. Please use 'sentence_transformers.sentence_transformer.training_args' instead.
  from sentence_transformers.training_args import (
/nas/rhome/sawale/thesis/experiments/../src/train.py:32: DeprecationWarning: Importing from 'sentence_transformers.losses' is deprecated and will be removed in a future version. Please use 'sentence_transformers.sentence_transformer.losses' instead.
  from sentence_transformers.losses import MultipleNegativesRankingLoss, MatryoshkaLoss
/nas/rhome/sawale/thesis/experiments/../src/train.py:38: DeprecationWarning: Importing from 'sentence_transformers.training_args' is deprecated and will be removed in a future version. Please use 'sentence_transformers.sentence_transformer.training_args' instead.
  from sentence_transformers.training_args import (
wandb: Appending key for api.wandb.ai to your netrc file: /rhome/sawale/.netrc
wandb: Currently logged in as: sajil-awale (sajil-awale-nasa-impact-uah) to https://api.wandb.ai. Use `wandb login --relogin` to force relogin
wandb: Tracking run with wandb version 0.23.0
wandb: Run data is saved locally in /nas/rhome/sawale/thesis/experiments/wandb/run-20260512_080817-v3wjoyna
wandb: Run `wandb offline` to turn off syncing.
wandb: Syncing run atomic-fire-66
wandb: ⭐️ View project at https://wandb.ai/sajil-awale-nasa-impact-uah/scale_emb_retrieval
wandb: 🚀 View run at https://wandb.ai/sajil-awale-nasa-impact-uah/scale_emb_retrieval/runs/v3wjoyna

Loading weights:   0%|          | 0/197 [00:00<?, ?it/s]
Loading weights:   0%|          | 0/197 [00:00<?, ?it/s]
Loading weights:   1%|          | 2/197 [00:00<00:26,  7.46it/s]
Loading weights:   3%|▎         | 6/197 [00:00<00:28,  6.75it/s]
Loading weights:   1%|          | 2/197 [00:00<00:59,  3.28it/s]
Loading weights:   2%|▏         | 3/197 [00:00<00:53,  3.65it/s]
Loading weights:   4%|▍         | 8/197 [00:01<00:25,  7.30it/s]
Loading weights:   5%|▍         | 9/197 [00:01<00:19,  9.61it/s]
Loading weights:   5%|▌         | 10/197 [00:01<00:27,  6.77it/s]
Loading weights:   6%|▌         | 12/197 [00:01<00:29,  6.24it/s]
Loading weights:   6%|▌         | 11/197 [00:01<00:23,  7.90it/s]
Loading weights:   8%|▊         | 16/197 [00:02<00:19,  9.20it/s]
Loading weights:   9%|▊         | 17/197 [00:01<00:13, 12.91it/s]
Loading weights:  13%|█▎        | 25/197 [00:02<00:09, 17.96it/s]
Loading weights:  12%|█▏        | 23/197 [00:01<00:10, 17.38it/s]
Loading weights:  17%|█▋        | 33/197 [00:02<00:06, 25.03it/s]
Loading weights:  13%|█▎        | 26/197 [00:02<00:09, 17.58it/s]
Loading weights:  19%|█▉        | 37/197 [00:02<00:06, 23.39it/s]
Loading weights:  16%|█▌        | 31/197 [00:02<00:08, 19.71it/s]
Loading weights:  22%|██▏       | 44/197 [00:03<00:07, 19.20it/s]
Loading weights:  21%|██        | 41/197 [00:02<00:07, 20.30it/s]
Loading weights:  24%|██▍       | 47/197 [00:03<00:07, 18.75it/s]
Loading weights:  22%|██▏       | 44/197 [00:03<00:08, 18.96it/s]
Loading weights:  26%|██▌       | 51/197 [00:03<00:07, 18.28it/s]
Loading weights:  23%|██▎       | 46/197 [00:03<00:09, 16.75it/s]
Loading weights:  24%|██▍       | 48/197 [00:03<00:10, 14.51it/s]
Loading weights:  27%|██▋       | 54/197 [00:03<00:11, 13.00it/s]
Loading weights:  25%|██▌       | 50/197 [00:03<00:15,  9.58it/s]
Loading weights:  28%|██▊       | 56/197 [00:04<00:12, 11.20it/s]
Loading weights:  30%|██▉       | 59/197 [00:04<00:10, 13.03it/s]
Loading weights:  26%|██▋       | 52/197 [00:04<00:15,  9.33it/s]
Loading weights:  27%|██▋       | 54/197 [00:04<00:15,  9.35it/s]
Loading weights:  34%|███▎      | 66/197 [00:04<00:07, 16.84it/s]
Loading weights:  29%|██▉       | 57/197 [00:04<00:14,  9.88it/s]
Loading weights:  35%|███▍      | 68/197 [00:05<00:16,  8.05it/s]
Loading weights:  30%|██▉       | 59/197 [00:05<00:31,  4.42it/s]
Loading weights:  36%|███▌      | 70/197 [00:06<00:19,  6.46it/s]
Loading weights:  32%|███▏      | 63/197 [00:06<00:21,  6.14it/s]
Loading weights:  37%|███▋      | 72/197 [00:06<00:19,  6.56it/s]
Loading weights: 100%|██████████| 197/197 [00:06<00:00, 31.56it/s]
Loading weights: 100%|██████████| 197/197 [00:06<00:00, 30.24it/s]

[transformers] [1mMPNetModel LOAD REPORT[0m from: microsoft/mpnet-base
Key                       | Status     | 
--------------------------+------------+-
lm_head.layer_norm.weight | UNEXPECTED | 
lm_head.decoder.bias      | UNEXPECTED | 
lm_head.layer_norm.bias   | UNEXPECTED | 
lm_head.decoder.weight    | UNEXPECTED | 
lm_head.bias              | UNEXPECTED | 
lm_head.dense.bias        | UNEXPECTED | 
lm_head.dense.weight      | UNEXPECTED | 
pooler.dense.bias         | MISSING    | 
pooler.dense.weight       | MISSING    | 

Notes:
- UNEXPECTED:	can be ignored when loading from different task/architecture; not ok if you expect identical arch.
- MISSING:	those params were newly initialized because missing from the checkpoint. Consider training on your downstream task.
[transformers] [1mMPNetModel LOAD REPORT[0m from: microsoft/mpnet-base
Key                       | Status     | 
--------------------------+------------+-
lm_head.dense.bias        | UNEXPECTED | 
lm_head.bias              | UNEXPECTED | 
lm_head.decoder.bias      | UNEXPECTED | 
lm_head.dense.weight      | UNEXPECTED | 
lm_head.decoder.weight    | UNEXPECTED | 
lm_head.layer_norm.bias   | UNEXPECTED | 
lm_head.layer_norm.weight | UNEXPECTED | 
pooler.dense.weight       | MISSING    | 
pooler.dense.bias         | MISSING    | 

Notes:
- UNEXPECTED:	can be ignored when loading from different task/architecture; not ok if you expect identical arch.
- MISSING:	those params were newly initialized because missing from the checkpoint. Consider training on your downstream task.
/nas/rhome/sawale/thesis/experiments/../src/train.py:442: FutureWarning: The `get_word_embedding_dimension` method has been renamed to `get_embedding_dimension`.
  word_embedding_model.get_word_embedding_dimension(),
The `tokenizer_kwargs` argument was renamed and is now deprecated. Please use `processor_kwargs` instead.
/nas/rhome/sawale/thesis/experiments/../src/train.py:442: FutureWarning: The `get_word_embedding_dimension` method has been renamed to `get_embedding_dimension`.
  word_embedding_model.get_word_embedding_dimension(),
The `tokenizer_kwargs` argument was renamed and is now deprecated. Please use `processor_kwargs` instead.
The `warmup_ratio` argument is deprecated in Transformers v5+, and will also be removed from Sentence Transformers once support for Transformers v4 is dropped. Since you're using Transformers v5+, please use `warmup_steps` (as a float) to specify the warmup ratio instead.
When using DistributedDataParallel (DDP), it is recommended to set `dataloader_drop_last=True` to avoid hanging issues with an uneven last batch. Setting `dataloader_drop_last=True`.
/nas/rhome/sawale/thesis/experiments/../src/train.py:547: FutureWarning: The `get_sentence_embedding_dimension` method has been renamed to `get_embedding_dimension`.
  n: MatryoshkaLoss(model=model, loss=base_loss, matryoshka_dims=config.get("mrl_config").get("matryoshka_dims") + [model.get_sentence_embedding_dimension()])
The `warmup_ratio` argument is deprecated in Transformers v5+, and will also be removed from Sentence Transformers once support for Transformers v4 is dropped. Since you're using Transformers v5+, please use `warmup_steps` (as a float) to specify the warmup ratio instead.
When using DistributedDataParallel (DDP), it is recommended to set `dataloader_drop_last=True` to avoid hanging issues with an uneven last batch. Setting `dataloader_drop_last=True`.
/nas/rhome/sawale/thesis/experiments/../src/train.py:547: FutureWarning: The `get_sentence_embedding_dimension` method has been renamed to `get_embedding_dimension`.
  n: MatryoshkaLoss(model=model, loss=base_loss, matryoshka_dims=config.get("mrl_config").get("matryoshka_dims") + [model.get_sentence_embedding_dimension()])
[RANK 0] Detected kernel version 3.10.0, which is below the recommended minimum of 5.5.0; this can cause the process to hang. It is recommended to upgrade the kernel to the minimum version or higher.

Computing widget examples:   0%|          | 0/4 [00:00<?, ?example/s]
Computing widget examples:  50%|█████     | 2/4 [00:00<00:00,  4.42example/s]
Computing widget examples:   0%|          | 0/4 [00:00<?, ?example/s]
Computing widget examples:  25%|██▌       | 1/4 [00:00<00:00,  8.69example/s]
Computing widget examples:  75%|███████▌  | 3/4 [00:01<00:00,  1.56example/s]
Computing widget examples:  50%|█████     | 2/4 [00:00<00:00,  3.72example/s]
Computing widget examples: 100%|██████████| 4/4 [00:01<00:00,  2.24example/s]
                                                                             

Computing widget examples:  75%|███████▌  | 3/4 [00:02<00:00,  1.05example/s]
Computing widget examples: 100%|██████████| 4/4 [00:02<00:00,  1.59example/s]
                                                                             

  0%|          | 0/4095 [00:00<?, ?it/s]
  0%|          | 1/4095 [00:23<27:11:23, 23.91s/it]
  0%|          | 2/4095 [00:31<16:18:10, 14.34s/it]
  0%|          | 3/4095 [00:39<12:51:41, 11.32s/it]
  0%|          | 4/4095 [00:46<11:06:28,  9.77s/it]
  0%|          | 5/4095 [00:54<10:11:48,  8.98s/it]
  0%|          | 6/4095 [01:01<9:33:26,  8.41s/it] 
  0%|          | 7/4095 [01:08<8:58:03,  7.90s/it]
  0%|          | 8/4095 [01:15<8:45:44,  7.72s/it]
  0%|          | 9/4095 [01:23<8:37:18,  7.60s/it]
  0%|          | 10/4095 [01:30<8:28:52,  7.47s/it]
  0%|          | 11/4095 [01:37<8:23:03,  7.39s/it]
  0%|          | 12/4095 [01:45<8:31:11,  7.51s/it]
  0%|          | 13/4095 [01:52<8:28:37,  7.48s/it]
  0%|          | 14/4095 [02:00<8:45:59,  7.73s/it]
  0%|          | 15/4095 [02:09<9:00:41,  7.95s/it]
  0%|          | 16/4095 [02:18<9:13:50,  8.15s/it]
  0%|          | 17/4095 [02:25<9:05:01,  8.02s/it]
  0%|          | 18/4095 [02:33<8:58:50,  7.93s/it]
  0%|          | 19/4095 [02:41<8:51:43,  7.83s/it]
  0%|          | 20/4095 [02:49<8:56:19,  7.90s/it]
  1%|          | 21/4095 [02:57<9:03:49,  8.01s/it]
  1%|          | 22/4095 [03:04<8:47:37,  7.77s/it]
  1%|          | 23/4095 [03:12<8:40:26,  7.67s/it]
  1%|          | 24/4095 [03:19<8:32:48,  7.56s/it]
  1%|          | 25/4095 [03:26<8:23:22,  7.42s/it]
  1%|          | 26/4095 [03:33<8:23:25,  7.42s/it]
  1%|          | 27/4095 [03:41<8:23:27,  7.43s/it]
  1%|          | 28/4095 [03:48<8:20:04,  7.38s/it]
  1%|          | 29/4095 [03:56<8:22:48,  7.42s/it]
  1%|          | 30/4095 [04:03<8:20:35,  7.39s/it]
  1%|          | 31/4095 [04:10<8:19:48,  7.38s/it]
  1%|          | 32/4095 [04:18<8:17:37,  7.35s/it]
  1%|          | 33/4095 [04:25<8:14:56,  7.31s/it]
  1%|          | 34/4095 [04:32<8:20:56,  7.40s/it]
  1%|          | 35/4095 [04:39<8:14:41,  7.31s/it]
  1%|          | 36/4095 [04:47<8:12:10,  7.28s/it]
  1%|          | 37/4095 [04:54<8:13:22,  7.29s/it]
  1%|          | 38/4095 [05:01<8:11:55,  7.28s/it]
  1%|          | 39/4095 [05:09<8:24:32,  7.46s/it]
  1%|          | 40/4095 [05:17<8:40:38,  7.70s/it]
  1%|          | 41/4095 [05:26<8:49:58,  7.84s/it]
  1%|          | 42/4095 [05:34<9:04:28,  8.06s/it]
  1%|          | 43/4095 [05:42<8:52:10,  7.88s/it]
  1%|          | 44/4095 [05:49<8:39:57,  7.70s/it]
  1%|          | 45/4095 [05:56<8:34:39,  7.62s/it]
  1%|          | 46/4095 [06:05<8:47:36,  7.82s/it]
  1%|          | 47/4095 [06:13<8:53:04,  7.90s/it]
  1%|          | 48/4095 [06:20<8:50:35,  7.87s/it]
  1%|          | 49/4095 [06:28<8:39:11,  7.70s/it]
  1%|          | 50/4095 [06:35<8:33:51,  7.62s/it]
  1%|          | 51/4095 [06:43<8:44:26,  7.78s/it]
  1%|▏         | 52/4095 [06:52<8:52:40,  7.91s/it]
  1%|▏         | 53/4095 [07:00<8:53:32,  7.92s/it]
  1%|▏         | 54/4095 [07:07<8:52:01,  7.90s/it]
  1%|▏         | 55/4095 [07:16<9:00:56,  8.03s/it]
  1%|▏         | 56/4095 [07:24<9:04:13,  8.08s/it]
  1%|▏         | 57/4095 [07:31<8:51:38,  7.90s/it]
  1%|▏         | 58/4095 [07:39<8:36:56,  7.68s/it]
  1%|▏         | 59/4095 [07:46<8:23:19,  7.48s/it]
  1%|▏         | 60/4095 [07:53<8:16:42,  7.39s/it]
  1%|▏         | 61/4095 [08:00<8:17:11,  7.40s/it]
  2%|▏         | 62/4095 [08:08<8:19:54,  7.44s/it]
  2%|▏         | 63/4095 [08:15<8:14:16,  7.36s/it]
  2%|▏         | 64/4095 [08:22<8:07:04,  7.25s/it]
  2%|▏         | 65/4095 [08:29<8:02:31,  7.18s/it]
  2%|▏         | 66/4095 [08:36<8:00:52,  7.16s/it]
  2%|▏         | 67/4095 [08:44<8:14:08,  7.36s/it]
  2%|▏         | 68/4095 [08:51<8:20:04,  7.45s/it]
  2%|▏         | 69/4095 [08:59<8:27:31,  7.56s/it]
  2%|▏         | 70/4095 [09:07<8:22:54,  7.50s/it]
  2%|▏         | 71/4095 [09:14<8:19:00,  7.44s/it]
  2%|▏         | 72/4095 [09:21<8:10:58,  7.32s/it]
  2%|▏         | 73/4095 [09:28<8:12:30,  7.35s/it]
  2%|▏         | 74/4095 [09:36<8:12:02,  7.34s/it]
  2%|▏         | 75/4095 [09:43<8:09:32,  7.31s/it]
  2%|▏         | 76/4095 [09:51<8:18:52,  7.45s/it]
  2%|▏         | 77/4095 [09:58<8:24:07,  7.53s/it]
  2%|▏         | 78/4095 [10:08<9:11:03,  8.23s/it]
  2%|▏         | 79/4095 [10:15<8:47:17,  7.88s/it]
  2%|▏         | 80/4095 [10:23<8:33:39,  7.68s/it]
  2%|▏         | 81/4095 [10:30<8:23:46,  7.53s/it]
  2%|▏         | 82/4095 [10:37<8:12:51,  7.37s/it]
  2%|▏         | 83/4095 [10:44<8:09:25,  7.32s/it]
  2%|▏         | 84/4095 [10:52<8:19:14,  7.47s/it]
  2%|▏         | 85/4095 [10:59<8:12:21,  7.37s/it]
  2%|▏         | 86/4095 [11:06<8:07:55,  7.30s/it]
  2%|▏         | 87/4095 [11:12<7:40:46,  6.90s/it]
  2%|▏         | 88/4095 [11:19<7:43:18,  6.94s/it]
  2%|▏         | 89/4095 [11:26<7:51:24,  7.06s/it]
  2%|▏         | 90/4095 [11:34<7:59:57,  7.19s/it]
  2%|▏         | 91/4095 [11:41<8:04:30,  7.26s/it]
  2%|▏         | 92/4095 [11:49<8:08:03,  7.32s/it]
  2%|▏         | 93/4095 [11:56<8:08:40,  7.33s/it]
  2%|▏         | 94/4095 [12:03<8:08:37,  7.33s/it]
  2%|▏         | 95/4095 [12:11<8:07:01,  7.31s/it]
  2%|▏         | 96/4095 [12:19<8:21:05,  7.52s/it]
  2%|▏         | 97/4095 [12:27<8:27:47,  7.62s/it]
  2%|▏         | 98/4095 [12:34<8:30:22,  7.66s/it]
  2%|▏         | 99/4095 [12:42<8:26:22,  7.60s/it]
  2%|▏         | 100/4095 [12:50<8:36:25,  7.76s/it]
  2%|▏         | 101/4095 [12:58<8:44:00,  7.87s/it]
  2%|▏         | 102/4095 [13:05<8:19:32,  7.51s/it]
  3%|▎         | 103/4095 [13:12<8:17:31,  7.48s/it]
  3%|▎         | 104/4095 [13:20<8:17:16,  7.48s/it]
  3%|▎         | 105/4095 [13:27<8:11:49,  7.40s/it]
  3%|▎         | 106/4095 [13:34<8:07:28,  7.33s/it]
  3%|▎         | 107/4095 [13:41<8:07:57,  7.34s/it]
  3%|▎         | 108/4095 [13:49<8:07:46,  7.34s/it]
  3%|▎         | 109/4095 [13:56<8:06:46,  7.33s/it]
  3%|▎         | 110/4095 [14:03<8:05:35,  7.31s/it]
  3%|▎         | 111/4095 [14:11<8:05:40,  7.31s/it]
  3%|▎         | 112/4095 [14:18<7:59:07,  7.22s/it]
  3%|▎         | 113/4095 [14:25<8:03:53,  7.29s/it]
  3%|▎         | 114/4095 [14:32<8:01:45,  7.26s/it]
  3%|▎         | 115/4095 [14:40<8:04:56,  7.31s/it]
  3%|▎         | 116/4095 [14:47<8:01:59,  7.27s/it]
  3%|▎         | 117/4095 [14:54<8:07:10,  7.35s/it]
  3%|▎         | 118/4095 [15:02<8:19:36,  7.54s/it]
  3%|▎         | 119/4095 [15:10<8:23:08,  7.59s/it]
  3%|▎         | 120/4095 [15:18<8:19:59,  7.55s/it]
  3%|▎         | 121/4095 [15:25<8:19:26,  7.54s/it]
  3%|▎         | 122/4095 [15:33<8:29:26,  7.69s/it]
  3%|▎         | 123/4095 [15:40<8:21:45,  7.58s/it]
  3%|▎         | 124/4095 [15:47<8:11:13,  7.42s/it]
  3%|▎         | 125/4095 [15:55<8:06:14,  7.35s/it]
  3%|▎         | 126/4095 [16:02<8:01:31,  7.28s/it]
  3%|▎         | 127/4095 [16:09<7:58:18,  7.23s/it]
  3%|▎         | 128/4095 [16:16<7:58:21,  7.24s/it]
  3%|▎         | 129/4095 [16:23<7:54:49,  7.18s/it]
  3%|▎         | 130/4095 [16:30<7:53:37,  7.17s/it]
  3%|▎         | 131/4095 [16:38<7:57:25,  7.23s/it]
  3%|▎         | 132/4095 [16:45<7:57:18,  7.23s/it]
  3%|▎         | 133/4095 [16:52<7:51:19,  7.14s/it]
  3%|▎         | 134/4095 [16:59<7:52:00,  7.15s/it]
  3%|▎         | 135/4095 [17:07<8:03:46,  7.33s/it]
  3%|▎         | 136/4095 [17:14<8:06:30,  7.37s/it]
  3%|▎         | 137/4095 [17:22<8:06:51,  7.38s/it]
  3%|▎         | 138/4095 [17:29<8:15:55,  7.52s/it]
  3%|▎         | 139/4095 [17:37<8:19:43,  7.58s/it]
  3%|▎         | 140/4095 [17:44<8:11:15,  7.45s/it]
  3%|▎         | 141/4095 [17:51<8:04:43,  7.36s/it]
  3%|▎         | 142/4095 [17:58<7:50:52,  7.15s/it]
  3%|▎         | 143/4095 [18:06<8:02:08,  7.32s/it]
  4%|▎         | 144/4095 [18:14<8:13:28,  7.49s/it]
  4%|▎         | 145/4095 [18:21<8:10:16,  7.45s/it]
  4%|▎         | 146/4095 [18:27<7:42:07,  7.02s/it]
  4%|▎         | 147/4095 [18:34<7:33:27,  6.89s/it]
  4%|▎         | 148/4095 [18:41<7:35:40,  6.93s/it]
  4%|▎         | 149/4095 [18:48<7:43:07,  7.04s/it]
  4%|▎         | 150/4095 [18:55<7:50:05,  7.15s/it]
  4%|▎         | 151/4095 [19:02<7:40:05,  7.00s/it]
  4%|▎         | 152/4095 [19:09<7:47:28,  7.11s/it]
  4%|▎         | 153/4095 [19:18<8:17:26,  7.57s/it]
  4%|▍         | 154/4095 [19:25<8:05:39,  7.39s/it]
  4%|▍         | 155/4095 [19:32<7:59:34,  7.30s/it]
  4%|▍         | 156/4095 [19:39<7:58:04,  7.28s/it]
  4%|▍         | 157/4095 [19:47<7:56:41,  7.26s/it]
  4%|▍         | 158/4095 [19:55<8:15:48,  7.56s/it]
  4%|▍         | 159/4095 [20:02<7:59:15,  7.31s/it]
  4%|▍         | 160/4095 [20:09<8:10:47,  7.48s/it]
  4%|▍         | 161/4095 [20:16<8:00:00,  7.32s/it]
  4%|▍         | 162/4095 [20:24<8:06:20,  7.42s/it]
  4%|▍         | 163/4095 [20:31<8:00:30,  7.33s/it]
  4%|▍         | 164/4095 [20:39<8:13:15,  7.53s/it]
  4%|▍         | 165/4095 [20:47<8:12:30,  7.52s/it]
  4%|▍         | 166/4095 [20:54<8:08:19,  7.46s/it]
  4%|▍         | 167/4095 [21:01<8:01:38,  7.36s/it]
  4%|▍         | 168/4095 [21:08<7:56:38,  7.28s/it]
  4%|▍         | 169/4095 [21:16<7:56:30,  7.28s/it]
  4%|▍         | 170/4095 [21:22<7:47:33,  7.15s/it]
  4%|▍         | 171/4095 [21:30<7:52:07,  7.22s/it]
  4%|▍         | 172/4095 [21:37<7:47:41,  7.15s/it]
  4%|▍         | 173/4095 [21:44<7:49:28,  7.18s/it]
  4%|▍         | 174/4095 [21:51<7:54:11,  7.26s/it]
  4%|▍         | 175/4095 [22:00<8:17:49,  7.62s/it]
  4%|▍         | 176/4095 [22:08<8:27:55,  7.78s/it]
  4%|▍         | 177/4095 [22:16<8:37:29,  7.92s/it]
  4%|▍         | 178/4095 [22:24<8:35:55,  7.90s/it]
  4%|▍         | 179/4095 [22:32<8:37:59,  7.94s/it]
  4%|▍         | 180/4095 [22:40<8:39:20,  7.96s/it]
  4%|▍         | 181/4095 [22:48<8:40:06,  7.97s/it]
  4%|▍         | 182/4095 [22:57<8:47:18,  8.09s/it]
  4%|▍         | 183/4095 [23:05<8:47:57,  8.10s/it]
  4%|▍         | 184/4095 [23:13<8:51:18,  8.15s/it]
  5%|▍         | 185/4095 [23:21<8:49:57,  8.13s/it]
  5%|▍         | 186/4095 [23:29<8:45:15,  8.06s/it]
  5%|▍         | 187/4095 [23:37<8:42:00,  8.01s/it]
  5%|▍         | 188/4095 [23:45<8:39:46,  7.98s/it]
  5%|▍         | 189/4095 [23:53<8:38:41,  7.97s/it]
  5%|▍         | 190/4095 [24:00<8:25:58,  7.77s/it]
  5%|▍         | 191/4095 [24:07<8:17:34,  7.65s/it]
  5%|▍         | 192/4095 [24:15<8:11:12,  7.55s/it]
  5%|▍         | 193/4095 [24:22<8:09:24,  7.53s/it]
  5%|▍         | 194/4095 [24:29<7:59:44,  7.38s/it]
  5%|▍         | 195/4095 [24:36<7:53:57,  7.29s/it]
  5%|▍         | 196/4095 [24:43<7:52:22,  7.27s/it]
  5%|▍         | 197/4095 [24:50<7:42:40,  7.12s/it]
  5%|▍         | 198/4095 [24:57<7:44:23,  7.15s/it]
  5%|▍         | 199/4095 [25:05<7:46:08,  7.18s/it]
  5%|▍         | 200/4095 [25:12<7:48:24,  7.22s/it]
  5%|▍         | 201/4095 [25:19<7:45:52,  7.18s/it]
  5%|▍         | 202/4095 [25:26<7:49:56,  7.24s/it]
  5%|▍         | 203/4095 [25:33<7:38:01,  7.06s/it]
  5%|▍         | 204/4095 [25:41<7:51:10,  7.27s/it]
  5%|▌         | 205/4095 [25:47<7:32:49,  6.98s/it]
  5%|▌         | 206/4095 [25:53<7:17:31,  6.75s/it]
  5%|▌         | 207/4095 [26:00<7:22:35,  6.83s/it]
  5%|▌         | 208/4095 [26:08<7:31:12,  6.96s/it]
  5%|▌         | 209/4095 [26:15<7:39:57,  7.10s/it]
  5%|▌         | 210/4095 [26:22<7:43:26,  7.16s/it]
  5%|▌         | 211/4095 [26:30<7:44:44,  7.18s/it]
  5%|▌         | 212/4095 [26:37<7:46:39,  7.21s/it]
  5%|▌         | 213/4095 [26:44<7:52:54,  7.31s/it]
  5%|▌         | 214/4095 [26:52<7:48:19,  7.24s/it]
  5%|▌         | 215/4095 [26:59<7:47:18,  7.23s/it]
  5%|▌         | 216/4095 [27:06<7:53:05,  7.32s/it]
  5%|▌         | 217/4095 [27:14<7:58:59,  7.41s/it]
  5%|▌         | 218/4095 [27:21<8:00:09,  7.43s/it]
  5%|▌         | 219/4095 [27:28<7:39:53,  7.12s/it]
  5%|▌         | 220/4095 [27:35<7:51:17,  7.30s/it]
  5%|▌         | 221/4095 [27:43<7:58:20,  7.41s/it]
  5%|▌         | 222/4095 [27:51<8:01:10,  7.45s/it]
  5%|▌         | 223/4095 [27:58<8:01:46,  7.47s/it]
  5%|▌         | 224/4095 [28:06<8:00:00,  7.44s/it]
  5%|▌         | 225/4095 [28:13<8:00:02,  7.44s/it]
  6%|▌         | 226/4095 [28:20<7:50:03,  7.29s/it]
  6%|▌         | 227/4095 [28:27<7:52:15,  7.33s/it]
  6%|▌         | 228/4095 [28:35<7:51:02,  7.31s/it]
  6%|▌         | 229/4095 [28:41<7:40:50,  7.15s/it]
  6%|▌         | 230/4095 [28:49<7:44:22,  7.21s/it]
  6%|▌         | 231/4095 [28:56<7:45:21,  7.23s/it]
  6%|▌         | 232/4095 [29:03<7:46:05,  7.24s/it]
  6%|▌         | 233/4095 [29:11<7:52:20,  7.34s/it]
  6%|▌         | 234/4095 [29:18<7:54:08,  7.37s/it]
  6%|▌         | 235/4095 [29:25<7:48:22,  7.28s/it]
  6%|▌         | 236/4095 [29:33<7:48:42,  7.29s/it]
  6%|▌         | 237/4095 [29:40<7:47:42,  7.27s/it]
  6%|▌         | 238/4095 [29:47<7:49:13,  7.30s/it]
  6%|▌         | 239/4095 [29:55<7:47:28,  7.27s/it]
  6%|▌         | 240/4095 [30:02<7:48:22,  7.29s/it]
  6%|▌         | 241/4095 [30:10<7:58:29,  7.45s/it]
  6%|▌         | 242/4095 [30:17<7:54:08,  7.38s/it]
  6%|▌         | 243/4095 [30:25<8:11:10,  7.65s/it]
  6%|▌         | 244/4095 [30:33<8:20:58,  7.81s/it]
  6%|▌         | 245/4095 [30:42<8:36:53,  8.06s/it]
  6%|▌         | 246/4095 [30:50<8:28:19,  7.92s/it]
  6%|▌         | 247/4095 [30:56<8:03:06,  7.53s/it]
  6%|▌         | 248/4095 [31:05<8:23:01,  7.85s/it]
  6%|▌         | 249/4095 [31:13<8:32:58,  8.00s/it]
  6%|▌         | 250/4095 [31:21<8:37:22,  8.07s/it]
  6%|▌         | 251/4095 [31:30<8:38:59,  8.10s/it]
  6%|▌         | 252/4095 [31:37<8:28:43,  7.94s/it]
  6%|▌         | 253/4095 [31:45<8:35:25,  8.05s/it]
  6%|▌         | 254/4095 [31:54<8:41:09,  8.14s/it]
  6%|▌         | 255/4095 [32:02<8:40:51,  8.14s/it]
  6%|▋         | 256/4095 [32:10<8:37:00,  8.08s/it]
  6%|▋         | 257/4095 [32:18<8:29:43,  7.97s/it]
  6%|▋         | 258/4095 [32:26<8:38:43,  8.11s/it]
  6%|▋         | 259/4095 [32:34<8:39:46,  8.13s/it]
  6%|▋         | 260/4095 [32:42<8:35:41,  8.07s/it]
  6%|▋         | 261/4095 [32:50<8:35:54,  8.07s/it]
  6%|▋         | 262/4095 [32:59<8:41:30,  8.16s/it]
  6%|▋         | 263/4095 [33:05<8:15:28,  7.76s/it]
  6%|▋         | 264/4095 [33:12<8:00:27,  7.52s/it]
  6%|▋         | 265/4095 [33:20<7:59:56,  7.52s/it]
  6%|▋         | 266/4095 [33:28<8:07:42,  7.64s/it]
  7%|▋         | 267/4095 [33:35<8:04:38,  7.60s/it]
  7%|▋         | 268/4095 [33:43<8:01:11,  7.54s/it]
  7%|▋         | 269/4095 [33:50<7:54:53,  7.45s/it]
  7%|▋         | 270/4095 [33:57<7:52:15,  7.41s/it]
  7%|▋         | 271/4095 [34:04<7:35:32,  7.15s/it]
  7%|▋         | 272/4095 [34:11<7:43:04,  7.27s/it]
  7%|▋         | 273/4095 [34:18<7:38:18,  7.19s/it]
  7%|▋         | 274/4095 [34:25<7:33:22,  7.12s/it]
  7%|▋         | 275/4095 [34:32<7:31:34,  7.09s/it]
  7%|▋         | 276/4095 [34:40<7:35:17,  7.15s/it]
  7%|▋         | 277/4095 [34:47<7:41:43,  7.26s/it]
  7%|▋         | 278/4095 [34:54<7:42:57,  7.28s/it]
  7%|▋         | 279/4095 [35:02<7:42:14,  7.27s/it]
  7%|▋         | 280/4095 [35:09<7:36:02,  7.17s/it]
  7%|▋         | 281/4095 [35:16<7:42:14,  7.27s/it]
  7%|▋         | 282/4095 [35:23<7:42:56,  7.28s/it]
  7%|▋         | 283/4095 [35:31<7:40:03,  7.24s/it]
  7%|▋         | 284/4095 [35:38<7:43:14,  7.29s/it]
  7%|▋         | 285/4095 [35:45<7:46:40,  7.35s/it]
  7%|▋         | 286/4095 [35:53<7:44:58,  7.32s/it]
  7%|▋         | 287/4095 [36:00<7:45:13,  7.33s/it]
  7%|▋         | 288/4095 [36:07<7:43:18,  7.30s/it]
  7%|▋         | 289/4095 [36:15<7:43:06,  7.30s/it]
  7%|▋         | 290/4095 [36:22<7:35:34,  7.18s/it]
  7%|▋         | 291/4095 [36:28<7:23:28,  6.99s/it]
  7%|▋         | 292/4095 [36:35<7:25:31,  7.03s/it]
  7%|▋         | 293/4095 [36:43<7:31:42,  7.13s/it]
  7%|▋         | 294/4095 [36:50<7:36:45,  7.21s/it]
  7%|▋         | 295/4095 [36:57<7:39:11,  7.25s/it]
  7%|▋         | 296/4095 [37:05<7:40:18,  7.27s/it]
  7%|▋         | 297/4095 [37:12<7:42:56,  7.31s/it]
  7%|▋         | 298/4095 [37:19<7:41:03,  7.29s/it]
  7%|▋         | 299/4095 [37:27<7:47:19,  7.39s/it]
  7%|▋         | 300/4095 [37:34<7:39:21,  7.26s/it]
  7%|▋         | 301/4095 [37:41<7:42:06,  7.31s/it]
  7%|▋         | 302/4095 [37:49<7:43:58,  7.34s/it]
  7%|▋         | 303/4095 [37:56<7:42:26,  7.32s/it]
  7%|▋         | 304/4095 [38:03<7:35:14,  7.21s/it]
  7%|▋         | 305/4095 [38:10<7:28:18,  7.10s/it]
  7%|▋         | 306/4095 [38:17<7:37:51,  7.25s/it]
  7%|▋         | 307/4095 [38:25<7:42:12,  7.32s/it]
  8%|▊         | 308/4095 [38:32<7:38:06,  7.26s/it]
  8%|▊         | 309/4095 [38:40<8:00:01,  7.61s/it]
  8%|▊         | 310/4095 [38:48<8:06:39,  7.71s/it]
  8%|▊         | 311/4095 [38:56<8:09:44,  7.77s/it]
  8%|▊         | 312/4095 [39:04<8:13:51,  7.83s/it]
  8%|▊         | 313/4095 [39:12<8:09:39,  7.77s/it]
  8%|▊         | 314/4095 [39:19<7:55:43,  7.55s/it]
  8%|▊         | 315/4095 [39:26<7:52:16,  7.50s/it]
  8%|▊         | 316/4095 [39:33<7:36:16,  7.24s/it]
  8%|▊         | 317/4095 [39:40<7:41:23,  7.33s/it]
  8%|▊         | 318/4095 [39:47<7:29:18,  7.14s/it]
  8%|▊         | 319/4095 [39:54<7:32:21,  7.19s/it]
  8%|▊         | 320/4095 [40:04<8:23:48,  8.01s/it]
  8%|▊         | 321/4095 [40:12<8:10:35,  7.80s/it]
  8%|▊         | 322/4095 [40:19<8:02:09,  7.67s/it]
  8%|▊         | 323/4095 [40:26<7:56:08,  7.57s/it]
  8%|▊         | 324/4095 [40:33<7:47:42,  7.44s/it]
  8%|▊         | 325/4095 [40:41<7:42:38,  7.36s/it]
  8%|▊         | 326/4095 [40:48<7:39:57,  7.32s/it]
  8%|▊         | 327/4095 [40:56<7:48:31,  7.46s/it]
  8%|▊         | 328/4095 [41:03<7:44:36,  7.40s/it]
  8%|▊         | 329/4095 [41:10<7:41:21,  7.35s/it]
  8%|▊         | 330/4095 [41:17<7:33:06,  7.22s/it]
  8%|▊         | 331/4095 [41:24<7:35:23,  7.26s/it]
  8%|▊         | 332/4095 [41:32<7:47:24,  7.45s/it]
  8%|▊         | 333/4095 [41:40<7:55:50,  7.59s/it]
  8%|▊         | 334/4095 [41:47<7:41:13,  7.36s/it]
  8%|▊         | 335/4095 [41:54<7:37:27,  7.30s/it]
  8%|▊         | 336/4095 [42:01<7:36:19,  7.28s/it]
  8%|▊         | 337/4095 [42:09<7:31:59,  7.22s/it]
  8%|▊         | 338/4095 [42:16<7:30:33,  7.20s/it]
  8%|▊         | 339/4095 [42:23<7:24:15,  7.10s/it]
  8%|▊         | 340/4095 [42:30<7:36:17,  7.29s/it]
  8%|▊         | 341/4095 [42:37<7:30:32,  7.20s/it]
  8%|▊         | 342/4095 [42:45<7:32:01,  7.23s/it]
  8%|▊         | 343/4095 [42:52<7:34:30,  7.27s/it]
  8%|▊         | 344/4095 [42:59<7:33:02,  7.25s/it]
  8%|▊         | 345/4095 [43:06<7:34:18,  7.27s/it]
  8%|▊         | 346/4095 [43:14<7:37:59,  7.33s/it]
  8%|▊         | 347/4095 [43:21<7:27:09,  7.16s/it]
  8%|▊         | 348/4095 [43:28<7:31:25,  7.23s/it]
  9%|▊         | 349/4095 [43:35<7:32:06,  7.24s/it]
  9%|▊         | 350/4095 [43:42<7:28:38,  7.19s/it]
  9%|▊         | 351/4095 [43:50<7:32:19,  7.25s/it]
  9%|▊         | 352/4095 [43:57<7:40:28,  7.38s/it]
  9%|▊         | 353/4095 [44:05<7:34:19,  7.28s/it]
  9%|▊         | 354/4095 [44:12<7:32:44,  7.26s/it]
  9%|▊         | 355/4095 [44:19<7:35:41,  7.31s/it]
  9%|▊         | 356/4095 [44:27<7:37:05,  7.34s/it]
  9%|▊         | 357/4095 [44:34<7:33:47,  7.28s/it]
  9%|▊         | 358/4095 [44:41<7:31:14,  7.25s/it]
  9%|▉         | 359/4095 [44:49<7:38:46,  7.37s/it]
  9%|▉         | 360/4095 [44:56<7:38:48,  7.37s/it]
  9%|▉         | 361/4095 [45:03<7:36:22,  7.33s/it]
  9%|▉         | 362/4095 [45:10<7:27:43,  7.20s/it]
  9%|▉         | 363/4095 [45:17<7:26:41,  7.18s/it]
  9%|▉         | 364/4095 [45:25<7:29:54,  7.24s/it]
  9%|▉         | 365/4095 [45:32<7:28:22,  7.21s/it]
  9%|▉         | 366/4095 [45:39<7:29:44,  7.24s/it]
  9%|▉         | 367/4095 [45:46<7:29:21,  7.23s/it]
  9%|▉         | 368/4095 [45:54<7:34:02,  7.31s/it]
  9%|▉         | 369/4095 [46:01<7:34:10,  7.31s/it]
  9%|▉         | 370/4095 [46:08<7:34:21,  7.32s/it]
  9%|▉         | 371/4095 [46:16<7:31:25,  7.27s/it]
  9%|▉         | 372/4095 [46:23<7:29:47,  7.25s/it]
  9%|▉         | 373/4095 [46:30<7:31:23,  7.28s/it]
  9%|▉         | 374/4095 [46:37<7:27:02,  7.21s/it]
  9%|▉         | 375/4095 [46:44<7:29:35,  7.25s/it]
  9%|▉         | 376/4095 [46:52<7:36:37,  7.37s/it]
  9%|▉         | 377/4095 [47:00<7:37:52,  7.39s/it]
  9%|▉         | 378/4095 [47:07<7:34:45,  7.34s/it]
  9%|▉         | 379/4095 [47:14<7:28:55,  7.25s/it]
  9%|▉         | 380/4095 [47:21<7:32:29,  7.31s/it]
  9%|▉         | 381/4095 [47:29<7:32:42,  7.31s/it]
  9%|▉         | 382/4095 [47:36<7:33:24,  7.33s/it]
  9%|▉         | 383/4095 [47:43<7:33:38,  7.33s/it]
  9%|▉         | 384/4095 [47:51<7:32:25,  7.31s/it]
  9%|▉         | 385/4095 [47:58<7:34:52,  7.36s/it]
  9%|▉         | 386/4095 [48:05<7:30:16,  7.28s/it]
  9%|▉         | 387/4095 [48:12<7:29:55,  7.28s/it]
  9%|▉         | 388/4095 [48:20<7:26:37,  7.23s/it]
  9%|▉         | 389/4095 [48:28<7:40:34,  7.46s/it]
 10%|▉         | 390/4095 [48:35<7:47:14,  7.57s/it]
 10%|▉         | 391/4095 [48:43<7:49:07,  7.60s/it]
 10%|▉         | 392/4095 [48:51<7:50:00,  7.62s/it]
 10%|▉         | 393/4095 [48:58<7:41:55,  7.49s/it]
 10%|▉         | 394/4095 [49:05<7:39:46,  7.45s/it]
 10%|▉         | 395/4095 [49:12<7:28:54,  7.28s/it]
 10%|▉         | 396/4095 [49:20<7:38:13,  7.43s/it]
 10%|▉         | 397/4095 [49:27<7:36:29,  7.41s/it]
 10%|▉         | 398/4095 [49:35<7:41:26,  7.49s/it]
 10%|▉         | 399/4095 [49:42<7:39:39,  7.46s/it]
 10%|▉         | 400/4095 [49:49<7:33:43,  7.37s/it]
 10%|▉         | 401/4095 [49:57<7:34:53,  7.39s/it]
 10%|▉         | 402/4095 [50:05<7:42:19,  7.51s/it]
 10%|▉         | 403/4095 [50:12<7:39:34,  7.47s/it]
 10%|▉         | 404/4095 [50:20<7:40:29,  7.49s/it]
 10%|▉         | 405/4095 [50:27<7:34:40,  7.39s/it]
 10%|▉         | 406/4095 [50:34<7:33:22,  7.37s/it]
 10%|▉         | 407/4095 [50:41<7:19:23,  7.15s/it]
 10%|▉         | 408/4095 [50:48<7:25:37,  7.25s/it]
 10%|▉         | 409/4095 [50:57<7:54:55,  7.73s/it]
 10%|█         | 410/4095 [51:04<7:48:06,  7.62s/it]
 10%|█         | 411/4095 [51:12<7:45:42,  7.58s/it]
 10%|█         | 412/4095 [51:19<7:37:55,  7.46s/it]
 10%|█         | 413/4095 [51:26<7:33:01,  7.38s/it]
 10%|█         | 414/4095 [51:34<7:33:38,  7.39s/it]
 10%|█         | 415/4095 [51:41<7:24:12,  7.24s/it]
 10%|█         | 416/4095 [51:48<7:24:44,  7.25s/it]
 10%|█         | 417/4095 [51:55<7:23:25,  7.23s/it]
 10%|█         | 418/4095 [52:02<7:11:42,  7.04s/it]
 10%|█         | 419/4095 [52:09<7:17:16,  7.14s/it]
 10%|█         | 420/4095 [52:15<6:47:41,  6.66s/it]
 10%|█         | 421/4095 [52:22<7:05:28,  6.95s/it]
 10%|█         | 422/4095 [52:29<7:11:07,  7.04s/it]
 10%|█         | 423/4095 [52:37<7:26:35,  7.30s/it]
 10%|█         | 424/4095 [52:45<7:42:01,  7.55s/it]
 10%|█         | 425/4095 [52:53<7:34:33,  7.43s/it]
 10%|█         | 426/4095 [53:01<7:51:05,  7.70s/it]
 10%|█         | 427/4095 [53:08<7:44:34,  7.60s/it]
 10%|█         | 428/4095 [53:16<7:52:19,  7.73s/it]
 10%|█         | 429/4095 [53:25<8:01:32,  7.88s/it]
 11%|█         | 430/4095 [53:33<8:10:39,  8.03s/it]
 11%|█         | 431/4095 [53:41<8:02:03,  7.89s/it]
 11%|█         | 432/4095 [53:49<8:15:11,  8.11s/it]
 11%|█         | 433/4095 [53:58<8:19:36,  8.19s/it]
 11%|█         | 434/4095 [54:05<8:04:59,  7.95s/it]
 11%|█         | 435/4095 [54:13<8:09:21,  8.02s/it]
 11%|█         | 436/4095 [54:20<7:54:49,  7.79s/it]
 11%|█         | 437/4095 [54:28<7:45:43,  7.64s/it]
 11%|█         | 438/4095 [54:35<7:47:32,  7.67s/it]
 11%|█         | 439/4095 [54:43<7:41:53,  7.58s/it]
 11%|█         | 440/4095 [54:50<7:34:34,  7.46s/it]
 11%|█         | 441/4095 [54:57<7:21:14,  7.25s/it]
 11%|█         | 442/4095 [55:04<7:28:38,  7.37s/it]
 11%|█         | 443/4095 [55:12<7:25:47,  7.32s/it]
 11%|█         | 444/4095 [55:19<7:24:44,  7.31s/it]
 11%|█         | 445/4095 [55:26<7:17:44,  7.20s/it]
 11%|█         | 446/4095 [55:33<7:16:19,  7.17s/it]
 11%|█         | 447/4095 [55:38<6:43:54,  6.64s/it]
 11%|█         | 448/4095 [55:46<6:54:00,  6.81s/it]
 11%|█         | 449/4095 [55:53<7:08:18,  7.05s/it]
 11%|█         | 450/4095 [56:00<7:11:53,  7.11s/it]
 11%|█         | 451/4095 [56:08<7:13:46,  7.14s/it]
 11%|█         | 452/4095 [56:15<7:18:02,  7.21s/it]
 11%|█         | 453/4095 [56:23<7:32:57,  7.46s/it]
 11%|█         | 454/4095 [56:34<8:36:22,  8.51s/it]
 11%|█         | 455/4095 [56:41<8:17:15,  8.20s/it]
 11%|█         | 456/4095 [56:49<8:06:26,  8.02s/it]
 11%|█         | 457/4095 [56:56<7:54:35,  7.83s/it]
 11%|█         | 458/4095 [57:04<7:44:23,  7.66s/it]
 11%|█         | 459/4095 [57:11<7:46:06,  7.69s/it]
 11%|█         | 460/4095 [57:20<7:53:23,  7.81s/it]
 11%|█▏        | 461/4095 [57:27<7:46:24,  7.70s/it]
 11%|█▏        | 462/4095 [57:35<7:43:57,  7.66s/it]
 11%|█▏        | 463/4095 [57:42<7:36:04,  7.53s/it]
 11%|█▏        | 464/4095 [57:49<7:28:37,  7.41s/it]
 11%|█▏        | 465/4095 [57:56<7:24:31,  7.35s/it]
 11%|█▏        | 466/4095 [58:04<7:28:20,  7.41s/it]
 11%|█▏        | 467/4095 [58:11<7:23:33,  7.34s/it]
 11%|█▏        | 468/4095 [58:18<7:16:02,  7.21s/it]
 11%|█▏        | 469/4095 [58:25<7:20:51,  7.30s/it]
 11%|█▏        | 470/4095 [58:33<7:21:50,  7.31s/it]
 12%|█▏        | 471/4095 [58:40<7:25:16,  7.37s/it]
 12%|█▏        | 472/4095 [58:48<7:38:12,  7.59s/it]
 12%|█▏        | 473/4095 [58:56<7:35:04,  7.54s/it]
 12%|█▏        | 474/4095 [59:03<7:30:45,  7.47s/it]
 12%|█▏        | 475/4095 [59:10<7:31:11,  7.48s/it]
 12%|█▏        | 476/4095 [59:18<7:25:28,  7.39s/it]
 12%|█▏        | 477/4095 [59:25<7:24:21,  7.37s/it]
 12%|█▏        | 478/4095 [59:32<7:14:47,  7.21s/it]
 12%|█▏        | 479/4095 [59:39<7:21:38,  7.33s/it]
 12%|█▏        | 480/4095 [59:47<7:22:59,  7.35s/it]
 12%|█▏        | 481/4095 [59:54<7:22:51,  7.35s/it]
 12%|█▏        | 482/4095 [1:00:01<7:21:44,  7.34s/it]
 12%|█▏        | 483/4095 [1:00:09<7:20:01,  7.31s/it]
 12%|█▏        | 484/4095 [1:00:16<7:18:44,  7.29s/it]
 12%|█▏        | 485/4095 [1:00:23<7:22:52,  7.36s/it]
 12%|█▏        | 486/4095 [1:00:31<7:20:10,  7.32s/it]
 12%|█▏        | 487/4095 [1:00:38<7:18:15,  7.29s/it]
 12%|█▏        | 488/4095 [1:00:46<7:37:50,  7.62s/it]
 12%|█▏        | 489/4095 [1:00:54<7:46:49,  7.77s/it]
 12%|█▏        | 490/4095 [1:01:02<7:41:14,  7.68s/it]
 12%|█▏        | 491/4095 [1:01:09<7:32:05,  7.53s/it]
 12%|█▏        | 492/4095 [1:01:16<7:14:35,  7.24s/it]
 12%|█▏        | 493/4095 [1:01:23<7:15:57,  7.26s/it]
 12%|█▏        | 494/4095 [1:01:30<7:08:25,  7.14s/it]
 12%|█▏        | 495/4095 [1:01:37<7:09:50,  7.16s/it]
 12%|█▏        | 496/4095 [1:01:44<7:06:55,  7.12s/it]
 12%|█▏        | 497/4095 [1:01:51<7:11:25,  7.19s/it]
 12%|█▏        | 498/4095 [1:01:59<7:10:11,  7.18s/it]
 12%|█▏        | 499/4095 [1:02:06<7:24:09,  7.41s/it]
 12%|█▏        | 500/4095 [1:02:14<7:21:33,  7.37s/it]
 12%|█▏        | 501/4095 [1:02:21<7:19:58,  7.35s/it]
 12%|█▏        | 502/4095 [1:02:28<7:19:45,  7.34s/it]
 12%|█▏        | 503/4095 [1:02:36<7:19:06,  7.33s/it]
 12%|█▏        | 504/4095 [1:02:43<7:26:15,  7.46s/it]
 12%|█▏        | 505/4095 [1:02:51<7:34:22,  7.59s/it]
 12%|█▏        | 506/4095 [1:03:00<7:45:48,  7.79s/it]
 12%|█▏        | 507/4095 [1:03:08<7:51:10,  7.88s/it]
 12%|█▏        | 508/4095 [1:03:15<7:47:24,  7.82s/it]
 12%|█▏        | 509/4095 [1:03:22<7:31:54,  7.56s/it]
 12%|█▏        | 510/4095 [1:03:29<7:24:20,  7.44s/it]
 12%|█▏        | 511/4095 [1:03:36<7:07:28,  7.16s/it]
 13%|█▎        | 512/4095 [1:03:43<7:07:58,  7.17s/it]
 13%|█▎        | 513/4095 [1:03:50<7:10:31,  7.21s/it]
 13%|█▎        | 514/4095 [1:03:57<7:05:34,  7.13s/it]
 13%|█▎        | 515/4095 [1:04:05<7:13:03,  7.26s/it]
 13%|█▎        | 516/4 17%|█▋        | 677/4095 [1:23:20<6:40:59,  7.04s/it] 17%|█▋        | 678/4095 [1:23:27<6:38:44,  7.00s/it] 17%|█▋        | 679/4095 [1:23:34<6:38:07,  6.99s/it] 17%|█▋        | 680/4095 [1:23:41<6:41:36,  7.06s/it] 17%|█▋        | 681/4095 [1:23:48<6:41:16,  7.05s/it] 17%|█▋        | 682/4095 [1:23:55<6:36:49,  6.98s/it] 17%|█▋        | 683/4095 [1:24:02<6:40:52,  7.05s/it] 17%|█▋        | 684/4095 [1:24:09<6:39:20,  7.02s/it] 17%|█▋        | 685/4095 [1:24:16<6:35:05,  6.95s/it] 17%|█▋        | 686/4095 [1:24:23<6:36:01,  6.97s/it] 17%|█▋        | 687/4095 [1:24:30<6:36:22,  6.98s/it] 17%|█▋        | 688/4095 [1:24:37<6:39:41,  7.04s/it] 17%|█▋        | 689/4095 [1:24:44<6:39:03,  7.03s/it] 17%|█▋        | 690/4095 [1:24:51<6:40:41,  7.06s/it] 17%|█▋        | 691/4095 [1:24:58<6:38:49,  7.03s/it] 17%|█▋        | 692/4095 [1:25:05<6:41:40,  7.08s/it] 17%|█▋        | 693/4095 [1:25:12<6:42:20,  7.10s/it] 17%|█▋        | 694/4095 [1:25:19<6:41:10,  7.08s/it] 17%|█▋        | 695/4095 [1:25:26<6:42:35,  7.10s/it] 17%|█▋        | 696/4095 [1:25:34<6:45:53,  7.17s/it] 17%|█▋        | 697/4095 [1:25:41<6:42:17,  7.10s/it] 17%|█▋        | 698/4095 [1:25:48<6:41:52,  7.10s/it] 17%|█▋        | 699/4095 [1:25:55<6:40:26,  7.07s/it] 17%|█▋        | 700/4095 [1:26:02<6:35:25,  6.99s/it] 17%|█▋        | 701/4095 [1:26:09<6:34:05,  6.97s/it] 17%|█▋        | 702/4095 [1:26:16<6:39:22,  7.06s/it] 17%|█▋        | 703/4095 [1:26:23<6:39:46,  7.07s/it] 17%|█▋        | 704/4095 [1:26:29<6:23:40,  6.79s/it] 17%|█▋        | 705/4095 [1:26:36<6:25:24,  6.82s/it] 17%|█▋        | 706/4095 [1:26:43<6:30:45,  6.92s/it] 17%|█▋        | 707/4095 [1:26:50<6:38:33,  7.06s/it] 17%|█▋        | 708/4095 [1:26:57<6:33:47,  6.98s/it] 17%|█▋        | 709/4095 [1:27:05<6:39:37,  7.08s/it] 17%|█▋        | 710/4095 [1:27:12<6:38:17,  7.06s/it] 17%|█▋        | 711/4095 [1:27:19<6:38:21,  7.06s/it] 17%|█▋        | 712/4095 [1:27:26<6:40:24,  7.10s/it] 17%|█▋        | 713/4095 [1:27:33<6:42:58,  7.15s/it] 17%|█▋        | 714/4095 [1:27:40<6:45:23,  7.19s/it] 17%|█▋        | 715/4095 [1:27:48<6:49:09,  7.26s/it] 17%|█▋        | 716/4095 [1:27:56<6:59:34,  7.45s/it] 18%|█▊        | 717/4095 [1:28:04<7:11:34,  7.67s/it] 18%|█▊        | 718/4095 [1:28:12<7:17:05,  7.77s/it] 18%|█▊        | 719/4095 [1:28:20<7:21:23,  7.84s/it] 18%|█▊        | 720/4095 [1:28:28<7:30:49,  8.01s/it] 18%|█▊        | 721/4095 [1:28:36<7:30:03,  8.00s/it] 18%|█▊        | 722/4095 [1:28:44<7:32:10,  8.04s/it] 18%|█▊        | 723/4095 [1:28:53<7:37:38,  8.14s/it] 18%|█▊        | 724/4095 [1:29:00<7:21:35,  7.86s/it] 18%|█▊        | 725/4095 [1:29:07<7:10:39,  7.67s/it] 18%|█▊        | 726/4095 [1:29:14<7:01:34,  7.51s/it] 18%|█▊        | 727/4095 [1:29:21<6:54:15,  7.38s/it] 18%|█▊        | 728/4095 [1:29:28<6:43:39,  7.19s/it] 18%|█▊        | 729/4095 [1:29:35<6:41:42,  7.16s/it] 18%|█▊        | 730/4095 [1:29:42<6:36:55,  7.08s/it] 18%|█▊     7.11s/it]
 14%|█▍        | 570/4095 [1:10:41<6:57:01,  7.10s/it]
 14%|█▍        | 571/4095 [1:10:48<6:47:29,  6.94s/it]
 14%|█▍        | 572/4095 [1:10:55<6:52:40,  7.03s/it]
 14%|█▍        | 573/4095 [1:11:02<6:52:23,  7.03s/it]
 14%|█▍        | 574/4095 [1:11:09<6:53:12,  7.04s/it]
 14%|█▍        | 575/4095 [1:11:16<6:53:36,  7.05s/it]
 14%|█▍        | 576/4095 [1:11:23<6:51:00,  7.01s/it]
 14%|█▍        | 577/4095 [1:11:30<6:55:13,  7.08s/it]
 14%|█▍        | 578/4095 [1:11:37<6:52:17,  7.03s/it]
 14%|█▍        | 579/4095 [1:11:44<6:50:07,  7.00s/it]
 14%|█▍        | 580/4095 [1:11:51<6:52:30,  7.04s/it]
 14%|█▍        | 581/4095 [1:11:59<7:03:33,  7.23s/it]
 14%|█▍        | 582/4095 [1:12:06<7:01:53,  7.21s/it]
 14%|█▍        | 583/4095 [1:12:13<6:57:58,  7.14s/it]
 14%|█▍        | 584/4095 [1:12:20<6:55:34,  7.10s/it]
 14%|█▍        | 585/4095 [1:12:27<6:56:37,  7.12s/it]
 14%|█▍        | 586/4095 [1:12:34<6:43:25,  6.90s/it]
 14%|█▍        | 587/4095 [1:12:40<6:42:36,  6.89s/it]
 14%|█▍        | 588/4095 [1:12:48<6:45:00,  6.93s/it]
 14%|█▍        | 589/4095 [1:12:55<6:52:43,  7.06s/it]
 14%|█▍        | 590/4095 [1:13:02<6:56:31,  7.13s/it]
 14%|█▍        | 591/4095 [1:13:10<7:06:34,  7.30s/it]
 14%|█▍        | 592/4095 [1:13:18<7:17:38,  7.50s/it]
 14%|█▍        | 593/4095 [1:13:26<7:27:39,  7.67s/it]
 15%|█▍        | 594/4095 [1:13:33<7:23:48,  7.61s/it]
 15%|█▍        | 595/4095 [1:13:41<7:26:58,  7.66s/it]
 15%|█▍        | 596/4095 [1:13:49<7:21:48,  7.58s/it]
 15%|█▍        | 597/4095 [1:13:56<7:23:56,  7.61s/it]
 15%|█▍        | 598/4095 [1:14:03<7:10:41,  7.39s/it]
 15%|█▍        | 599/4095 [1:14:10<7:00:31,  7.22s/it]
 15%|█▍        | 600/4095 [1:14:17<6:57:17,  7.16s/it]
 15%|█▍        | 601/4095 [1:14:24<6:56:56,  7.16s/it]
 15%|█▍        | 602/4095 [1:14:31<6:50:48,  7.06s/it]
 15%|█▍        | 603/4095 [1:14:38<6:53:49,  7.11s/it]
 15%|█▍        | 604/4095 [1:14:45<6:47:23,  7.00s/it]
 15%|█▍        | 605/4095 [1:14:52<6:52:23,  7.09s/it]
 15%|█▍        | 606/4095 [1:14:59<6:46:59,  7.00s/it]
 15%|█▍        | 607/4095 [1:15:06<6:52:37,  7.10s/it]
 15%|█▍        | 608/4095 [1:15:14<6:58:35,  7.20s/it]
 15%|█▍        | 609/4095 [1:15:21<7:00:06,  7.23s/it]
 15%|█▍        | 610/4095 [1:15:28<6:55:03,  7.15s/it]
 15%|█▍        | 611/4095 [1:15:35<6:50:04,  7.06s/it]
 15%|█▍        | 612/4095 [1:15:42<6:51:38,  7.09s/it]
 15%|█▍        | 613/4095 [1:15:49<6:52:20,  7.11s/it]
 15%|█▍        | 614/4095 [1:15:56<6:49:32,  7.06s/it]
 15%|█▌        | 615/4095 [1:16:03<6:50:58,  7.09s/it]
 15%|█▌        | 616/4095 [1:16:10<6:50:29,  7.08s/it]
 15%|█▌        | 617/4095 [1:16:17<6:50:55,  7.09s/it]
 15%|█▌        | 618/4095 [1:16:24<6:46:16,  7.01s/it]
 15%|█▌        | 619/4095 [1:16:31<6:45:41,  7.00s/it]
 15%|█▌        | 620/4095 [1:16:38<6:47:00,  7.03s/it]
 15%|█▌        | 621/4095 [1:16:46<6:50:38,  7.09s/it]
 15%|█▌        | 622/4095 [1:16:52<6:45:54,  7.01s/it]
 15%|█▌        | 623/4095 [1:16:59<6:40:44,  6.93s/it]
 15%|█▌        | 624/4095 [1:17:07<6:49:09,  7.07s/it]
 15%|█▌        | 625/4095 [1:17:14<6:52:12,  7.13s/it]
 15%|█▌        | 626/4095 [1:17:21<6:51:11,  7.11s/it]
 15%|█▌        | 627/4095 [1:17:28<6:52:26,  7.14s/it]
 15%|█▌        | 628/4095 [1:17:36<7:04:15,  7.34s/it]
 15%|█▌        | 629/4095 [1:17:43<7:03:28,  7.33s/it]
 15%|█▌        | 630/4095 [1:17:50<6:49:04,  7.08s/it]
 15%|█▌        | 631/4095 [1:17:57<6:51:55,  7.14s/it]
 15%|█▌        | 632/4095 [1:18:03<6:32:10,  6.79s/it]
 15%|█▌        | 633/4095 [1:18:09<6:24:15,  6.66s/it]
 15%|█▌        | 634/4095 [1:18:16<6:22:40,  6.63s/it]
 16%|█▌        | 635/4095 [1:18:23<6:31:35,  6.79s/it]
 16%|█▌        | 636/4095 [1:18:30<6:34:28,  6.84s/it]
 16%|█▌        | 637/4095 [1:18:37<6:40:52,  6.96s/it]
 16%|█▌        | 638/4095 [1:18:44<6:45:37,  7.04s/it]
 16%|█▌        | 639/4095 [1:18:52<6:48:35,  7.09s/it]
 16%|█▌        | 640/4095 [1:18:59<6:47:40,  7.08s/it]
 16%|█▌        | 641/4095 [1:19:07<7:02:27,  7.34s/it]
 16%|█▌        | 642/4095 [1:19:14<6:57:28,  7.25s/it]
 16%|█▌        | 643/4095 [1:19:20<6:35:32,  6.88s/it]
 16%|█▌        | 644/4095 [1:19:27<6:38:50,  6.93s/it]
 16%|█▌        | 645/4095 [1:19:34<6:36:16,  6.89s/it]
 16%|█▌        | 646/4095 [1:19:41<6:39:35,  6.95s/it]
 16%|█▌        | 647/4095 [1:19:48<6:44:12,  7.03s/it]
 16%|█▌        | 648/4095 [1:19:55<6:46:54,  7.08s/it]
 16%|█▌        | 649/4095 [1:20:04<7:11:35,  7.51s/it]
 16%|█▌        | 650/4095 [1:20:12<7:18:08,  7.63s/it]
 16%|█▌        | 651/4095 [1:20:19<7:08:31,  7.47s/it]
 16%|█▌        | 652/4095 [1:20:25<6:55:14,  7.24s/it]
 16%|█▌        | 653/4095 [1:20:32<6:47:06,  7.10s/it]
 16%|█▌        | 654/4095 [1:20:39<6:47:36,  7.11s/it]
 16%|█▌        | 655/4095 [1:20:46<6:39:31,  6.97s/it]
 16%|█▌        | 656/4095 [1:20:53<6:36:33,  6.92s/it]
 16%|█▌        | 657/4095 [1:21:00<6:36:57,  6.93s/it]
 16%|█▌        | 658/4095 [1:21:07<6:46:42,  7.10s/it]
 16%|█▌        | 659/4095 [1:21:14<6:48:10,  7.13s/it]
 16%|█▌        | 660/4095 [1:21:21<6:44:26,  7.06s/it]
 16%|█▌        | 661/4095 [1:21:28<6:43:08,  7.04s/it]
 16%|█▌        | 662/4095 [1:21:35<6:41:08,  7.01s/it]
 16%|█▌        | 663/4095 [1:21:42<6:42:03,  7.03s/it]
 16%|█▌        | 664/4095 [1:21:48<6:24:34,  6.73s/it]
 16%|█▌        | 665/4095 [1:21:55<6:23:30,  6.71s/it]
 16%|█▋        | 666/4095 [1:22:03<6:41:05,  7.02s/it]
 16%|█▋        | 667/4095 [1:22:10<6:40:22,  7.01s/it]
 16%|█▋        | 668/4095 [1:22:17<6:45:51,  7.11s/it]
 16%|█▋        | 669/4095 [1:22:24<6:41:29,  7.03s/it]
 16%|█▋        | 670/4095 [1:22:31<6:41:01,  7.03s/it]
 16%|█▋        | 671/4095 [1:22:38<6:40:22,  7.02s/it]
 16%|█▋        | 672/4095 [1:22:45<6:38:54,  6.99s/it]
 16%|█▋        | 673/4095 [1:22:52<6:39:22,  7.00s/it]
 16%|█▋        | 674/4095 [1:22:59<6:38:33,  6.99s/it]
 16%|█▋        | 675/4095 [1:23:06<6:40:21,  7.02s/it]
 17%|█▋        | 676/4095 [1:23:12<6:27:37,  6.80s/it]
 17%|█▋        | 677/4095 [1:23:20<6:40:59,  7.04s/it]
 17%|█▋        | 678/4095 [1:23:27<6:38:44,  7.00s/it]
 17%|█▋        | 679/4095 [1:23:34<6:38:07,  6.99s/it]
 17%|█▋        | 680/4095 [1:23:41<6:41:36,  7.06s/it]
 17%|█▋        | 681/4095 [1:23:48<6:41:16,  7.05s/it]
 17%|█▋        | 682/4095 [1:23:55<6:36:49,  6.98s/it]
 17%|█▋        | 683/4095 [1:24:02<6:40:52,  7.05s/it]
 17%|█▋        | 684/4095 [1:24:09<6:39:20,  7.02s/it]
 17%|█▋        | 685/4095 [1:24:16<6:35:05,  6.95s/it]
 17%|█▋        | 686/4095 [1:24:23<6:36:01,  6.97s/it]
 17%|█▋        | 687/4095 [1:24:30<6:36:22,  6.98s/it]
 17%|█▋        | 688/4095 [1:24:37<6:39:41,  7.04s/it]
 17%|█▋        | 689/4095 [1:24:44<6:39:03,  7.03s/it]
 17%|█▋        | 690/4095 [1:24:51<6:40:41,  7.06s/it]
 17%|█▋        | 691/4095 [1:24:58<6:38:49,  7.03s/it]
 17%|█▋        | 692/4095 [1:25:05<6:41:40,  7.08s/it]
 17%|█▋        | 693/4095 [1:25:12<6:42:20,  7.10s/it]
 17%|█▋        | 694/4095 [1:25:19<6:41:10,  7.08s/it]
 17%|█▋        | 695/4095 [1:25:26<6:42:35,  7.10s/it]
 17%|█▋        | 696/4095 [1:25:34<6:45:53,  7.17s/it]
 17%|█▋        | 697/4095 [1:25:41<6:42:17,  7.10s/it]
 17%|█▋        | 698/4095 [1:25:48<6:41:52,  7.10s/it]
 17%|█▋        | 699/4095 [1:25:55<6:40:26,  7.07s/it]
 17%|█▋        | 700/4095 [1:26:02<6:35:25,  6.99s/it]
 17%|█▋        | 701/4095 [1:26:09<6:34:05,  6.97s/it]
 17%|█▋        | 702/4095 [1:26:16<6:39:22,  7.06s/it]
 17%|█▋        | 703/4095 [1:26:23<6:39:46,  7.07s/it]
 17%|█▋        | 704/4095 [1:26:29<6:23:40,  6.79s/it]
 17%|█▋        | 705/4095 [1:26:36<6:25:24,  6.82s/it]
 17%|█▋        | 706/4095 [1:26:43<6:30:45,  6.92s/it]
 17%|█▋        | 707/4095 [1:26:50<6:38:33,  7.06s/it]
 17%|█▋        | 708/4095 [1:26:57<6:33:47,  6.98s/it]
 17%|█▋        | 709/4095 [1:27:05<6:39:37,  7.08s/it]
 17%|█▋        | 710/4095 [1:27:12<6:38:17,  7.06s/it]
 17%|█▋        | 711/4095 [1:27:19<6:38:21,  7.06s/it]
 17%|█▋        | 712/4095 [1:27:26<6:40:24,  7.10s/it]
 17%|█▋        | 713/4095 [1:27:33<6:42:58,  7.15s   | 731/4095 [1:29:49<6:35:18,  7.05s/it] 18%|█▊        | 732/4095 [1:29:56<6:26:21,  6.89s/it] 18%|█▊        | 733/4095 [1:30:04<6:49:10,  7.30s/it] 18%|█▊        | 734/4095 [1:30:11<6:40:49,  7.16s/it] 18%|█▊        | 735/4095 [1:30:18<6:41:26,  7.17s/it] 18%|█▊        | 736/4095 [1:30:25<6:41:58,  7.18s/it] 18%|█▊        | 737/4095 [1:30:32<6:40:00,  7.15s/it] 18%|█▊        | 738/4095 [1:30:39<6:38:22,  7.12s/it] 18%|█▊        | 739/4095 [1:30:46<6:37:19,  7.10s/it] 18%|█▊        | 740/4095 [1:30:53<6:35:28,  7.07s/it] 18%|█▊        | 741/4095 [1:31:01<6:37:07,  7.10s/it] 18%|█▊        | 742/4095 [1:31:08<6:38:32,  7.13s/it] 18%|█▊        | 743/4095 [1:31:15<6:33:27,  7.04s/it] 18%|█▊        | 744/4095 [1:31:22<6:34:59,  7.07s/it] 18%|█▊        | 745/4095 [1:31:29<6:37:29,  7.12s/it] 18%|█▊        | 746/4095 [1:31:36<6:36:45,  7.11s/it] 18%|█▊        | 747/4095 [1:31:43<6:35:32,  7.09s/it] 18%|█▊        | 748/4095 [1:31:50<6:36:00,  7.10s/it] 18%|█▊        | 749/4095 [1:31:57<6:31:03,  7.01s/it] 18%|█▊        | 750/4095 [1:32:04<6:24:24,  6.90s/it] 18%|█▊        | 751/4095 [1:32:11<6:25:15,  6.91s/it] 18%|█▊        | 752/4095 [1:32:17<6:24:11,  6.90s/it] 18%|█▊        | 753/4095 [1:32:24<6:23:38,  6.89s/it] 18%|█▊        | 754/4095 [1:32:31<6:28:39,  6.98s/it] 18%|█▊        | 755/4095 [1:32:38<6:28:30,  6.98s/it] 18%|█▊        | 756/4095 [1:32:45<6:24:55,  6.92s/it] 18%|█▊        | 757/4095 [1:32:52<6:17:40,  6.79s/it] 19%|█▊        | 758/4095 [1:32:59<6:18:48,  6.81s/it] 19%|█▊        | 759/4095 [1:33:07<6:40:44,  7.21s/it] 19%|█▊        | 760/4095 [1:33:15<6:50:17,  7.38s/it] 19%|█▊        | 761/4095 [1:33:22<6:56:10,  7.49s/it] 19%|█▊        | 762/4095 [1:33:30<7:04:26,  7.64s/it] 19%|█▊        | 763/4095 [1:33:38<7:13:52,  7.81s/it] 19%|█▊        | 764/4095 [1:33:46<7:13:42,  7.81s/it] 19%|█▊        | 765/4095 [1:33:55<7:20:29,  7.94s/it] 19%|█▊        | 766/4095 [1:34:02<7:18:53,  7.91s/it] 19%|█▊        | 767/4095 [1:34:10<7:22:21,  7.98s/it] 19%|█▉        | 768/4095 [1:34:19<7:27:38,  8.07s/it] 19%|█▉        | 769/4095 [1:34:27<7:25:43,  8.04s/it] 19%|█▉        | 770/4095 [1:34:35<7:30:26,  8.13s/it] 19%|█▉        | 771/4095 [1:34:43<7:21:39,  7.97s/it] 19%|█▉        | 772/4095 [1:34:50<7:03:47,  7.65s/it] 19%|█▉        | 773/4095 [1:34:57<6:52:51,  7.46s/it] 19%|█▉        | 774/4095 [1:35:04<6:47:02,  7.35s/it] 19%|█▉        | 775/4095 [1:35:11<6:39:22,  7.22s/it] 19%|█▉        | 776/4095 [1:35:18<6:39:08,  7.22s/it] 19%|█▉        | 777/4095 [1:35:25<6:39:12,  7.22s/it] 19%|█▉        | 778/4095 [1:35:32<6:29:39,  7.05s/it] 19%|█▉        | 779/4095 [1:35:39<6:36:08,  7.17s/it] 19%|█▉        | 780/4095 [1:35:46<6:31:43,  7.09s/it] 19%|█▉        | 781/4095 [1:35:53<6:30:04,  7.06s/it] 19%|█▉        | 782/4095 [1:36:00<6:32:50,  7.11s/it] 19%|█▉        | 783/4095 [1:36:07<6:31:36,  7.09s/it] 19%|█▉        | 784/4095 [1:36:14<6:26:18,  7.00s/it] 19%|█▉        | 785/4095 [1:36:21<6:23:38,  6.95s/it] 19%|█▉        | 786/4095 [1:36:28<6:23:34,  6.96s/it] 19%|█▉        | 787/4095 [1:36:35<6:30:50,  7.09s/it] 19%|█▉        | 788/4095 [1:36:43<6:33:41,  7.14s/it] 19%|█▉        | 789/4095 [1:36:49<6:21:28,  6.92s/it] 19%|█▉        | 790/4095 [1:36:56<6:30:46,  7.09s/it] 19%|█▉        | 791/4095 [1:37:04<6:40:11,  7.27s/it] 19%|█▉        | 792/4095 [1:37:11<6:32:27,  7.13s/it] 19%|█▉        | 793/4095 [1:37:18<6:33:01,  7.14s/it] 19%|█▉        | 794/4095 [1:37:25<6:31:24,  7.11s/it] 19%|█▉        | 795/4095 [1:37:32<6:29:56,  7.09s/it] 19%|█▉        | 796/4095 [1:37:40<6:38:09,  7.24s/it] 19%|█▉        | 797/4095 [1:37:47<6:36:03,  7.21s/it] 19%|█▉        | 798/4095 [1:37:54<6:37:45,  7.24s/it] 20%|█▉        | 799/4095 [1:38:01<6:34:01,  7.17s/it] 20%|█▉        | 800/4095 [1:38:08<6:34:25,  7.18s/it] 20%|█▉        | 801/4095 [1:38:16<6:32:33,  7.15s/it] 20%|█▉        | 802/4095 [1:38:23<6:31:30,  7.13s/it] 20%|█▉        | 803/4095 [1:38:29<6:26:40,  7.05s/it] 20%|█▉        | 804/4095 [1:38:36<6:16:25,  6.86s/it] 20%|█▉        | 805/4095 [1:38:43<6:19:08,  6.91s/it] 20%|█▉        | 806/4095 [1:38:50<6:22:02,  6.97s/it] 20%|█▉        | 807/4095 [1:38:57<6:19:40,  6.93s/it] 20%|█▉        | 808/4095 [1:39:04<6:21:24,  6.96s/it] 20%|█▉        | 809/4095 [1:39:11<6:24:35,  7.02s/it] 20%|█▉        | 810/4095 [1:39:18<6:26:47,  7.06s/it] 20%|█▉        | 811/4095 [1:39:25<6:24:53,  7.03s/it] 20%|█▉        | 812/4095 [1:39:32<6:22:40,  6.99s/it] 20%|█▉        | 813/4095 [1:39:38<6:07:50,  6.72s/it] 20%|█▉        | 814/4095 [1:39:45<6:10:04,  6.77s/it] 20%|█▉        | 815/4095 [1:39:52<6:14:21,  6.85s/it] 20%|█▉        | 816/4095 [1:39:59<6:20:25,  6.96s/it] 20%|█▉        | 817/4095 [1:40:06<6:20:21,  6.96s/it] 20%|█▉        | 818/4095 [1:40:14<6:24:01,  7.03s/it] 20%|██        | 819/4095 [1:40:21<6:26:10,  7.07s/it] 20%|██        | 820/4095 [1:40:28<6:29:56,  7.14s/it] 20%|██        | 821/4095 [1:40:35<6:32:08,  7.19s/it] 20%|██        | 822/4095 [1:40:43<6:33:38,  7.22s/it] 20%|██        | 823/4095 [1:40:49<6:17:37,  6.92s/it] 20%|██        | 824/4095 [1:40:56<6:24:20,  7.05s/it] 20%|██        | 825/4095 [1:41:03<6:21:56,  7.01s/it] 20%|██        | 826/4095 [1:41:10<6:19:28,  6.96s/it] 20%|██        | 827/4095 [1:41:17<6:24:13,  7.05s/it] 20%|██        | 828/4095 [1:41:25<6:31:34,  7.19s/it] 20%|██        | 829/4095 [1:41:32<6:30:04,  7.17s/it] 20%|██        | 830/4095 [1:41:39<6:25:30,  7.08s/it] 20%|██        | 831/4095 [1:41:46<6:27:36,  7.13s/it] 20%|██        | 832/4095 [1:41:53<6:26:20,  7.10s/it] 20%|██        | 833/4095 [1:42:00<6:28:50,  7.15s/it] 20%|██        | 834/4095 [1:42:07<6:26:18,  7.11s/it] 20%|██        | 835/4095 [1:42:14<6:25:17,  7.09s/it] 20%|██        | 836/4095 [1:42:22<6:29:46,  7.18s/it] 20%|██        | 837/4095 [1:42:29<6:29:29,  7.17s/it] 20%|██        | 838/4095 [1:42:36<6:28:09,  7.15s/it] 20%|██        | 839/4095 [1:42:43<6:26:45,  7.13s/it] 21%|██        | 840/4095 [1:42:50<6:24:33,  7.09s/it] 21%|██        | 841/4095 [1:42:57<6:26:27,  7.13s/it] 21%|██        | 842/4095 [1:43:04<6:27:09,  7.14s/it] 21%|██        | 843/4095 [1:43:12<6:33:44,  7.26s/it] 21%|██        | 844/4095 [1:43:19<6:29:18,  7.19s/it] 21%|██        | 845/4095 [1:43:26<6:22:34,  7.06s/it] 21%|██        | 846/4095 [1:43:33<6:20:07,  7.02s/it] 21%|██        | 847/4095 [1:43:40<6:25:06,  7.11s/it] 21%|██        | 848/4095 [1:43:47<6:22:59,  7.08s/it] 21%|██        | 849/4095 [1:43:54<6:19:20,  7.01s/it] 21%|██        | 850/4095 [1:44:00<6:11:32,  6.87s/it] 21%|██        | 851/4095 [1:44:08<6:18:58,  7.01s/it] 21%|██        | 852/4095 [1:44:15<6:16:21,  6.96s/it] 21%|██        | 853/4095 [1:44:22<6:19:01,  7.01s/it] 21%|██        | 854/4095 [1:44:29<6:20:52,  7.05s/it] 21%|██        | 855/4095 [1:44:36<6:23:47,  7.11s/it] 21%|██        | 856/4095 [1:44:44<6:33:29,  7.29s/it] 21%|██        | 857/4095 [1:44:51<6:28:39,  7.20s/it] 21%|██        | 858/4095 [1:44:58<6:22:39,  7.09s/it] 21%|██        | 859/4095 [1:45:05<6:20:35,  7.06s/it] 21%|██        | 860/4095 [1:45:12<6:28:06,  7.20s/it] 21%|██        | 861/4095 [1:45:19<6:24:19,  7.13s/it] 21%|██        | 862/4095 [1:45:26<6:27:04,  7.18s/it] 21%|██        | 863/4095 [1:45:34<6:31:00,  7.26s/it] 21%|██        | 864/4095 [1:45:42<6:47:08,  7.56s/it] 21%|██        | 865/4095 [1:45:49<6:44:23,  7.51s/it] 21%|██        | 866/4095 [1:45:58<6:58:45,  7.78s/it] 21%|██        | 867/4095 [1:46:06<6:56:35,  7.74s/it] 21%|██        | 868/4095 [1:46:13<6:47:46,  7.58s/it] 21%|██        | 869/4095 [1:46:20<6:45:10,  7.54s/it] 21%|██        | 870/4095 [1:46:27<6:41:04,  7.46s/it] 21%|██▏       | 871/4095 [1:46:34<6:32:36,  7.31s/it] 21%|██▏       | 872/4095 [1:46:41<6:25:06,  7.17s/it] 21%|██▏       | 873/4095 [1:46:48<6:22:32,  7.12s/it] 21%|██▏       | 874/4095 [1:46:56<6:26:07,  7.19s/it] 21%|██▏       | 875/4095 [1:47:02<6:20:17,  7.09s/it] 21%|██▏       | 876/4095 [1:47:09<6:08:36,  6.87s/it] 21%|██▏       | 877/4095 [1:47:16<6:15:20,  7.00s/it] 21%|██▏       | 878/4095 [1:47:24<6:22:11,  7.13s/it] 21%|██▏       | 879/4095 [1:47:31<6:24:40,  7.18s/it] 21%|██▏       | 880/4095 [1:47:38<6:27:48,  7.24s/it] 22%|██▏       | 881/4095 [1:47:46<6:30:53,  7.30s/it] 22%|██▏       | 882/4095 [1:47:53<6:29:16,  7.27s/it] 22%|██▏       | 883/4095 [1:48:00<6:30:57,  7.30s/it] 22%|██▏       | 884/4095 [1:48:08<6:39:59,  7.47s/it] 22%|██▏       | 885/4095 [1:48:15<6:35:56,  7.40s/it] 22%|██▏       | 886/4095 [1:48:23<6:33:31,  7.36s/it] 22%|██▏       | 887/4095 [1:48:30<6:28:38,  7.27s/it] 22%|██▏       | 888/4095 [1:48:37<6:27:22,  7.25s/it] 22%|██▏       | 889/4095 [1:48:44<6:27:49,  7.26s/it] 22%|██▏       | 890/4095 [1:48:51<6:26:22,  7.23s/it] 22%|██▏       | 891/4095 [1:48:58<6:18:29,  7.09s/it] 22%|██▏       | 892/4095 [1:49:05<6:19:39,  7.11s/it] 22%|██▏       | 893/4095 [1:49:12<6:19:10,  7.11s/it] 22%|██▏       | 894/4095 [1:49:20<6:22:42,  7.17s/it] 22%|██▏       | 895/4095 [1:49:27<6:23:01,  7.18s/it] 22%|██▏       | 896/4095 [1:49:34<6:19:51,  7.12s/it] 22%|██▏       | 897/4095 [1:49:40<6:11:04,  6.96s/it] 22%|██▏       | 898/4095 [1:49:48<6:15:40,  7.05s/it] 22%|██▏       | 899/4095 [1:49:54<6:03:42,  6.83s/it] 22%|██▏       | 900/4095 [1:50:01<6:03:48,  6.83s/it] 22%|██▏       | 901/4095 [1:50:08<6:08:26,  6.92s/it] 22%|██▏       | 902/4095 [1:50:15<6:12:27,  7.00s/it] 22%|██▏       | 903/4095 [1:50:22<6:14:12,  7.03s/it] 22%|██▏       | 904/4095 [1:50:30<6:21:14,  7.17s/it] 22%|██▏       | 905/4095 [1:50:37<6:16:20,  7.08s/it] 22%|██▏       | 906/4095 [1:50:44<6:22:08,  7.19s/it] 22%|██▏       | 907/4095 [1:50:52<6:31:32,  7.37s/it] 22%|██▏       | 908/4095 [1:50:59<6:31:06,  7.36s/it] 22%|██▏       | 909/4095 [1:51:06<6:23:36,  7.22s/it] 22%|██▏       | 910/4095 [1:51:12<6:06:15,  6.90s/it] 22%|██▏       | 911/4095 [1:51:19<6:07:43,  6.93s/it] 22%|██▏       | 912/4095 [1:51:26<6:03:23,  6.85s/it] 22%|██▏       | 913/4095 [1:51:33<6:12:50,  7.03s/it] 22%|██▏       | 914/4095 [1:51:40<6:06:55,  6.92s/it] 22%|██▏       | 915/4095 [1:51:47<6:11:25,  7.01s/it] 22%|██▏       | 916/4095 [1:51:54<6:07:59,  6.95s/it] 22%|██▏       | 917/4095 [1:52:01<6:07:24,  6.94s/it] 22%|██▏       | 918/4095 [1:52:08<6:10:12,  6.99s/it] 22%|██▏       | 919/4095 [1:52:15<6:08:22,  6.96s/it] 22%|██▏       | 920/4095 [1:52:22<6:04:58,  6.90s/it] 22%|██▏       | 921/4095 [1:52:29<6:02:51,  6.86s/it] 23%|██▎       | 922/4095 [1:52:35<6:04:11,  6.89s/it] 23%|██▎       | 923/4095 [1:52:43<6:07:43,  6.96s/it] 23%|██▎       | 924/4095 [1:52:49<6:01:53,  6.85s/it] 23%|██▎       | 925/4095 [1:52:57<6:10:37,  7.02s/it] 23%|██▎       | 926/4095 [1:53:04<6:09:44,  7.00s/it] 23%|██▎       | 927/4095 [1:53:11<6:13:16,  7.07s/it] 23%|██▎       | 928/4095 [1:53:17<6:03:52,  6.89s/it] 23%|██▎       | 929/4095 [1:53:25<6:09:46,  7.01s/it] 23%|██▎       | 930/4095 [1:53:32<6:10:34,  7.03s/it] 23%|██▎       | 931/4095 [1:53:38<6:06:50,  6.96s/it] 23%|██▎       | 932/4095 [1:53:45<6:03:53,  6.90s/it] 23%|██▎       | 933/4095 [1:53:52<6:05:28,  6.93s/it] 23%|██▎       | 934/4095 [1:54:00<6:13:10,  7.08s/it] 23%|██▎       | 935/4095 [1:54:07<6:13:26,  7.09s/it] 23%|██▎       | 936/4095 [1:54:14<6:17:08,  7.16s/it] 23%|██▎       | 937/4095 [1:54:21<6:15:01,  7.13s/it] 23%|██▎       | 938/4095 [1:54:28<6:13:49,  7.10s/it] 23%|██▎       | 939/4095 [1:54:35<6:15:46,  7.14s/it] 23%|██▎       | 940/4095 [1:54:42<6:10:10,  7.04s/it] 23%|██▎       | 941/4095 [1:54:49<6:06:18,  6.97s/it] 23%|██▎       | 942/4095 [1:54:56<6:05:03,  6.95s/it] 23%|██▎       | 943/4095 [1:55:03<6:11:13,  7.07s/it] 23%|██▎       | 944/4095 [1:55:11<6:15:11,  7.14s/it] 23%|██▎       | 945/4095 [1:55:18<6:16:11,  7.17s/it] 23%|██▎       | 946/4095 [1:55:25<6:10:15,  7.05s/it] 23%|██▎       | 947/4095 [1:55:32<6:11:28,  7.08s/it] 23%|██▎       | 948/4095 [1:55:39<6:11:23,  7.08s/it] 23%|██▎       | 949/4095 [1:55:46<6:10:55,  7.07s/it] 23%|██▎       | 950/4095 [1:55:52<5:58:35,  6.84s/it] 23%|██▎       | 951/4095 [1:56:00<6:07:35,  7.02s/it] 23%|██▎       | 952/4095 [1:56:06<6:05:35,  6.98s/it] 23%|██▎       | 953/4095 [1:56:14<6:08:21,  7.03s/it] 23%|██▎       | 954/4095 [1:56:21<6:07:01,  7.01s/it] 23%|██▎       | 955/4095 [1:56:26<5:47:03,  6.63s/it] 23%|██▎       | 956/4095 [1:56:35<6:23:13,  7.33s/it] 23%|██▎       | 957/4095 [1:56:43<6:24:27,  7.35s/it] 23%|██▎       | 958/4095 [1:56:50<6:17:02,  7.21s/it] 23%|██▎       | 959/4095 [1:56:57<6:17:15,  7.22s/it] 23%|██▎       | 960/4095 [1:57:04<6:21:21,  7.30s/it] 23%|██▎       | 961/4095 [1:57:12<6:24:34,  7.36s/it] 23%|██▎       | 962/4095 [1:57:19<6:27:30,  7.42s/it] 24%|██▎       | 963/4095 [1:57:26<6:22:46,  7.33s/it] 24%|██▎       | 964/4095 [1:57:34<6:23:13,  7.34s/it] 24%|██▎       | 965/4095 [1:57:41<6:17:01,  7.23s/it] 24%|██▎       | 966/4095 [1:57:48<6:20:44,  7.30s/it] 24%|██▎       | 967/4095 [1:57:55<6:17:52,  7.25s/it] 24%|██▎       | 968/4095 [1:58:03<6:17:26,  7.24s/it] 24%|██▎       | 969/4095 [1:58:09<6:09:52,  7.10s/it] 24%|██▎       | 970/4095 [1:58:16<6:02:53,  6.97s/it] 24%|██▎       | 971/4095 [1:58:23<6:10:21,  7.11s/it] 24%|██▎       | 972/4095 [1:58:31<6:09:54,  7.11s/it] 24%|██▍       | 973/4095 [1:58:37<6:06:13,  7.04s/it] 24%|██▍       | 974/4095 [1:58:45<6:12:10,  7.15s/it] 24%|██▍       | 975/4095 [1:58:52<6:15:11,  7.22s/it] 24%|██▍       | 976/4095 [1:58:59<6:14:30,  7.20s/it] 24%|██▍       | 977/4095 [1:59:07<6:17:13,  7.26s/it] 24%|██▍       | 978/4095 [1:59:14<6:10:43,  7.14s/it] 24%|██▍       | 979/4095 [1:59:21<6:11:27,  7.15s/it] 24%|██▍       | 980/4095 [1:59:28<6:15:07,  7.23s/it] 24%|██▍       | 981/4095 [1:59:36<6:15:49,  7.24s/it] 24%|██▍       | 982/4095 [1:59:44<6:31:10,  7.54s/it] 24%|██▍       | 983/4095 [1:59:52<6:39:52,  7.71s/it] 24%|██▍       | 984/4095 [2:00:00<6:43:59,  7.79s/it] 24%|██▍       | 985/4095 [2:00:07<6:34:19,  7.61s/it] 24%|██▍       | 986/4095 [2:00:14<6:22:45,  7.39s/it] 24%|██▍       | 987/4095 [2:00:21<6:19:44,  7.33s/it] 24%|██▍       | 988/4095 [2:00:28<6:13:16,  7.21s/it] 24%|██▍       | 989/4095 [2:00:35<6:13:22,  7.21s/it] 24%|██▍       | 990/4095 [2:00:42<6:13:41,  7.22s/it] 24%|██▍       | 991/4095 [2:00:50<6:16:08,  7.27s/it] 24%|██▍       | 992/4095 [2:00:58<6:24:22,  7.43s/it] 24%|██▍       | 993/4095 [2:01:05<6:18:50,  7.33s/it] 24%|██▍       | 994/4095 [2:01:12<6:14:02,  7.24s/it] 24%|██▍       | 995/4095 [2:01:19<6:12:24,  7.21s/it] 24%|██▍       | 996/4095 [2:01:26<6:08:50,  7.14s/it] 24%|██▍       | 997/4095 [2:01:33<6:02:23,  7.02s/it] 24%|██▍       | 998/4095 [2:01:40<6:04:29,  7.06s/it] 24%|██▍       | 999/4095 [2:01:47<6:05:33,  7.08s/it] 24%|██▍       | 1000/4095 [2:01:54<6:02:59,  7.04s/it]                                                        24%|██▍       | 1000/4095 [2:01:54<6:02:59,  7.04s/it]
Batches:   0%|          | 0/9 [00:00<?, ?it/s][A
Batches:  67%|██████▋   | 6/9 [00:00<00:00, 56.13it/s][ABatches: 100%|██████████| 9/9 [00:00<00:00, 60.46it/s]

Corpus Chunks:   0%|          | 0/1 [00:00<?, ?it/s][A

Batches:   0%|          | 0/9 [00:00<?, ?it/s][A[A

Batches:  67%|██████▋   | 6/9 [00:00<00:00, 54.34it/s][A[ABatches: 100%|██████████| 9/9 [00:00<00:00, 57.90it/s]

Corpus Chunks: 100%|██████████| 1/1 [00:00<00:00,  1.90it/s][ACorpus Chunks: 100%|██████████| 1/1 [00:00<00:00,  1.89it/s]

Batches:   0%|          | 0/7 [00:00<?, ?it/s][A
Batches:  86%|████████▌ | 6/7 [00:00<00:00, 53.06it/s][ABatches: 100%|██████████| 7/7 [00:00<00:00, 10.64it/s]

Batches:   0%|          | 0/7 [00:00<?, ?it/s][A
Batches:  71%|███████▏  | 5/7 [00:00<00:00, 43.18it/s][ABatches: 100%|██████████| 7/7 [00:00<00:00, 47.53it/s]

Batches:   0%|          | 0/7 [00:00<?, ?it/s][A
Batches: 100%|██████████| 7/7 [00:00<00:00, 62.62it/s][ABatches: 100%|██████████| 7/7 [00:00<00:00, 62.17it/s]
                                                        24%|██▍       | 1000/4095 [2:01:56<6:02:59,  7.04s/it]
Writing model shards:   0%|          | 0/1 [00:00<?, ?it/s][A
Writing model shards: 100%|██████████| 1/1 [00:01<00:00,  1.46s/it][AWriting model shards: 100%|██████████| 1/1 [00:01<00:00,  1.46s/it]
 24%|██▍       | 1001/4095 [2:02:08<7:45:52,  9.03s/it] 24%|██▍       | 1002/4095 [2:02:15<7:18:37,  8.51s/it] 24%|██▍       | 1003/4095 [2:02:22<6:55:16,  8.06s/it] 25%|██▍       | 1004/4095 [2:02:29<6:40:46,  7.78s/it] 25%|██▍       | 1005/4095 [2:02:36<6:29:10,  7.56s/it] 25%|██▍       | 1006/4095 [2:02:43<6:23:00,  7.44s/it] 25%|██▍       | 1007/4095 [2:02:50<6:14:49,  7.28s/it] 25%|██▍       | 1008/4095 [2:02:57<6:12:01,  7.23s/it] 25%|██▍       | 1009/4095 [2:03:04<6:06:00,  7.12s/it] 25%|██▍       | 1010/4095 [2:03:11<6:05:03,  7.10s/it] 25%|██▍       | 1011/4095 [2:03:18<6:08:05,  7.16s/it] 25%|██▍       | 1012/4095 [2:03:27<6:27:17,  7.54s/it] 25%|██▍       | 1013/4095 [2:03:34<6:17:28,  7.35s/it] 25%|██▍       | 1014/4095 [2:03:42<6:31:47,  7.63s/it] 25%|██▍       | 1015/4095 [2:03:50<6:33:29,  7.67s/it] 25%|██▍       | 1016/4095 [2:03:58<6:47:23,  7.94s/it] 25%|██▍       | 1017/4095 [2:04:06<6:42:18,  7.84s/it] 25%|██▍       | 1018/4095 [2:04:14<6:38:01,  7.76s/it] 25%|██▍       | 1019/4095 [2:04:21<6:40:16,  7.81s/it] 25%|██▍       | 1020/4095 [2:04:29<6:30:37,  7.62s/it] 25%|██▍       | 1021/4095 [2:04:37<6:41:26,  7.84s/it] 25%|██▍       | 1022/4095 [2:04:45<6:45:08,  7.91s/it] 25%|██▍       | 1023/4095 [2:04:53<6:50:43,  8.02s/it] 25%|██▌       | 1024/4095 [2:05:01<6:48:21,  7.98s/it] 25%|██▌       | 1025/4095 [2:05:09<6:50:26,  8.02s/it] 25%|██▌       | 1026/4095 [2:05:16<6:33:19,  7.69s/it] 25%|██▌       | 1027/4095 [2:05:23<6:25:23,  7.54s/it] 25%|██▌       | 1028/4095 [2:05:31<6:18:08,  7.40s/it] 25%|██▌       | 1029/4095 [2:05:37<6:06:43,  7.18s/it] 25%|██▌       | 1030/4095 [2:05:44<6:07:44,  7.20s/it] 25%|██▌       | 1031/4095 [2:05:52<6:07:50,  7.20s/it] 25%|██▌       | 1032/4095 [2:05:59<6:03:57,  7.13s/it] 25%|██▌       | 1033/4095 [2:06:06<6:05:33,  7.16s/it] 25%|██▌       | 1034/4095 [2:06:13<6:01:11,  7.08s/it] 25%|██▌       | 1035/4095 [2:06:20<6:01:20,  7.09s/it] 25%|██▌       | 1036/4095 [2:06:27<6:00:24,  7.07s/it] 25%|██▌       | 1037/4095 [2:06:34<5:59:17,  7.05s/it] 25%|██▌       | 1038/4095 [2:06:41<6:02:38,  7.12s/it] 25%|██▌       | 1039/4095 [2:06:48<5:58:49,  7.05s/it] 25%|██▌       | 1040/4095 [2:06:55<5:56:16,  7.00s/it] 25%|██▌       | 1041/4095 [2:07:02<6:00:28,  7.08s/it] 25%|██▌       | 1042/4095 [2:07:10<6:11:01,  7.29s/it] 25%|██▌       | 1043/4095 [2:07:17<6:07:58,  7.23s/it] 25%|██▌       | 1044/4095 [2:07:24<6:01:38,  7.11s/it] 26%|██▌       | 1045/4095 [2:07:31<5:57:24,  7.03s/it] 26%|██▌       | 1046/4095 [2:07:37<5:48:49,  6.86s/it] 26%|██▌       | 1047/4095 [2:07:44<5:41:50,  6.73s/it] 26%|██▌       | 1048/4095 [2:07:51<5:49:43,  6.89s/it] 26%|██▌       | 1049/4095 [2:07:58<5:55:36,  7.00s/it] 26%|██▌       | 1050/4095 [2:08:05<5:54:12,  6.98s/it] 26%|██▌       | 1051/4095 [2:08:13<6:05:00,  7.19s/it] 26%|██▌       | 1052/4095 [2:08:20<6:07:22,  7.24s/it] 26%|██▌       | 1053/4095 [2:08:27<6:06:41,  7.23s/it] 26%|██▌       | 1054/4095 [2:08:34<6:05:00,  7.20s/it] 26%|██▌       | 1055/4095 [2:08:41<6:01:56,  7.14s/it] 26%|██▌       | 1056/4095 [2:08:49<6:03:17,  7.17s/it] 26%|██▌       | 1057/4095 [2:08:56<6:01:53,  7.15s/it] 26%|██▌       | 1058/4095 [2:09:03<5:55:12,  7.02s/it] 26%|██▌       | 1059/4095 [2:09:10<6:02:57,  7.17s/it] 26%|██▌       | 1060/4095 [2:09:17<6:03:15,  7.18s/it] 26%|██▌       | 1061/4095 [2:09:24<6:02:43,  7.17s/it] 26%|██▌       | 1062/4095 [2:09:32<6:03:25,  7.19s/it] 26%|██▌       | 1063/4095 [2:09:39<6:00:11,  7.13s/it] 26%|██▌       | 1064/4095 [2:09:45<5:49:04,  6.91s/it] 26%|██▌       | 1065/4095 [2:09:53<6:00:54,  7.15s/it] 26%|██▌       | 1066/4095 [2:10:01<6:19:39,  7.52s/it] 26%|██▌       | 1067/4095 [2:10:09<6:25:41,  7.64s/it] 26%|██▌       | 1068/4095 [2:10:16<6:17:12,  7.48s/it] 26%|██▌       | 1069/4095 [2:10:23<6:13:52,  7.41s/it] 26%|██▌       | 1070/4095 [2:10:31<6:09:44,  7.33s/it] 26%|██▌       | 1071/4095 [2:10:37<5:58:48,  7.12s/it] 26%|██▌       | 1072/4095 [2:10:44<5:56:44,  7.08s/it] 26%|██▌       | 1073/4095 [2:10:51<5:59:22,  7.14s/it] 26%|██▌       | 1074/4095 [2:10:59<6:02:29,  7.20s/it] 26%|██▋       | 1075/4095 [2:11:06<6:02:50,  7.21s/it] 26%|██▋       | 1076/4095 [2:11:13<6:02:00,  7.19s/it] 26%|██▋       | 1077/4095 [2:11:20<6:01:05,  7.18s/it] 26%|██▋       | 1078/4095 [2:11:27<5:59:06,  7.14s/it] 26%|██▋       | 1079/4095 [2:11:35<6:03:58,  7.24s/it] 26%|██▋       | 1080/4095 [2:11:42<5:55:54,  7.08s/it] 26%|██▋       | 1081/4095 [2:11:49<5:53:56,  7.05s/it] 26%|██▋       | 1082/4095 [2:11:56<5:54:12,  7.05s/it] 26%|██▋       | 1083/4095 [2:12:03<6:02:57,  7.23s/it] 26%|██▋       | 1084/4095 [2:12:11<6:04:31,  7.26s/it] 26%|██▋       | 1085/4095 [2:12:18<6:01:36,  7.21s/it] 27%|██▋       | 1086/4095 [2:12:25<6:00:59,  7.20s/it] 27%|██▋       | 1087/4095 [2:12:32<6:00:32,  7.19s/it] 27%|██▋       | 1088/4095 [2:12:39<5:53:32,  7.05s/it] 27%|██▋       | 1089/4095 [2:12:46<5:49:17,  6.97s/it] 27%|██▋       | 1090/4095 [2:12:52<5:44:25,  6.88s/it] 27%|██▋       | 1091/4095 [2:12:59<5:41:28,  6.82s/it] 27%|██▋       | 1092/4095 [2:13:06<5:45:36,  6.91s/it] 27%|██▋       | 1093/4095 [2:13:13<5:48:48,  6.97s/it] 27%|██▋       | 1094/4095 [2:13:20<5:49:20,  6.98s/it] 27%|██▋       | 1095/4095 [2:13:27<5:48:20,  6.97s/it] 27%|██▋       | 1096/4095 [2:13:33<5:39:17,  6.79s/it] 27%|██▋       | 1097/4095 [2:13:41<5:44:34,  6.90s/it] 27%|██▋       | 1098/4095 [2:13:48<5:49:06,  6.99s/it] 27%|██▋       | 1099/4095 [2:13:55<5:52:36,  7.06s/it] 27%|██▋       | 1100/4095 [2:14:02<5:47:48,  6.97s/it] 27%|██▋       | 1101/4095 [2:14:09<5:45:29,  6.92s/it] 27%|██▋       | 1102/4095 [2:14:16<5:51:28,  7.05s/it] 27%|██▋       | 1103/4095 [2:14:23<5:53:16,  7.08s/it] 27%|██▋       | 1104/4095 [2:14:31<6:03:11,  7.29s/it] 27%|██▋       | 1105/4095 [2:14:38<6:05:43,  7.34s/it] 27%|██▋       | 1106/4095 [2:14:45<6:01:35,  7.26s/it] 27%|██▋       | 1107/4095 [2:14:52<5:57:15,  7.17s/it] 27%|██▋       | 1108/4095 [2:15:00<6:03:49,  7.31s/it] 27%|██▋       | 1109/4095 [2:15:07<6:01:32,  7.26s/it] 27%|██▋       | 1110/4095 [2:15:14<6:00:29,  7.25s/it] 27%|██▋       | 1111/4095 [2:15:21<5:56:27,  7.17s/it] 27%|██▋       | 1112/4095 [2:15:29<6:07:18,  7.39s/it] 27%|██▋       | 1113/4095 [2:15:36<5:56:15,  7.17s/it] 27%|██▋       | 1114/4095 [2:15:43<5:57:17,  7.19s/it] 27%|██▋       | 1115/4095 [2:15:50<5:57:44,  7.20s/it] 27%|██▋       | 1116/4095 [2:15:57<5:49:50,  7.05s/it] 27%|██▋       | 1117/4095 [2:16:04<5:45:43,  6.97s/it] 27%|██▋       | 1118/4095 [2:16:11<5:44:19,  6.94s/it] 27%|██▋       | 1119/4095 [2:16:18<5:49:12,  7.04s/it] 27%|██▋       | 1120/4095 [2:16:25<5:49:10,  7.04s/it] 27%|██▋       | 1121/4095 [2:16:32<5:45:14,  6.97s/it] 27%|██▋       | 1122/4095 [2:16:39<5:46:33,  6.99s/it] 27%|██▋       | 1123/4095 [2:16:46<5:51:02,  7.09s/it] 27%|██▋       | 1124/4095 [2:16:53<5:49:34,  7.06s/it] 27%|██▋       | 1125/4095 [2:17:00<5:48:53,  7.05s/it] 27%|██▋       | 1126/4095 [2:17:08<5:58:20,  7.24s/it] 28%|██▊       | 1127/4095 [2:17:16<6:07:12,  7.42s/it] 28%|██▊       | 1128/4095 [2:17:23<5:59:13,  7.26s/it] 28%|██▊       | 1129/4095 [2:17:30<5:53:54,  7.16s/it] 28%|██▊       | 1130/4095 [2:17:37<5:57:39,  7.24s/it] 28%|██▊       | 1131/4095 [2:17:44<5:56:03,  7.21s/it] 28%|██▊       | 1132/4095 [2:17:51<5:50:35,  7.10s/it] 28%|██▊       | 1133/4095 [2:17:58<5:45:59,  7.01s/it] 28%|██▊       | 1134/4095 [2:18:05<5:43:40,  6.96s/it] 28%|██▊       | 1135/4095 [2:18:12<5:45:27,  7.00s/it] 28%|██▊       | 1136/4095 [2:18:19<5:45:56,  7.01s/it] 28%|██▊       | 1137/4095 [2:18:25<5:39:26,  6.89s/it] 28%|██▊       | 1138/4095 [2:18:32<5:40:19,  6.91s/it] 28%|██▊       | 1139/4095 [2:18:39<5:44:14,  6.99s/it] 28%|██▊       | 1140/4095 [2:18:47<5:45:59,  7.03s/it] 28%|██▊       | 1141/4095 [2:18:53<5:40:19,  6.91s/it] 28%|██▊       | 1142/4095 [2:19:01<5:46:32,  7.04s/it] 28%|██▊       | 1143/4095 [2:19:08<5:55:56,  7.23s/it] 28%|██▊       | 1144/4095 [2:19:15<5:54:01,  7.20s/it] 28%|██▊       | 1145/4095 [2:19:22<5:49:06,  7.10s/it] 28%|██▊       | 1146/4095 [2:19:28<5:29:33,  6.71s/it] 28%|██▊       | 1147/4095 [2:19:35<5:33:51,  6.79s/it] 28%|██▊       | 1148/4095 [2:19:43<5:45:59,  7.04s/it] 28%|██▊       | 1149/4095 [2:19:49<5:42:24,  6.97s/it] 28%|██▊       | 1150/4095 [2:19:56<5:36:39,  6.86s/it] 28%|██▊       | 1151/4095 [2:20:03<5:37:23,  6.88s/it] 28%|██▊       | 1152/4095 [2:20:10<5:36:05,  6.85s/it] 28%|██▊       | 1153/4095 [2:20:17<5:38:06,  6.90s/it] 28%|██▊       | 1154/4095 [2:20:24<5:38:05,  6.90s/it] 28%|██▊       | 1155/4095 [2:20:30<5:36:23,  6.87s/it] 28%|██▊       | 1156/4095 [2:20:37<5:35:38,  6.85s/it] 28%|██▊       | 1157/4095 [2:20:44<5:38:57,  6.92s/it] 28%|██▊       | 1158/4095 [2:20:51<5:37:21,  6.89s/it] 28%|██▊       | 1159/4095 [2:20:57<5:20:41,  6.55s/it] 28%|██▊       | 1160/4095 [2:21:04<5:34:30,  6.84s/it] 28%|██▊       | 1161/4095 [2:21:12<5:41:08,  6.98s/it] 28%|██▊       | 1162/4095 [2:21:19<5:38:59,  6.93s/it] 28%|██▊       | 1163/4095 [2:21:26<5:45:00,  7.06s/it] 28%|██▊       | 1164/4095 [2:21:33<5:48:01,  7.12s/it] 28%|██▊       | 1165/4095 [2:21:40<5:48:34,  7.14s/it] 28%|██▊       | 1166/4095 [2:21:47<5:47:30,  7.12s/it] 28%|██▊       | 1167/4095 [2:21:55<5:49:57,  7.17s/it] 29%|██▊       | 1168/4095 [2:22:02<5:51:23,  7.20s/it] 29%|██▊       | 1169/4095 [2:22:09<5:50:59,  7.20s/it] 29%|██▊       | 1170/4095 [2:22:16<5:49:54,  7.18s/it] 29%|██▊       | 1171/4095 [2:22:23<5:48:59,  7.16s/it] 29%|██▊       | 1172/4095 [2:22:30<5:42:01,  7.02s/it] 29%|██▊       | 1173/4095 [2:22:37<5:42:17,  7.03s/it] 29%|██▊       | 1174/4095 [2:22:44<5:46:13,  7.11s/it] 29%|██▊       | 1175/4095 [2:22:51<5:42:57,  7.05s/it] 29%|██▊       | 1176/4095 [2:22:59<5:44:29,  7.08s/it] 29%|██▊       | 1177/4095 [2:23:06<5:44:47,  7.09s/it] 29%|██▉       | 1178/4095 [2:23:13<5:43:49,  7.07s/it] 29%|██▉       | 1179/4095 [2:23:20<5:45:41,  7.11s/it] 29%|██▉       | 1180/4095 [2:23:27<5:44:07,  7.08s/it] 29%|██▉       | 1181/4095 [2:23:34<5:44:07,  7.09s/it] 29%|██▉       | 1182/4095 [2:23:41<5:48:45,  7.18s/it] 29%|██▉       | 1183/4095 [2:23:49<5:58:28,  7.39s/it] 29%|██▉       | 1184/4095 [2:23:57<5:56:47,  7.35s/it] 29%|██▉       | 1185/4095 [2:24:04<5:51:08,  7.24s/it] 29%|██▉       | 1186/4095 [2:24:10<5:45:40,  7.13s/it] 29%|██▉       | 1187/4095 [2:24:18<5:47:50,  7.18s/it] 29%|██▉       | 1188/4095 [2:24:25<5:44:12,  7.10s/it] 29%|██▉       | 1189/4095 [2:24:32<5:42:49,  7.08s/it] 29%|██▉       | 1190/4095 [2:24:39<5:41:03,  7.04s/it] 29%|██▉       | 1191/4095 [2:24:46<5:49:53,  7.23s/it] 29%|██▉       | 1192/4095 [2:24:53<5:46:04,  7.15s/it] 29%|██▉       | 1193/4095 [2:25:00<5:40:21,  7.04s/it] 29%|██▉       | 1194/4095 [2:25:07<5:36:36,  6.96s/it] 29%|██▉       | 1195/4095 [2:25:14<5:39:13,  7.02s/it] 29%|██▉       | 1196/4095 [2:25:21<5:41:05,  7.06s/it] 29%|██▉       | 1197/4095 [2:25:28<5:40:25,  7.05s/it] 29%|██▉       | 1198/4095 [2:25:35<5:38:38,  7.01s/it] 29%|██▉       | 1199/4095 [2:25:42<5:39:16,  7.03s/it] 29%|██▉       | 1200/4095 [2:25:49<5:44:15,  7.13s/it] 29%|██▉       | 1201/4095 [2:25:56<5:36:51,  6.98s/it] 29%|██▉       | 1202/4095 [2:26:03<5:37:17,  7.00s/it] 29%|██▉       | 1203/4095 [2:26:10<5:35:27,  6.96s/it] 29%|██▉       | 1204/4095 [2:26:17<5:38:04,  7.02s/it] 29%|██▉       | 1205/4095 [2:26:24<5:40:10,  7.06s/it] 29%|██▉       | 1206/4095 [2:26:31<5:40:48,  7.08s/it] 29%|██▉       | 1207/4095 [2:26:38<5:35:58,  6.98s/it] 29%|██▉       | 1208/4095 [2:26:45<5:34:43,  6.96s/it] 30%|██▉       | 1209/4095 [2:26:52<5:34:29,  6.95s/it] 30%|██▉       | 1210/4095 [2:27:00<5:43:49,  7.15s/it] 30%|██▉       | 1211/4095 [2:27:07<5:41:16,  7.10s/it] 30%|██▉       | 1212/4095 [2:27:14<5:40:04,  7.08s/it] 30%|██▉       | 1213/4095 [2:27:21<5:48:44,  7.26s/it] 30%|██▉       | 1214/4095 [2:27:30<6:02:51,  7.56s/it] 30%|██▉       | 1215/4095 [2:27:37<6:03:25,  7.57s/it] 30%|██▉       | 1216/4095 [2:27:44<5:51:40,  7.33s/it] 30%|██▉       | 1217/4095 [2:27:51<5:43:22,  7.16s/it] 30%|██▉       | 1218/4095 [2:27:58<5:42:04,  7.13s/it] 30%|██▉       | 1219/4095 [2:28:04<5:33:25,  6.96s/it] 30%|██▉       | 1220/4095 [2:28:12<5:36:17,  7.02s/it] 30%|██▉       | 1221/4095 [2:28:19<5:36:12,  7.02s/it] 30%|██▉       | 1222/4095 [2:28:25<5:27:04,  6.83s/it] 30%|██▉       | 1223/4095 [2:28:32<5:29:34,  6.89s/it] 30%|██▉       | 1224/4095 [2:28:39<5:32:35,  6.95s/it] 30%|██▉       | 1225/4095 [2:28:46<5:39:21,  7.09s/it] 30%|██▉       | 1226/4095 [2:28:55<5:52:59,  7.38s/it] 30%|██▉       | 1227/4095 [2:29:03<6:03:16,  7.60s/it] 30%|██▉       | 1228/4095 [2:29:10<5:57:25,  7.48s/it] 30%|███       | 1229/4095 [2:29:17<5:51:06,  7.35s/it] 30%|███       | 1230/4095 [2:29:24<5:45:15,  7.23s/it] 30%|███       | 1231/4095 [2:29:31<5:46:07,  7.25s/it] 30%|███       | 1232/4095 [2:29:38<5:44:39,  7.22s/it] 30%|███       | 1233/4095 [2:29:45<5:31:03,  6.94s/it] 30%|███       | 1234/4095 [2:29:52<5:32:46,  6.98s/it] 30%|███       | 1235/4095 [2:29:59<5:35:22,  7.04s/it] 30%|███       | 1236/4095 [2:30:08<6:09:50,  7.76s/it] 30%|███       | 1237/4095 [2:30:15<5:57:55,  7.51s/it] 30%|███       | 1238/4095 [2:30:22<5:48:14,  7.31s/it] 30%|███       | 1239/4095 [2:30:29<5:41:48,  7.18s/it] 30%|███       | 1240/4095 [2:30:36<5:38:48,  7.12s/it] 30%|███       | 1241/4095 [2:30:43<5:37:05,  7.09s/it] 30%|███       | 1242/4095 [2:30:49<5:29:39,  6.93s/it] 30%|███       | 1243/4095 [2:30:56<5:24:47,  6.83s/it] 30%|███       | 1244/4095 [2:31:04<5:33:24,  7.02s/it] 30%|███       | 1245/4095 [2:31:11<5:33:51,  7.03s/it] 30%|███       | 1246/4095 [2:31:18<5:33:03,  7.01s/it] 30%|███       | 1247/4095 [2:31:24<5:30:03,  6.95s/it] 30%|███       | 1248/4095 [2:31:32<5:33:15,  7.02s/it] 31%|███       | 1249/4095 [2:31:39<5:35:16,  7.07s/it] 31%|███       | 1250/4095 [2:31:46<5:34:48,  7.06s/it] 31%|███       | 1251/4095 [2:31:53<5:34:57,  7.07s/it] 31%|███       | 1252/4095 [2:32:00<5:35:26,  7.08s/it] 31%|███       | 1253/4095 [2:32:07<5:32:46,  7.03s/it] 31%|███       | 1254/4095 [2:32:14<5:31:54,  7.01s/it] 31%|███       | 1255/4095 [2:32:21<5:35:01,  7.08s/it] 31%|███       | 1256/4095 [2:32:28<5:34:01,  7.06s/it] 31%|███       | 1257/4095 [2:32:35<5:35:41,  7.10s/it] 31%|███       | 1258/4095 [2:32:43<5:42:37,  7.25s/it] 31%|███       | 1259/4095 [2:32:50<5:39:08,  7.18s/it] 31%|███       | 1260/4095 [2:32:57<5:37:34,  7.14s/it] 31%|███       | 1261/4095 [2:33:04<5:33:45,  7.07s/it] 31%|███       | 1262/4095 [2:33:11<5:28:40,  6.96s/it] 31%|███       | 1263/4095 [2:33:18<5:32:03,  7.04s/it] 31%|███       | 1264/4095 [2:33:25<5:34:28,  7.09s/it] 31%|███       | 1265/4095 [2:33:32<5:37:10,  7.15s/it] 31%|███       | 1266/4095 [2:33:40<5:47:05,  7.36s/it] 31%|███       | 1267/4095 [2:33:48<5:48:14,  7.39s/it] 31%|███       | 1268/4095 [2:33:55<5:49:58,  7.43s/it] 31%|███       | 1269/4095 [2:34:02<5:46:34,  7.36s/it] 31%|███       | 1270/4095 [2:34:10<5:48:42,  7.41s/it] 31%|███       | 1271/4095 [2:34:17<5:45:38,  7.34s/it] 31%|███       | 1272/4095 [2:34:24<5:41:33,  7.26s/it] 31%|███       | 1273/4095 [2:34:31<5:31:59,  7.06s/it] 31%|███       | 1274/4095 [2:34:38<5:29:28,  7.01s/it] 31%|███       | 1275/4095 [2:34:45<5:30:34,  7.03s/it] 31%|███       | 1276/4095 [2:34:52<5:35:03,  7.13s/it] 31%|███       | 1277/4095 [2:34:59<5:30:11,  7.03s/it] 31%|███       | 1278/4095 [2:35:06<5:38:44,  7.22s/it] 31%|███       | 1279/4095 [2:35:13<5:33:44,  7.11s/it] 31%|███▏      | 1280/4095 [2:35:20<5:32:54,  7.10s/it] 31%|███▏      | 1281/4095 [2:35:28<5:38:08,  7.21s/it] 31%|███▏      | 1282/4095 [2:35:36<5:53:02,  7.53s/it] 31%|███▏      | 1283/4095 [2:35:44<6:02:07,  7.73s/it] 31%|███▏      | 1284/4095 [2:35:52<6:06:17,  7.82s/it] 31%|███▏      | 1285/4095 [2:36:00<6:10:29,  7.91s/it] 31%|███▏      | 1286/4095 [2:36:09<6:13:18,  7.97s/it] 31%|███▏      | 1287/4095 [2:36:17<6:14:15,  8.00s/it] 31%|███▏      | 1288/4095 [2:36:25<6:16:24,  8.05s/it] 31%|███▏      | 1289/4095 [2:36:33<6:15:24,  8.03s/it] 32%|███▏      | 1290/4095 [2:36:41<6:13:20,  7.99s/it] 32%|███▏      | 1291/4095 [2:36:49<6:16:23,  8.05s/it] 32%|███▏      | 1292/4095 [2:36:58<6:25:57,  8.26s/it] 32%|███▏      | 1293/4095 [2:37:06<6:22:15,  8.19s/it] 32%|███▏      | 1294/4095 [2:37:14<6:19:15,  8.12s/it] 32%|███▏      | 1295/4095 [2:37:21<6:14:49,  8.03s/it] 32%|███▏      | 1296/4095 [2:37:29<6:12:40,  7.99s/it] 32%|███▏      | 1297/4095 [2:37:36<5:58:40,  7.69s/it] 32%|███▏      | 1298/4095 [2:37:44<5:56:22,  7.64s/it] 32%|███▏      | 1299/4095 [2:37:51<5:49:19,  7.50s/it] 32%|███▏      | 1300/4095 [2:37:58<5:45:14,  7.41s/it] 32%|███▏      | 1301/4095 [2:38:06<5:46:21,  7.44s/it] 32%|███▏      | 1302/4095 [2:38:13<5:41:47,  7.34s/it] 32%|███▏      | 1303/4095 [2:38:20<5:41:44,  7.34s/it] 32%|███▏      | 1304/4095 [2:38:27<5:39:08,  7.29s/it] 32%|███▏      | 1305/4095 [2:38:34<5:34:15,  7.19s/it] 32%|███▏      | 1306/4095 [2:38:41<5:33:19,  7.17s/it] 32%|███▏      | 1307/4095 [2:38:48<5:30:26,  7.11s/it] 32%|███▏      | 1308/4095 [2:38:55<5:28:55,  7.08s/it] 32%|███▏      | 1309/4095 [2:39:02<5:26:16,  7.03s/it] 32%|███▏      | 1310/4095 [2:39:10<5:29:36,  7.10s/it] 32%|███▏      | 1311/4095 [2:39:17<5:30:07,  7.11s/it] 32%|███▏      | 1312/4095 [2:39:24<5:32:18,  7.16s/it] 32%|███▏      | 1313/4095 [2:39:32<5:38:39,  7.30s/it] 32%|███▏      | 1314/4095 [2:39:39<5:40:16,  7.34s/it] 32%|███▏      | 1315/4095 [2:39:47<5:52:49,  7.61s/it] 32%|███▏      | 1316/4095 [2:39:55<5:57:49,  7.73s/it] 32%|███▏      | 1317/4095 [2:40:07<6:49:32,  8.85s/it] 32%|███▏      | 1318/4095 [2:40:14<6:24:09,  8.30s/it] 32%|███▏      | 1319/4095 [2:40:21<6:06:05,  7.91s/it] 32%|███▏      | 1320/4095 [2:40:28<5:51:43,  7.60s/it] 32%|███▏      | 1321/4095 [2:40:35<5:45:06,  7.46s/it] 32%|███▏      | 1322/4095 [2:40:42<5:36:37,  7.28s/it] 32%|███▏      | 1323/4095 [2:40:49<5:33:17,  7.21s/it] 32%|███▏      | 1324/4095 [2:40:56<5:39:40,  7.35s/it] 32%|███▏      | 1325/4095 [2:41:04<5:36:33,  7.29s/it] 32%|███▏      | 1326/4095 [2:41:11<5:32:42,  7.21s/it] 32%|███▏      | 1327/4095 [2:41:17<5:27:56,  7.11s/it] 32%|███▏      | 1328/4095 [2:41:25<5:35:48,  7.28s/it] 32%|███▏      | 1329/4095 [2:41:32<5:32:15,  7.21s/it] 32%|███▏      | 1330/4095 [2:41:39<5:27:58,  7.12s/it] 33%|███▎      | 1331/4095 [2:41:46<5:28:06,  7.12s/it] 33%|███▎      | 1332/4095 [2:41:53<5:19:22,  6.94s/it] 33%|███▎      | 1333/4095 [2:42:00<5:27:28,  7.11s/it] 33%|███▎      | 1334/4095 [2:42:08<5:36:06,  7.30s/it] 33%|███▎      | 1335/4095 [2:42:15<5:31:05,  7.20s/it] 33%|███▎      | 1336/4095 [2:42:22<5:27:45,  7.13s/it] 33%|███▎      | 1337/4095 [2:42:29<5:33:53,  7.26s/it] 33%|███▎      | 1338/4095 [2:42:37<5:30:31,  7.19s/it] 33%|███▎      | 1339/4095 [2:42:44<5:28:37,  7.15s/it] 33%|███▎      | 1340/4095 [2:42:51<5:26:20,  7.11s/it] 33%|███▎      | 1341/4095 [2:42:58<5:28:07,  7.15s/it] 33%|███▎      | 1342/4095 [2:43:05<5:29:12,  7.17s/it] 33%|███▎      | 1343/4095 [2:43:12<5:25:14,  7.09s/it] 33%|███▎      | 1344/4095 [2:43:19<5:26:07,  7.11s/it] 33%|███▎      | 1345/4095 [2:43:26<5:18:01,  6.94s/it] 33%|███▎      | 1346/4095 [2:43:33<5:26:09,  7.12s/it] 33%|███▎      | 1347/4095 [2:43:41<5:34:55,  7.31s/it] 33%|███▎      | 1348/4095 [2:43:48<5:34:15,  7.30s/it] 33%|███▎      | 1349/4095 [2:43:55<5:32:40,  7.27s/it] 33%|███▎      | 1350/4095 [2:44:03<5:30:28,  7.22s/it] 33%|███▎      | 1351/4095 [2:44:10<5:30:05,  7.22s/it] 33%|███▎      | 1352/4095 [2:44:17<5:28:17,  7.18s/it] 33%|███▎      | 1353/4095 [2:44:24<5:30:01,  7.22s/it] 33%|███▎      | 1354/4095 [2:44:31<5:30:06,  7.23s/it] 33%|███▎      | 1355/4095 [2:44:38<5:26:14,  7.14s/it] 33%|███▎      | 1356/4095 [2:44:45<5:17:39,  6.96s/it] 33%|███▎      | 1357/4095 [2:44:52<5:17:57,  6.97s/it] 33%|███▎      | 1358/4095 [2:44:59<5:17:52,  6.97s/it] 33%|███▎      | 1359/4095 [2:45:06<5:20:26,  7.03s/it] 33%|███▎      | 1360/4095 [2:45:13<5:13:28,  6.88s/it] 33%|███▎      | 1361/4095 [2:45:20<5:20:08,  7.03s/it] 33%|███▎      | 1362/4095 [2:45:27<5:19:59,  7.03s/it] 33%|███▎      | 1363/4095 [2:45:33<5:10:16,  6.81s/it] 33%|███▎      | 1364/4095 [2:45:40<5:13:54,  6.90s/it] 33%|███▎      | 1365/4095 [2:45:47<5:11:41,  6.85s/it] 33%|███▎      | 1366/4095 [2:45:54<5:10:10,  6.82s/it] 33%|███▎      | 1367/4095 [2:46:01<5:14:19,  6.91s/it] 33%|███▎      | 1368/4095 [2:46:08<5:11:33,  6.86s/it] 33%|███▎      | 1369/4095 [2:46:14<5:08:23,  6.79s/it] 33%|███▎      | 1370/4095 [2:46:21<5:06:06,  6.74s/it] 33%|███▎      | 1371/4095 [2:46:26<4:49:29,  6.38s/it] 34%|███▎      | 1372/4095 [2:46:33<4:45:26,  6.29s/it] 34%|███▎      | 1373/4095 [2:46:41<5:08:28,  6.80s/it] 34%|███▎      | 1374/4095 [2:46:47<5:07:16,  6.78s/it] 34%|███▎      | 1375/4095 [2:46:54<5:12:38,  6.90s/it] 34%|███▎      | 1376/4095 [2:47:01<5:11:52,  6.88s/it] 34%|███▎      | 1377/4095 [2:47:08<5:13:56,  6.93s/it] 34%|███▎      | 1378/4095 [2:47:15<5:13:49,  6.93s/it] 34%|███▎      | 1379/4095 [2:47:22<5:17:34,  7.02s/it] 34%|███▎      | 1380/4095 [2:47:29<5:16:10,  6.99s/it] 34%|███▎      | 1381/4095 [2:47:35<4:58:02,  6.59s/it] 34%|███▎      | 1382/4095 [2:47:42<5:04:22,  6.73s/it] 34%|███▍      | 1383/4095 [2:47:48<4:48:18,  6.38s/it] 34%|███▍      | 1384/4095 [2:47:54<4:52:34,  6.48s/it] 34%|███▍      | 1385/4095 [2:48:01<4:57:56,  6.60s/it] 34%|███▍      | 1386/4095 [2:48:08<5:03:28,  6.72s/it] 34%|███▍      | 1387/4095 [2:48:15<5:09:29,  6.86s/it] 34%|███▍      | 1388/4095 [2:48:22<5:08:39,  6.84s/it] 34%|███▍      | 1389/4095 [2:48:28<4:56:41,  6.58s/it] 34%|███▍      | 1390/4095 [2:48:35<4:54:02,  6.52s/it] 34%|███▍      | 1391/4095 [2:48:41<4:54:10,  6.53s/it] 34%|███▍      | 1392/4095 [2:48:48<4:58:00,  6.62s/it] 34%|███▍      | 1393/4095 [2:48:55<4:57:42,  6.61s/it] 34%|███▍      | 1394/4095 [2:49:02<5:03:53,  6.75s/it] 34%|███▍      | 1395/4095 [2:49:09<5:08:29,  6.86s/it] 34%|███▍      | 1396/4095 [2:49:16<5:12:03,  6.94s/it] 34%|███▍      | 1397/4095 [2:49:23<5:11:35,  6.93s/it] 34%|███▍      | 1398/4095 [2:49:30<5:10:09,  6.90s/it] 34%|███▍      | 1399/4095 [2:49:36<5:08:15,  6.86s/it] 34%|███▍      | 1400/4095 [2:49:43<5:11:28,  6.93s/it] 34%|███▍      | 1401/4095 [2:49:50<5:11:36,  6.94s/it] 34%|███▍      | 1402/4095 [2:49:57<5:11:33,  6.94s/it] 34%|███▍      | 1403/4095 [2:50:05<5:22:06,  7.18s/it] 34%|███▍      | 1404/4095 [2:50:12<5:20:03,  7.14s/it] 34%|███▍      | 1405/4095 [2:50:19<5:20:09,  7.14s/it] 34%|███▍      | 1406/4095 [2:50:26<5:18:17,  7.10s/it] 34%|███▍      | 1407/4095 [2:50:33<5:14:29,  7.02s/it] 34%|███▍      | 1408/4095 [2:50:40<5:17:28,  7.09s/it] 34%|███▍      | 1409/4095 [2:50:48<5:18:13,  7.11s/it] 34%|███▍      | 1410/4095 [2:50:54<5:13:35,  7.01s/it] 34%|███▍      | 1411/4095 [2:51:01<5:11:14,  6.96s/it] 34%|███▍      | 1412/4095 [2:51:08<5:10:22,  6.94s/it] 35%|███▍      | 1413/4095 [2:51:15<5:09:33,  6.93s/it] 35%|███▍      | 1414/4095 [2:51:22<5:09:44,  6.93s/it] 35%|███▍      | 1415/4095 [2:51:29<5:12:14,  6.99s/it] 35%|███▍      | 1416/4095 [2:51:36<5:10:32,  6.95s/it] 35%|███▍      | 1417/4095 [2:51:43<5:07:07,  6.88s/it] 35%|███▍      | 1418/4095 [2:51:50<5:12:15,  7.00s/it] 35%|███▍      | 1419/4095 [2:51:57<5:13:39,  7.03s/it] 35%|███▍      | 1420/4095 [2:52:04<5:10:48,  6.97s/it] 35%|███▍      | 1421/4095 [2:52:11<5:09:33,  6.95s/it] 35%|███▍      | 1422/4095 [2:52:18<5:11:25,  6.99s/it] 35%|███▍      | 1423/4095 [2:52:25<5:17:08,  7.12s/it] 35%|███▍      | 1424/4095 [2:52:32<5:16:07,  7.10s/it] 35%|███▍      | 1425/4095 [2:52:39<5:13:29,  7.04s/it] 35%|███▍      | 1426/4095 [2:52:46<5:08:27,  6.93s/it] 35%|███▍      | 1427/4095 [2:52:52<5:02:00,  6.79s/it] 35%|███▍      | 1428/4095 [2:52:59<5:05:10,  6.87s/it] 35%|███▍      | 1429/4095 [2:53:06<5:06:52,  6.91s/it] 35%|███▍      | 1430/4095 [2:53:13<5:02:42,  6.82s/it] 35%|███▍      | 1431/4095 [2:53:20<5:04:16,  6.85s/it] 35%|███▍      | 1432/4095 [2:53:27<5:06:39,  6.91s/it] 35%|███▍      | 1433/4095 [2:53:34<5:04:03,  6.85s/it] 35%|███▌      | 1434/4095 [2:53:40<5:01:34,  6.80s/it] 35%|███▌      | 1435/4095 [2:53:47<5:03:19,  6.84s/it] 35%|███▌      | 1436/4095 [2:53:54<5:00:35,  6.78s/it] 35%|███▌      | 1437/4095 [2:54:01<5:04:17,  6.87s/it] 35%|███▌      | 1438/4095 [2:54:08<5:02:00,  6.82s/it] 35%|███▌      | 1439/4095 [2:54:15<5:02:43,  6.84s/it] 35%|███▌      | 1440/4095 [2:54:21<5:01:52,  6.82s/it] 35%|███▌      | 1441/4095 [2:54:29<5:09:10,  6.99s/it] 35%|███▌      | 1442/4095 [2:54:36<5:12:45,  7.07s/it] 35%|███▌      | 1443/4095 [2:54:43<5:11:52,  7.06s/it] 35%|███▌      | 1444/4095 [2:54:50<5:11:28,  7.05s/it] 35%|███▌      | 1445/4095 [2:54:57<5:10:04,  7.02s/it] 35%|███▌      | 1446/4095 [2:55:03<5:01:10,  6.82s/it] 35%|███▌      | 1447/4095 [2:55:10<4:58:45,  6.77s/it] 35%|███▌      | 1448/4095 [2:55:17<5:03:07,  6.87s/it] 35%|███▌      | 1449/4095 [2:55:23<4:54:23,  6.68s/it] 35%|███▌      | 1450/4095 [2:55:30<4:56:30,  6.73s/it] 35%|███▌      | 1451/4095 [2:55:37<4:59:24,  6.79s/it] 35%|███▌      | 1452/4095 [2:55:44<5:05:21,  6.93s/it] 35%|███▌      | 1453/4095 [2:55:51<5:05:35,  6.94s/it] 36%|███▌      | 1454/4095 [2:55:58<5:07:09,  6.98s/it] 36%|███▌      | 1455/4095 [2:56:06<5:09:14,  7.03s/it] 36%|███▌      | 1456/4095 [2:56:12<5:04:22,  6.92s/it] 36%|███▌      | 1457/4095 [2:56:19<5:04:38,  6.93s/it] 36%|███▌      | 1458/4095 [2:56:26<5:06:36,  6.98s/it] 36%|███▌      | 1459/4095 [2:56:33<5:07:00,  6.99s/it] 36%|███▌      | 1460/4095 [2:56:41<5:11:19,  7.09s/it] 36%|███▌      | 1461/4095 [2:56:48<5:09:37,  7.05s/it] 36%|███▌      | 1462/4095 [2:56:55<5:12:02,  7.11s/it] 36%|███▌      | 1463/4095 [2:57:02<5:10:08,  7.07s/it] 36%|███▌      | 1464/4095 [2:57:09<5:05:21,  6.96s/it] 36%|███▌      | 1465/4095 [2:57:16<5:11:25,  7.10s/it] 36%|███▌      | 1466/4095 [2:57:23<5:10:08,  7.08s/it] 36%|███▌      | 1467/4095 [2:57:30<5:02:56,  6.92s/it] 36%|███▌      | 1468/4095 [2:57:36<5:01:04,  6.88s/it] 36%|███▌      | 1469/4095 [2:57:43<5:05:01,  6.97s/it] 36%|███▌      | 1470/4095 [2:57:50<5:02:18,  6.91s/it] 36%|███▌      | 1471/4095 [2:57:57<5:00:48,  6.88s/it] 36%|███▌      | 1472/4095 [2:58:04<5:01:14,  6.89s/it] 36%|███▌      | 1473/4095 [2:58:11<5:00:36,  6.88s/it] 36%|███▌      | 1474/4095 [2:58:18<5:00:36,  6.88s/it] 36%|███▌      | 1475/4095 [2:58:24<4:58:06,  6.83s/it] 36%|███▌      | 1476/4095 [2:58:31<4:56:46,  6.80s/it] 36%|███▌      | 1477/4095 [2:58:38<5:00:03,  6.88s/it] 36%|███▌      | 1478/4095 [2:58:45<5:00:40,  6.89s/it] 36%|███▌      | 1479/4095 [2:58:51<4:51:16,  6.68s/it] 36%|███▌      | 1480/4095 [2:58:59<4:57:55,  6.84s/it] 36%|███▌      | 1481/4095 [2:59:05<4:56:07,  6.80s/it] 36%|███▌      | 1482/4095 [2:59:12<4:57:44,  6.84s/it] 36%|███▌      | 1483/4095 [2:59:19<4:56:39,  6.81s/it] 36%|███▌      | 1484/4095 [2:59:26<4:58:39,  6.86s/it] 36%|███▋      | 1485/4095 [2:59:33<4:58:36,  6.86s/it] 36%|███▋      | 1486/4095 [2:59:40<4:59:22,  6.88s/it] 36%|███▋      | 1487/4095 [2:59:47<5:03:21,  6.98s/it] 36%|███▋      | 1488/4095 [2:59:54<5:06:41,  7.06s/it] 36%|███▋      | 1489/4095 [3:00:01<5:05:11,  7.03s/it] 36%|███▋      | 1490/4095 [3:00:09<5:14:37,  7.25s/it] 36%|███▋      | 1491/4095 [3:00:16<5:14:10,  7.24s/it] 36%|███▋      | 1492/4095 [3:00:23<5:07:46,  7.09s/it] 36%|███▋      | 1493/4095 [3:00:30<5:04:22,  7.02s/it] 36%|███▋      | 1494/4095 [3:00:36<4:59:06,  6.90s/it] 37%|███▋      | 1495/4095 [3:00:43<4:59:10,  6.90s/it] 37%|███▋      | 1496/4095 [3:00:50<4:59:59,  6.93s/it] 37%|███▋      | 1497/4095 [3:00:57<4:59:51,  6.93s/it] 37%|███▋      | 1498/4095 [3:01:04<4:59:28,  6.92s/it] 37%|███▋      | 1499/4095 [3:01:11<4:53:47,  6.79s/it] 37%|███▋      | 1500/4095 [3:01:17<4:55:43,  6.84s/it] 37%|███▋      | 1501/4095 [3:01:25<4:59:58,  6.94s/it] 37%|███▋      | 1502/4095 [3:01:32<5:04:18,  7.04s/it] 37%|███▋      | 1503/4095 [3:01:39<5:04:46,  7.05s/it] 37%|███▋      | 1504/4095 [3:01:46<5:03:01,  7.02s/it] 37%|███▋      | 1505/4095 [3:01:53<5:01:16,  6.98s/it] 37%|███▋      | 1506/4095 [3:02:00<5:03:05,  7.02s/it] 37%|███▋      | 1507/4095 [3:02:07<5:01:55,  7.00s/it] 37%|███▋      | 1508/4095 [3:02:14<5:04:04,  7.05s/it] 37%|███▋      | 1509/4095 [3:02:21<5:00:06,  6.96s/it] 37%|███▋      | 1510/4095 [3:02:28<5:01:40,  7.00s/it] 37%|███▋      | 1511/4095 [3:02:35<5:00:15,  6.97s/it] 37%|███▋      | 1512/4095 [3:02:42<5:01:20,  7.00s/it] 37%|███▋      | 1513/4095 [3:02:49<5:01:53,  7.02s/it] 37%|███▋      | 1514/4095 [3:02:56<5:03:32,  7.06s/it] 37%|███▋      | 1515/4095 [3:03:03<5:01:00,  7.00s/it] 37%|███▋      | 1516/4095 [3:03:10<4:55:54,  6.88s/it] 37%|███▋      | 1517/4095 [3:03:16<4:54:33,  6.86s/it] 37%|███▋      | 1518/4095 [3:03:23<4:56:59,  6.91s/it] 37%|███▋      | 1519/4095 [3:03:30<4:55:16,  6.88s/it] 37%|███▋      | 1520/4095 [3:03:37<4:50:34,  6.77s/it] 37%|███▋      | 1521/4095 [3:03:44<4:54:50,  6.87s/it] 37%|███▋      | 1522/4095 [3:03:51<4:55:55,  6.90s/it] 37%|███▋      | 1523/4095 [3:03:57<4:52:36,  6.83s/it] 37%|███▋      | 1524/4095 [3:04:04<4:51:32,  6.80s/it] 37%|███▋      | 1525/4095 [3:04:11<4:50:17,  6.78s/it] 37%|███▋      | 1526/4095 [3:04:18<4:48:03,  6.73s/it] 37%|███▋      | 1527/4095 [3:04:24<4:47:04,  6.71s/it] 37%|███▋      | 1528/4095 [3:04:31<4:48:57,  6.75s/it] 37%|███▋      | 1529/4095 [3:04:38<4:50:06,  6.78s/it] 37%|███▋      | 1530/4095 [3:04:46<5:06:12,  7.16s/it] 37%|███▋      | 1531/4095 [3:04:53<5:02:30,  7.08s/it] 37%|███▋      | 1532/4095 [3:05:00<5:02:21,  7.08s/it] 37%|███▋      | 1533/4095 [3:05:07<5:01:51,  7.07s/it] 37%|███▋      | 1534/4095 [3:05:14<4:57:10,  6.96s/it] 37%|███▋      | 1535/4095 [3:05:21<5:02:19,  7.09s/it] 38%|███▊      | 1536/4095 [3:05:28<5:01:28,  7.07s/it] 38%|███▊      | 1537/4095 [3:05:35<5:01:11,  7.06s/it] 38%|███▊      | 1538/4095 [3:05:43<5:09:54,  7.27s/it] 38%|███▊      | 1539/4095 [3:05:51<5:14:46,  7.39s/it] 38%|███▊      | 1540/4095 [3:05:58<5:10:23,  7.29s/it] 38%|███▊      | 1541/4095 [3:06:05<5:08:34,  7.25s/it] 38%|███▊      | 1542/4095 [3:06:12<5:05:43,  7.19s/it] 38%|███▊      | 1543/4095 [3:06:19<5:04:28,  7.16s/it] 38%|███▊      | 1544/4095 [3:06:26<4:59:57,  7.06s/it] 38%|███▊      | 1545/4095 [3:06:33<4:57:58,  7.01s/it] 38%|███▊      | 1546/4095 [3:06:40<4:56:28,  6.98s/it] 38%|███▊      | 1547/4095 [3:06:47<5:01:21,  7.10s/it] 38%|███▊      | 1548/4095 [3:06:53<4:54:56,  6.95s/it] 38%|███▊      | 1549/4095 [3:07:01<4:58:21,  7.03s/it] 38%|███▊      | 1550/4095 [3:07:08<4:58:08,  7.03s/it] 38%|███▊      | 1551/4095 [3:07:14<4:54:41,  6.95s/it] 38%|███▊      | 1552/4095 [3:07:22<4:57:00,  7.01s/it] 38%|███▊      | 1553/4095 [3:07:28<4:51:11,  6.87s/it] 38%|███▊      | 1554/4095 [3:07:35<4:55:22,  6.97s/it] 38%|███▊      | 1555/4095 [3:07:43<4:58:09,  7.04s/it] 38%|███▊      | 1556/4095 [3:07:50<4:59:50,  7.09s/it] 38%|███▊      | 1557/4095 [3:07:57<4:59:03,  7.07s/it] 38%|███▊      | 1558/4095 [3:08:04<5:01:23,  7.13s/it] 38%|███▊      | 1559/4095 [3:08:11<4:59:08,  7.08s/it] 38%|███▊      | 1560/4095 [3:08:18<4:58:46,  7.07s/it] 38%|███▊      | 1561/4095 [3:08:25<4:56:18,  7.02s/it] 38%|███▊      | 1562/4095 [3:08:32<4:59:45,  7.10s/it] 38%|███▊      | 1563/4095 [3:08:39<4:58:29,  7.07s/it] 38%|███▊      | 1564/4095 [3:08:46<4:55:11,  7.00s/it] 38%|███▊      | 1565/4095 [3:08:53<4:59:07,  7.09s/it] 38%|███▊      | 1566/4095 [3:09:00<4:56:05,  7.02s/it] 38%|███▊      | 1567/4095 [3:09:07<4:53:41,  6.97s/it] 38%|███▊      | 1568/4095 [3:09:14<4:51:21,  6.92s/it] 38%|███▊      | 1569/4095 [3:09:21<4:51:52,  6.93s/it] 38%|███▊      | 1570/4095 [3:09:28<4:50:03,  6.89s/it] 38%|███▊      | 1571/4095 [3:09:34<4:46:11,  6.80s/it] 38%|███▊      | 1572/4095 [3:09:41<4:50:07,  6.90s/it] 38%|███▊      | 1573/4095 [3:09:48<4:46:38,  6.82s/it] 38%|███▊      | 1574/4095 [3:09:55<4:50:49,  6.92s/it] 38%|███▊      | 1575/4095 [3:10:03<5:02:55,  7.21s/it] 38%|███▊      | 1576/4095 [3:10:10<5:00:48,  7.17s/it] 39%|███▊      | 1577/4095 [3:10:17<5:02:32,  7.21s/it] 39%|███▊      | 1578/4095 [3:10:25<5:03:20,  7.23s/it] 39%|███▊      | 1579/4095 [3:10:33<5:13:53,  7.49s/it] 39%|███▊      | 1580/4095 [3:10:40<5:09:13,  7.38s/it] 39%|███▊      | 1581/4095 [3:10:48<5:12:45,  7.46s/it] 39%|███▊      | 1582/4095 [3:10:56<5:23:12,  7.72s/it] 39%|███▊      | 1583/4095 [3:11:04<5:23:56,  7.74s/it] 39%|███▊      | 1584/4095 [3:11:12<5:28:08,  7.84s/it] 39%|███▊      | 1585/4095 [3:11:20<5:29:47,  7.88s/it] 39%|███▊      | 1586/4095 [3:11:28<5:28:03,  7.85s/it] 39%|███▉      | 1587/4095 [3:11:35<5:21:34,  7.69s/it] 39%|███▉      | 1588/4095 [3:11:42<5:17:55,  7.61s/it] 39%|███▉      | 1589/4095 [3:11:49<5:04:42,  7.30s/it] 39%|███▉      | 1590/4095 [3:11:57<5:09:09,  7.40s/it] 39%|███▉      | 1591/4095 [3:12:04<5:06:33,  7.35s/it] 39%|███▉      | 1592/4095 [3:12:11<4:59:15,  7.17s/it] 39%|███▉      | 1593/4095 [3:12:17<4:56:39,  7.11s/it] 39%|███▉      | 1594/4095 [3:12:25<4:57:45,  7.14s/it] 39%|███▉      | 1595/4095 [3:12:32<4:57:49,  7.15s/it] 39%|███▉      | 1596/4095 [3:12:39<4:56:16,  7.11s/it] 39%|███▉      | 1597/4095 [3:12:46<4:56:36,  7.12s/it] 39%|███▉      | 1598/4095 [3:12:53<4:50:31,  6.98s/it] 39%|███▉      | 1599/4095 [3:13:00<4:54:09,  7.07s/it] 39%|███▉      | 1600/4095 [3:13:07<4:47:46,  6.92s/it] 39%|███▉      | 1601/4095 [3:13:13<4:46:57,  6.90s/it] 39%|███▉      | 1602/4095 [3:13:21<4:53:29,  7.06s/it] 39%|███▉      | 1603/4095 [3:13:28<4:55:03,  7.10s/it] 39%|███▉      | 1604/4095 [3:13:35<4:48:13,  6.94s/it] 39%|███▉      | 1605/4095 [3:13:42<4:51:46,  7.03s/it] 39%|███▉      | 1606/4095 [3:13:49<4:50:43,  7.01s/it] 39%|███▉      | 1607/4095 [3:13:56<4:50:18,  7.00s/it] 39%|███▉      | 1608/4095 [3:14:02<4:43:55,  6.85s/it] 39%|███▉      | 1609/4095 [3:14:09<4:46:27,  6.91s/it] 39%|███▉      | 1610/4095 [3:14:16<4:45:07,  6.88s/it] 39%|███▉      | 1611/4095 [3:14:23<4:47:23,  6.94s/it] 39%|███▉      | 1612/4095 [3:14:30<4:45:49,  6.91s/it] 39%|███▉      | 1613/4095 [3:14:37<4:40:09,  6.77s/it] 39%|███▉      | 1614/4095 [3:14:43<4:39:37,  6.76s/it] 39%|███▉      | 1615/4095 [3:14:50<4:35:03,  6.65s/it] 39%|███▉      | 1616/4095 [3:14:57<4:38:15,  6.73s/it] 39%|███▉      | 1617/4095 [3:15:04<4:47:45,  6.97s/it] 40%|███▉      | 1618/4095 [3:15:11<4:41:20,  6.82s/it] 40%|███▉      | 1619/4095 [3:15:17<4:41:23,  6.82s/it] 40%|███▉      | 1620/4095 [3:15:24<4:38:28,  6.75s/it] 40%|███▉      | 1621/4095 [3:15:31<4:36:10,  6.70s/it] 40%|███▉      | 1622/4095 [3:15:37<4:37:58,  6.74s/it] 40%|███▉      | 1623/4095 [3:15:44<4:40:50,  6.82s/it] 40%|███▉      | 1624/4095 [3:15:52<4:44:32,  6.91s/it] 40%|███▉      | 1625/4095 [3:15:58<4:45:16,  6.93s/it] 40%|███▉      | 1626/4095 [3:16:05<4:41:07,  6.83s/it] 40%|███▉      | 1627/4095 [3:16:13<4:49:52,  7.05s/it] 40%|███▉      | 1628/4095 [3:16:20<4:56:21,  7.21s/it] 40%|███▉      | 1629/4095 [3:16:27<4:49:58,  7.06s/it] 40%|███▉      | 1630/4095 [3:16:34<4:48:02,  7.01s/it] 40%|███▉      | 1631/4095 [3:16:41<4:47:24,  7.00s/it] 40%|███▉      | 1632/4095 [3:16:48<4:49:17,  7.05s/it] 40%|███▉      | 1633/4095 [3:16:55<4:46:58,  6.99s/it] 40%|███▉      | 1634/4095 [3:17:01<4:41:06,  6.85s/it] 40%|███▉      | 1635/4095 [3:17:08<4:38:58,  6.80s/it] 40%|███▉      | 1636/4095 [3:17:15<4:37:50,  6.78s/it] 40%|███▉      | 1637/4095 [3:17:22<4:40:17,  6.84s/it] 40%|████      | 1638/4095 [3:17:29<4:45:15,  6.97s/it] 40%|████      | 1639/4095 [3:17:36<4:45:50,  6.98s/it] 40%|████      | 1640/4095 [3:17:43<4:47:43,  7.03s/it] 40%|████      | 1641/4095 [3:17:50<4:42:28,  6.91s/it] 40%|████      | 1642/4095 [3:17:57<4:43:47,  6.94s/it] 40%|████      | 1643/4095 [3:18:04<4:43:27,  6.94s/it] 40%|████      | 1644/4095 [3:18:11<4:44:31,  6.97s/it] 40%|████      | 1645/4095 [3:18:18<4:46:47,  7.02s/it] 40%|████      | 1646/4095 [3:18:25<4:52:51,  7.18s/it] 40%|████      | 1647/4095 [3:18:33<4:55:47,  7.25s/it] 40%|████      | 1648/4095 [3:18:41<5:02:25,  7.42s/it] 40%|████      | 1649/4095 [3:18:48<4:59:12,  7.34s/it] 40%|████      | 1650/4095 [3:18:55<4:58:03,  7.31s/it] 40%|████      | 1651/4095 [3:19:02<4:55:56,  7.27s/it] 40%|████      | 1652/4095 [3:19:09<4:53:39,  7.21s/it] 40%|████      | 1653/4095 [3:19:16<4:49:28,  7.11s/it] 40%|████      | 1654/4095 [3:19:23<4:48:34,  7.09s/it] 40%|████      | 1655/4095 [3:19:30<4:44:22,  6.99s/it] 40%|████      | 1656/4095 [3:19:37<4:48:43,  7.10s/it] 40%|████      | 1657/4095 [3:19:45<4:48:48,  7.11s/it] 40%|████      | 1658/4095 [3:19:51<4:38:16,  6.85s/it] 41%|████      | 1659/4095 [3:19:57<4:31:07,  6.68s/it] 41%|████      | 1660/4095 [3:20:04<4:30:04,  6.65s/it] 41%|████      | 1661/4095 [3:20:11<4:35:50,  6.80s/it] 41%|████      | 1662/4095 [3:20:17<4:26:40,  6.58s/it] 41%|████      | 1663/4095 [3:20:24<4:39:30,  6.90s/it] 41%|████      | 1664/4095 [3:20:31<4:40:13,  6.92s/it] 41%|████      | 1665/4095 [3:20:38<4:39:25,  6.90s/it] 41%|████      | 1666/4095 [3:20:45<4:40:54,  6.94s/it] 41%|████      | 1667/4095 [3:20:52<4:40:37,  6.93s/it] 41%|████      | 1668/4095 [3:20:59<4:40:00,  6.92s/it] 41%|████      | 1669/4095 [3:21:06<4:40:07,  6.93s/it] 41%|████      | 1670/4095 [3:21:13<4:41:46,  6.97s/it] 41%|████      | 1671/4095 [3:21:20<4:40:57,  6.95s/it] 41%|████      | 1672/4095 [3:21:27<4:46:22,  7.09s/it] 41%|████      | 1673/4095 [3:21:35<4:50:49,  7.20s/it] 41%|████      | 1674/4095 [3:21:42<4:48:06,  7.14s/it] 41%|████      | 1675/4095 [3:21:49<4:42:27,  7.00s/it] 41%|████      | 1676/4095 [3:21:56<4:49:50,  7.19s/it] 41%|████      | 1677/4095 [3:22:03<4:48:24,  7.16s/it] 41%|████      | 1678/4095 [3:22:10<4:47:38,  7.14s/it] 41%|████      | 1679/4095 [3:22:18<4:49:29,  7.19s/it] 41%|████      | 1680/4095 [3:22:25<4:46:04,  7.11s/it] 41%|████      | 1681/4095 [3:22:32<4:48:02,  7.16s/it] 41%|████      | 1682/4095 [3:22:40<4:53:58,  7.31s/it] 41%|████      | 1683/4095 [3:22:47<4:50:00,  7.21s/it] 41%|████      | 1684/4095 [3:22:53<4:38:50,  6.94s/it] 41%|████      | 1685/4095 [3:22:59<4:34:05,  6.82s/it] 41%|████      | 1686/4095 [3:23:06<4:34:31,  6.84s/it] 41%|████      | 1687/4095 [3:23:13<4:36:05,  6.88s/it] 41%|████      | 1688/4095 [3:23:20<4:34:12,  6.84s/it] 41%|████      | 1689/4095 [3:23:27<4:34:54,  6.86s/it] 41%|████▏     | 1690/4095 [3:23:34<4:32:07,  6.79s/it] 41%|████▏     | 1691/4095 [3:23:40<4:31:57,  6.79s/it] 41%|████▏     | 1692/4095 [3:23:48<4:38:08,  6.94s/it] 41%|████▏     | 1693/4095 [3:23:55<4:40:27,  7.01s/it] 41%|████▏     | 1694/4095 [3:24:01<4:36:31,  6.91s/it] 41%|████▏     | 1695/4095 [3:24:08<4:36:43,  6.92s/it] 41%|████▏     | 1696/4095 [3:24:15<4:38:17,  6.96s/it] 41%|████▏     | 1697/4095 [3:24:22<4:37:09,  6.93s/it] 41%|████▏     | 1698/4095 [3:24:30<4:39:50,  7.00s/it] 41%|████▏     | 1699/4095 [3:24:36<4:36:46,  6.93s/it] 42%|████▏     | 1700/4095 [3:24:43<4:32:39,  6.83s/it] 42%|████▏     | 1701/4095 [3:24:50<4:32:20,  6.83s/it] 42%|████▏     | 1702/4095 [3:24:57<4:35:18,  6.90s/it] 42%|████▏     | 1703/4095 [3:25:04<4:38:09,  6.98s/it] 42%|████▏     | 1704/4095 [3:25:11<4:37:14,  6.96s/it] 42%|████▏     | 1705/4095 [3:25:17<4:32:53,  6.85s/it] 42%|████▏     | 1706/4095 [3:25:25<4:35:59,  6.93s/it] 42%|████▏     | 1707/4095 [3:25:32<4:37:03,  6.96s/it] 42%|████▏     | 1708/4095 [3:25:38<4:33:51,  6.88s/it] 42%|████▏     | 1709/4095 [3:25:45<4:35:06,  6.92s/it] 42%|████▏     | 1710/4095 [3:25:52<4:34:38,  6.91s/it] 42%|████▏     | 1711/4095 [3:25:59<4:37:01,  6.97s/it] 42%|████▏     | 1712/4095 [3:26:06<4:35:29,  6.94s/it] 42%|████▏     | 1713/4095 [3:26:12<4:21:35,  6.59s/it] 42%|████▏     | 1714/4095 [3:26:18<4:20:49,  6.57s/it] 42%|████▏     | 1715/4095 [3:26:26<4:26:58,  6.73s/it] 42%|████▏     | 1716/4095 [3:26:32<4:27:33,  6.75s/it] 42%|████▏     | 1717/4095 [3:26:39<4:30:09,  6.82s/it] 42%|████▏     | 1718/4095 [3:26:46<4:34:15,  6.92s/it] 42%|████▏     | 1719/4095 [3:26:53<4:31:19,  6.85s/it] 42%|████▏     | 1720/4095 [3:27:01<4:41:21,  7.11s/it] 42%|████▏     | 1721/4095 [3:27:08<4:39:26,  7.06s/it] 42%|████▏     | 1722/4095 [3:27:15<4:41:22,  7.11s/it] 42%|████▏     | 1723/4095 [3:27:22<4:41:23,  7.12s/it] 42%|████▏     | 1724/4095 [3:27:30<4:46:41,  7.25s/it] 42%|████▏     | 1725/4095 [3:27:37<4:43:27,  7.18s/it] 42%|████▏     | 1726/4095 [3:27:44<4:40:32,  7.11s/it] 42%|████▏     | 1727/4095 [3:27:50<4:36:34,  7.01s/it] 42%|████▏     | 1728/4095 [3:27:57<4:34:35,  6.96s/it] 42%|████▏     | 1729/4095 [3:28:04<4:32:40,  6.91s/it] 42%|████▏     | 1730/4095 [3:28:11<4:31:55,  6.90s/it] 42%|████▏     | 1731/4095 [3:28:18<4:35:48,  7.00s/it] 42%|████▏     | 1732/4095 [3:28:25<4:34:08,  6.96s/it] 42%|████▏     | 1733/4095 [3:28:32<4:35:57,  7.01s/it] 42%|████▏     | 1734/4095 [3:28:39<4:38:14,  7.07s/it] 42%|████▏     | 1735/4095 [3:28:46<4:28:31,  6.83s/it] 42%|████▏     | 1736/4095 [3:28:52<4:25:42,  6.76s/it] 42%|████▏     | 1737/4095 [3:28:59<4:25:11,  6.75s/it] 42%|████▏     | 1738/4095 [3:29:06<4:26:14,  6.78s/it] 42%|████▏     | 1739/4095 [3:29:12<4:22:52,  6.69s/it] 42%|████▏     | 1740/4095 [3:29:20<4:31:19,  6.91s/it] 43%|████▎     | 1741/4095 [3:29:27<4:31:22,  6.92s/it] 43%|████▎     | 1742/4095 [3:29:34<4:32:59,  6.96s/it] 43%|████▎     | 1743/4095 [3:29:41<4:33:27,  6.98s/it] 43%|████▎     | 1744/4095 [3:29:48<4:36:35,  7.06s/it] 43%|████▎     | 1745/4095 [3:29:55<4:33:01,  6.97s/it] 43%|████▎     | 1746/4095 [3:30:05<5:11:28,  7.96s/it] 43%|████▎     | 1747/4095 [3:30:12<4:59:12,  7.65s/it] 43%|████▎     | 1748/4095 [3:30:19<4:50:33,  7.43s/it] 43%|████▎     | 1749/4095 [3:30:26<4:45:46,  7.31s/it] 43%|████▎     | 1750/4095 [3:30:33<4:44:50,  7.29s/it] 43%|████▎     | 1751/4095 [3:30:40<4:39:46,  7.16s/it] 43%|████▎     | 1752/4095 [3:30:47<4:38:48,  7.14s/it] 43%|████▎     | 1753/4095 [3:30:54<4:35:43,  7.06s/it] 43%|████▎     | 1754/4095 [3:31:01<4:30:47,  6.94s/it] 43%|████▎     | 1755/4095 [3:31:08<4:33:41,  7.02s/it] 43%|████▎     | 1756/4095 [3:31:15<4:37:06,  7.11s/it] 43%|████▎     | 1757/4095 [3:31:22<4:34:54,  7.06s/it] 43%|████▎     | 1758/4095 [3:31:29<4:37:58,  7.14s/it] 43%|████▎     | 1759/4095 [3:31:37<4:38:48,  7.16s/it] 43%|████▎     | 1760/4095 [3:31:44<4:38:40,  7.16s/it] 43%|████▎     | 1761/4095 [3:31:51<4:38:42,  7.16s/it] 43%|████▎     | 1762/4095 [3:31:58<4:32:40,  7.01s/it] 43%|████▎     | 1763/4095 [3:32:04<4:26:24,  6.85s/it] 43%|████▎     | 1764/4095 [3:32:11<4:26:36,  6.86s/it] 43%|████▎     | 1765/4095 [3:32:18<4:25:50,  6.85s/it] 43%|████▎     | 1766/4095 [3:32:25<4:28:31,  6.92s/it] 43%|████▎     | 1767/4095 [3:32:32<4:31:12,  6.99s/it] 43%|████▎     | 1768/4095 [3:32:39<4:30:21,  6.97s/it] 43%|████▎     | 1769/4095 [3:32:45<4:21:10,  6.74s/it] 43%|████▎     | 1770/4095 [3:32:52<4:19:48,  6.70s/it] 43%|████▎     | 1771/4095 [3:32:59<4:22:11,  6.77s/it] 43%|████▎     | 1772/4095 [3:33:06<4:24:25,  6.83s/it] 43%|████▎     | 1773/4095 [3:33:13<4:28:21,  6.93s/it] 43%|████▎     | 1774/4095 [3:33:20<4:31:52,  7.03s/it] 43%|████▎     | 1775/4095 [3:33:27<4:30:12,  6.99s/it] 43%|████▎     | 1776/4095 [3:33:34<4:26:36,  6.90s/it] 43%|████▎     | 1777/4095 [3:33:40<4:24:00,  6.83s/it] 43%|████▎     | 1778/4095 [3:33:48<4:27:07,  6.92s/it] 43%|████▎     | 1779/4095 [3:33:54<4:27:14,  6.92s/it] 43%|████▎     | 1780/4095 [3:34:01<4:24:19,  6.85s/it] 43%|████▎     | 1781/4095 [3:34:08<4:27:36,  6.94s/it] 44%|████▎     | 1782/4095 [3:34:15<4:27:55,  6.95s/it] 44%|████▎     | 1783/4095 [3:34:22<4:30:10,  7.01s/it] 44%|████▎     | 1784/4095 [3:34:29<4:30:06,  7.01s/it] 44%|████▎     | 1785/4095 [3:34:37<4:33:06,  7.09s/it] 44%|████▎     | 1786/4095 [3:34:44<4:33:32,  7.11s/it] 44%|████▎     | 1787/4095 [3:34:51<4:32:34,  7.09s/it] 44%|████▎     | 1788/4095 [3:34:58<4:28:23,  6.98s/it] 44%|████▎     | 1789/4095 [3:35:05<4:27:27,  6.96s/it] 44%|████▎     | 1790/4095 [3:35:11<4:25:09,  6.90s/it] 44%|████▎     | 1791/4095 [3:35:18<4:25:42,  6.92s/it] 44%|████▍     | 1792/4095 [3:35:24<4:07:05,  6.44s/it] 44%|████▍     | 1793/4095 [3:35:31<4:13:46,  6.61s/it] 44%|████▍     | 1794/4095 [3:35:37<4:15:24,  6.66s/it] 44%|████▍     | 1795/4095 [3:35:44<4:16:03,  6.68s/it] 44%|████▍     | 1796/4095 [3:35:52<4:25:31,  6.93s/it] 44%|████▍     | 1797/4095 [3:35:58<4:23:22,  6.88s/it] 44%|████▍     | 1798/4095 [3:36:05<4:19:32,  6.78s/it] 44%|████▍     | 1799/4095 [3:36:12<4:21:53,  6.84s/it] 44%|████▍     | 1800/4095 [3:36:19<4:22:37,  6.87s/it] 44%|████▍     | 1801/4095 [3:36:26<4:22:50,  6.87s/it] 44%|████▍     | 1802/4095 [3:36:33<4:24:55,  6.93s/it] 44%|████▍     | 1803/4095 [3:36:40<4:27:31,  7.00s/it] 44%|████▍     | 1804/4095 [3:36:47<4:27:47,  7.01s/it] 44%|████▍     | 1805/4095 [3:36:54<4:27:56,  7.02s/it] 44%|████▍     | 1806/4095 [3:37:01<4:29:30,  7.06s/it] 44%|████▍     | 1807/4095 [3:37:08<4:29:55,  7.08s/it] 44%|████▍     | 1808/4095 [3:37:15<4:28:25,  7.04s/it] 44%|████▍     | 1809/4095 [3:37:22<4:26:07,  6.99s/it] 44%|████▍     | 1810/4095 [3:37:29<4:23:26,  6.92s/it] 44%|████▍     | 1811/4095 [3:37:36<4:24:41,  6.95s/it] 44%|████▍     | 1812/4095 [3:37:43<4:25:01,  6.97s/it] 44%|████▍     | 1813/4095 [3:37:50<4:28:12,  7.05s/it] 44%|████▍     | 1814/4095 [3:37:57<4:29:27,  7.09s/it] 44%|████▍     | 1815/4095 [3:38:04<4:20:50,  6.86s/it] 44%|████▍     | 1816/4095 [3:38:10<4:17:42,  6.78s/it] 44%|████▍     | 1817/4095 [3:38:17<4:21:25,  6.89s/it] 44%|████▍     | 1818/4095 [3:38:24<4:21:00,  6.88s/it] 44%|████▍     | 1819/4095 [3:38:31<4:19:37,  6.84s/it] 44%|████▍     | 1820/4095 [3:38:38<4:18:13,  6.81s/it] 44%|████▍     | 1821/4095 [3:38:45<4:19:05,  6.84s/it] 44%|████▍     | 1822/4095 [3:38:52<4:23:10,  6.95s/it] 45%|████▍     | 1823/4095 [3:38:58<4:17:27,  6.80s/it] 45%|████▍     | 1824/4095 [3:39:05<4:13:14,  6.69s/it] 45%|████▍     | 1825/4095 [3:39:12<4:15:05,  6.74s/it] 45%|████▍     | 1826/4095 [3:39:18<4:13:29,  6.70s/it] 45%|████▍     | 1827/4095 [3:39:26<4:22:13,  6.94s/it] 45%|████▍     | 1828/4095 [3:39:34<4:34:14,  7.26s/it] 45%|████▍     | 1829/4095 [3:39:42<4:40:42,  7.43s/it] 45%|████▍     | 1830/4095 [3:39:49<4:37:23,  7.35s/it] 45%|████▍     | 1831/4095 [3:39:56<4:36:25,  7.33s/it] 45%|████▍     | 1832/4095 [3:40:03<4:32:51,  7.23s/it] 45%|████▍     | 1833/4095 [3:40:10<4:30:17,  7.17s/it] 45%|████▍     | 1834/4095 [3:40:17<4:25:04,  7.03s/it] 45%|████▍     | 1835/4095 [3:40:24<4:24:14,  7.02s/it] 45%|████▍     | 1836/4095 [3:40:30<4:20:34,  6.92s/it] 45%|████▍     | 1837/4095 [3:40:37<4:20:15,  6.92s/it] 45%|████▍     | 1838/4095 [3:40:44<4:21:07,  6.94s/it] 45%|████▍     | 1839/4095 [3:40:51<4:19:41,  6.91s/it] 45%|████▍     | 1840/4095 [3:40:58<4:18:12,  6.87s/it] 45%|████▍     | 1841/4095 [3:41:05<4:24:33,  7.04s/it] 45%|████▍     | 1842/4095 [3:41:13<4:25:43,  7.08s/it] 45%|████▌     | 1843/4095 [3:41:20<4:30:44,  7.21s/it] 45%|████▌     | 1844/4095 [3:41:27<4:28:56,  7.17s/it] 45%|████▌     | 1845/4095 [3:41:34<4:26:57,  7.12s/it] 45%|████▌     | 1846/4095 [3:41:41<4:24:03,  7.04s/it] 45%|████▌     | 1847/4095 [3:41:48<4:25:12,  7.08s/it] 45%|████▌     | 1848/4095 [3:41:55<4:27:56,  7.15s/it] 45%|████▌     | 1849/4095 [3:42:02<4:22:37,  7.02s/it] 45%|████▌     | 1850/4095 [3:42:09<4:23:06,  7.03s/it] 45%|████▌     | 1851/4095 [3:42:16<4:16:42,  6.86s/it] 45%|████▌     | 1852/4095 [3:42:22<4:14:13,  6.80s/it] 45%|████▌     | 1853/4095 [3:42:29<4:15:13,  6.83s/it] 45%|████▌     | 1854/4095 [3:42:36<4:14:47,  6.82s/it] 45%|████▌     | 1855/4095 [3:42:43<4:19:05,  6.94s/it] 45%|████▌     | 1856/4095 [3:42:50<4:19:51,  6.96s/it] 45%|████▌     | 1857/4095 [3:42:57<4:20:41,  6.99s/it] 45%|████▌     | 1858/4095 [3:43:05<4:22:58,  7.05s/it] 45%|████▌     | 1859/4095 [3:43:12<4:25:10,  7.12s/it] 45%|████▌     | 1860/4095 [3:43:19<4:25:33,  7.13s/it] 45%|████▌     | 1861/4095 [3:43:26<4:24:33,  7.11s/it] 45%|████▌     | 1862/4095 [3:43:33<4:26:20,  7.16s/it] 45%|████▌     | 1863/4095 [3:43:40<4:23:47,  7.09s/it] 46%|████▌     | 1864/4095 [3:43:47<4:22:47,  7.07s/it] 46%|████▌     | 1865/4095 [3:43:55<4:25:07,  7.13s/it] 46%|████▌     | 1866/4095 [3:44:01<4:13:00,  6.81s/it] 46%|████▌     | 1867/4095 [3:44:08<4:23:44,  7.10s/it] 46%|████▌     | 1868/4095 [3:44:15<4:21:27,  7.04s/it] 46%|████▌     | 1869/4095 [3:44:22<4:16:34,  6.92s/it] 46%|████▌     | 1870/4095 [3:44:29<4:16:59,  6.93s/it] 46%|████▌     | 1871/4095 [3:44:36<4:18:00,  6.96s/it] 46%|████▌     | 1872/4095 [3:44:43<4:19:15,  7.00s/it] 46%|████▌     | 1873/4095 [3:44:50<4:20:39,  7.04s/it] 46%|████▌     | 1874/4095 [3:44:57<4:19:37,  7.01s/it] 46%|████▌     | 1875/4095 [3:45:04<4:16:53,  6.94s/it] 46%|████▌     | 1876/4095 [3:45:11<4:17:28,  6.96s/it] 46%|████▌     | 1877/4095 [3:45:18<4:16:14,  6.93s/it] 46%|████▌     | 1878/4095 [3:45:25<4:15:24,  6.91s/it] 46%|████▌     | 1879/4095 [3:45:32<4:15:34,  6.92s/it] 46%|████▌     | 1880/4095 [3:45:39<4:16:13,  6.94s/it] 46%|████▌     | 1881/4095 [3:45:45<4:14:40,  6.90s/it] 46%|████▌     | 1882/4095 [3:45:52<4:16:12,  6.95s/it] 46%|████▌     | 1883/4095 [3:45:59<4:17:49,  6.99s/it] 46%|████▌     | 1884/4095 [3:46:06<4:17:09,  6.98s/it] 46%|████▌     | 1885/4095 [3:46:15<4:31:41,  7.38s/it] 46%|████▌     | 1886/4095 [3:46:22<4:30:29,  7.35s/it] 46%|████▌     | 1887/4095 [3:46:29<4:25:39,  7.22s/it] 46%|████▌     | 1888/4095 [3:46:36<4:21:16,  7.10s/it] 46%|████▌     | 1889/4095 [3:46:43<4:22:01,  7.13s/it] 46%|████▌     | 1890/4095 [3:46:50<4:16:58,  6.99s/it] 46%|████▌     | 1891/4095 [3:46:57<4:16:43,  6.99s/it] 46%|████▌     | 1892/4095 [3:47:04<4:21:39,  7.13s/it] 46%|████▌     | 1893/4095 [3:47:11<4:18:39,  7.05s/it] 46%|████▋     | 1894/4095 [3:47:18<4:23:29,  7.18s/it] 46%|████▋     | 1895/4095 [3:47:26<4:24:23,  7.21s/it] 46%|████▋     | 1896/4095 [3:47:33<4:22:22,  7.16s/it] 46%|████▋     | 1897/4095 [3:47:40<4:20:01,  7.10s/it] 46%|████▋     | 1898/4095 [3:47:47<4:17:14,  7.03s/it] 46%|████▋     | 1899/4095 [3:47:55<4:30:02,  7.38s/it] 46%|████▋     | 1900/4095 [3:48:03<4:38:57,  7.63s/it] 46%|████▋     | 1901/4095 [3:48:11<4:45:24,  7.81s/it] 46%|████▋     | 1902/4095 [3:48:19<4:41:03,  7.69s/it] 46%|████▋     | 1903/4095 [3:48:25<4:30:54,  7.42s/it] 46%|████▋     | 1904/4095 [3:48:32<4:26:44,  7.30s/it] 47%|████▋     | 1905/4095 [3:48:39<4:20:56,  7.15s/it] 47%|████▋     | 1906/4095 [3:48:46<4:16:07,  7.02s/it] 47%|████▋     | 1907/4095 [3:48:53<4:14:21,  6.98s/it] 47%|████▋     | 1908/4095 [3:49:00<4:16:53,  7.05s/it] 47%|████▋     | 1909/4095 [3:49:07<4:13:45,  6.96s/it] 47%|████▋     | 1910/4095 [3:49:13<4:07:34,  6.80s/it] 47%|████▋     | 1911/4095 [3:49:20<4:05:42,  6.75s/it] 47%|████▋     | 1912/4095 [3:49:27<4:06:12,  6.77s/it] 47%|████▋     | 1913/4095 [3:49:34<4:08:40,  6.84s/it] 47%|████▋     | 1914/4095 [3:49:41<4:10:57,  6.90s/it] 47%|████▋     | 1915/4095 [3:49:48<4:12:42,  6.96s/it] 47%|████▋     | 1916/4095 [3:49:55<4:11:05,  6.91s/it] 47%|████▋     | 1917/4095 [3:50:02<4:12:22,  6.95s/it] 47%|████▋     | 1918/4095 [3:50:09<4:13:10,  6.98s/it] 47%|████▋     | 1919/4095 [3:50:16<4:13:48,  7.00s/it] 47%|████▋     | 1920/4095 [3:50:23<4:15:26,  7.05s/it] 47%|████▋     | 1921/4095 [3:50:30<4:15:32,  7.05s/it] 47%|████▋     | 1922/4095 [3:50:37<4:14:07,  7.02s/it] 47%|████▋     | 1923/4095 [3:50:44<4:14:00,  7.02s/it] 47%|████▋     | 1924/4095 [3:50:51<4:15:01,  7.05s/it] 47%|████▋     | 1925/4095 [3:50:58<4:12:57,  6.99s/it] 47%|████▋     | 1926/4095 [3:51:05<4:10:51,  6.94s/it] 47%|████▋     | 1927/4095 [3:51:12<4:12:24,  6.99s/it] 47%|████▋     | 1928/4095 [3:51:19<4:13:27,  7.02s/it] 47%|████▋     | 1929/4095 [3:51:26<4:10:10,  6.93s/it] 47%|████▋     | 1930/4095 [3:51:32<4:07:32,  6.86s/it] 47%|████▋     | 1931/4095 [3:51:39<4:09:48,  6.93s/it] 47%|████▋     | 1932/4095 [3:51:46<4:08:15,  6.89s/it] 47%|████▋     | 1933/4095 [3:51:53<4:08:22,  6.89s/it] 47%|████▋     | 1934/4095 [3:52:00<4:07:22,  6.87s/it] 47%|████▋     | 1935/4095 [3:52:07<4:08:28,  6.90s/it] 47%|████▋     | 1936/4095 [3:52:14<4:07:15,  6.87s/it] 47%|████▋     | 1937/4095 [3:52:21<4:09:00,  6.92s/it] 47%|████▋     | 1938/4095 [3:52:28<4:11:34,  7.00s/it] 47%|████▋     | 1939/4095 [3:52:34<4:06:29,  6.86s/it] 47%|████▋     | 1940/4095 [3:52:41<4:05:12,  6.83s/it] 47%|████▋     | 1941/4095 [3:52:47<3:55:43,  6.57s/it] 47%|████▋     | 1942/4095 [3:52:54<3:54:03,  6.52s/it] 47%|████▋     | 1943/4095 [3:53:01<4:00:32,  6.71s/it] 47%|████▋     | 1944/4095 [3:53:08<4:08:18,  6.93s/it] 47%|████▋     | 1945/4095 [3:53:15<4:08:20,  6.93s/it] 48%|████▊     | 1946/4095 [3:53:22<4:06:41,  6.89s/it] 48%|████▊     | 1947/4095 [3:53:29<4:09:42,  6.98s/it] 48%|████▊     | 1948/4095 [3:53:36<4:09:59,  6.99s/it] 48%|████▊     | 1949/4095 [3:53:43<4:12:02,  7.05s/it] 48%|████▊     | 1950/4095 [3:53:50<4:12:06,  7.05s/it] 48%|████▊     | 1951/4095 [3:53:57<4:10:40,  7.02s/it] 48%|████▊     | 1952/4095 [3:54:03<4:01:48,  6.77s/it] 48%|████▊     | 1953/4095 [3:54:10<4:01:34,  6.77s/it] 48%|████▊     | 1954/4095 [3:54:17<4:06:20,  6.90s/it] 48%|████▊     | 1955/4095 [3:54:24<4:07:35,  6.94s/it] 48%|████▊     | 1956/4095 [3:54:31<4:05:23,  6.88s/it] 48%|████▊     | 1957/4095 [3:54:38<4:05:22,  6.89s/it] 48%|████▊     | 1958/4095 [3:54:44<3:58:32,  6.70s/it] 48%|████▊     | 1959/4095 [3:54:51<4:01:59,  6.80s/it] 48%|████▊     | 1960/4095 [3:54:58<3:59:56,  6.74s/it] 48%|████▊     | 1961/4095 [3:55:05<4:06:59,  6.94s/it] 48%|████▊     | 1962/4095 [3:55:13<4:09:28,  7.02s/it] 48%|████▊     | 1963/4095 [3:55:20<4:12:02,  7.09s/it] 48%|████▊     | 1964/4095 [3:55:27<4:08:13,  6.99s/it] 48%|████▊     | 1965/4095 [3:55:33<4:05:25,  6.91s/it] 48%|████▊     | 1966/4095 [3:55:40<4:05:25,  6.92s/it] 48%|████▊     | 1967/4095 [3:55:47<4:01:23,  6.81s/it] 48%|████▊     | 1968/4095 [3:55:54<4:04:36,  6.90s/it] 48%|████▊     | 1969/4095 [3:56:00<3:57:06,  6.69s/it] 48%|████▊     | 1970/4095 [3:56:07<4:02:53,  6.86s/it] 48%|████▊     | 1971/4095 [3:56:14<4:05:09,  6.93s/it] 48%|████▊     | 1972/4095 [3:56:21<4:04:43,  6.92s/it] 48%|████▊     | 1973/4095 [3:56:29<4:07:08,  6.99s/it] 48%|████▊     | 1974/4095 [3:56:36<4:07:08,  6.99s/it] 48%|████▊     | 1975/4095 [3:56:43<4:09:14,  7.05s/it] 48%|████▊     | 1976/4095 [3:56:50<4:08:43,  7.04s/it] 48%|████▊     | 1977/4095 [3:56:57<4:08:18,  7.03s/it] 48%|████▊     | 1978/4095 [3:57:04<4:08:59,  7.06s/it] 48%|████▊     | 1979/4095 [3:57:11<4:09:54,  7.09s/it] 48%|████▊     | 1980/4095 [3:57:18<4:07:30,  7.02s/it] 48%|████▊     | 1981/4095 [3:57:25<4:09:27,  7.08s/it] 48%|████▊     | 1982/4095 [3:57:32<4:10:42,  7.12s/it] 48%|████▊     | 1983/4095 [3:57:40<4:20:01,  7.39s/it] 48%|████▊     | 1984/4095 [3:57:48<4:22:20,  7.46s/it] 48%|████▊     | 1985/4095 [3:57:56<4:26:00,  7.56s/it] 48%|████▊     | 1986/4095 [3:58:03<4:20:31,  7.41s/it] 49%|████▊     | 1987/4095 [3:58:10<4:18:54,  7.37s/it] 49%|████▊     | 1988/4095 [3:58:17<4:13:43,  7.23s/it] 49%|████▊     | 1989/4095 [3:58:24<4:10:10,  7.13s/it] 49%|████▊     | 1990/4095 [3:58:31<4:10:33,  7.14s/it] 49%|████▊     | 1991/4095 [3:58:38<4:05:30,  7.00s/it] 49%|████▊     | 1992/4095 [3:58:45<4:05:12,  7.00s/it] 49%|████▊     | 1993/4095 [3:58:52<4:04:04,  6.97s/it] 49%|████▊     | 1994/4095 [3:58:58<4:02:35,  6.93s/it] 49%|████▊     | 1995/4095 [3:59:05<4:03:22,  6.95s/it] 49%|████▊     | 1996/4095 [3:59:12<4:02:14,  6.92s/it] 49%|████▉     | 1997/4095 [3:59:19<4:01:58,  6.92s/it] 49%|████▉     | 1998/4095 [3:59:27<4:07:24,  7.08s/it] 49%|████▉     | 1999/4095 [3:59:34<4:08:40,  7.12s/it] 49%|████▉     | 2000/4095 [3:59:41<4:11:55,  7.22s/it]                                                        49%|████▉     | 2000/4095 [3:59:41<4:11:55,  7.22s/it]
Batches:   0%|          | 0/9 [00:00<?, ?it/s][A
Batches:  56%|█████▌    | 5/9 [00:00<00:00, 48.28it/s][ABatches: 100%|██████████| 9/9 [00:00<00:00, 46.87it/s]

Corpus Chunks:   0%|          | 0/1 [00:00<?, ?it/s][A

Batches:   0%|          | 0/9 [00:00<?, ?it/s][A[A

Batches:  67%|██████▋   | 6/9 [00:00<00:00, 53.58it/s][A[ABatches: 100%|██████████| 9/9 [00:00<00:00, 54.99it/s]

Corpus Chunks: 100%|██████████| 1/1 [00:00<00:00,  5.83it/s][ACorpus Chunks: 100%|██████████| 1/1 [00:00<00:00,  5.79it/s]

Batches:   0%|          | 0/7 [00:00<?, ?it/s][A
Batches:  86%|████████▌ | 6/7 [00:00<00:00, 50.37it/s][ABatches: 100%|██████████| 7/7 [00:00<00:00, 50.36it/s]

Batches:   0%|          | 0/7 [00:00<?, ?it/s][A
Batches:  57%|█████▋    | 4/7 [00:00<00:00, 38.21it/s][ABatches: 100%|██████████| 7/7 [00:00<00:00, 42.68it/s]

Batches:   0%|          | 0/7 [00:00<?, ?it/s][A
Batches:  86%|████████▌ | 6/7 [00:00<00:00, 57.92it/s][ABatches: 100%|██████████| 7/7 [00:00<00:00, 60.04it/s]
                                                        49%|████▉     | 2000/4095 [3:59:42<4:11:55,  7.22s/it]
Writing model shards:   0%|          | 0/1 [00:00<?, ?it/s][A
Writing model shards: 100%|██████████| 1/1 [00:01<00:00,  1.41s/it][AWriting model shards: 100%|██████████| 1/1 [00:01<00:00,  1.41s/it]
 49%|████▉     | 2001/4095 [3:59:53<4:56:13,  8.49s/it] 49%|████▉     | 2002/4095 [4:00:00<4:46:00,  8.20s/it] 49%|████▉     | 2003/4095 [4:00:08<4:36:26,  7.93s/it] 49%|████▉     | 2004/4095 [4:00:14<4:22:56,  7.55s/it] 49%|████▉     | 2005/4095 [4:00:22<4:21:18,  7.50s/it] 49%|████▉     | 2006/4095 [4:00:29<4:24:33,  7.60s/it] 49%|████▉     | 2007/4095 [4:00:37<4:28:53,  7.73s/it] 49%|████▉     | 2008/4095 [4:00:46<4:33:54,  7.87s/it] 49%|████▉     | 2009/4095 [4:00:54<4:36:26,  7.95s/it] 49%|████▉     | 2010/4095 [4:01:01<4:29:29,  7.76s/it] 49%|████▉     | 2011/4095 [4:01:08<4:19:45,  7.48s/it] 49%|████▉     | 2012/4095 [4:01:14<4:09:19,  7.18s/it] 49%|████▉     | 2013/4095 [4:01:21<4:07:14,  7.13s/it] 49%|████▉     | 2014/4095 [4:01:28<4:01:53,  6.97s/it] 49%|████▉     | 2015/4095 [4:01:35<4:02:10,  6.99s/it] 49%|████▉     | 2016/4095 [4:01:42<4:01:57,  6.98s/it] 49%|████▉     | 2017/4095 [4:01:49<3:58:25,  6.88s/it] 49%|████▉     | 2018/4095 [4:01:56<4:01:52,  6.99s/it] 49%|████▉     | 2019/4095 [4:02:03<4:04:42,  7.07s/it] 49%|████▉     | 2020/4095 [4:02:11<4:10:01,  7.23s/it] 49%|████▉     | 2021/4095 [4:02:19<4:14:56,  7.38s/it] 49%|████▉     | 2022/4095 [4:02:26<4:17:33,  7.45s/it] 49%|████▉     | 2023/4095 [4:02:33<4:12:18,  7.31s/it] 49%|████▉     | 2024/4095 [4:02:41<4:16:04,  7.42s/it] 49%|████▉     | 2025/4095 [4:02:48<4:14:00,  7.36s/it] 49%|████▉     | 2026/4095 [4:02:55<4:14:37,  7.38s/it] 49%|████▉     | 2027/4095 [4:03:02<4:08:54,  7.22s/it] 50%|████▉     | 2028/4095 [4:03:09<3:58:06,  6.91s/it] 50%|████▉     | 2029/4095 [4:03:15<3:55:38,  6.84s/it] 50%|████▉     | 2030/4095 [4:03:22<3:59:16,  6.95s/it] 50%|████▉     | 2031/4095 [4:03:30<4:00:57,  7.00s/it] 50%|████▉     | 2032/4095 [4:03:36<4:00:21,  6.99s/it] 50%|████▉     | 2033/4095 [4:03:43<3:59:16,  6.96s/it] 50%|████▉     | 2034/4095 [4:03:50<3:54:59,  6.84s/it] 50%|████▉     | 2035/4095 [4:03:56<3:51:48,  6.75s/it] 50%|████▉     | 2036/4095 [4:04:04<3:55:20,  6.86s/it] 50%|████▉     | 2037/4095 [4:04:11<3:56:55,  6.91s/it] 50%|████▉     | 2038/4095 [4:04:19<4:07:20,  7.21s/it] 50%|████▉     | 2039/4095 [4:04:25<4:01:50,  7.06s/it] 50%|████▉     | 2040/4095 [4:04:32<4:00:39,  7.03s/it] 50%|████▉     | 2041/4095 [4:04:39<4:00:05,  7.01s/it] 50%|████▉     | 2042/4095 [4:04:46<4:00:15,  7.02s/it] 50%|████▉     | 2043/4095 [4:04:53<3:58:18,  6.97s/it] 50%|████▉     | 2044/4095 [4:05:00<3:57:30,  6.95s/it] 50%|████▉     | 2045/4095 [4:05:07<4:00:26,  7.04s/it] 50%|████▉     | 2046/4095 [4:05:14<3:58:35,  6.99s/it] 50%|████▉     | 2047/4095 [4:05:21<3:57:51,  6.97s/it] 50%|█████     | 2048/4095 [4:05:28<3:57:53,  6.97s/it] 50%|█████     | 2049/4095 [4:05:35<4:00:38,  7.06s/it] 50%|█████     | 2050/4095 [4:05:42<3:56:37,  6.94s/it] 50%|█████     | 2051/4095 [4:05:49<3:55:22,  6.91s/it] 50%|█████     | 2052/4095 [4:05:56<3:59:27,  7.03s/it] 50%|█████     | 2053/4095 [4:06:03<4:00:53,  7.08s/it] 50%|█████     | 2054/4095 [4:06:10<4:00:35,  7.07s/it] 50%|█████     | 2055/4095 [4:06:17<4:00:43,  7.08s/it] 50%|█████     | 2056/4095 [4:06:24<3:57:40,  6.99s/it] 50%|█████     | 2057/4095 [4:06:31<3:58:48,  7.03s/it] 50%|█████     | 2058/4095 [4:06:38<3:55:55,  6.95s/it] 50%|█████     | 2059/4095 [4:06:45<3:56:00,  6.95s/it] 50%|█████     | 2060/4095 [4:06:52<3:57:55,  7.01s/it] 50%|█████     | 2061/4095 [4:06:59<3:59:55,  7.08s/it] 50%|█████     | 2062/4095 [4:07:06<3:53:57,  6.90s/it] 50%|█████     | 2063/4095 [4:07:12<3:45:26,  6.66s/it] 50%|█████     | 2064/4095 [4:07:20<3:54:13,  6.92s/it] 50%|█████     | 2065/4095 [4:07:26<3:52:35,  6.87s/it] 50%|█████     | 2066/4095 [4:07:34<3:56:14,  6.99s/it] 50%|█████     | 2067/4095 [4:07:40<3:52:09,  6.87s/it] 51%|█████     | 2068/4095 [4:07:47<3:52:28,  6.88s/it] 51%|█████     | 2069/4095 [4:07:54<3:51:59,  6.87s/it] 51%|█████     | 2070/4095 [4:08:01<3:53:01,  6.90s/it] 51%|█████     | 2071/4095 [4:08:08<3:54:20,  6.95s/it] 51%|█████     | 2072/4095 [4:08:15<3:51:59,  6.88s/it] 51%|█████     | 2073/4095 [4:08:22<3:51:44,  6.88s/it] 51%|█████     | 2074/4095 [4:08:28<3:52:37,  6.91s/it] 51%|█████     | 2075/4095 [4:08:36<3:53:31,  6.94s/it] 51%|█████     | 2076/4095 [4:08:43<3:54:57,  6.98s/it] 51%|█████     | 2077/4095 [4:08:50<3:54:21,  6.97s/it] 51%|█████     | 2078/4095 [4:08:55<3:40:35,  6.56s/it] 51%|█████     | 2079/4095 [4:09:02<3:39:53,  6.54s/it] 51%|█████     | 2080/4095 [4:09:08<3:42:23,  6.62s/it] 51%|█████     | 2081/4095 [4:09:15<3:44:38,  6.69s/it] 51%|█████     | 2082/4095 [4:09:22<3:42:47,  6.64s/it] 51%|█████     | 2083/4095 [4:09:29<3:43:26,  6.66s/it] 51%|█████     | 2084/4095 [4:09:36<3:46:29,  6.76s/it] 51%|█████     | 2085/4095 [4:09:42<3:47:02,  6.78s/it] 51%|█████     | 2086/4095 [4:09:49<3:49:57,  6.87s/it] 51%|█████     | 2087/4095 [4:09:57<3:56:16,  7.06s/it] 51%|█████     | 2088/4095 [4:10:04<3:54:05,  7.00s/it] 51%|█████     | 2089/4095 [4:10:11<3:54:46,  7.02s/it] 51%|█████     | 2090/4095 [4:10:18<3:54:38,  7.02s/it] 51%|█████     | 2091/4095 [4:10:25<3:54:36,  7.02s/it] 51%|█████     | 2092/4095 [4:10:32<3:51:07,  6.92s/it] 51%|█████     | 2093/4095 [4:10:39<3:51:02,  6.92s/it] 51%|█████     | 2094/4095 [4:10:46<3:52:41,  6.98s/it] 51%|█████     | 2095/4095 [4:10:53<3:52:18,  6.97s/it] 51%|█████     | 2096/4095 [4:11:00<3:53:02,  6.99s/it] 51%|█████     | 2097/4095 [4:11:07<3:57:12,  7.12s/it] 51%|█████     | 2098/4095 [4:11:14<3:55:27,  7.07s/it] 51%|█████▏    | 2099/4095 [4:11:21<3:52:06,  6.98s/it] 51%|█████▏    | 2100/4095 [4:11:28<3:52:12,  6.98s/it] 51%|█████▏    | 2101/4095 [4:11:35<3:50:24,  6.93s/it] 51%|█████▏    | 2102/4095 [4:11:42<3:50:29,  6.94s/it] 51%|█████▏    | 2103/4095 [4:11:49<3:51:33,  6.97s/it] 51%|█████▏    | 2104/4095 [4:11:55<3:49:41,  6.92s/it] 51%|█████▏    | 2105/4095 [4:12:02<3:47:45,  6.87s/it] 51%|█████▏    | 2106/4095 [4:12:09<3:47:37,  6.87s/it] 51%|█████▏    | 2107/4095 [4:12:16<3:50:55,  6.97s/it] 51%|█████▏    | 2108/4095 [4:12:23<3:50:50,  6.97s/it] 52%|█████▏    | 2109/4095 [4:12:30<3:51:44,  7.00s/it] 52%|█████▏    | 2110/4095 [4:12:37<3:49:21,  6.93s/it] 52%|█████▏    | 2111/4095 [4:12:44<3:44:45,  6.80s/it] 52%|█████▏    | 2112/4095 [4:12:51<3:51:13,  7.00s/it] 52%|█████▏    | 2113/4095 [4:12:58<3:49:29,  6.95s/it] 52%|█████▏    | 2114/4095 [4:13:05<3:52:15,  7.03s/it] 52%|█████▏    | 2115/4095 [4:13:12<3:50:18,  6.98s/it] 52%|█████▏    | 2116/4095 [4:13:19<3:51:29,  7.02s/it] 52%|█████▏    | 2117/4095 [4:13:26<3:51:16,  7.02s/it] 52%|█████▏    | 2118/4095 [4:13:33<3:51:21,  7.02s/it] 52%|█████▏    | 2119/4095 [4:13:40<3:52:58,  7.07s/it] 52%|█████▏    | 2120/4095 [4:13:47<3:52:16,  7.06s/it] 52%|█████▏    | 2121/4095 [4:13:54<3:49:07,  6.96s/it] 52%|█████▏    | 2122/4095 [4:14:01<3:49:15,  6.97s/it] 52%|█████▏    | 2123/4095 [4:14:07<3:43:03,  6.79s/it] 52%|█████▏    | 2124/4095 [4:14:14<3:45:17,  6.86s/it] 52%|█████▏    | 2125/4095 [4:14:21<3:46:20,  6.89s/it] 52%|█████▏    | 2126/4095 [4:14:28<3:47:12,  6.92s/it] 52%|█████▏    | 2127/4095 [4:14:35<3:47:26,  6.93s/it] 52%|█████▏    | 2128/4095 [4:14:42<3:47:47,  6.95s/it] 52%|█████▏    | 2129/4095 [4:14:49<3:47:12,  6.93s/it] 52%|█████▏    | 2130/4095 [4:14:56<3:47:40,  6.95s/it] 52%|█████▏    | 2131/4095 [4:15:04<3:52:31,  7.10s/it] 52%|█████▏    | 2132/4095 [4:15:12<4:01:20,  7.38s/it] 52%|█████▏    | 2133/4095 [4:15:19<3:57:36,  7.27s/it] 52%|█████▏    | 2134/4095 [4:15:26<3:54:39,  7.18s/it] 52%|█████▏    | 2135/4095 [4:15:33<3:51:42,  7.09s/it] 52%|█████▏    | 2136/4095 [4:15:40<3:52:55,  7.13s/it] 52%|█████▏    | 2137/4095 [4:15:47<3:54:42,  7.19s/it] 52%|█████▏    | 2138/4095 [4:15:54<3:53:30,  7.16s/it] 52%|█████▏    | 2139/4095 [4:16:01<3:48:58,  7.02s/it] 52%|█████▏    | 2140/4095 [4:16:09<3:55:16,  7.22s/it] 52%|█████▏    | 2141/4095 [4:16:15<3:52:21,  7.13s/it] 52%|█████▏    | 2142/4095 [4:16:22<3:45:53,  6.94s/it] 52%|█████▏    | 2143/4095 [4:16:29<3:48:22,  7.02s/it] 52%|█████▏    | 2144/4095 [4:16:36<3:48:03,  7.01s/it] 52%|█████▏    | 2145/4095 [4:16:43<3:49:39,  7.07s/it] 52%|█████▏    | 2146/4095 [4:16:50<3:47:21,  7.00s/it] 52%|█████▏    | 2147/4095 [4:16:57<3:46:11,  6.97s/it] 52%|█████▏    | 2148/4095 [4:17:04<3:46:01,  6.97s/it] 52%|█████▏    | 2149/4095 [4:17:11<3:45:29,  6.95s/it] 53%|█████▎    | 2150/4095 [4:17:18<3:45:47,  6.97s/it] 53%|█████▎    | 2151/4095 [4:17:25<3:46:00,  6.98s/it] 53%|█████▎    | 2152/4095 [4:17:32<3:45:30,  6.96s/it] 53%|█████▎    | 2153/4095 [4:17:38<3:41:02,  6.83s/it] 53%|█████▎    | 2154/4095 [4:17:45<3:37:13,  6.71s/it] 53%|█████▎    | 2155/4095 [4:17:51<3:34:58,  6.65s/it] 53%|█████▎    | 2156/4095 [4:17:58<3:39:26,  6.79s/it] 53%|█████▎    | 2157/4095 [4:18:06<3:43:45,  6.93s/it] 53%|█████▎    | 2158/4095 [4:18:13<3:45:40,  6.99s/it] 53%|█████▎    | 2159/4095 [4:18:20<3:46:58,  7.03s/it] 53%|█████▎    | 2160/4095 [4:18:27<3:46:00,  7.01s/it] 53%|█████▎    | 2161/4095 [4:18:33<3:37:13,  6.74s/it] 53%|█████▎    | 2162/4095 [4:18:40<3:39:22,  6.81s/it] 53%|█████▎    | 2163/4095 [4:18:47<3:41:17,  6.87s/it] 53%|█████▎    | 2164/4095 [4:18:54<3:41:02,  6.87s/it] 53%|█████▎    | 2165/4095 [4:19:01<3:40:23,  6.85s/it] 53%|█████▎    | 2166/4095 [4:19:08<3:43:20,  6.95s/it] 53%|█████▎    | 2167/4095 [4:19:15<3:44:02,  6.97s/it] 53%|█████▎    | 2168/4095 [4:19:22<3:40:43,  6.87s/it] 53%|█████▎    | 2169/4095 [4:19:29<3:45:39,  7.03s/it] 53%|█████▎    | 2170/4095 [4:19:36<3:43:17,  6.96s/it] 53%|█████▎    | 2171/4095 [4:19:42<3:39:04,  6.83s/it] 53%|█████▎    | 2172/4095 [4:19:49<3:39:07,  6.84s/it] 53%|█████▎    | 2173/4095 [4:19:57<3:46:27,  7.07s/it] 53%|█████▎    | 2174/4095 [4:20:04<3:47:26,  7.10s/it] 53%|█████▎    | 2175/4095 [4:20:11<3:43:50,  6.99s/it] 53%|█████▎    | 2176/4095 [4:20:17<3:38:49,  6.84s/it] 53%|█████▎    | 2177/4095 [4:20:24<3:37:38,  6.81s/it] 53%|█████▎    | 2178/4095 [4:20:31<3:36:55,  6.79s/it] 53%|█████▎    | 2179/4095 [4:20:37<3:36:28,  6.78s/it] 53%|█████▎    | 2180/4095 [4:20:43<3:28:14,  6.52s/it] 53%|█████▎    | 2181/4095 [4:20:49<3:23:12,  6.37s/it] 53%|█████▎    | 2182/4095 [4:20:56<3:29:16,  6.56s/it] 53%|█████▎    | 2183/4095 [4:21:03<3:30:42,  6.61s/it] 53%|█████▎    | 2184/4095 [4:21:10<3:31:29,  6.64s/it] 53%|█████▎    | 2185/4095 [4:21:17<3:38:38,  6.87s/it] 53%|█████▎    | 2186/4095 [4:21:24<3:34:41,  6.75s/it] 53%|█████▎    | 2187/4095 [4:21:30<3:29:10,  6.58s/it] 53%|█████▎    | 2188/4095 [4:21:37<3:32:54,  6.70s/it] 53%|█████▎    | 2189/4095 [4:21:45<3:42:30,  7.00s/it] 53%|█████▎    | 2190/4095 [4:21:51<3:41:49,  6.99s/it] 54%|█████▎    | 2191/4095 [4:21:58<3:40:57,  6.96s/it] 54%|█████▎    | 2192/4095 [4:22:05<3:39:33,  6.92s/it] 54%|█████▎    | 2193/4095 [4:22:12<3:40:24,  6.95s/it] 54%|█████▎    | 2194/4095 [4:22:19<3:38:54,  6.91s/it] 54%|█████▎    | 2195/4095 [4:22:26<3:39:03,  6.92s/it] 54%|█████▎    | 2196/4095 [4:22:33<3:40:08,  6.96s/it] 54%|█████▎    | 2197/4095 [4:22:40<3:44:14,  7.09s/it] 54%|█████▎    | 2198/4095 [4:22:47<3:42:52,  7.05s/it] 54%|█████▎    | 2199/4095 [4:22:54<3:39:30,  6.95s/it] 54%|█████▎    | 2200/4095 [4:23:01<3:36:43,  6.86s/it] 54%|█████▎    | 2201/4095 [4:23:08<3:38:10,  6.91s/it] 54%|█████▍    | 2202/4095 [4:23:15<3:38:24,  6.92s/it] 54%|█████▍    | 2203/4095 [4:23:21<3:34:05,  6.79s/it] 54%|█████▍    | 2204/4095 [4:23:27<3:25:04,  6.51s/it] 54%|█████▍    | 2205/4095 [4:23:34<3:26:42,  6.56s/it] 54%|█████▍    | 2206/4095 [4:23:41<3:30:38,  6.69s/it] 54%|█████▍    | 2207/4095 [4:23:48<3:33:55,  6.80s/it] 54%|█████▍    | 2208/4095 [4:23:56<3:42:27,  7.07s/it] 54%|█████▍    | 2209/4095 [4:24:02<3:41:31,  7.05s/it] 54%|█████▍    | 2210/4095 [4:24:09<3:38:46,  6.96s/it] 54%|█████▍    | 2211/4095 [4:24:16<3:37:46,  6.94s/it] 54%|█████▍    | 2212/4095 [4:24:23<3:37:28,  6.93s/it] 54%|█████▍    | 2213/4095 [4:24:30<3:35:47,  6.88s/it] 54%|█████▍    | 2214/4095 [4:24:37srun: Job step aborted: Waiting up to 32 seconds for job step to finish.
srun: got SIGCONT
slurmstepd: error: *** JOB 3868070 ON matrix101 CANCELLED AT 2026-05-12T12:35:20 ***
srun: forcing job termination
<3:35:50,  6.88s/it] 54%|█████▍    | 2215/4095 [4:24:44<3:36:04,  6.90s/it] 54%|█████▍    | 2216/4095 [4:24:51<3:38:32,  6.98s/it] 54%|█████▍    | 2217/4095 [4:24:58<3:35:52,  6.90s/it]slurmstepd: error: *** STEP 3868070.2 ON matrix101 CANCELLED AT 2026-05-12T12:35:20 ***
W0512 12:35:20.031000 81817 /nas/rhome/sawale/miniconda3/envs/thesis/lib/python3.12/site-packages/torch/distributed/elastic/agent/server/api.py:719] Received 15 death signal, shutting down workers
W0512 12:35:20.034000 81817 /nas/rhome/sawale/miniconda3/envs/thesis/lib/python3.12/site-packages/torch/distributed/elastic/multiprocessing/api.py:897] Sending process 81827 closing signal SIGTERM
W0512 12:35:20.036000 81817 /nas/rhome/sawale/miniconda3/envs/thesis/lib/python3.12/site-packages/torch/distributed/elastic/multiprocessing/api.py:897] Sending process 81828 closing signal SIGTERM
Traceback (most recent call last):
  File "/rhome/sawale/miniconda3/envs/thesis/bin/torchrun", line 6, in <module>
    sys.exit(main())
             ^^^^^^
  File "/rhome/sawale/miniconda3/envs/thesis/lib/python3.12/site-packages/torch/distributed/elastic/multiprocessing/errors/__init__.py", line 355, in wrapper
    return f(*args, **kwargs)
           ^^^^^^^^^^^^^^^^^^
  File "/rhome/sawale/miniconda3/envs/thesis/lib/python3.12/site-packages/torch/distributed/run.py", line 918, in main
    run(args)
  File "/rhome/sawale/miniconda3/envs/thesis/lib/python3.12/site-packages/torch/distributed/run.py", line 909, in run
    elastic_launch(
  File "/rhome/sawale/miniconda3/envs/thesis/lib/python3.12/site-packages/torch/distributed/launcher/api.py", line 138, in __call__
    return launch_agent(self._config, self._entrypoint, list(args))
           ^^^^^^^^^^^^^^^^^^^^^^^^^^^^^^^^^^^^^^^^^^^^^^^^^^^^^^^^
  File "/rhome/sawale/miniconda3/envs/thesis/lib/python3.12/site-packages/torch/distributed/launcher/api.py", line 260, in launch_agent
    result = agent.run()
             ^^^^^^^^^^^
  File "/rhome/sawale/miniconda3/envs/thesis/lib/python3.12/site-packages/torch/distributed/elastic/metrics/api.py", line 137, in wrapper
    result = f(*args, **kwargs)
             ^^^^^^^^^^^^^^^^^^
  File "/rhome/sawale/miniconda3/envs/thesis/lib/python3.12/site-packages/torch/distributed/elastic/agent/server/api.py", line 711, in run
    result = self._invoke_run(role)
             ^^^^^^^^^^^^^^^^^^^^^^
  File "/rhome/sawale/miniconda3/envs/thesis/lib/python3.12/site-packages/torch/distributed/elastic/agent/server/api.py", line 870, in _invoke_run
    time.sleep(monitor_interval)
  File "/rhome/sawale/miniconda3/envs/thesis/lib/python3.12/site-packages/torch/distributed/elastic/multiprocessing/api.py", line 84, in _terminate_process_handler
    raise SignalException(f"Process {os.getpid()} got signal: {sigval}", sigval=sigval)
torch.distributed.elastic.multiprocessing.api.SignalException: Process 81817 got signal: 15
srun: error: matrix101: task 0: Exited with exit code 1
srun: Terminating job step 3868070.2
